athlete_id,gender
9399,M
2,M
3,M
4,M
5,M
6,M
7,M
8,M
9,M
10,M
11,M
12,M
13,M
14,M
15,M
16,M
17,M
18,M
19,M
20,M
21,M
22,M
23,M
24,M
25,M
26,M
27,M
28,M
29,M
30,M
31,M
32,M
33,M
34,M
35,M
36,M
37,M
38,M
39,M
40,M
41,M
34038,F
43,M
44,M
45,M
46,M
47,M
48,M
50,M
51,M
52,M
53,M
54,M
55,M
56,M
57,M
58,M
59,M
60,M
61,M
62,M
63,F
64,F
65,F
66,F
67,F
68,F
69,F
70,F
71,F
72,F
73,F
74,F
75,F
76,F
77,F
78,F
79,F
80,F
81,F
82,F
83,F
84,F
85,F
86,F
87,F
88,F
89,M
90,M
91,M
92,M
93,M
94,M
95,M
96,M
97,M
98,M
99,M
100,M
101,M
102,M
103,M
104,M
105,M
106,M
107,M
108,M
109,M
110,M
12924,M
112,F
113,F
114,M
115,M
116,M
117,M
118,M
119,M
120,M
121,M
122,M
123,M
124,M
125,M
126,M
127,M
128,M
129,M
130,M
131,M
132,M
133,M
134,M
135,M
136,M
138,M
139,M
140,M
141,M
142,M
143,M
144,M
145,M
146,M
147,M
148,M
149,M
150,M
151,M
152,M
153,M
154,M
155,M
156,M
157,M
49,M
158,M
159,M
160,M
161,M
162,M
163,M
164,M
165,M
166,M
167,M
168,M
169,M
170,M
171,M
172,M
173,M
175,M
176,M
177,M
178,M
179,M
180,M
181,M
182,M
183,M
184,M
185,M
186,M
187,M
188,M
189,M
190,M
191,M
192,M
193,M
194,M
195,M
196,M
197,M
198,M
199,M
200,M
201,M
202,M
203,M
204,M
205,M
206,M
207,M
208,M
209,M
210,M
211,M
212,M
213,M
214,M
215,M
216,M
217,M
218,M
219,M
220,M
221,M
222,M
223,M
224,M
225,M
226,M
227,M
228,M
229,F
230,F
231,F
232,F
233,F
234,F
235,F
236,F
237,F
238,F
239,F
240,F
241,F
242,F
243,F
244,F
245,F
246,F
247,F
248,F
249,F
250,F
251,F
252,F
253,F
254,F
255,F
256,F
257,F
258,F
259,F
260,F
261,F
262,F
263,F
264,F
265,F
266,F
267,F
268,F
269,F
270,F
271,F
272,F
273,F
274,F
275,F
276,F
277,F
278,F
279,F
280,F
281,F
282,F
283,F
284,F
285,F
34039,F
287,F
288,F
289,F
290,F
291,F
292,F
293,F
294,F
295,F
296,F
297,F
298,F
299,F
300,F
301,F
302,F
303,F
304,F
305,F
306,F
307,F
308,F
309,F
310,M
311,M
312,M
313,M
174,M
314,M
315,M
316,M
317,M
318,M
319,M
321,M
322,M
323,M
324,M
325,M
326,M
327,M
328,M
329,M
330,M
331,M
332,M
333,M
334,M
335,M
336,M
337,M
338,M
339,M
340,M
341,M
342,M
343,M
344,M
345,M
346,M
347,M
348,M
349,M
350,M
351,M
352,M
353,M
354,M
355,F
356,F
357,F
358,F
359,F
360,F
361,F
362,F
363,M
364,M
365,M
366,M
367,M
368,M
369,M
370,M
372,M
373,M
374,M
375,M
376,M
377,M
378,M
379,M
380,M
381,M
407,F
383,M
384,F
385,F
386,F
387,F
388,F
389,F
390,F
391,F
392,F
393,M
394,M
395,M
396,M
397,M
398,M
399,M
400,M
401,M
402,M
403,M
404,F
405,F
406,F
408,F
409,F
410,F
411,F
412,F
413,F
414,M
415,M
416,M
417,M
418,M
419,M
420,M
421,M
422,M
423,M
424,M
425,M
426,M
427,M
428,M
429,M
430,M
431,M
432,M
433,M
434,M
435,M
436,M
437,M
438,M
439,M
440,M
441,M
442,F
443,F
444,F
445,F
446,F
447,F
448,F
449,F
450,F
451,M
34040,F
453,M
454,M
455,M
456,M
457,M
458,M
459,M
460,M
461,M
462,M
463,M
464,M
465,M
466,M
467,M
468,M
469,F
470,F
34041,F
371,M
320,M
471,M
472,M
473,M
9400,M
475,F
476,F
477,F
12925,M
479,F
480,F
481,F
482,F
483,F
484,F
485,F
486,F
487,F
488,F
489,F
490,F
491,F
492,F
493,F
494,F
495,F
496,F
497,F
498,F
499,F
500,F
501,F
502,F
503,F
504,M
505,M
506,M
507,M
508,M
509,M
510,M
511,M
512,M
513,M
514,M
515,M
516,M
517,M
518,M
519,M
520,M
521,M
522,M
523,M
524,M
525,M
526,M
527,M
528,M
529,M
530,M
531,M
532,M
533,M
534,M
535,M
536,M
537,M
538,M
539,M
22514,F
541,M
542,M
543,M
544,M
545,M
546,M
34042,F
548,M
549,M
550,M
551,M
552,M
553,M
554,M
555,M
557,M
558,M
559,M
560,M
561,M
562,M
563,M
564,M
565,M
566,M
567,F
568,F
569,F
570,F
571,F
572,F
573,F
574,F
575,F
576,F
577,F
578,F
579,F
580,F
581,F
582,F
583,F
584,F
585,F
586,F
587,F
588,F
589,F
590,F
591,F
592,F
593,F
594,F
595,F
597,F
598,F
599,F
600,F
601,F
602,F
603,F
604,F
605,F
606,F
607,F
608,F
609,F
610,F
611,F
612,F
613,F
614,F
615,F
616,F
617,F
618,F
619,F
620,F
621,F
622,F
623,F
624,F
625,F
626,F
627,F
556,M
628,F
629,F
630,F
631,F
632,F
633,F
634,F
635,F
636,F
637,F
638,F
639,F
640,F
641,F
642,F
643,F
644,F
645,F
646,F
647,F
648,F
649,F
650,F
651,F
652,F
653,F
654,F
655,F
656,F
657,F
658,F
659,F
660,F
661,F
662,F
663,F
664,F
665,F
666,M
667,M
668,M
669,M
670,M
671,M
672,M
673,M
674,M
675,M
676,M
677,M
678,M
679,M
680,M
681,M
682,M
683,M
684,M
685,M
686,M
687,M
688,M
689,M
690,M
691,M
692,M
693,M
694,M
695,M
696,M
697,M
699,M
700,M
701,M
702,M
703,M
704,M
705,M
706,M
707,M
708,M
709,M
711,M
712,M
713,M
714,M
715,M
716,M
717,M
718,M
719,M
720,M
721,M
722,M
723,M
724,M
725,M
726,M
727,M
728,M
729,M
730,M
731,M
732,M
733,M
734,M
735,M
736,M
737,M
738,M
739,M
740,M
741,M
742,M
743,M
744,M
745,M
746,M
747,M
748,M
749,M
750,M
751,M
752,M
753,M
754,M
755,M
757,M
758,M
759,M
760,M
761,M
762,M
763,M
764,M
765,M
766,M
767,M
768,M
769,M
770,M
771,M
772,M
773,M
774,M
775,M
776,M
777,M
778,M
779,M
780,M
781,M
782,M
783,M
784,M
710,M
786,M
787,M
788,M
789,M
790,M
791,M
792,M
793,M
794,M
795,M
796,M
797,M
798,M
799,M
800,M
801,M
802,M
803,M
804,M
805,M
806,M
807,F
34043,F
809,F
810,F
811,F
34048,F
813,F
34049,F
815,F
35359,M
817,F
35360,M
819,F
35361,M
821,F
35362,M
823,F
35363,F
825,F
827,F
829,F
831,F
833,F
835,F
837,F
839,F
841,F
843,F
845,F
847,F
849,F
851,F
853,F
855,F
857,F
859,F
861,F
863,M
865,M
866,M
867,M
868,M
870,M
872,M
874,M
876,M
878,M
880,M
882,M
885,M
886,M
888,M
890,M
891,M
893,M
895,M
897,M
899,M
901,M
903,M
906,M
907,M
909,M
911,M
913,M
914,M
916,M
918,M
920,M
922,M
924,M
926,M
928,M
785,M
930,M
932,M
934,M
936,M
938,M
940,M
942,M
944,M
946,M
948,M
950,M
952,M
954,M
956,M
958,M
34044,F
34045,F
34046,F
34047,F
31919,M
972,F
976,F
978,F
980,F
1002,F
1024,F
1026,F
1030,F
1032,F
1034,F
1036,F
1038,F
1040,F
1044,F
1050,F
1054,F
1056,F
1058,F
1060,F
1062,F
1064,F
1066,F
1072,F
1074,F
1076,F
1078,F
1080,F
1082,F
1084,F
1086,F
1088,F
1090,F
1092,F
1102,F
1104,F
1106,F
1108,F
1110,F
1112,F
1114,F
1116,F
1118,F
1120,F
1122,F
1124,F
1126,F
1128,F
1130,F
1132,F
1134,F
1136,F
1138,F
1140,F
1142,F
1144,F
1146,F
1148,F
1150,F
1154,F
1156,F
1158,F
1159,F
1161,F
1163,F
1165,F
1167,F
1169,F
1173,M
1177,M
1179,M
1181,M
1198,M
1216,M
1222,M
1231,M
1232,M
1234,M
1236,M
1238,M
1239,M
1243,M
1245,M
1247,M
1249,M
1251,M
1042,F
1241,M
988,M
34062,F
34073,F
34075,F
34076,F
34079,F
7820,F
960,M
962,M
964,M
966,M
968,M
970,F
974,F
982,M
984,M
986,M
990,F
992,F
994,F
996,F
998,F
1000,F
1004,F
1006,F
1008,F
1010,F
1012,F
1014,F
1016,F
1018,F
1020,F
1022,F
1029,F
1046,F
1049,F
1053,F
1068,F
1070,F
1094,F
1096,F
1098,F
1100,F
1153,F
1172,M
1175,M
1183,M
1185,M
1187,M
1189,M
1191,M
1193,M
1195,M
1199,M
1201,M
1203,M
1205,M
1207,M
1209,M
1211,M
1213,M
1217,M
1219,M
1223,M
1225,M
1227,M
1229,M
1254,M
1255,M
1257,M
1258,M
1260,M
1262,M
1264,M
1266,M
1268,M
1270,M
34051,F
1274,M
1276,M
1278,M
1280,M
1282,M
1284,M
1286,M
1288,M
1292,M
1294,M
1296,M
1297,M
1299,M
1301,M
1303,M
1305,M
1307,M
34054,F
1311,M
1290,M
12614,M
1317,M
1329,M
1331,M
1333,M
1335,M
1337,M
1339,M
1341,M
1361,M
1363,M
1365,M
1367,M
1369,M
1371,M
1373,M
1375,M
1377,M
1379,M
1381,M
1383,M
1385,M
1387,M
1389,M
1391,M
1393,M
1395,M
1397,M
1399,M
1401,M
1403,M
1405,M
1407,M
1409,M
1411,M
1413,M
1415,M
1417,M
1419,M
1421,M
1423,M
1424,M
1426,M
1428,M
1430,M
1432,M
1434,M
1436,M
1438,M
1440,M
1442,M
1444,M
1446,F
22515,M
9401,M
9402,M
22516,M
9403,M
9404,M
22517,M
1483,F
9405,M
1490,F
1492,F
1494,F
1497,F
9406,M
1500,F
1502,F
1506,F
9407,M
1510,F
1512,F
1514,F
9408,M
1518,F
1520,M
1522,M
1526,M
1529,M
9409,M
1533,M
12926,M
1539,M
9410,M
1551,M
1557,M
1504,F
34052,F
35364,M
35365,M
35366,M
1273,M
1309,M
1313,M
1315,M
1319,M
1321,M
1323,M
1325,M
1327,M
1343,M
1345,M
1347,M
1349,M
1351,M
1353,M
1355,M
1357,M
1359,M
1448,F
1450,F
1452,F
1454,F
1456,F
1458,F
1460,F
1462,F
1464,F
1466,F
1468,F
9411,M
1472,F
9412,M
22518,M
1478,F
1480,F
9413,M
1484,F
1486,F
1488,F
9414,M
1498,F
1509,F
1517,F
9415,M
22519,M
1525,M
9416,M
1530,M
9417,M
1534,M
1536,M
1540,M
1542,M
9418,M
1546,M
1548,M
9419,M
1552,M
9420,M
1558,M
1560,M
1562,M
1564,M
1566,M
1568,M
9421,M
1554,M
34053,F
35367,F
1571,M
12927,M
1581,M
1583,M
12928,M
1589,M
1592,M
3115,F
3116,F
3117,F
3118,F
3119,F
3120,F
3121,F
3122,F
3123,F
3124,F
3125,F
3126,F
3127,F
3128,F
3129,F
3130,F
3131,F
3132,M
3133,M
3134,M
3135,M
3136,M
3137,M
3138,M
3139,M
3140,M
3141,M
3142,M
3143,M
3144,M
3145,M
3147,M
3148,M
3149,M
3150,M
3151,M
3152,M
3153,M
3154,M
3155,M
3156,M
3157,M
3158,M
3159,M
3160,M
3161,M
3162,M
3163,M
3164,M
3166,M
3167,M
3168,M
3169,M
3170,M
3171,M
3172,M
3173,M
3174,M
3175,M
3176,M
3177,M
3178,M
3179,F
3180,F
3181,F
3182,F
3184,F
3185,F
3186,F
3187,F
3188,F
3189,F
3190,F
3191,F
3192,F
3193,F
3195,F
3197,F
3198,F
3199,F
3200,F
3201,F
3202,F
3203,F
3204,M
3205,M
3206,M
3207,M
3208,M
3209,M
3210,M
3211,M
3212,M
3213,M
3214,M
3215,M
3216,M
3217,M
3218,M
3219,M
3220,M
3221,M
3222,M
3223,M
3224,M
3225,M
3226,M
3227,M
3228,M
3229,M
3230,M
3231,M
3232,M
3233,F
3234,F
3235,F
3236,F
3237,F
3238,F
3239,F
3240,F
3241,F
3242,F
3243,F
3244,F
3245,F
3246,F
3247,F
3248,F
3249,F
3250,F
3251,F
3252,F
3253,F
3254,F
3255,F
3256,F
3183,F
9422,M
1572,M
1574,M
1576,M
1578,M
9423,M
9424,M
1584,M
1586,M
9425,M
1590,M
34056,F
1594,M
1595,M
1596,M
1597,M
1598,M
1599,M
1600,M
1601,M
1603,M
1604,M
1605,M
1606,M
1607,M
1608,M
1609,M
1610,M
1611,M
1612,M
1613,M
1614,M
1615,M
1616,M
1617,F
1618,F
1619,F
1620,F
1621,F
1622,M
1623,M
1624,M
1625,M
1626,M
1627,M
1628,M
1629,M
1630,M
1631,M
1632,M
1633,M
1634,M
1635,M
1636,M
1637,M
1638,M
1639,M
1640,M
1641,M
1642,M
1643,M
1644,M
1645,M
1646,M
1647,M
1648,M
1649,M
1650,M
1651,M
1652,M
1653,M
1654,M
1655,M
1656,M
1657,M
1658,M
1659,M
1660,M
1661,M
1662,M
1663,M
1664,M
1665,M
1666,M
1667,F
1668,F
1669,F
1670,F
1671,F
1672,F
1673,F
1674,F
1675,F
1676,F
1677,F
1678,F
1679,F
1680,F
1681,F
1683,F
1684,F
1685,F
1686,F
1687,F
1688,F
12929,M
1690,F
3257,F
1692,M
1693,M
1694,M
1695,M
1696,M
1697,M
1699,M
1700,M
1701,M
1702,M
1703,M
1704,M
1705,M
1706,F
1707,F
1708,F
1709,F
1710,F
1711,F
1712,M
1713,M
1714,M
1715,M
1716,M
1718,M
1719,M
1720,M
1721,M
1722,M
1723,M
1724,F
1725,F
1726,F
1727,F
1728,F
1729,F
1730,F
1731,F
1732,F
1733,F
1734,F
1735,F
1736,F
1737,F
12930,M
1698,M
1682,M
1717,M
1738,F
1739,F
1740,F
1741,F
1742,F
1743,F
1744,F
1745,F
1746,F
1747,F
1748,F
1749,F
1750,F
1751,F
1752,F
1753,F
1754,F
1756,F
1757,F
1758,F
1759,F
1760,F
1761,F
1762,F
1763,F
1764,F
1765,F
1766,F
1767,F
1769,F
1770,F
1771,F
1772,F
1773,F
1774,F
1775,F
1776,F
1777,F
1778,F
1779,F
1780,F
1781,F
1782,F
1783,F
1784,F
1785,F
1786,F
1787,F
1788,F
1789,F
1790,F
1791,F
1792,F
1793,F
1794,F
1795,F
1796,F
1797,F
1798,F
1799,F
1800,F
1801,F
1802,F
1803,F
1804,F
1805,F
1806,F
1807,F
1808,M
1809,M
1810,M
1811,M
1812,M
1813,M
1814,M
1815,M
1816,M
1817,M
1818,M
1819,M
1820,M
1821,M
1822,M
1823,M
1824,M
1825,M
1826,M
1827,M
1828,M
1829,M
1830,M
1831,M
1832,M
1833,M
1834,M
1835,M
1836,M
1837,M
1838,M
1839,M
1840,M
1841,M
1842,M
1843,M
1844,M
1845,M
1846,M
1847,M
1848,M
1849,M
1850,M
1851,M
1852,M
1853,M
1855,M
1856,M
1858,M
1859,M
1860,M
1861,M
1862,M
1863,M
1864,M
1865,M
1866,M
1867,M
1868,M
1869,M
1870,M
1871,M
1872,M
1873,M
1874,M
1875,M
1876,M
1877,M
1878,M
1880,M
1881,M
1882,M
1883,M
1884,M
1885,M
1886,M
1887,M
1888,M
1889,M
1890,M
1891,M
1892,M
1893,M
1894,M
1768,F
1854,M
1755,F
1895,M
1896,M
1897,M
1898,M
1899,M
1900,M
1901,M
1902,M
1904,M
1905,M
1906,M
1907,M
1908,M
1909,M
1910,M
1911,M
1912,M
1913,M
1914,M
1915,M
1916,M
1917,M
1918,M
1919,M
1920,M
1921,M
1922,M
1923,M
1924,M
1925,F
1926,F
1927,F
1928,F
1929,F
1930,F
1931,F
1932,F
1933,F
1934,F
1935,F
1936,F
1937,F
1938,F
1939,F
1940,F
1941,F
1942,F
1943,F
1944,F
1945,F
1946,F
1947,F
1948,F
1949,F
1951,F
1952,F
1953,F
1954,F
1955,F
1956,F
1957,F
1958,F
1959,F
1960,F
1961,F
1962,F
1963,F
1964,F
1965,F
1966,F
1967,F
1968,F
1969,F
1970,F
1971,F
1972,F
1973,F
1974,F
1975,F
1976,F
1977,F
1978,F
1979,F
1980,F
1981,F
1982,F
1983,F
1984,F
1985,F
1986,F
1987,F
1988,F
1989,M
1990,M
1991,M
1992,M
1993,M
1994,M
1995,M
1996,M
1997,M
1998,M
1999,M
2000,M
2001,M
2002,M
2003,M
2004,M
2005,M
2006,M
2007,M
2008,M
2009,M
2010,M
2011,M
2012,M
2013,M
2014,M
2015,M
2016,M
2017,M
2018,M
2019,M
2020,M
2021,M
2022,M
2023,M
2024,M
2025,M
2026,M
2027,M
2028,M
2029,M
2030,M
2031,M
2032,M
2033,M
2034,M
2035,M
2036,M
2037,M
2038,M
2039,M
2040,M
2041,M
2042,M
2043,M
2044,M
2045,M
2046,M
2047,M
2048,M
2049,M
2050,M
2051,M
1903,M
2052,M
2053,M
2054,M
2055,F
2056,F
2057,M
2058,M
2059,M
2060,M
2061,F
2062,F
2063,F
2064,F
2066,M
2067,M
2068,M
2069,M
2070,M
2071,M
2072,F
2073,F
2074,F
2075,F
2076,F
2077,F
2078,F
2079,F
2080,F
2081,F
2082,F
2083,F
2084,F
2085,F
2086,F
2087,F
2088,F
2089,F
3258,F
2091,F
2092,F
2093,F
2094,F
2095,F
2096,F
2097,F
2098,F
2099,F
2100,F
2101,F
2102,F
2103,F
2104,F
2105,F
2106,F
2107,F
2108,M
2109,M
2110,M
2111,M
2112,M
2113,M
2114,M
2115,M
2116,M
2117,M
2118,M
2119,M
2120,M
2122,M
2123,M
2124,M
2125,M
2126,M
2127,M
2128,M
2129,M
2130,M
2131,M
2132,M
2133,M
2134,M
2135,M
2136,M
2137,M
2138,M
2139,M
2140,M
2141,M
2142,M
2143,M
2144,M
2146,M
2147,M
2148,M
2149,M
2150,M
2151,M
2152,M
2153,M
2154,M
2155,M
2156,M
2157,M
2158,M
2159,M
2160,F
2161,F
2162,F
2163,F
2164,F
2165,F
2166,F
2167,M
2168,M
2169,M
2170,M
2171,M
2172,M
2173,M
2174,M
2175,M
2176,M
2177,M
2178,M
2179,M
2180,M
2181,M
2182,M
2183,M
2184,M
2185,M
2186,M
2187,F
2188,F
2189,F
2190,F
2191,F
2192,M
2193,M
2194,M
2195,M
2196,M
2198,M
2199,M
2200,M
2201,M
2202,M
2203,F
2204,F
2205,F
2206,F
2207,F
2145,M
2121,M
2065,M
2208,F
2209,F
2210,M
2211,M
2212,M
2213,M
2214,M
2215,M
2216,M
2217,M
2218,M
2219,M
2220,M
2221,M
2222,M
2223,M
2224,M
2225,M
2226,M
2227,M
2228,M
2229,F
2230,F
34058,F
2232,F
2233,F
2234,F
2235,M
2236,M
2237,M
2238,F
2239,F
2240,F
2241,F
2242,F
2243,F
2244,F
2245,F
2246,F
2247,F
2248,F
2249,F
2250,F
2251,F
2252,F
2253,F
2254,F
2255,F
2256,F
2257,F
2258,M
2259,M
2260,M
2261,M
2262,M
2263,M
2264,M
2265,M
2266,M
2267,M
2268,M
2269,M
2270,M
2271,M
2272,M
2273,M
2274,M
2275,M
2276,M
2277,M
2278,M
2279,M
2280,M
2281,M
2282,M
2283,M
2284,M
2285,M
2286,M
2287,M
2288,M
2290,F
2291,F
2292,F
2294,F
2295,F
2296,F
2297,F
2298,F
2299,F
2300,F
2301,F
2302,M
2303,M
3259,F
2305,M
2306,M
2307,M
2309,M
2310,M
2311,M
2312,M
3260,F
2314,M
2315,M
2316,M
2317,F
2318,F
2319,F
2320,F
2321,F
2322,F
2323,F
2324,F
2325,F
2326,F
2327,F
2328,F
2329,F
2330,F
2331,F
2332,F
2333,F
2334,F
2336,F
2337,F
2338,F
2339,F
2340,F
2341,F
2342,F
2343,M
2345,M
2346,M
2347,M
2348,M
2349,M
2350,M
2351,M
2352,M
2353,M
2354,M
2355,M
2356,M
2357,M
2358,M
2359,M
2360,M
2361,M
2362,M
2363,M
2364,M
2308,M
2344,M
2335,F
2366,M
2367,M
2368,M
2369,M
2370,M
2371,M
2372,M
2373,M
2374,M
2375,M
2376,M
2377,M
2378,M
2379,M
2380,F
2381,F
2382,F
2383,F
2384,F
2385,F
2386,F
2387,F
2388,F
2389,F
2390,F
2391,F
2392,F
2393,F
2394,F
2395,F
2396,F
2397,F
2398,F
2399,F
2400,F
2401,F
2402,F
2403,F
2404,F
2405,F
2406,F
2407,F
2408,F
2409,F
2410,F
2411,F
2412,F
2413,F
2414,F
2415,F
2416,F
2417,F
2418,F
2419,F
2420,F
2421,F
2422,F
2423,F
2424,F
2425,F
2426,F
2427,F
2428,F
2429,F
2430,F
2431,F
2432,F
2433,F
2434,F
2435,F
2436,F
2437,M
2438,M
2439,M
2440,M
2441,M
2442,M
2443,M
2444,M
2445,M
2446,M
2447,M
2448,M
2449,M
2450,M
2451,M
2452,M
2453,M
2454,M
2455,M
2456,M
2457,M
2458,M
2459,M
2460,M
2461,M
2462,M
2463,M
2464,M
2465,M
2466,M
2467,M
2468,M
2469,M
2470,M
2471,M
2472,M
2473,M
2474,M
2475,M
2476,M
34059,F
2478,M
2479,M
2480,M
2481,M
2482,M
2483,M
2484,M
2485,M
2486,M
2487,M
2488,M
2489,M
2490,M
2491,M
2492,M
2493,M
2494,M
2495,M
2496,M
2497,M
2498,M
2499,F
2500,F
2501,F
2502,F
2503,F
22520,M
2505,F
2506,F
2507,F
2508,F
2509,F
2510,F
2511,F
2512,F
2513,F
2514,F
2515,F
2516,F
2517,F
2518,F
2519,F
2520,F
2521,F
2365,M
2522,F
2523,F
2524,F
2525,F
2526,F
2527,F
2528,F
2529,F
2530,F
2531,F
2532,F
2533,F
2534,F
2535,F
2536,F
2537,F
2538,M
2539,M
2540,M
2541,M
2542,M
2543,M
2544,M
2545,M
2546,M
2547,M
2548,M
2549,M
2550,M
2551,M
2552,M
2553,M
2554,M
2555,M
2556,M
2557,M
2558,M
2559,M
2560,M
2561,M
2562,M
2563,M
2565,M
2566,M
9426,M
2568,M
2569,M
2570,M
2571,M
2572,M
2573,M
2574,M
2575,M
2576,M
2577,M
2578,M
2579,M
2580,M
2581,M
2582,M
2583,M
2584,M
2585,M
2586,M
2587,M
2588,M
2589,M
2590,M
2591,M
9427,M
2593,M
2594,M
2595,M
2596,M
2597,M
2598,M
2599,M
2600,M
2601,M
2602,M
2603,M
2604,M
2605,M
2606,M
2607,M
2608,M
2609,M
2610,M
2611,M
2612,M
2613,M
2614,M
2615,M
2617,M
2618,M
2619,M
2620,M
2621,M
2622,M
2623,M
2624,M
2625,M
2626,M
2627,M
34061,F
2629,M
2630,M
2631,M
2632,M
2633,M
2634,M
2635,M
2636,M
2637,M
2638,M
2639,M
2640,M
2641,M
2642,M
2643,M
2644,M
2645,M
2646,M
2647,M
2648,M
2649,M
2650,M
2651,M
2652,M
2653,M
2654,M
2655,M
2656,M
2657,M
2658,M
2659,M
2660,F
2661,F
2662,F
2663,F
2664,F
2665,F
2666,F
2667,F
2668,F
2669,F
2670,F
2671,F
2672,F
2673,F
2674,F
2675,F
2676,F
2677,F
2616,M
2564,M
2679,F
2680,F
2681,F
2682,F
2683,F
2684,F
2685,F
2686,F
2687,M
2688,M
2689,M
2690,M
2691,M
2692,M
2693,M
2694,M
2695,M
2696,M
2697,M
2698,F
2699,F
2700,F
9428,M
2702,F
2703,F
2704,F
2705,F
2706,F
2707,F
2708,F
2709,F
2711,F
2712,F
2713,F
2714,F
2715,F
2716,F
9429,M
2718,F
2719,F
2720,F
2721,F
2722,F
2723,M
2724,M
34066,F
2726,M
2727,M
2728,M
2729,M
2730,M
2731,M
2732,M
2734,M
2735,M
2736,M
2737,M
2738,M
2740,M
2741,M
2742,M
2743,M
2744,M
2745,M
2746,M
2747,M
2748,M
2749,M
2750,M
2751,M
2752,M
2753,M
2754,M
2755,M
2756,M
9430,M
2758,M
2759,M
2760,M
2761,M
2762,M
2763,M
9431,M
2765,M
9432,M
9433,M
2770,M
2771,M
2772,F
2773,F
2774,F
2775,F
2776,M
2777,M
2778,M
2779,M
2780,M
2781,M
2782,M
2783,M
2784,M
2785,M
2786,M
2787,M
2788,M
2789,F
2790,F
2791,F
2792,F
2793,F
2794,F
2795,M
2796,M
2797,M
2798,M
2799,M
2800,M
2801,M
2802,M
2803,M
2804,M
2805,M
2806,M
2807,M
2809,F
2810,F
2811,F
2812,M
2813,M
2814,M
2815,M
2816,M
2817,M
2818,M
2819,M
2820,F
2824,F
2825,F
2826,F
2827,F
2828,F
2829,F
2830,F
2831,F
2832,F
2833,F
2834,F
2768,M
2823,M
2808,M
2821,M
2822,M
2769,M
2733,M
2835,F
2836,F
2837,F
2838,F
2839,F
2840,F
2841,F
2842,F
2843,F
2844,F
2845,F
2846,F
2847,F
2848,F
2849,F
2850,F
2851,M
2852,M
2853,M
2854,M
2855,M
9434,M
2858,M
2859,M
2860,M
2861,M
2862,M
2863,M
2864,M
2865,M
2866,M
2867,M
2868,M
2869,M
34065,F
2871,M
2872,M
2873,M
2874,M
2875,M
2876,M
2877,M
2878,M
2879,M
2880,M
2881,M
2882,M
2883,M
2884,M
2885,M
2886,M
2887,M
2888,M
2889,M
2890,M
2891,F
2892,F
2893,F
2894,F
2895,M
2896,M
2897,M
2898,M
2899,M
2900,M
2901,M
2902,M
2903,M
2904,M
2905,M
2906,M
2907,M
2908,M
2909,M
2910,M
2911,M
2912,M
2913,M
2914,M
2915,M
2916,M
2918,M
2919,M
2920,F
2921,F
2922,F
2923,F
2924,F
2925,F
2926,F
2927,F
2928,F
2929,F
2930,F
2931,F
2932,F
2933,F
2934,F
2935,F
2936,F
2937,F
2938,F
2939,F
2940,F
2941,F
2942,F
2943,F
2944,M
2945,M
2946,M
2947,M
2948,M
2949,M
2950,M
2951,M
2952,M
2953,M
2954,M
2955,M
2956,M
2957,M
9435,M
2959,M
2960,M
2961,M
2962,M
2963,M
2964,M
2965,M
2966,M
2967,M
2968,M
2969,M
2970,M
2971,M
2972,M
2973,M
2974,M
2975,M
2976,M
2977,M
2978,M
2979,M
2980,M
2981,M
2982,M
2983,M
2984,M
2985,M
2986,M
2987,M
2988,M
2989,M
2990,M
2857,M
2917,M
2991,M
2992,F
2993,F
2994,M
2995,M
2996,F
2997,F
2998,F
2999,F
3000,F
3001,F
3002,F
3003,F
3004,F
34068,F
3006,F
3007,F
3008,F
3009,M
3010,M
3011,M
3012,M
3013,M
3014,M
3015,M
3016,M
3017,M
3018,M
3019,M
3020,M
3021,M
3022,M
3023,M
3024,M
3025,M
3026,M
3027,F
3028,F
3029,F
3030,F
3031,F
3032,F
3033,F
3034,F
3035,F
3036,F
3038,F
3039,F
3040,F
3041,F
3042,F
3043,F
3044,F
3045,F
3046,F
3047,F
3048,F
3049,F
3050,M
3051,M
3052,M
3053,M
3054,M
3055,M
34077,F
34082,F
3058,M
3059,M
3060,M
3061,M
35368,M
3063,M
3064,M
3065,M
3066,M
3067,M
3068,M
3069,M
3070,M
3071,M
3072,M
3073,M
3074,M
3075,M
3076,M
3077,M
3078,M
3079,M
3080,M
3081,M
3082,M
3083,M
3084,M
3085,M
3086,F
3087,F
3088,F
3089,M
3090,M
3091,M
3092,M
3093,M
3094,M
3095,M
3096,M
3097,F
3098,F
3099,F
3100,F
3101,F
3102,F
3103,F
3104,F
3105,F
3106,F
3108,F
3109,F
3110,F
3111,F
3112,F
3113,F
3114,F
3261,F
3262,F
3263,M
3264,M
3265,M
3266,M
3267,M
3268,M
3269,M
3270,M
3271,M
3272,M
3273,M
3274,M
3275,M
3276,M
3277,M
3278,M
3279,M
3280,M
3281,M
3282,M
3283,M
3284,M
3285,M
3286,M
3287,M
3288,M
3289,M
3290,M
3291,M
3292,M
3293,M
3294,M
3295,M
3296,M
3297,M
3298,M
3299,M
3300,M
3301,M
3302,M
3303,M
3304,M
3305,M
3307,M
3308,M
3309,M
3310,M
3311,M
3312,M
3313,F
3314,F
3315,F
3316,F
3317,F
3318,F
3319,F
3320,F
3321,F
3322,F
3323,F
3324,F
3325,M
34070,F
3327,M
3328,M
3329,M
3330,M
3331,M
3332,M
3333,M
3334,M
3335,M
3336,M
3337,M
3338,M
3339,M
3340,M
3341,M
3342,M
3343,M
3344,M
3345,M
3346,M
3347,M
3348,M
3349,M
3350,M
3351,M
3352,M
3353,M
3354,M
3355,M
3356,M
3357,M
3358,M
3359,F
3360,F
3361,F
3362,F
3363,F
3364,F
3365,F
3366,F
3367,F
3368,F
3369,F
3370,F
3371,F
3372,F
3373,F
3374,F
3375,F
3376,F
3377,F
3378,F
3379,F
3380,F
3381,F
3382,F
3383,F
3384,F
3385,F
3386,M
3387,M
3388,M
3390,M
3391,M
3419,M
3393,M
3394,M
3395,M
3396,M
3397,M
3398,M
3399,M
3400,M
3401,M
3402,M
3403,M
3404,M
3405,M
3406,M
3407,M
3408,M
3409,M
3410,M
3411,M
3412,M
3413,M
3414,M
3415,M
3416,M
3417,M
3418,M
3420,M
3421,M
34072,F
3423,F
3424,F
3425,F
3426,F
3427,F
3428,F
3429,F
3430,F
3431,F
3432,F
3433,F
3434,M
3435,M
3437,M
3438,M
3439,M
3440,M
3441,M
3442,M
3443,M
3444,M
3445,M
3446,M
3447,M
3448,M
3449,M
3450,M
3451,M
3306,M
35372,M
3452,M
3453,M
3454,M
3455,M
3456,M
3457,M
3458,M
3459,F
3460,F
3461,F
3462,F
3463,F
3464,F
3465,F
3466,M
3467,F
3468,F
3469,F
3470,F
3471,M
3473,M
3474,M
3475,M
3476,M
3477,M
3478,F
3479,F
3480,F
3481,F
3482,M
3483,M
34078,F
3485,M
3486,M
3487,F
3488,F
3489,F
3490,F
3491,F
3492,M
3493,M
3494,M
3495,M
3496,M
3497,M
3498,M
3499,M
34080,F
3501,F
3502,M
3503,F
3504,F
3505,F
3506,M
3507,M
3508,M
3509,M
3510,M
3511,M
3512,M
3513,M
3514,M
3515,M
3516,M
3517,M
3518,M
3519,M
3520,M
3521,F
3522,M
3523,M
3524,M
3525,F
3526,F
3527,F
3528,F
3529,F
3530,F
3531,F
3532,F
3533,F
3534,F
3535,F
3536,F
3537,F
3538,F
3539,M
3540,M
3541,M
3542,M
3543,M
3544,M
3545,M
3546,M
3547,M
3548,M
3549,M
3550,M
3551,M
3552,M
3553,M
3554,M
3555,M
3556,M
3557,M
3558,M
3559,M
3560,M
3561,M
3562,F
3563,F
3564,F
3565,F
3566,F
3567,M
3568,M
3569,M
3570,M
3571,M
3572,M
3573,M
3574,M
3575,M
3576,M
3577,M
3578,M
3579,F
3580,M
3581,F
3582,F
3583,F
3584,F
3585,F
3586,F
3587,F
3588,F
3589,F
3590,M
3591,M
3592,M
3593,M
3594,M
3595,M
3596,M
3597,F
3598,F
3599,F
3600,F
3601,M
3602,M
3603,M
3604,M
3605,M
3606,M
3608,F
3607,M
3609,M
3610,M
3611,M
9436,M
3613,M
3614,M
3615,M
3616,M
3617,F
3618,F
3619,F
3620,M
3621,M
3622,M
3623,M
3624,M
3625,M
3626,M
3627,M
3628,M
3629,M
3630,M
3631,M
3632,M
3633,M
3634,M
3635,M
3636,M
3637,F
3638,F
3639,M
3640,M
3641,M
3642,M
3643,F
3644,F
3645,F
3646,M
3647,M
3648,F
3649,F
3650,F
3651,F
3652,F
3653,F
3655,F
3656,F
3657,F
3658,F
3659,F
3661,F
34081,F
3663,F
3664,F
3665,F
3666,F
3667,F
3668,F
3669,F
3670,F
3671,F
3672,M
3673,M
3674,M
34083,F
3676,M
3677,M
3678,M
3679,M
3680,M
3681,M
3682,M
3683,M
3684,M
3685,M
3686,M
3687,M
3688,M
3689,M
3690,M
3691,M
3692,M
3693,M
3694,M
3695,M
3696,M
3697,M
3698,M
3699,M
3700,M
3701,M
3702,M
3703,M
3704,M
3705,M
3706,M
3707,M
3708,M
3709,M
3710,M
3711,M
3712,M
3713,M
35373,M
3715,M
3716,F
3717,F
3718,F
3719,M
3720,M
3721,M
3722,M
3723,M
3724,M
3725,M
3726,M
3727,M
3728,M
3729,M
3730,M
3731,M
3732,M
3733,M
3734,M
3735,M
3736,M
3737,M
3738,M
3739,M
3740,F
3741,M
3742,F
3743,M
3744,F
3745,F
3746,F
3747,M
3748,M
35374,M
3750,M
9437,M
3752,F
3753,F
3754,F
3755,F
3756,F
3757,M
3758,M
3759,M
3760,M
3761,M
3762,M
3763,M
3654,F
3660,F
3764,M
3765,F
3766,F
3767,F
3768,F
3769,F
3770,F
3771,F
3772,M
3773,M
3774,M
3775,M
3776,M
3777,M
3778,M
3779,M
3780,M
3781,M
3782,M
3783,M
3784,M
3785,M
3786,M
3787,M
3788,M
3789,M
3790,M
3791,M
3792,F
3793,F
3794,F
3795,F
3796,F
3797,F
3798,F
3799,M
3800,M
3801,M
3802,M
16406,F
3804,M
3805,M
3806,M
3807,M
3808,M
3809,M
3810,M
3811,F
3812,F
3813,F
3814,F
3815,F
3816,F
3817,F
3818,F
3819,F
3820,F
3821,F
3822,F
3823,F
3824,F
3825,F
3826,F
3827,M
9438,M
3829,M
3830,M
3831,M
3832,M
3833,M
3834,M
35375,M
3836,M
3837,M
3838,M
3840,M
3841,M
3842,M
3843,M
3844,M
3845,M
3846,M
3847,M
3848,F
3849,F
3850,F
3851,M
3852,M
3853,M
3854,M
3855,M
3856,F
3857,F
3858,M
3859,M
3860,M
3861,M
3862,F
3863,F
3864,F
3865,F
3866,F
3868,F
3869,F
3870,F
3871,M
3872,M
3873,M
35376,M
3875,M
3876,M
3877,M
3878,M
3879,M
3880,M
3881,M
3882,M
3883,M
3884,M
3885,M
3886,M
3887,M
3888,F
3889,F
3890,F
3891,F
3892,F
3893,F
3894,F
3895,F
3896,M
3897,M
3898,M
3899,M
3900,M
3902,M
3903,M
3904,M
3905,M
3906,M
3907,M
3908,M
3909,M
3910,M
3911,M
3912,M
3913,M
3914,M
3915,M
3916,M
3917,M
3918,M
3839,M
3867,F
3919,M
3920,M
3921,F
3922,M
3923,M
3924,M
3925,M
3926,M
3927,M
3928,M
3929,M
3930,M
3931,M
3932,F
3933,F
3934,F
3935,F
3936,F
3937,F
3938,F
3939,F
3940,F
3941,M
3942,M
3943,M
3944,M
3945,M
3946,M
3947,M
3948,M
3949,M
3950,M
3951,M
3952,M
3953,M
3954,F
3955,F
3956,F
3957,M
3959,M
3960,M
3961,M
3962,M
3963,M
3964,M
3965,F
3966,F
3967,F
3968,F
3970,F
3971,F
3972,F
3973,F
3974,F
3975,F
3976,F
3977,F
3978,F
3979,F
3980,F
3981,F
3982,M
3983,M
3984,M
3985,M
3986,M
3987,M
3988,M
9439,M
34087,M
3991,M
3992,M
3993,M
3994,M
3995,M
3996,M
3997,M
3998,M
3999,M
4000,M
4001,M
4002,M
4003,M
34089,M
4005,M
4006,M
4007,M
4008,M
4009,M
4010,M
4011,M
4012,M
4013,M
4014,M
4015,F
4016,F
4017,F
4018,F
4019,F
4020,F
4021,F
4023,F
4024,F
4025,F
4026,F
4027,F
4028,F
4029,F
4030,F
4031,F
4032,F
4033,M
4034,M
4035,M
4036,M
4037,M
4038,M
4039,M
4040,M
4041,M
4042,M
4043,M
4044,M
4045,M
4046,M
4047,M
4048,M
4049,M
4050,M
4051,F
4052,F
4053,F
4054,F
4055,F
4056,M
4057,M
4058,M
4059,M
4060,M
4061,M
34092,M
4064,M
4065,M
4066,M
4067,M
4068,M
4069,M
4070,M
4071,M
4072,M
4073,M
4074,F
4075,F
4022,F
4076,F
4077,M
4078,M
4080,M
4081,M
4082,M
4083,M
4084,M
4085,M
4086,M
4087,F
4088,F
4089,F
4090,F
4091,F
4092,F
4093,F
4094,F
4095,M
4096,M
4097,M
4098,M
4099,M
4100,M
4101,M
4102,F
4103,F
4104,F
4105,F
4106,F
4107,M
4108,M
4110,M
4111,M
34088,M
4113,M
4114,F
4115,F
4116,F
4117,F
4118,M
34090,M
4120,M
4121,M
4122,M
4123,M
4124,M
9440,M
4126,F
4127,F
4128,F
4130,M
9441,M
9442,M
4133,M
4134,M
4135,M
4136,M
4137,M
4138,M
4139,F
4140,F
4141,M
4142,M
4143,M
4144,M
4145,M
4146,M
4147,M
4148,M
4149,M
4150,M
4151,F
4152,F
4153,F
4154,M
4155,F
4156,M
4157,M
4158,M
4159,F
4160,F
4161,F
4162,F
4163,F
4164,F
4165,F
4166,F
4167,F
4168,F
4169,F
4170,F
4171,F
4172,F
4173,F
4174,F
4175,F
4176,F
4177,F
4178,F
4179,F
4180,M
4181,M
4182,M
4183,M
4184,M
4185,M
4186,M
4187,M
4188,M
4189,M
4190,M
4191,M
4192,M
4193,M
4194,M
4195,M
4196,M
4197,M
4198,M
4199,M
4200,M
4201,M
4202,M
4203,M
4204,M
4205,M
4206,M
4207,M
4208,M
4209,M
4210,M
4211,M
4212,M
4213,M
4214,M
4215,F
4216,F
4217,F
4218,F
4219,F
4220,M
4221,M
4222,M
4223,F
4224,F
4225,F
4226,F
4227,F
4228,F
34093,M
4230,F
4231,F
4232,F
4079,M
4129,F
4233,F
4234,F
4235,F
4236,F
4237,F
4238,F
4239,F
4240,F
4241,F
4242,F
4243,F
4244,F
4245,F
4246,F
4247,F
4248,F
4250,F
4251,F
4252,F
4253,F
4254,F
4255,F
4256,F
4257,F
4258,F
4259,F
4260,F
4261,F
4262,F
4263,F
4264,F
4265,F
4266,F
4267,F
4268,F
4269,F
4270,F
4271,F
34094,M
4273,F
4274,F
4275,F
4276,F
4277,F
4278,F
4279,F
34095,M
4281,F
4282,F
34096,M
4285,F
9443,M
4287,F
4288,F
4289,F
4292,F
4293,F
4294,F
4295,F
4296,F
4297,F
4298,F
4299,F
4300,F
4301,F
4302,F
4303,M
4304,M
4305,F
4306,M
4307,M
4308,M
4309,M
4310,M
34099,M
4312,M
4313,M
34106,M
4315,M
4316,M
4317,M
4318,M
4320,M
4321,M
4322,M
22521,M
4325,M
4326,M
4327,M
4328,M
4329,M
4330,M
4333,M
4334,M
4335,M
4336,M
4337,M
4338,M
4339,M
4340,M
4341,M
4342,M
4343,M
4344,M
34114,M
4346,M
4348,M
4349,M
9444,M
4351,M
4352,M
4353,M
4355,M
4356,M
4357,M
4358,M
4359,M
4360,M
4361,M
4362,M
4363,M
4364,M
4365,M
4367,M
4368,M
4369,M
4371,M
4372,M
4373,M
4374,M
4375,M
4376,M
4377,M
4378,M
4379,M
4380,M
4382,M
4383,M
4384,M
4385,M
4386,M
4387,M
4388,M
4390,M
4347,M
4290,F
4354,M
4331,M
4324,M
4249,F
4283,F
4391,M
4392,M
4393,M
34097,M
4395,M
4396,M
4397,M
34100,M
4399,M
4400,M
4401,M
34101,M
4403,M
4404,M
4405,M
4406,M
4407,M
4408,M
4409,M
4410,M
4411,M
4412,M
4413,M
4414,M
4415,M
4416,M
4417,M
4418,M
4419,M
4420,M
4421,M
4422,M
4423,M
4424,M
4425,M
4426,M
4427,M
4428,M
4430,M
34102,M
4432,M
4433,M
34103,M
4435,M
4436,M
4437,M
4438,M
4439,M
4440,M
4441,M
4442,M
34104,M
4444,M
4445,M
4446,M
4447,M
4448,M
4450,M
4451,M
4452,M
4453,F
4454,F
4455,F
4456,M
34105,M
4458,M
4459,M
4460,M
4461,M
4462,M
4463,M
4464,F
4465,M
4466,M
4467,M
4468,M
4469,F
4470,F
4471,F
4472,M
4473,M
4474,M
4475,M
4476,M
4477,M
4478,M
4479,M
4480,M
4481,M
4482,M
4483,M
4484,M
4485,M
4486,M
4487,M
4488,M
4489,F
4490,F
4491,F
4492,F
4493,F
4494,F
4495,F
4496,F
4497,M
4498,M
4499,M
4500,M
4501,M
4502,M
4503,M
4504,M
4505,M
4506,M
4507,M
4508,M
4509,M
4510,M
4511,F
4512,M
4513,M
4514,M
4515,M
4516,M
4517,M
4518,M
4519,M
4520,F
4521,M
4522,M
4523,M
4524,M
4525,M
4526,F
4527,F
4528,F
34107,M
4530,M
4531,M
4532,M
4533,M
4534,M
4535,M
4536,M
4537,M
4538,M
4539,F
4540,F
4541,F
4542,F
4543,F
9445,M
4545,F
4546,F
4429,M
4449,M
4547,F
4548,F
4549,F
4550,F
4551,F
4552,F
4553,F
4555,F
4556,F
4557,F
4558,F
4559,F
4560,F
4561,M
34112,M
4564,M
4565,M
4566,M
4567,M
4568,M
4569,M
4570,M
4571,M
4572,M
4573,M
4574,M
4575,M
4576,M
4577,M
4578,M
4579,M
4580,M
4581,M
4582,M
4583,M
9446,M
4585,M
4586,M
4587,M
4588,M
4589,M
4590,M
4591,M
4592,M
4593,M
4594,M
4595,M
4596,M
4597,M
4598,F
4599,F
4600,F
4601,F
4602,M
4603,M
4604,M
4605,M
4606,M
4607,M
9447,M
4609,F
4610,F
4611,F
4612,F
4613,F
4614,F
4615,F
4616,F
4617,F
4618,M
4619,M
4620,M
4621,M
4622,M
4623,M
4624,M
4625,M
4626,M
4627,M
4628,M
4629,M
4630,F
4631,F
9448,M
4633,M
4634,M
9449,M
4636,M
4637,M
4638,M
4639,M
4640,M
4641,M
4642,M
4643,M
4644,M
4645,F
4646,F
4647,M
4648,M
4649,M
4650,M
4651,M
4652,M
4653,M
4654,F
4655,F
4656,F
4657,F
34113,M
4659,M
4660,F
4661,F
4662,F
4664,F
4665,F
4666,F
4667,F
4669,F
4670,F
4671,F
4672,F
4673,F
4674,F
4675,F
4676,F
4677,F
4679,F
4680,F
4681,F
4682,F
4683,F
4684,F
9450,M
4686,F
34123,M
4688,F
4689,M
34125,M
4691,M
4692,M
35377,M
4694,M
4696,M
4697,M
4698,M
4699,M
4700,M
4701,M
4702,M
4678,F
4663,F
35379,M
35381,M
4703,M
4704,M
4705,M
4706,M
12931,M
4708,M
4709,M
4711,M
34119,M
4713,M
4714,M
4715,M
34120,M
4718,M
4719,M
4720,M
4721,M
4722,M
4723,M
4724,M
4725,M
4726,M
4727,M
4728,M
4729,M
4731,M
4732,M
4733,M
4734,M
4735,M
4736,M
4737,M
4738,F
4739,F
4740,F
4741,F
4743,F
4744,F
4745,F
4746,F
4747,F
4748,F
4749,F
4750,F
4751,F
4752,F
4753,F
4754,F
4755,F
22522,M
4757,F
4758,F
4759,F
4760,F
4761,F
4762,F
4763,F
4764,F
4765,F
4766,F
4767,F
4768,F
4769,F
4770,F
4771,F
4772,F
4773,F
4774,F
4775,F
4776,F
12932,M
4778,F
4779,F
4780,F
34124,M
4782,F
4783,F
4784,F
4785,F
4786,F
4787,F
4788,F
4789,F
4790,F
4791,F
4792,F
4793,F
4794,F
4795,F
4796,F
4797,F
4798,F
4799,F
4800,F
4801,F
4802,F
4803,F
4804,F
4805,F
4806,F
4807,F
4808,F
4809,F
4810,F
4811,F
4812,F
4813,F
34126,M
4815,F
4816,F
4817,F
4818,F
4819,F
4820,F
4821,F
4822,F
4823,F
4824,F
4826,F
4827,F
4828,F
4829,F
4830,F
4831,F
12933,M
4834,F
4835,F
4836,F
4837,F
4838,M
4839,M
4840,M
4841,M
4842,M
22523,M
4845,M
4846,M
4848,M
4849,M
4850,M
4851,M
4853,M
4854,M
4855,M
4856,M
4857,M
4858,M
4859,M
4843,M
4710,M
4742,F
4861,M
4862,M
4864,M
4865,M
4867,M
4868,M
4869,M
4870,M
4871,M
9452,M
4873,M
4874,M
4875,M
4876,M
4877,M
4878,M
4879,M
4880,M
4881,M
4882,M
4883,M
4884,M
4885,M
4886,M
4887,M
4888,M
4889,M
4890,M
4891,M
4892,M
9453,M
34135,M
4895,M
4896,M
4897,M
4898,M
4899,M
4900,M
4901,M
4902,M
4903,M
4904,M
4905,M
4906,M
4907,M
4908,M
4909,M
4910,M
4911,M
4912,M
4913,M
34137,M
4916,M
4917,M
4918,M
4919,M
4920,M
4921,M
4922,M
4923,M
4924,M
4925,M
4926,M
4927,M
4928,M
4929,M
4930,M
4931,M
4932,M
4933,M
4934,M
4935,M
4936,M
4937,M
4938,M
4939,M
4940,M
4941,M
4942,M
4943,M
4944,M
4945,M
4946,M
4947,M
4948,M
4950,M
4951,M
4952,M
4953,M
4954,M
34141,M
4956,F
4957,F
4958,F
4959,F
4961,F
4962,F
4963,F
4964,F
4965,F
4966,F
4967,F
4968,F
4969,F
4970,F
4971,F
4972,F
4973,F
4974,F
4975,F
4976,F
4977,F
4978,F
4979,F
4980,F
4981,F
4982,F
4983,F
4984,F
4985,F
4986,F
4987,F
4989,F
4990,F
4991,F
4992,F
4993,M
4994,M
4995,M
4996,M
4997,M
4998,M
4999,M
5000,M
5001,M
5002,M
5003,M
5004,M
5005,M
5006,M
5007,M
5008,M
5009,M
5010,M
5011,M
5012,M
5013,M
5014,M
5015,M
5016,M
4949,M
9451,M
4960,F
5017,M
5018,M
5019,M
5020,M
5021,M
5022,M
5023,M
5024,M
5025,M
5026,M
5028,M
5029,M
5030,M
34133,M
5032,M
5033,M
5035,M
5036,M
5037,M
5038,M
5039,M
5040,M
5041,M
5042,M
5043,F
5044,F
5045,F
5046,M
5047,M
9454,M
9455,F
5050,M
5052,M
5053,M
5054,F
5055,F
5056,F
5057,F
5058,F
5059,F
5060,F
34138,M
5062,F
5063,F
5064,F
5065,F
5066,F
5067,F
5068,F
5069,F
5070,F
5071,F
5072,F
5073,F
5074,F
5075,F
5076,F
5077,F
5078,F
5079,F
5080,F
5081,F
5082,F
5083,F
5084,F
5085,F
5086,F
5087,F
5088,F
5089,M
5090,M
5091,M
5092,M
5093,M
5094,M
5095,M
5096,M
5097,M
5098,M
5099,M
5100,M
5101,M
5102,M
5103,M
5104,M
5105,M
5106,M
5107,M
34139,M
5109,M
5110,M
5111,M
34142,M
5113,M
5114,M
5115,M
34145,M
5117,M
5119,M
5120,M
34148,M
5123,M
5124,M
34149,M
5126,M
5127,M
5128,M
5129,M
5130,M
5131,M
5132,M
5133,M
5134,M
5135,M
5136,F
5137,M
5138,M
5139,M
5140,M
5142,F
5143,F
5144,F
5145,M
5146,M
5147,M
5148,M
5149,M
5150,M
5151,M
5152,M
5153,M
5154,M
5155,M
5156,M
5157,M
5158,M
5159,M
5160,M
5161,M
5162,M
5163,M
5164,M
5165,M
5167,M
5168,M
5169,M
5170,M
5171,M
5172,F
5173,M
5118,M
5174,M
5175,M
5176,F
5177,F
5178,F
5179,F
5180,F
5181,M
5182,M
5183,M
5184,M
5185,F
5186,M
5187,M
5188,F
12934,M
34143,M
5191,M
12935,M
5193,F
5194,F
5195,F
5196,F
5197,F
5198,F
5199,F
5200,F
5201,F
5202,F
5203,F
34144,M
5205,F
5206,F
5207,F
5208,F
5209,F
5210,F
5211,F
5212,F
5213,M
9456,F
5215,M
5216,M
5218,M
5219,M
5220,M
5221,M
5222,M
5223,M
5224,M
5225,M
5226,M
5227,M
5228,M
5229,M
5230,M
5231,M
5232,M
5233,M
5234,M
5235,M
5236,M
5237,M
5238,M
5239,M
5240,M
5241,M
5242,M
5243,M
5244,M
5245,M
5246,M
5247,M
5248,M
5249,M
5250,M
34147,M
5253,M
5254,M
34152,M
5256,M
5257,M
5258,M
5259,M
5260,M
5261,M
5262,F
5263,F
5264,F
5265,F
5266,F
5267,F
5268,F
5269,F
5270,M
5271,M
5272,M
5274,M
5275,M
5276,M
5277,F
34154,M
5279,F
5280,F
5282,M
5283,M
5284,M
5285,M
5286,M
5287,M
5288,M
5289,M
5290,F
5291,M
5293,M
5294,M
5295,M
5296,M
5297,M
9457,F
9458,F
5301,F
5302,F
5303,F
5304,F
5305,F
5306,M
5217,M
5309,M
5310,M
5311,M
5314,M
5315,M
5316,M
5317,M
5318,M
34160,M
5320,F
5321,F
5322,F
5323,F
5324,F
5325,F
5326,F
5327,F
5328,F
34161,M
5330,M
5331,M
5313,M
5312,M
5298,F
5252,M
5273,M
34156,F
5332,M
5333,M
5334,M
5335,M
5336,M
5337,M
5338,M
5339,M
5340,M
5341,M
5342,M
5343,F
5344,F
5345,F
5346,F
5347,F
5348,F
5349,F
5350,F
5351,F
5352,F
5354,F
5356,F
5357,F
5358,M
5359,M
34153,M
5361,M
34155,M
5363,M
34158,M
5365,M
5366,M
34162,M
5369,F
5370,F
5371,F
5372,M
5373,M
5374,M
5375,M
34166,M
35382,M
5378,M
5379,M
5380,M
5381,M
5382,M
5383,M
5384,M
35383,M
5386,F
5387,F
5388,F
5389,F
5390,F
5391,F
5392,F
5393,F
35384,M
35385,M
5396,M
5397,M
5398,F
5400,M
5401,M
5402,M
5403,M
5404,M
5405,M
5406,M
5407,M
5408,M
5409,M
5410,M
5411,M
5412,M
5413,M
5414,M
5415,M
5416,M
5417,M
5418,M
5420,M
5421,M
5422,M
5423,F
5424,F
5425,F
5426,F
5427,F
5428,F
5429,F
5430,F
5431,F
5432,F
5433,F
5434,F
5435,F
5436,F
5437,F
5438,F
5441,F
5442,F
5443,M
5444,M
5445,M
5446,M
5447,M
5448,M
5449,M
5450,M
5451,M
5452,M
5453,M
5455,M
5456,M
5457,M
5458,M
5459,M
5460,M
5461,M
5462,M
5463,M
5464,M
5465,M
5467,M
5468,M
5469,M
5470,M
5471,M
5472,M
5473,M
5474,M
5475,M
5478,M
5479,M
5480,F
5481,F
5482,M
5483,M
5484,F
5485,F
5486,M
5487,F
5488,M
5454,M
5466,M
5355,F
5368,F
5399,M
5489,M
5490,M
5491,F
34163,M
5493,F
5494,F
5495,F
5496,F
5497,F
5498,M
5499,M
5500,M
5501,M
5502,M
9459,F
5504,F
34164,M
5506,F
34165,M
35386,M
35387,M
5510,F
5511,F
5512,F
5513,F
35388,M
5515,F
5516,F
5518,F
5519,F
5520,F
35390,M
35391,M
5523,F
5524,F
5525,F
5526,F
5527,F
5528,F
5529,F
5530,F
5531,F
5532,F
5533,F
5534,F
5535,F
5536,F
5537,F
5538,F
5539,F
5540,M
9460,F
35392,M
5543,M
5544,M
35394,M
5547,M
5548,M
35395,M
5550,M
5551,M
5552,M
5553,M
5555,M
5556,M
35396,M
5558,M
5559,M
5560,M
5561,M
5563,M
5564,M
5565,M
5566,M
5567,M
5568,M
5569,M
5570,M
5571,M
5573,M
5574,M
9461,F
5577,M
5579,M
5580,M
5581,M
5582,M
5583,M
5585,M
5586,M
5587,M
5589,M
5590,M
5592,M
5596,M
5597,M
5598,M
5601,M
5602,M
5603,M
5604,M
5605,M
5606,M
5607,M
5608,M
5609,F
5610,M
5611,M
5612,F
5613,M
5614,M
5615,M
5616,M
5617,M
5618,M
5619,M
5620,M
5621,M
5622,M
5623,M
5625,M
5626,F
5627,M
5629,F
5630,M
5631,F
5632,M
5633,M
5634,M
5635,M
5636,F
5637,F
5638,F
5639,M
5640,M
5641,M
5642,F
5643,F
5644,M
5554,M
5645,M
5646,M
5647,F
5648,F
5649,M
5650,F
5651,M
5652,M
5653,M
5654,M
5655,M
5656,M
9462,F
5658,F
5659,F
5660,M
5661,M
5662,M
5663,M
5664,M
5665,M
9463,F
34167,F
5668,M
5669,M
5670,M
5671,F
34168,F
5673,M
5674,M
5675,F
5676,M
34169,F
5678,F
5679,F
5680,F
5681,F
5682,F
5683,F
5684,F
5685,F
5686,F
5687,F
5688,F
5689,F
34170,F
34171,F
5694,F
5695,F
5696,M
5697,M
5698,M
5699,M
5700,M
5701,M
5702,M
5703,M
5704,M
5705,M
5706,M
5707,M
34173,F
5709,M
5710,M
5711,M
5712,M
34174,F
5714,M
34175,F
34176,F
34177,F
5718,M
5719,M
9464,F
5721,M
5722,M
5723,M
5724,M
5725,M
5726,M
5727,M
34178,F
5729,F
5730,F
5731,M
5732,M
5733,M
5734,M
5735,M
5737,M
5738,M
5739,M
5740,M
5741,M
5742,M
34179,F
5744,M
5745,M
5746,M
34180,F
5748,F
5749,F
34181,F
9465,F
5752,F
34182,F
5755,M
5756,M
5757,M
5758,F
5759,F
5760,F
5761,M
5762,M
5763,M
5764,F
5765,F
5766,F
5767,F
5768,M
5769,M
5770,M
5771,M
5772,M
5773,M
5774,M
5775,M
5776,M
5777,M
5778,M
5779,M
5780,M
5781,M
5782,M
5783,M
5784,M
5785,M
5786,M
5788,M
5789,M
5790,F
5791,M
5792,M
5793,M
5794,M
5795,M
5796,M
34184,F
5798,M
9466,F
5787,M
9467,F
5691,F
5736,M
5799,M
5800,F
5801,F
5802,F
9468,F
5804,F
5805,M
5806,M
5807,M
5808,M
5809,M
5810,M
5811,M
5812,M
5813,M
5814,M
5815,M
5816,M
5818,M
5819,M
5820,M
5821,M
5822,M
5823,M
5824,M
5825,M
5826,M
5827,M
5828,M
5829,M
5830,M
5831,M
5832,M
5833,M
22524,M
5835,M
5836,F
5837,F
5838,F
5839,F
5840,F
5841,F
5842,F
5843,F
5844,F
5845,F
5846,F
5847,F
5848,F
5849,F
34185,F
5851,F
5852,F
5853,F
5854,F
5856,F
9469,F
34187,F
5859,F
5860,F
5861,M
5862,M
5863,M
5864,M
5865,M
5866,F
5867,F
5868,F
5869,M
5870,M
5871,M
5872,M
5873,M
34188,F
5875,M
5876,F
5877,F
22525,M
34189,F
34190,F
5882,M
5883,F
5884,F
5885,F
5886,M
5887,F
5888,M
5889,F
5890,M
5891,M
5892,M
5893,M
5894,M
5895,M
5896,M
5897,M
5898,M
5899,M
5900,M
5901,M
5902,M
5903,M
5904,M
5905,M
5906,M
5907,M
9470,F
5909,F
5910,F
5911,F
5912,F
5913,F
5914,F
5915,F
5916,F
5917,F
5918,F
5919,F
5920,M
5921,M
5922,F
5923,F
5924,F
5541,M
5928,M
5929,M
5930,M
5931,M
5932,M
5933,M
5934,M
5935,M
5936,M
5937,M
5938,M
5939,M
5940,M
5941,M
5942,M
34191,F
5944,M
5945,M
5946,M
5947,M
5948,M
5949,M
5950,M
5951,M
5952,M
5953,M
34192,F
34193,F
5880,M
5817,M
5503,M
34194,F
34195,F
34196,F
5959,M
34197,F
5961,M
5962,M
5963,M
34198,F
5965,M
5966,M
5967,M
5968,M
22527,M
5970,M
5971,M
34199,F
5973,M
34200,F
5975,M
5976,M
5977,M
5979,M
34202,F
5981,M
5982,M
5983,M
34204,F
5985,M
5986,M
5987,M
5988,M
5989,M
5990,M
5991,M
5992,M
5993,M
5994,M
5995,M
5996,M
5997,M
5998,M
5999,M
6000,M
6001,M
6002,M
6003,M
474,F
6004,F
6005,M
6006,F
6007,F
6008,M
6009,M
6010,M
6011,M
6012,F
6013,F
6014,F
6015,F
6016,F
6017,M
6018,M
6019,M
6020,M
6021,M
6022,M
6023,M
6024,M
6025,M
6026,M
6027,M
6028,M
6029,M
6030,M
6031,M
6032,M
6033,M
6034,M
6035,M
6036,M
6037,M
6038,M
6039,M
6040,M
6041,M
6042,M
6043,M
6044,M
6045,M
6046,M
6047,M
6048,M
6049,M
6050,M
6051,M
6052,M
6053,M
6054,M
6055,M
6056,M
6057,M
6058,M
6060,M
6061,M
6062,F
6063,F
6064,F
6065,F
6066,F
6067,F
6068,F
6069,F
6070,F
6071,F
6072,F
6073,F
6074,F
6075,F
6076,F
6077,F
6078,F
6079,F
6080,F
6081,F
6082,F
6083,F
6084,F
6085,F
6086,F
6087,F
6088,F
6089,F
6090,F
6091,F
6092,F
6093,F
6094,F
6095,F
6096,F
6097,M
6098,F
6099,F
35397,M
35398,M
35399,M
6059,M
6109,M
34206,F
34208,F
35400,F
35401,F
35402,F
6118,M
35403,F
35404,F
6137,F
6138,F
6139,F
6140,F
6141,F
6142,F
6143,F
6144,F
6145,F
6146,F
6147,F
6149,F
22528,M
6151,F
6152,F
6153,F
6154,F
6155,F
6157,F
6158,F
6159,F
6160,F
6161,F
6162,F
6163,F
6164,F
6165,F
6166,F
6167,F
6168,F
6169,F
6170,F
6171,F
6172,F
6173,F
6174,F
6175,F
6176,F
6177,F
6178,F
6179,F
6180,F
6181,F
6182,F
6183,F
6184,F
6185,F
6186,M
6187,M
6188,M
6189,M
6190,M
6191,M
6192,M
6193,M
6194,M
6195,M
6196,M
6197,M
6198,M
6199,M
6200,M
6201,M
6202,M
6203,M
6204,M
6205,M
6206,M
6207,M
6208,M
6209,M
6210,M
6211,M
6212,M
6213,M
6214,M
6215,M
6216,M
22529,M
6218,M
6219,M
6220,M
6221,M
6222,M
6223,M
6224,M
6225,M
6226,M
6227,M
6228,M
6229,M
6230,M
6231,F
6232,F
6233,F
6234,F
6235,F
6236,F
6237,F
6238,F
6239,F
6240,F
6241,F
6242,F
6243,F
6244,F
6245,F
6246,F
6247,F
6248,F
6249,F
6250,F
6251,F
6252,F
6253,F
6254,F
6255,F
6256,F
6257,F
6258,F
6259,F
6260,F
6261,F
6262,M
6263,M
6264,M
6156,F
6265,M
6266,M
6268,F
6269,F
9543,M
35405,F
6272,M
6273,M
6274,M
6275,M
9471,F
35406,F
9473,F
9474,F
9475,F
9476,F
9477,F
9478,F
9479,F
9480,F
9481,F
9482,F
9483,F
9484,F
9485,F
9486,F
9487,F
9488,F
9489,F
9490,F
9491,F
9492,F
9493,F
9494,F
9495,F
9496,F
9497,F
9498,F
9499,F
9500,F
9501,F
9502,F
9503,F
9505,F
9506,F
9507,F
9508,F
9509,F
9510,F
9511,F
9512,F
9513,F
9514,F
9515,F
9516,F
9517,F
9518,M
9519,M
9520,M
9521,M
9522,M
9523,M
9524,M
9525,M
9526,M
9527,M
9528,M
9529,M
9530,M
9531,M
9532,M
9533,M
9534,M
9535,M
9536,M
9537,M
9538,M
9539,M
9540,M
9541,M
9542,M
9544,M
9545,M
9546,M
9547,M
9548,M
9549,M
9550,M
9551,M
9552,M
9554,M
9555,M
9556,M
9557,M
9558,M
9559,M
9560,M
9561,M
9562,M
9563,M
9564,M
9565,M
9566,M
9567,M
9568,F
9569,F
9570,F
9571,F
9572,F
9573,F
9574,F
9575,F
9576,F
9577,F
9578,F
9579,F
9580,F
9581,F
9582,F
9583,F
9584,M
9585,M
9586,M
9587,M
9588,M
9589,M
9590,M
9591,M
9592,M
9593,M
9594,M
9595,M
9596,M
9597,M
9598,F
9599,F
9600,F
9601,F
9602,F
9603,F
9604,F
9605,F
9606,F
9607,F
9608,M
9609,M
9610,M
9611,M
9612,M
9613,M
9614,M
9615,M
9616,M
9617,M
9618,M
9619,M
9504,F
35407,F
6277,M
34221,M
6279,M
6280,M
6281,M
6282,M
6283,M
6284,M
22530,M
6286,F
6287,F
6288,F
6290,F
6291,F
6292,F
6293,F
3828,M
6294,M
6295,M
22531,M
6297,M
6298,M
6299,F
6300,F
6301,M
6302,M
6303,M
6304,M
6305,M
6306,M
6307,M
6308,M
6309,M
6310,M
6311,M
6312,M
6313,M
6314,M
6315,M
6316,M
6317,M
6318,M
6319,M
6320,M
6321,M
6322,M
6323,M
6324,M
6325,M
6326,M
6327,M
6328,M
6329,M
6330,F
6331,F
6332,F
6333,F
6334,F
6335,F
6336,F
6337,F
6338,F
6339,F
6340,M
6341,M
6342,M
6343,M
6344,M
34227,F
6346,M
6347,M
6348,M
6349,M
6350,M
6351,M
6352,M
6353,M
6354,M
6355,M
6356,M
6357,M
6358,M
6359,M
6360,M
6361,M
6363,M
6364,M
6365,M
6366,M
6367,M
6368,M
6369,M
6370,M
6371,M
6372,M
6373,M
6374,M
6375,M
6376,M
6377,M
6379,M
6380,M
6381,M
6382,M
6383,M
6384,M
6385,M
6386,M
6387,M
6388,M
6389,M
6390,M
6391,M
6392,M
6393,M
6394,M
6395,M
6396,M
34234,F
6398,M
6399,M
6400,M
6401,M
6402,M
6403,M
6404,M
6405,M
6406,M
6407,M
6408,M
6409,M
6410,F
6411,F
6412,F
6413,F
6414,F
6415,F
6416,F
6417,F
6419,F
6420,F
6421,F
6422,F
6423,F
6424,F
6425,F
6426,F
6427,F
6428,F
6429,F
6430,F
34257,F
6289,F
6362,M
6378,M
6418,F
6432,F
6433,F
6434,F
6435,F
6436,F
6437,F
6438,F
6439,F
6440,F
6441,F
6442,F
6443,F
6444,F
6445,F
6446,F
6447,F
6448,F
6449,F
6450,F
6451,F
6452,F
6453,F
6454,F
6455,F
6456,F
6457,F
6459,F
6460,F
6461,F
6462,F
6463,F
6464,F
6465,F
6466,F
6467,M
6468,F
6470,F
6471,F
6472,F
6473,F
6469,F
6475,F
6476,M
6477,F
6458,F
9553,M
9699,F
9700,F
9701,F
9702,F
9703,F
9704,F
9705,F
9706,F
9707,F
9708,F
9709,F
9710,F
9711,M
9712,M
9713,M
9714,M
9715,M
9716,M
9717,M
9718,M
9719,M
9721,M
9722,M
9723,M
9724,M
9725,M
9726,M
9727,M
9728,M
9729,M
9730,M
9731,M
9732,F
9733,F
9734,F
9735,F
9736,F
9737,F
9738,F
9739,F
9740,F
9741,F
9742,F
9743,F
9744,F
9745,F
9746,F
9747,M
9748,M
9749,M
9750,M
9751,M
9752,M
9753,M
9754,M
9755,M
9756,M
9757,M
9758,M
9759,M
9760,M
9761,M
9762,M
9764,M
9765,M
9766,M
9767,M
9768,M
9769,M
9770,M
9771,M
9772,M
9773,M
9774,M
9775,M
9776,F
9777,F
9778,F
9779,F
9780,F
9781,F
9782,F
9783,F
9784,F
9785,F
9786,F
9787,F
9788,F
9789,F
9790,F
9791,F
9792,F
9793,F
9794,F
9795,F
9796,F
9797,M
9798,M
9799,M
9800,M
9801,M
9802,M
9803,M
9804,M
9805,M
9806,M
9807,M
9808,M
9720,M
6478,M
6479,F
22532,M
6481,F
6482,F
6483,F
6484,F
6485,F
6486,F
6487,M
6488,M
6489,F
6490,M
6491,M
6492,M
6493,F
6494,F
6495,M
6496,M
6497,M
6498,M
6499,M
6500,M
6501,M
6502,M
6503,M
6504,M
6505,M
6506,M
6507,M
6508,M
6509,M
6510,M
34213,M
6512,M
6513,M
6514,M
6515,M
6516,M
6517,M
6518,M
6519,M
6520,M
6521,M
6522,M
6523,M
6524,M
6525,M
6526,M
6527,M
6528,M
6529,M
6530,M
6531,M
6532,M
6533,M
6534,M
6535,M
6536,M
6537,M
6538,M
6539,M
6540,M
6541,M
6542,M
6543,M
6544,M
6545,M
6546,M
6547,M
6548,M
6549,M
6550,M
6551,M
6552,M
6553,M
6554,M
6555,M
6556,M
6557,M
6558,M
6559,M
6560,M
6561,M
6562,M
6563,M
6564,F
6565,F
6566,F
6567,F
6568,F
6569,F
6570,F
6571,F
6572,F
6573,F
6574,F
6575,F
6576,F
6577,F
6578,F
6579,F
6580,F
6581,F
6582,F
6583,F
6584,F
6585,F
6586,F
6587,F
6588,F
6589,F
6590,F
6591,F
6592,F
6593,F
6594,F
6595,F
6596,F
6597,F
6598,F
6599,F
6600,F
6601,F
6602,F
6603,F
6604,F
6605,F
6606,F
6607,F
6608,F
6609,F
6610,F
6611,F
6612,F
6613,F
6614,F
6615,F
6616,F
6617,F
6618,F
6619,F
6620,F
6621,F
6622,F
6623,F
6624,F
6625,F
6626,F
6627,F
6628,F
6629,F
6630,F
6631,F
6632,F
6633,M
6634,M
6635,M
6636,M
6637,M
6638,M
6639,M
6640,M
6641,M
6642,M
6643,M
6644,M
6645,M
6646,M
6647,M
6648,M
6649,M
6650,M
6651,M
6652,M
6653,M
6654,M
6655,M
6656,M
6657,M
6658,M
6659,M
6660,M
6661,M
6662,M
6663,M
6664,M
6665,M
6666,M
6667,M
6668,M
6669,M
6670,M
6671,M
6672,M
6673,M
6674,M
6675,M
6676,M
6677,M
6678,M
6679,M
6680,M
6681,M
6682,M
22533,M
6684,M
6685,M
6686,M
6687,M
6688,M
6689,M
6690,M
6691,M
6692,M
6693,M
6694,M
6695,M
12936,M
6697,M
6698,M
6699,M
6700,M
6701,M
6702,M
6703,M
6704,M
6705,M
6706,M
6707,M
6708,M
6709,M
6710,M
6711,M
6712,M
6713,M
6714,M
6715,M
6716,M
6717,M
6718,M
6719,M
6720,M
6721,M
6722,M
6723,M
6724,M
6725,M
6726,M
6727,M
6728,M
6729,M
6730,M
6731,F
6732,F
6733,F
6734,F
6735,F
6736,F
6737,F
6738,F
6739,F
6740,F
6741,F
6742,F
6743,F
6744,F
6745,F
6746,F
6747,F
6748,F
6749,F
6750,F
6751,F
6752,F
6753,F
6754,F
6755,F
6756,F
6757,F
6758,F
6759,F
6760,F
6761,F
6762,F
6763,F
6764,F
6765,F
6766,F
6767,F
6768,F
6769,F
6770,F
6771,F
6772,F
6773,F
6774,F
6775,F
6776,F
6777,F
6778,F
6779,F
6780,F
6781,F
6782,F
6783,F
6784,F
6785,F
6786,F
6787,F
22534,M
6789,M
6790,F
6791,F
6792,F
6793,F
6794,F
6795,F
6796,F
6797,F
6798,M
6799,M
34214,M
6801,M
6802,M
9620,M
6804,M
6805,M
6806,M
6807,M
6808,M
6809,M
6811,M
6812,M
6813,M
34233,F
6815,M
6816,M
6817,M
6818,M
6819,M
6820,M
6821,M
6822,M
6823,M
6824,M
6825,M
6826,M
6827,M
6828,M
6829,M
6830,M
6831,M
6832,M
6834,M
6835,M
6836,M
6837,M
6838,M
6839,M
6840,M
6841,M
6842,M
6843,M
6844,M
6845,M
6846,M
6847,M
6848,M
6849,M
6850,M
6851,M
6852,M
6853,M
6854,M
6855,M
6856,M
6857,M
6858,F
6859,F
6860,F
6861,F
6862,F
6863,F
6864,F
6865,F
6866,F
6867,F
6868,F
6869,F
6870,F
6871,F
6872,F
6873,F
34235,M
6875,F
6876,F
6877,F
6878,F
6879,F
6880,F
6881,F
6882,F
6883,F
34236,M
6885,F
6886,F
6887,F
9621,M
9622,M
9623,M
9624,M
9625,M
9626,M
9627,M
9628,M
9629,F
9630,F
9631,F
9632,F
9633,F
9634,F
9635,F
6903,M
6904,M
6905,M
6906,M
6907,M
6908,M
6909,M
6910,M
6911,M
6912,M
6913,M
6914,M
6915,M
6916,M
6917,M
6918,M
6919,M
6920,M
6921,M
6922,M
6923,M
6924,M
6925,M
34242,M
6927,M
6928,M
6929,M
6930,M
6931,M
6932,M
6933,M
6934,M
6935,M
6936,M
6937,M
6938,M
6939,M
6940,M
6941,M
6942,M
6943,M
6944,M
6810,M
6833,M
6945,M
6946,M
6947,M
6948,M
6949,M
6950,M
6951,M
6952,M
6953,M
6954,M
6955,M
6956,M
6957,M
6958,M
6959,M
6960,M
6961,M
6962,M
6963,M
6964,M
6965,M
6966,M
6967,M
6968,M
6969,M
6970,M
6971,M
6972,M
6973,M
6974,M
6975,M
6976,M
22535,M
6978,M
6979,M
6980,M
6981,M
6982,M
6983,M
6984,M
6985,M
6986,M
6987,M
6988,M
6989,M
6990,M
6991,M
6992,M
6993,M
6994,M
6995,M
6996,M
6997,M
6998,M
6999,M
7000,M
7001,M
7002,M
7003,M
7004,M
7005,M
7006,M
7008,M
7009,M
7010,M
7012,M
7013,M
7011,M
7015,M
7016,M
7017,M
7018,M
7019,M
7020,M
7021,M
7022,M
7023,M
7024,M
7025,M
7026,M
7027,M
7028,M
7029,M
7030,M
7031,M
34215,M
7033,M
7034,M
7035,M
7036,M
7037,M
7038,M
7039,M
7040,M
7041,M
7042,M
7043,M
7044,M
7045,F
7046,F
7047,F
7048,F
7049,F
7050,F
7051,F
7052,F
7053,F
7054,F
7055,F
7056,F
7057,F
7058,F
7059,F
7060,F
7061,F
7062,F
7063,F
7064,F
7065,F
7066,F
7067,F
7068,F
7069,F
7070,F
7071,F
7072,F
7073,F
7074,F
7075,F
7076,F
7077,F
7078,F
7079,F
7080,F
7081,F
7082,F
7083,F
7084,F
7085,F
7086,F
7087,F
7088,F
7089,F
7090,F
7091,F
7092,F
7093,F
34217,M
7095,F
7096,F
7097,F
7098,F
7099,F
7100,F
7007,M
34224,M
7101,F
7102,F
7103,F
7104,F
7105,F
7106,F
7107,F
7108,F
7109,F
7110,F
7111,F
7112,F
7113,F
7114,F
7115,F
7116,F
7117,F
7118,F
7119,F
7120,F
7121,F
7122,F
7123,F
7124,F
7125,F
7126,F
7127,F
7129,F
7130,F
7131,F
7132,F
7133,F
7134,F
7135,F
7136,F
7137,F
7138,F
7139,F
7140,F
7141,F
7142,F
7143,F
7144,F
7145,F
7146,F
7147,F
7148,F
7149,F
7150,F
7151,F
7152,F
7153,F
7154,F
7155,F
7156,F
7157,F
7158,F
7159,F
34216,M
7161,F
7162,F
7163,F
7164,F
7165,F
7166,F
7167,F
7168,F
7169,F
7170,F
7171,F
7172,F
7173,F
7174,F
7175,F
7176,M
7177,M
7178,M
7179,M
7180,M
7181,M
7182,M
34218,M
7184,M
7185,M
7186,M
7187,M
7188,M
7189,M
7190,M
7191,M
7192,M
7193,M
7194,M
7195,M
7196,M
7197,M
7198,M
7199,M
7200,M
7201,M
7202,M
7203,M
7204,M
7205,M
7206,M
7207,M
7208,M
7209,M
7210,M
34219,M
7212,M
7213,M
7214,M
7215,M
7216,M
7217,M
7218,M
7219,M
7220,M
7221,M
7222,M
7223,M
7224,M
7225,M
7226,M
7227,M
7228,M
7229,M
7230,M
7231,M
7232,M
7233,M
7234,M
7235,M
7236,M
7237,M
7238,M
7239,M
7240,M
7241,M
7242,M
7243,M
7244,M
7245,M
7246,M
7247,M
7248,M
7249,M
7250,M
7251,M
7252,M
7253,M
7254,M
7255,M
7256,M
7128,F
7257,M
7258,M
7259,M
7260,M
7261,M
7262,M
7263,M
7264,M
7265,M
7266,M
7267,M
7268,M
7269,M
7270,M
7271,M
7272,M
7273,M
7274,M
7275,M
7276,M
7277,M
7278,M
7279,M
7280,M
7281,M
7282,M
34220,M
7284,M
7285,M
7286,M
7287,M
7288,M
34241,M
7290,F
7291,F
7292,F
7293,F
7294,F
7295,F
7296,F
7297,F
7298,F
7299,F
7300,F
7301,F
7302,F
7303,F
7304,F
7305,F
7306,F
7307,F
7308,F
7309,F
7310,F
7311,F
7312,F
7313,F
7314,F
7315,F
7316,F
7317,F
7318,F
7319,F
7320,F
7321,F
7322,F
7323,M
7324,M
7325,M
7326,M
7327,M
7328,M
7329,M
7330,M
7331,M
7332,M
7333,M
7334,M
7335,M
7336,M
7337,M
7338,M
7339,M
7340,M
7341,M
7342,M
7343,M
7344,M
7345,M
7346,M
7347,M
7348,M
7349,M
7350,M
7351,M
7352,M
7353,M
7354,M
7355,M
7356,M
7357,M
7358,M
7359,M
7360,M
7361,M
7362,M
7363,M
7364,M
7365,M
7366,M
7367,M
7368,M
7369,M
7370,M
7371,M
7372,M
7373,M
7374,M
7375,M
7376,M
7377,M
7378,M
7379,M
7380,M
7381,M
7382,M
7383,M
7384,M
7385,M
7386,M
7387,M
7388,M
7389,M
7390,M
7391,M
7392,M
7393,M
7394,M
7395,M
7396,M
7397,M
7398,M
7399,M
34249,M
7401,M
7402,M
7403,M
7404,M
7405,M
7406,M
7407,M
7408,M
7409,M
7410,M
7411,M
7412,M
7413,M
7414,M
7415,M
7416,M
7417,M
7418,M
7419,M
7420,M
7421,M
7422,M
7423,M
7424,M
7425,M
7426,M
7427,M
7428,M
7429,M
7430,M
7431,M
7432,M
7433,M
7434,M
7435,M
7436,M
7437,M
7438,M
7439,M
7440,M
7441,M
7442,M
7443,M
7444,M
7445,M
7446,M
7447,M
7448,M
7449,M
7450,M
7451,M
7452,M
7453,M
7454,M
7455,M
7456,M
7457,M
7458,M
7459,M
7460,M
7461,M
7462,M
7463,M
7464,M
7465,M
7466,M
7467,M
7468,M
7469,M
7470,M
7471,M
7472,M
7473,M
7474,M
7475,M
7476,M
7477,M
7478,M
7479,M
7480,M
7481,M
7482,M
7483,M
7485,M
7486,M
7487,M
7488,M
7489,M
7490,M
7491,M
7492,M
7493,M
7494,M
7495,M
7496,M
7497,M
7498,M
7499,M
7500,M
7501,M
7502,M
7503,M
7504,M
7505,M
7506,M
7507,M
7508,M
7509,M
7510,M
7512,M
7513,M
7514,M
7515,M
7516,M
7517,M
7518,M
7519,M
7520,M
7521,M
7522,M
7523,M
7524,M
7525,M
7526,M
7527,M
7528,M
7529,M
7530,M
7531,M
7532,M
7533,M
7534,M
7535,M
7536,M
7537,M
7538,M
7539,M
7540,M
7541,M
7542,F
7543,F
7544,F
7545,F
7546,F
7547,F
7548,F
7549,F
7550,F
7551,F
7552,F
7553,F
7554,F
7555,F
7556,F
7557,F
7558,F
7559,F
7560,F
7561,F
7562,F
7563,F
7564,F
7565,F
7566,F
7567,F
7568,F
7569,F
7570,F
7484,M
7571,F
7572,F
7573,F
7574,F
7575,F
7576,F
7577,F
7578,F
7579,F
7580,F
7581,F
7582,F
7583,F
7584,F
7585,F
7586,F
7587,F
7588,F
7589,F
7590,F
7591,F
7592,F
7593,F
7594,F
7595,F
7596,F
7597,F
7598,F
7599,F
7600,F
7601,F
7602,F
7603,F
7604,F
7605,F
7606,F
7607,F
7608,F
7609,F
7610,F
7611,F
7612,F
7613,F
7614,F
7615,F
7616,F
7617,F
7618,F
7619,F
7620,F
7621,F
7622,F
7623,F
7625,M
7626,M
7627,M
7628,M
7629,M
7630,M
7631,F
7633,M
7634,M
7635,M
7636,M
7638,M
7639,M
7640,M
7641,M
7643,M
7644,M
7645,M
7646,M
7647,M
7648,M
7649,M
7650,M
7651,M
7652,M
7653,M
7654,M
7655,M
7656,M
7657,M
7658,M
7659,M
7660,M
7661,M
7662,M
7663,M
7664,M
7665,M
7666,M
7667,M
7668,M
7669,M
7670,M
7671,F
7672,F
7674,F
7675,F
7676,F
7677,F
7678,F
7679,F
7680,F
7681,F
7682,F
7683,F
7684,F
7685,F
7686,F
7687,F
9636,F
7689,M
7690,M
7691,M
7692,M
7693,M
7695,M
7696,M
7697,M
7698,M
7699,M
7700,M
7701,M
7702,M
7703,M
7704,F
7705,F
7706,F
7707,F
9637,F
7709,F
7710,F
7711,F
7712,F
7713,F
7714,F
7715,F
7716,M
7717,M
7718,M
7719,M
7720,M
7721,M
7722,M
7723,M
7724,M
7725,M
7726,M
7694,M
7642,M
7624,M
7637,M
7727,M
7728,M
7729,M
7730,M
7731,M
7732,M
7733,M
7734,M
7735,M
7736,M
7737,M
7738,M
7739,M
7740,M
7741,M
7742,M
7743,M
7744,M
7745,F
7746,F
7747,F
7748,F
7749,F
7750,F
7751,F
7752,F
7753,F
7754,F
7755,F
7756,F
7757,F
7758,F
7759,M
7760,M
7761,M
7762,M
7763,M
7764,M
7765,M
7767,M
7768,M
7769,M
7770,M
7771,M
7772,M
7773,M
7774,M
7775,M
7777,M
7778,M
7779,M
7780,M
7781,M
7782,M
7783,M
7784,M
7785,M
7786,M
7787,M
7788,M
7789,M
34223,M
7791,M
7792,M
7793,M
7794,M
7795,M
7796,M
7798,M
7799,M
7800,M
7801,M
7802,M
7803,M
7804,M
7805,M
7806,M
7807,M
7808,M
7809,M
7810,M
7811,F
7812,F
7813,F
7814,F
7815,F
7816,F
7817,F
7818,F
7819,F
7821,F
7822,F
7823,F
7824,F
7825,F
7826,F
7827,F
7828,F
7829,F
7830,F
7831,F
7832,F
7833,F
7834,F
7835,F
7836,M
7837,M
7838,M
7839,M
7840,M
7841,M
7842,M
7843,M
7844,M
7846,M
7847,M
7848,M
7849,M
7850,M
7851,M
7852,M
7853,M
7854,M
7855,M
7856,M
7857,M
7858,M
7859,M
7860,M
7861,M
7862,M
7863,M
7864,M
7865,M
7866,M
7867,M
7868,M
7869,M
7870,M
7871,M
7872,M
7873,M
7874,M
7875,M
7876,M
7877,M
7878,M
7879,M
7880,M
7881,M
7882,M
7883,M
7845,M
7766,M
7776,M
7884,M
7885,M
7886,M
7887,M
7888,M
7889,M
7890,M
7891,M
7892,M
7893,M
7894,M
7895,M
7896,M
7897,M
7898,M
7899,M
7900,M
7901,M
7902,M
7903,M
7904,M
7905,M
7906,M
7907,M
7908,M
7909,M
7910,F
7911,F
7912,F
7913,F
7914,F
7915,F
7916,F
7917,F
7918,F
7919,F
7920,F
7921,F
7922,F
7923,F
7924,F
7925,F
7926,F
7927,F
7928,F
7929,F
7930,F
7931,F
7932,F
7933,F
7934,F
7935,F
7936,F
7937,F
7938,F
7939,F
7940,F
7941,F
7942,F
7943,F
7944,F
7945,F
7946,F
7947,F
7948,F
7949,M
7950,M
7951,M
7952,M
7953,M
7954,M
7955,M
7956,M
7957,M
7958,M
7959,M
8016,M
7961,M
7962,M
7963,M
7964,M
7965,M
7966,M
7967,M
7968,M
7969,M
7970,F
7971,F
7972,F
7973,F
7974,F
7975,M
7976,M
7978,M
7979,M
7980,M
7981,M
7982,M
7983,M
7984,M
7985,M
7986,F
7987,F
7988,F
7989,F
7990,F
7991,F
7992,F
7993,F
7994,F
34225,M
7996,M
7997,M
7998,F
7999,F
8000,F
8001,M
8002,M
8003,M
8004,M
8005,M
8006,M
8007,M
8008,M
8009,M
8010,M
8011,M
8012,M
8013,M
8014,M
8015,M
8017,M
8018,M
8019,M
8020,M
8021,M
8022,M
8023,M
8024,F
8025,F
8026,F
8027,F
8028,F
8029,F
8030,F
8031,F
8032,F
8033,F
8034,F
8035,F
8036,F
8037,M
8039,M
8040,M
7995,M
7977,M
8041,M
8042,M
8043,M
8044,M
8045,M
8046,M
8047,M
8048,M
8049,M
8050,M
8051,M
8052,M
8053,M
8054,M
8055,M
8056,M
8057,M
8058,M
8059,M
8060,M
8061,M
8062,M
8063,M
8064,M
8065,M
12937,M
8067,M
8068,M
8069,M
8070,M
8071,M
12938,M
8073,M
8074,M
8075,M
12939,M
8077,M
8078,M
8079,M
8080,M
8082,M
12940,M
8084,M
8085,M
8086,M
8087,M
8088,M
12941,M
8090,M
8091,M
12942,M
8093,M
8094,M
8095,M
8097,M
8098,M
8099,M
12943,M
8101,M
12944,M
12945,M
8104,M
8105,M
12946,M
12947,M
8108,M
8109,F
8110,M
8111,F
8112,F
8113,F
8114,F
8115,F
8116,F
8117,F
8118,F
8119,F
8120,F
8121,F
8122,F
8123,F
8124,F
8125,F
8126,F
8127,F
8128,F
8129,F
8130,F
8131,F
8132,F
8133,F
8134,F
8135,F
8136,M
12948,M
8138,M
8139,M
8140,M
8141,M
8142,M
8143,M
8144,M
8145,M
8146,M
8147,M
9638,F
9639,F
9640,F
9641,F
9642,F
9643,F
9644,F
9645,F
9646,F
9647,M
9648,M
8081,M
8160,F
8161,F
8162,F
8163,F
8164,F
8165,F
8166,F
8167,F
8168,F
8169,F
8170,F
8171,F
8172,F
8173,F
8174,F
8175,F
8176,F
8177,F
8178,F
8179,F
8180,F
8181,F
8182,F
8183,F
8184,F
34230,F
8186,F
8187,F
8188,F
8189,F
8190,F
8191,F
8192,F
8193,F
8194,F
8195,F
8196,F
8197,F
34239,M
8198,F
8199,F
8200,F
8201,F
8202,F
8203,F
8204,F
8205,F
8206,F
8207,M
8208,M
8209,M
8210,M
8211,M
8212,M
8213,M
8214,M
8215,M
8216,M
8217,M
8218,M
8219,M
8220,M
8221,M
8222,M
8223,M
8224,M
8225,M
8226,M
8227,M
8228,M
8229,M
8230,F
8231,F
8232,F
8233,F
8234,F
8235,F
8236,F
8237,F
8238,F
8239,F
8240,F
8241,F
8242,F
8243,F
8244,F
8245,F
8246,M
8247,M
8248,M
8249,M
8250,M
8251,M
8252,M
8253,M
8254,M
8255,M
8256,M
8257,M
8258,M
8259,M
8260,M
8261,M
8262,M
8263,M
8264,M
8265,M
8266,M
8267,M
8268,M
8269,M
8270,M
8271,M
8272,M
8273,M
8274,M
8275,M
8276,M
8277,M
8278,M
8279,M
8280,M
8281,M
8282,M
8283,M
8285,M
8286,M
8287,M
8288,M
8289,M
8290,M
8291,M
8292,M
8293,M
8294,M
8295,M
8296,M
8297,M
8298,M
8299,M
8300,M
8301,M
8302,M
8303,M
8304,M
8305,M
8306,M
8307,M
8308,M
8309,M
8310,M
8311,M
8312,M
8313,M
8314,M
8315,M
8316,M
8317,M
8318,M
8319,M
8320,M
8321,M
8322,M
8323,M
8324,M
8325,M
8326,M
8327,M
8328,M
8329,M
8330,M
8331,M
8332,M
8333,M
8334,M
8335,F
8336,F
34229,F
8338,F
8340,F
8341,F
8342,F
8344,F
8345,F
8346,F
8347,F
8348,F
8349,F
8350,F
8351,F
8352,F
8353,F
8284,M
8339,F
8354,F
8355,F
8356,F
8357,F
8358,F
8359,F
8360,F
8361,F
8362,F
8363,F
8364,F
8365,F
8366,F
8367,F
8368,F
8369,F
8370,F
8371,F
8372,F
8373,F
8374,F
8375,F
8376,F
8377,F
8378,F
8379,F
8380,F
8381,F
8382,F
8383,F
8384,F
8385,F
8386,F
8387,F
8444,M
8389,F
8390,F
8391,F
8392,F
8393,F
8394,F
8395,F
8396,F
8397,F
8398,F
8399,F
8400,F
8401,F
8402,F
8403,F
8404,F
8405,F
8406,F
8407,F
8408,F
8409,F
8410,F
8411,F
8412,F
8413,F
8414,F
8415,F
8416,F
8417,F
8418,F
8419,F
8420,F
8421,F
8422,F
8423,F
8424,F
8425,F
8426,F
8427,F
8428,F
8429,M
8430,M
8431,M
8432,M
8433,M
8434,M
8435,M
8436,M
8437,M
8438,M
8439,M
8440,M
8441,M
8442,M
8443,M
8445,M
8446,M
8447,M
8448,M
8449,M
8450,M
8451,M
8452,M
8453,M
8455,M
8456,M
8457,M
8458,M
8459,M
8460,M
8461,M
8462,M
8463,M
8464,M
8465,M
8466,M
8467,M
8468,M
8469,M
8470,M
8471,M
8472,M
8473,M
8474,M
8475,M
8476,M
8477,M
8478,M
8479,F
8480,F
8481,F
8482,F
8483,F
8484,F
8485,F
8486,F
8487,F
8488,F
8489,F
8490,F
8491,F
8492,F
8493,F
8494,F
8495,F
8496,F
8497,F
8498,F
8499,F
8500,F
8501,F
8502,F
8503,F
8504,F
8505,F
8506,F
8507,F
8508,F
8509,F
8454,M
34231,F
8510,F
8511,F
8512,F
8513,F
8514,M
8515,M
8516,M
8517,M
8518,M
8519,M
8520,M
8521,M
8522,M
8523,M
8524,M
8525,M
8526,M
8527,M
8528,M
8529,M
8530,M
8531,M
8532,M
8533,M
8534,M
8535,M
8536,M
8537,M
8538,M
8539,M
8540,F
8541,F
8542,F
8543,F
8544,F
8545,F
8546,F
8547,F
8548,F
8549,F
8550,F
8551,F
8552,F
8553,F
8554,M
8555,M
8556,M
8557,M
8558,M
8559,M
8560,M
8561,M
8562,M
8563,M
8564,M
8565,M
8566,M
8567,M
8568,M
8569,M
8570,M
8571,M
8572,M
8573,M
8574,M
8575,M
8576,M
8577,M
8578,M
8579,M
8580,M
8581,M
8582,M
8583,M
8584,M
8585,M
8586,M
8587,M
8588,M
8589,M
8590,M
8591,M
8592,M
8593,M
8594,M
8595,M
8596,M
8597,M
8598,M
8599,M
8600,M
8601,M
8602,M
8603,M
8604,M
8605,M
8606,M
8607,M
8608,M
8609,M
8610,M
8611,M
8612,M
8613,M
8614,M
8615,M
8616,M
8617,M
8618,F
8619,F
8620,F
8621,F
8622,F
8623,F
8624,F
8625,F
8626,F
8627,F
8628,F
8629,F
8630,F
8631,F
8632,F
8633,F
8634,F
8635,F
8636,F
8637,F
8638,F
8639,F
8640,F
8641,F
8642,F
8643,F
8644,F
8645,F
8646,F
8647,F
8648,F
8649,F
8650,F
8651,F
8652,F
8653,F
8654,F
8655,F
8656,F
8657,F
8658,F
8659,F
8660,F
8661,F
8662,M
8663,M
8664,M
8665,M
8666,M
8667,M
8668,M
8669,M
8670,M
8671,M
8672,M
8673,M
8674,M
8675,M
8676,M
8677,M
8678,M
8679,M
8680,M
8681,M
8682,M
8683,M
8684,M
8686,M
8687,M
8688,M
8689,M
8690,M
8691,M
8692,M
8693,M
8695,M
8696,M
8697,M
8698,M
8699,M
8700,M
8701,M
8702,M
8703,M
8704,M
8705,M
8706,M
8707,M
8708,M
8709,M
8710,M
8711,M
8712,M
8713,M
8714,M
8715,M
8716,M
8717,M
8718,M
8719,M
8720,M
8721,M
8722,M
8723,M
8724,M
8725,M
8726,M
8727,M
8728,M
8729,M
8730,M
8731,M
8732,M
8733,M
8734,M
8735,M
8736,M
8737,M
8738,M
8739,M
8740,M
8742,M
8741,M
8744,M
8745,M
8746,M
8747,M
8748,M
8749,M
8750,M
8752,M
8753,M
8754,M
8755,M
8757,M
8758,M
8759,M
8760,M
8761,M
8762,M
8763,M
8764,M
8765,M
8766,M
8767,M
8768,M
8769,M
8770,M
8771,M
8772,M
8773,M
8774,M
8775,M
8776,M
8777,M
8778,M
8779,M
8780,M
8781,M
8782,M
8783,M
8784,M
8785,M
8786,M
8787,M
8788,M
8789,M
8790,M
8791,M
8792,M
8793,M
8794,M
8795,M
8797,M
8798,M
8799,M
8800,M
8801,M
8802,M
8803,M
8804,M
8805,M
8806,M
8807,M
8808,M
8809,M
8810,M
8811,M
8812,M
8813,M
8814,M
8815,M
8816,M
8817,M
8818,M
8819,F
8820,F
8821,F
8822,F
8694,M
8756,M
8796,M
8751,M
8685,M
8823,F
8824,F
8825,F
8826,F
8827,F
8828,F
8829,F
8830,F
8831,F
8832,F
8833,F
8834,F
8835,F
8836,F
8837,F
8838,F
8839,F
8840,F
8842,F
8843,F
8844,F
8845,F
8846,F
8847,F
8849,F
8850,F
8851,F
8852,F
8853,F
8854,F
8855,F
8856,F
8857,F
8858,F
8859,F
8860,F
8862,F
8863,F
8864,F
8865,F
8866,F
8867,F
8868,F
8869,F
8870,F
8871,F
8872,F
8873,F
8874,F
8875,F
8876,F
8877,F
8878,F
8879,F
8880,F
8883,F
8884,F
8885,F
8886,F
8887,F
8888,F
8889,F
8890,F
8891,F
8892,F
8893,F
8894,F
8895,F
8896,F
8897,F
8898,F
8899,F
8900,F
8901,F
8902,F
8903,F
8904,F
8905,F
8906,F
8907,F
8908,F
8909,F
8910,F
8911,F
8912,F
8913,F
8914,F
8915,F
8916,F
8917,F
8918,F
8920,F
8921,F
8922,F
8923,M
8924,M
8926,M
8927,M
8928,M
8929,M
8930,M
8931,M
9649,M
9650,M
9651,M
9652,M
9653,M
9654,M
9655,M
9656,M
9657,M
9658,M
9659,M
9660,M
9661,M
9662,M
9663,M
9664,M
9665,M
9666,M
9667,M
9668,M
9669,M
9670,M
9671,M
9672,M
9673,M
9674,M
9675,M
9676,M
9677,M
9678,M
9679,F
9680,F
9681,F
9682,F
9683,F
9684,F
9685,F
9686,F
9687,F
9688,F
9689,F
9690,F
9691,F
9692,F
9693,F
9694,F
8848,F
8925,M
8882,F
8841,F
8881,F
8932,M
8933,M
8934,M
8935,M
8936,M
22536,M
8938,M
8939,M
8940,M
8941,M
8943,M
8944,M
8945,M
8946,M
8947,M
8948,M
8949,M
8950,M
8951,M
8952,M
8953,M
8955,M
8956,M
8957,M
8958,M
8959,M
8960,M
8961,M
8962,M
8963,M
8964,M
8965,M
8966,M
8967,M
8968,M
8969,M
8970,M
8971,M
8972,M
8973,M
8974,M
8976,M
8977,M
8978,M
8979,M
8980,M
8981,M
8982,M
8983,M
8984,M
8985,M
8986,M
8987,M
8988,M
8989,M
8990,M
8991,M
8992,M
8993,M
8994,M
8995,M
8996,M
8997,M
8998,M
8999,M
9000,M
9001,M
9002,M
9003,M
9004,M
9005,M
9006,M
9007,M
9008,M
9009,M
9010,M
9011,M
9012,M
9013,M
9014,M
9015,M
9016,M
9017,M
9018,M
9019,M
9020,M
9021,M
9022,M
9023,M
9024,M
9025,M
9026,M
9027,M
9028,M
9029,M
9030,M
9031,M
9032,M
9033,M
9034,M
9035,M
9036,M
9037,M
9038,M
9039,M
9040,M
9041,M
9042,M
9043,M
9044,M
9045,M
9046,M
9047,M
9048,M
9049,M
9050,M
9051,M
9052,M
9053,M
9054,M
9055,M
9056,M
9057,M
9058,M
9059,M
9060,M
9062,M
9063,M
9064,M
9065,M
9066,M
9067,M
9068,M
9069,M
9070,M
9071,M
9072,M
9073,M
9074,M
9075,M
9076,M
9077,M
9078,M
9079,M
9080,M
9081,M
9082,M
9083,M
9084,M
9085,M
9086,M
9087,M
9088,M
9061,M
8954,M
8942,M
9089,M
9090,M
9091,M
9092,M
9093,M
9094,M
9095,M
9096,M
9097,M
9098,M
9099,M
9100,M
9101,M
9102,M
9103,M
9104,M
9105,M
9106,M
9107,M
9108,M
9109,M
9110,M
9111,M
9112,M
9113,M
9114,M
9115,M
9116,M
9117,M
9118,M
9119,M
9120,M
9121,M
9122,M
9123,M
9124,M
9125,M
9126,M
9127,M
9128,M
9129,M
9130,M
9131,M
9132,M
9133,M
9134,M
9135,M
9136,M
9137,M
9138,M
9139,M
9140,M
9141,M
9142,M
9143,M
9144,M
9145,M
9146,F
9147,F
9148,F
9149,F
9150,F
9151,F
9152,F
9153,F
9154,F
9155,F
9156,F
9157,F
9158,F
9159,F
9160,F
9161,F
9162,F
9163,F
9164,F
9165,F
9166,F
9167,F
9168,F
9169,F
9170,F
9171,F
9172,F
9173,F
9174,F
9175,F
9176,F
9177,F
9178,F
9179,F
9180,F
9181,F
9182,F
9183,F
9184,F
9185,F
9186,F
9187,F
9188,F
9189,F
9190,F
9191,F
9192,F
9193,F
9194,F
9195,F
9196,F
9197,F
9198,F
9199,F
9200,F
9201,F
9202,F
9203,F
9204,F
9206,F
9207,F
9208,F
9209,F
9210,F
9211,F
9212,F
9213,F
9214,F
9215,F
9216,F
9217,F
9218,F
9219,F
9220,F
9221,F
9222,F
9223,F
9224,F
9225,F
9226,F
9227,F
9228,F
9229,F
9230,F
9231,F
9232,F
9233,F
9234,F
9235,F
9236,F
9237,F
9238,F
9239,F
9240,F
9241,F
9242,F
9243,F
9244,F
9245,F
9246,F
9247,F
9248,F
9249,F
9250,F
9251,F
9252,F
9253,F
9254,F
9255,F
9256,F
9257,F
9258,F
9259,F
9260,F
9261,F
9262,F
9263,F
9264,F
9265,F
9266,F
9267,F
9268,F
9269,F
9270,F
9271,F
9272,F
9273,F
9274,F
9275,F
9276,F
9277,F
9278,F
9279,F
9280,F
9281,F
9282,F
9283,F
9284,F
9285,F
9286,F
9287,F
9288,F
9289,F
9290,F
9291,F
9292,F
9293,F
9294,F
9295,F
9296,F
9297,F
9298,F
9299,F
9300,F
9301,F
9302,F
9303,F
9304,F
9305,F
9306,F
9307,F
9308,F
9309,F
9310,F
9311,F
9312,F
9313,F
9314,F
9315,F
9316,F
9317,F
9318,F
9319,F
9320,F
9321,F
9322,F
9323,F
9324,F
9325,F
9326,F
9327,F
9328,F
9329,F
9330,F
9331,F
9332,F
9333,F
9334,F
9335,F
9336,F
9337,F
9338,F
9339,F
9340,F
9341,F
9342,M
9343,M
9344,M
9345,M
9346,M
9347,M
9348,M
9349,M
9350,M
9351,M
9352,M
9353,M
9354,M
9355,M
9356,M
9357,M
9358,M
9359,M
9360,M
9361,M
9362,M
9363,M
9364,M
9365,M
9366,M
9367,M
9368,M
9369,M
9370,M
9372,M
9373,M
9374,M
9375,M
9376,M
9377,M
9378,M
9379,M
9380,M
9381,M
34238,F
9383,M
9384,M
9385,M
9386,M
9387,M
9388,M
9389,M
9390,M
9391,M
9392,M
9393,M
9394,M
9395,M
34245,M
9397,M
9398,M
9695,F
9696,F
9697,F
9698,F
9371,M
9809,M
9810,M
9811,M
9812,M
9813,M
9814,M
9815,M
9816,M
9817,M
9818,M
9820,M
9821,M
9822,M
9823,M
9824,M
9825,M
9826,M
9827,M
34240,M
9829,M
9830,M
9831,M
9832,M
9833,M
9834,M
9835,M
9836,M
9837,M
9838,F
9839,F
9840,F
9841,F
9842,F
9843,F
9844,F
9845,F
9846,F
9847,F
9848,F
9849,F
9850,F
9851,F
9852,F
9853,F
9854,F
9855,F
9856,F
9857,F
9858,F
9859,F
9861,F
9862,F
9863,F
9864,F
9865,F
9866,F
9867,F
9868,F
9869,F
9870,F
9871,F
9872,F
9873,F
9874,F
9875,F
9876,F
9877,F
9878,F
9879,F
9880,F
9881,F
9882,F
9883,F
9884,F
9885,F
9886,F
9887,F
9888,F
9889,M
9890,M
9891,M
9893,M
9894,M
9895,M
9896,M
9897,M
9898,M
9899,M
9900,M
9901,M
9902,M
9903,M
9904,M
9905,M
9906,M
9907,M
9908,M
9909,M
9910,M
9911,M
9912,M
9913,M
9914,F
9915,F
9916,F
9917,F
9918,F
9919,F
9920,F
9921,M
9922,M
9923,M
9924,M
9925,M
9926,M
9927,M
9928,M
9929,M
9930,M
9931,M
9932,M
9933,M
9934,M
9935,M
9936,M
9937,M
9938,M
9939,M
9940,M
9941,M
9942,M
9943,M
9944,M
9945,M
9946,M
9947,M
9948,M
9949,M
9950,M
9951,M
9952,M
9953,M
9954,M
9955,M
9956,M
9957,M
9958,M
9959,M
9960,M
9961,M
9962,M
9963,M
9964,F
9892,M
9860,F
9965,F
9966,F
9967,F
9968,F
9969,F
9970,F
9971,F
9972,F
9973,F
9974,F
9975,F
9976,F
9977,F
9978,F
9979,F
9980,F
9981,F
9982,F
9983,F
9984,F
9985,F
9986,F
9987,F
9988,F
9989,F
9990,F
9991,F
9992,F
9993,F
9994,F
9995,F
9996,F
9997,F
9998,F
9999,F
10000,F
10001,F
10002,F
10003,F
10004,F
10005,F
10006,F
10007,F
10008,F
10009,F
10010,F
10011,F
10012,F
10013,F
10014,F
10015,F
10016,F
10017,F
10018,F
10019,F
10020,F
10021,F
10022,M
10023,M
10024,M
10025,M
10026,M
10041,M
10028,M
10029,M
10030,M
10031,M
10032,M
10033,M
10034,M
10035,M
10036,M
10037,M
10038,M
10039,M
10040,M
10042,M
10043,M
10044,M
10045,M
10046,M
10047,M
10048,M
10049,M
10050,M
10051,M
10052,M
10053,M
10054,M
10055,M
10056,M
10057,F
10058,F
10059,F
10060,F
10061,F
10062,F
10063,F
10064,F
10065,F
10066,F
10067,F
10068,F
10069,F
10070,F
10071,F
10072,F
10073,F
10074,F
10075,F
10076,F
10077,F
10078,F
10079,F
10080,F
10081,F
10082,F
10083,F
10084,F
10085,F
10086,F
10087,F
10088,F
10089,F
10090,F
10091,F
10092,F
10093,F
10094,F
10095,F
10096,F
10097,F
10098,F
10099,F
10100,F
10101,M
10102,M
10103,M
10104,M
10105,M
10106,M
10107,M
10108,M
10109,M
10110,M
10111,M
10112,M
10113,M
10114,M
10115,M
10116,M
10117,M
10118,M
10119,M
10120,M
10121,M
10122,M
10123,M
10124,M
10125,M
10126,M
10127,M
10128,M
10129,M
10130,M
10131,M
10132,M
10133,M
10134,M
10135,M
10136,M
10137,M
10138,M
10139,M
10140,M
10141,M
10142,M
10143,M
10144,M
10145,M
10146,M
10147,M
10148,M
10149,M
10150,M
10151,F
10152,F
10153,F
10154,F
10155,F
10156,F
10157,F
10158,F
10159,F
10160,F
10161,F
10162,F
10163,F
10164,F
10165,F
10166,F
10167,F
10168,F
10169,F
10170,F
10171,F
10172,F
10173,F
10174,F
10175,F
10176,F
10177,F
10178,F
10179,F
10180,F
10181,F
10182,F
10183,F
10184,F
10185,F
10186,F
10187,F
10188,F
10189,F
10190,F
10191,F
10192,F
10193,M
10194,M
10195,M
10196,M
10197,M
10198,M
10199,M
10200,M
10201,M
10202,M
10203,M
10204,M
10205,M
10206,M
10207,M
10208,M
10209,M
10210,M
10211,M
10212,M
10213,M
10214,M
10215,M
10216,M
10217,M
10218,M
10219,M
10220,M
10221,M
10222,M
10223,M
10224,M
10225,M
10226,M
10227,M
10228,M
10229,M
10230,M
10231,M
10232,M
10233,M
10234,M
10235,M
10236,M
10237,M
10238,M
10239,M
10240,M
10241,M
10242,M
10243,M
10244,M
10245,M
10246,M
10247,M
10248,M
10249,M
10250,M
10251,M
10252,M
10253,M
10254,M
10255,M
10256,M
10257,M
10258,M
10259,M
10260,M
10261,M
10262,M
10263,M
10264,M
10265,M
10266,M
10267,M
10268,M
10269,M
10270,M
10271,M
10272,M
10273,M
10274,M
10275,M
10276,F
10277,F
10278,F
10279,F
10280,F
10281,F
10282,F
10283,F
10284,F
10285,F
34243,M
10287,F
10288,F
10289,F
10290,F
10291,F
10292,F
10293,F
10294,F
10295,F
10296,F
10297,F
10298,F
10299,F
10300,F
10301,F
10302,F
10303,F
10304,F
10305,F
10306,F
10307,F
10308,F
10309,F
10310,F
10311,F
10312,F
10313,F
10314,F
10315,F
10316,F
10317,F
10318,F
10319,F
10320,F
10321,F
10322,F
10323,F
10324,F
10325,F
10326,F
10327,F
10328,F
10329,F
10330,F
10331,F
10332,F
10333,F
10334,F
10335,F
10336,F
10337,F
10338,M
10339,M
10340,M
10341,M
10342,M
10343,M
10344,M
10345,M
10346,M
10347,M
10348,M
10349,M
10350,M
10351,M
10352,M
10353,M
10354,M
10355,M
10356,M
10357,M
10358,M
10359,M
10360,M
10361,M
10362,M
10363,M
10364,M
10365,M
10366,M
10367,M
10368,M
10369,M
10370,M
10371,M
10372,M
10373,M
10374,M
10375,M
10376,M
10377,M
10378,M
10379,M
10380,M
10381,M
10382,M
10383,M
10384,M
10385,M
10386,M
10387,M
10388,M
10389,M
10390,M
10391,M
10392,M
10393,M
10394,M
10395,M
10396,M
10397,M
10399,M
10400,M
10401,M
10402,M
10403,M
10404,M
10405,M
10406,M
10407,M
10408,M
10409,M
10410,M
10411,M
10412,M
10413,M
10414,M
10415,M
10416,M
10417,M
10418,M
10419,M
10420,M
10421,M
10422,M
10423,M
10424,M
10425,M
10426,M
10427,M
10428,M
10429,M
10430,M
10432,M
10433,M
10434,M
10398,M
10431,M
10436,M
10437,M
10438,M
10439,M
34244,M
10441,M
10442,M
10443,M
10444,M
10445,M
10446,M
10447,M
10448,M
10449,M
10450,M
10451,M
10452,M
10453,M
10454,M
10455,M
10456,M
10457,M
10458,M
10459,M
10460,M
10461,M
10462,M
10463,M
10464,M
10465,M
10466,M
10467,M
10468,M
10469,M
10470,M
10471,M
10472,M
10473,M
10474,M
10475,M
10476,M
10477,M
10478,M
10479,M
10480,M
10481,M
10482,M
10483,M
10484,M
10485,M
10486,M
10487,M
10488,M
10489,M
10490,M
10491,M
10492,M
10493,M
10494,M
10495,M
10496,M
10497,M
10498,M
10499,M
10500,M
10501,M
10502,M
10503,M
10504,M
10505,M
10506,M
10507,M
10508,M
10509,M
10510,M
10511,M
10512,M
10513,M
10514,M
10515,F
10516,F
10517,F
10518,F
10519,F
10520,F
10521,F
10522,F
10523,F
10524,F
10525,F
10526,F
10527,F
10528,F
10529,F
10530,F
10531,F
10532,F
10533,F
10534,F
10535,F
10536,F
10537,F
10538,F
10539,F
10540,F
10541,F
10542,F
10543,F
10544,F
10545,F
10546,F
10547,F
10548,F
10549,F
10550,F
10551,F
10552,F
10553,F
10554,F
10555,F
10556,F
10557,F
10558,F
10559,F
10560,F
10561,F
10562,F
10563,F
10564,F
10565,F
10566,F
10567,F
10568,F
10569,F
10570,F
10571,F
10572,F
10573,F
10574,F
10575,F
10576,F
10577,F
10578,F
10579,F
10580,F
10581,F
10582,F
10583,F
10584,F
10585,F
10586,F
10587,F
10588,F
10589,F
10590,F
10591,F
10592,F
10593,F
10594,F
10595,F
10596,F
10597,F
10598,F
10599,F
10600,F
10601,F
10602,F
10603,F
10604,F
10605,F
10606,F
10607,F
10608,F
10609,F
10610,F
10611,F
10612,M
10613,M
10614,M
10615,M
10616,M
10617,M
10618,M
10619,M
10620,M
10621,M
10622,M
10623,M
10624,M
10625,M
10626,M
10627,M
10628,M
10629,M
10630,M
10631,M
10632,M
10633,M
10634,M
10635,M
10636,M
10637,M
10638,M
10639,M
10640,M
10641,M
10642,M
10643,M
10644,M
10645,M
10646,M
10647,M
10648,M
10649,M
10650,M
10651,M
10652,M
10653,M
10654,M
10655,M
10656,M
10657,M
34246,M
34252,F
10660,M
10661,M
10662,M
10663,M
10664,M
10665,M
10666,M
10667,M
10668,M
10669,M
10670,M
10671,M
10672,M
10673,M
10674,M
10675,M
10676,M
10677,M
10678,M
10679,M
10680,M
10681,M
10682,M
10683,M
10684,M
10685,M
10686,M
10687,M
10688,M
10689,M
10690,M
10691,M
10692,M
10693,M
10694,M
10695,M
10696,M
10697,M
10698,M
10699,M
10700,M
10701,M
10702,M
10703,M
10704,M
10705,M
10706,M
10707,M
10708,M
10709,M
10710,M
10711,M
10712,M
10713,M
10714,M
10715,M
10716,M
10717,M
10718,M
10719,M
10720,M
10721,M
10722,M
10723,M
10724,M
10725,M
10726,M
10727,M
10728,M
10729,M
10730,M
10731,M
10732,M
10733,M
10734,M
10735,M
10736,M
10737,M
10738,M
10739,M
10740,M
10741,M
10742,M
10743,M
10744,M
10745,M
10746,M
10747,M
10748,M
10749,M
10750,M
10751,M
10752,M
10753,M
10754,M
10755,M
10756,M
10757,F
10758,F
10759,F
10760,F
10761,F
10762,F
10763,F
10764,F
10765,F
10766,F
10767,F
10768,F
10769,F
10770,F
10771,F
10772,F
10773,F
10774,F
10775,F
10776,F
10777,F
10778,F
10779,F
10780,F
10781,F
10782,F
10783,F
10784,F
10785,F
10786,F
10787,F
10788,F
10789,F
10790,F
10791,F
10792,F
10793,F
10794,F
10795,F
34247,M
10797,F
10798,F
10799,F
10800,F
10801,F
10802,F
10803,F
10804,F
10805,F
10806,F
10807,F
10808,F
10809,F
10810,F
10811,F
10812,F
10813,F
10814,F
10815,F
10816,F
10817,F
10818,F
10819,F
10820,F
10821,F
10822,F
10823,F
10824,F
10825,F
10826,F
10827,F
10828,F
10829,F
10830,F
10831,F
10832,F
10833,F
10834,F
10835,F
10836,F
10837,F
10838,F
10839,F
10840,M
10841,M
10842,M
10843,M
10844,M
10846,M
10847,M
10848,M
10849,M
10850,M
10851,M
10852,M
10853,M
10854,M
10855,F
10856,F
10857,F
10858,F
10859,F
10860,F
10861,F
10862,F
10863,F
10864,F
10865,M
10866,M
10867,M
10868,M
10869,M
10870,M
10871,M
10872,M
10873,M
10874,M
10875,M
10876,M
10877,M
34250,M
10879,F
10880,F
10881,F
10882,F
10883,F
10884,F
10885,F
10886,F
10887,F
10888,F
10889,F
10890,F
6696,M
10891,F
10892,F
10893,F
10894,F
10895,F
10896,F
10897,F
34260,F
10899,M
10900,M
10902,M
10845,M
10903,M
10907,M
10908,M
10909,M
10910,M
10912,M
10916,M
10919,M
10921,M
10922,M
10926,M
10927,M
12949,M
12950,M
12951,M
12952,M
12953,M
12954,M
12955,M
12956,M
12957,M
12958,M
12959,M
12960,M
12961,M
12962,M
12963,M
12964,M
12965,F
12966,F
12967,F
12968,F
12969,F
12970,F
12971,F
12972,F
12973,F
12974,F
12975,F
12976,F
12977,F
12978,F
12979,F
12980,F
12981,F
12982,F
12983,F
12984,F
12985,F
12986,F
12987,F
12988,F
12989,F
12990,F
12991,F
12992,F
12993,F
12994,F
12995,F
12996,F
12997,F
12998,F
12999,F
13000,F
13001,F
13002,F
13003,F
13004,F
13005,F
13006,F
13007,F
13008,F
13009,F
13010,F
13011,F
13012,F
13013,F
13014,F
13015,F
13016,F
13017,F
13018,F
13019,F
13020,F
13021,F
13022,F
13023,M
13024,M
13025,M
13026,M
13027,M
13028,M
13029,M
13030,M
13031,M
13032,M
13033,M
13034,M
13035,M
13036,M
13037,M
13038,M
13039,M
13040,M
13041,M
13042,M
13043,M
34248,M
13045,M
13046,M
13047,M
13048,M
13049,M
13050,M
13051,M
13052,M
13053,M
13054,M
13055,M
13056,M
13057,M
13058,M
13059,M
13060,M
13061,M
13062,M
13063,M
13064,M
13065,M
13066,M
13067,M
13068,M
13069,M
13070,M
13071,M
13072,M
13073,M
13074,M
13075,M
13076,M
13077,M
13078,M
13079,M
13080,M
13081,M
13082,M
13083,M
13084,M
13085,M
13086,M
13087,M
13088,M
13089,M
13090,M
13091,M
13092,M
13093,M
10904,M
10905,M
10906,M
10911,M
10913,M
10914,M
10915,M
10917,M
10918,M
10920,M
10923,M
10924,M
10925,M
10928,M
10929,M
10930,M
10931,M
10932,M
10933,M
10934,M
10935,M
10936,M
10937,M
10938,M
10939,M
10940,M
10941,M
10942,M
10943,M
10944,M
10945,M
10946,M
10947,M
10949,M
10950,M
10951,M
10952,M
34251,M
10954,M
10955,M
10956,M
10957,M
10958,M
10959,M
10960,M
10961,M
10962,M
10963,M
10964,M
10966,M
10967,M
10968,M
10969,M
10970,M
10971,M
10972,M
10973,M
34258,F
10975,M
10977,M
10978,M
10979,M
10980,M
10981,M
10982,M
34281,M
10984,M
10965,M
10986,M
10987,M
10988,M
10989,M
10990,M
10991,M
10992,M
10993,M
10994,M
10995,M
10996,M
10997,M
10998,M
10999,M
11000,M
11001,M
11002,M
11003,M
11005,M
11006,M
11007,M
11008,M
11009,M
11010,M
11011,M
34275,M
11013,M
11014,M
7289,F
11015,M
11016,M
11017,M
11018,M
11019,M
11022,M
11023,M
11024,M
11025,M
11026,M
11027,M
11028,M
11029,M
11030,M
11031,M
11032,M
11033,M
11034,M
11035,M
11036,M
11037,M
11038,M
11039,M
11040,M
11041,M
11042,M
11043,M
11044,M
11045,M
11046,M
11047,M
11048,M
11049,M
11050,M
11051,M
11052,M
11053,M
11054,M
11055,M
11056,M
11057,M
11058,M
11059,M
11060,M
11061,M
11062,M
11063,M
11064,M
11065,F
11066,F
11067,F
11068,F
11069,F
11070,F
10948,M
35410,F
11071,F
11072,F
11073,F
11074,F
11075,F
11076,F
11077,F
11078,F
11079,F
11080,F
11081,F
11082,F
11083,F
11084,F
11085,F
11086,F
11087,F
11088,M
11089,M
34253,F
11091,M
11092,M
11093,M
11094,M
11095,M
11096,M
11097,M
11098,M
11100,M
11101,M
11102,M
11103,M
11104,M
11105,M
11106,M
11107,M
11108,M
11109,M
11110,M
11111,M
11112,M
11113,M
11114,M
11115,M
11116,M
11117,M
11118,M
11119,M
11121,M
11122,M
11123,M
11124,M
11125,M
11126,M
11127,M
11128,M
11129,M
11130,M
11131,M
11132,M
11133,M
11134,M
11135,M
11136,M
11137,M
11138,M
11139,M
11140,M
11141,M
11142,M
11143,M
11144,M
11145,M
11146,M
11147,M
11148,M
11149,M
11150,M
11151,M
11152,M
11153,M
11154,M
11155,M
11156,M
11157,M
11158,M
11159,M
11160,M
11161,M
11162,M
11163,M
11164,M
11165,M
11166,M
11167,M
11168,M
11169,M
11170,M
11171,M
11172,M
11173,M
11174,M
11175,M
11176,M
11177,M
11178,M
11179,M
11180,M
11181,M
11182,M
11184,M
11185,M
11186,M
11187,M
11188,M
11189,M
11191,M
11192,M
11193,M
11194,M
11195,M
11196,M
11197,M
11198,M
11200,M
11201,M
11202,M
11203,M
11204,M
11205,M
11206,M
11207,M
11208,M
11209,M
11210,M
11212,M
11213,M
11214,M
11215,M
11216,M
11217,M
11218,M
11219,M
11220,M
11221,M
11222,M
11223,M
11224,M
11225,M
11226,M
11227,M
11228,M
11183,M
11099,M
11211,M
11199,M
11120,M
11229,M
11230,M
11231,M
11232,F
11233,F
11234,F
11235,F
11236,F
11237,F
11238,F
11239,F
11240,F
11241,F
11242,F
11243,F
11244,F
11245,F
11246,F
11247,F
11248,F
11249,F
11250,F
11251,F
11252,F
11253,F
11254,F
11255,F
11256,F
11257,F
11258,F
11259,F
11260,F
11261,F
11262,F
11263,F
11264,F
11265,F
11266,F
11267,F
11268,F
11269,F
11270,F
11271,F
11272,F
11273,F
11274,F
11275,F
11276,F
11277,F
11278,F
11279,F
11280,F
11281,F
11282,F
11283,F
11284,F
34254,F
11286,F
11287,F
11288,F
11289,M
11290,M
11291,M
11292,M
11293,M
11294,M
11295,F
11296,F
11297,F
11298,F
22537,M
11300,M
11301,M
11302,M
11303,M
11304,M
11305,M
11306,M
11307,M
11308,M
11309,M
11310,M
11311,M
11312,M
11313,M
11314,M
11315,M
11316,M
11317,M
11318,M
11319,M
11320,M
11321,M
11322,M
11323,M
11324,M
11325,M
11326,M
11327,M
11329,M
11330,M
11331,M
11332,M
22538,M
11334,F
11335,F
11336,F
11337,F
11338,F
11339,F
11340,F
11341,F
11342,F
11343,F
11344,F
11345,F
11346,F
11347,F
11349,F
11350,F
11352,F
11354,M
11355,M
11356,M
11357,M
11358,M
11359,M
11360,F
11361,F
11362,F
11363,F
11364,F
11365,F
11366,M
11367,M
11368,M
11369,M
11370,M
11371,M
11372,M
11373,M
11374,M
22539,M
11376,F
11377,F
22540,M
11379,M
11380,M
11381,M
11382,M
11383,M
11384,M
11385,M
11351,F
11328,M
11353,M
11386,M
11387,M
11388,M
11389,M
11390,M
11391,M
11392,M
11393,M
11394,M
11395,M
11396,M
11397,M
11398,M
11399,M
11400,M
11401,M
11402,M
11403,M
11404,M
11405,M
11406,M
11407,M
11408,M
11409,M
11410,M
11411,M
11412,M
11413,M
11414,M
11415,M
11416,M
11417,M
11418,M
11419,M
11420,M
11421,M
11422,M
11423,M
11424,F
11425,F
11426,F
11427,F
11428,F
11429,F
11430,F
11431,F
11432,F
11434,F
11435,F
11436,F
11437,F
11438,F
11439,F
11440,F
11441,F
11442,F
11443,F
11444,F
11445,F
11446,F
11447,F
11448,F
11449,F
11450,F
11451,F
11452,F
11453,F
11454,F
11455,F
11456,F
11457,F
11458,F
11459,F
11460,F
11461,F
11462,F
11463,F
11464,F
11465,F
11466,F
11467,F
11468,F
11469,F
11470,F
11471,F
11473,F
11474,F
11475,F
11476,F
11477,F
11478,F
11479,F
11480,M
11481,M
11482,M
11483,M
11484,M
11485,M
11486,M
22541,M
11488,M
11489,M
11490,M
11491,M
11492,M
11493,M
11494,M
11495,M
11496,M
11497,M
11498,M
11499,M
11500,M
11501,M
11502,M
11503,M
11504,M
11505,M
11506,M
11507,M
11508,M
11509,M
11510,M
11511,M
11512,M
22542,M
11515,M
11516,M
11517,M
11518,M
11519,M
11520,M
11521,M
11522,M
11523,M
11524,M
11525,M
11526,M
11527,M
11528,M
11529,M
11530,M
11531,M
11532,M
11534,M
11535,M
11536,M
11537,M
11538,M
11539,M
11540,M
11541,M
11542,M
11433,F
11533,M
11514,M
11543,M
11544,M
11545,M
11546,M
11547,M
11548,M
11549,M
11550,M
11551,M
11552,M
11553,M
11554,M
11555,M
11556,M
11557,M
11558,M
11559,M
11560,M
11561,M
34255,F
11563,M
11564,M
35411,F
11566,M
11567,M
11568,M
11569,M
11570,F
11571,F
11572,F
11573,F
11574,F
11575,F
11576,F
11577,F
11578,F
11579,F
11580,F
11581,F
11582,F
11583,F
11584,F
11585,F
11586,F
11587,F
35412,F
11589,F
11590,F
11591,F
11592,F
11593,F
11594,F
11595,F
11596,F
11597,F
11598,F
11599,F
11600,F
11601,F
11602,M
11603,M
11604,M
11605,M
11606,M
11607,M
11608,M
11609,M
11610,M
11611,M
11612,M
11613,M
11614,M
11615,M
11616,M
11617,M
11618,M
11619,M
11620,M
11621,M
11622,M
11623,M
11624,M
11625,M
11626,M
11627,M
11628,M
11629,M
11630,M
11631,M
11632,M
11633,M
11634,M
22543,F
11636,M
11637,M
11638,M
11639,M
11640,M
11641,M
11642,M
11643,M
11644,M
11645,M
11646,M
11647,M
11648,M
11649,F
11650,F
11651,F
11652,F
11653,F
11654,F
11655,F
11656,F
11657,F
11658,F
11659,F
11660,F
11661,F
11662,F
11663,F
11664,F
11665,F
11666,F
11667,F
11668,F
11669,F
11670,F
11671,F
11672,F
11673,F
11674,F
11675,F
11676,F
11677,F
11678,F
11679,F
11680,F
11681,F
11682,F
11683,F
11684,F
11685,F
11686,F
11687,F
11688,F
11689,F
11690,F
11691,F
11692,F
11693,F
11694,F
11695,F
11696,F
11697,F
11698,F
11699,F
11700,F
11701,F
11702,F
11703,F
11704,F
11705,F
11706,F
11707,F
11708,F
11709,F
11710,F
11711,F
11712,M
11713,M
11714,M
11715,M
11716,M
11717,M
11718,M
11719,M
11720,M
11721,M
11722,M
11723,M
11724,M
11725,M
11726,M
11727,M
11728,M
11729,M
11730,M
11731,M
11732,M
11733,M
11734,M
11735,M
11736,M
11737,F
11738,F
11739,F
11740,F
11741,F
11742,F
11743,F
11744,F
11745,F
11746,F
11747,F
11748,F
11749,F
11750,F
11751,F
11752,F
11753,F
11754,F
11755,F
11756,F
11757,F
11758,F
11759,M
11760,M
11761,M
11762,M
11763,M
11764,M
11765,M
11766,M
11767,M
11768,M
11853,F
11770,M
11771,M
11772,M
11773,M
11774,M
11775,M
11776,M
11777,M
11778,M
11779,M
11780,M
11781,M
11782,M
11783,M
11784,M
11785,M
11786,M
11787,M
11788,M
11789,M
11790,M
11791,M
11792,M
11793,M
11794,M
11795,M
11796,M
11797,M
11798,M
11799,M
11800,M
11801,M
11802,M
11803,M
11804,M
11805,M
11806,M
11807,M
11808,M
11809,M
11810,M
11811,M
11812,M
11813,M
11814,M
11815,M
11816,M
11817,M
11818,M
11819,M
11820,M
11821,M
11822,M
11823,M
11824,M
11825,M
11826,M
11827,M
11828,M
11829,M
11830,M
11831,M
11832,M
11833,M
11834,M
11835,F
11836,F
11837,F
11838,F
11839,F
11840,F
11841,F
11842,F
11843,F
11844,F
11845,F
11846,F
11847,F
11848,F
11849,F
34256,F
11851,F
11852,F
11854,F
11855,F
11856,F
11857,F
11858,F
11859,F
11860,F
11861,F
11862,F
11863,F
11864,F
11865,F
11866,F
11867,F
11868,F
11869,F
11870,F
11871,F
11872,F
11873,F
11874,F
11875,F
11876,F
11877,F
11878,F
11879,F
11880,F
11881,F
11882,F
11883,F
11884,F
11885,F
11886,F
11887,F
11888,F
11889,F
11890,M
11891,M
11892,M
11894,M
11895,M
11896,M
11897,M
11898,M
11899,M
11900,M
11901,M
11902,M
11903,M
11904,M
11905,M
11906,M
11907,M
11908,M
11909,M
11910,M
11911,M
11912,M
11913,M
11914,M
11915,M
11916,M
11917,M
11918,M
34259,F
11920,M
11921,M
11922,M
11923,M
11924,M
11925,M
11926,M
11927,M
11928,M
11929,M
11930,M
11931,M
11932,M
11933,M
11934,M
11935,M
11936,M
11937,M
11938,M
11939,M
22544,F
11941,M
11942,M
11943,M
11944,M
11945,F
11946,F
11947,F
11948,F
11949,F
11950,F
11951,F
11952,F
11953,F
11954,F
11955,F
11956,F
11957,F
11958,F
11959,F
11960,F
11961,F
11962,F
11963,F
11964,F
11965,F
11966,F
11967,F
11968,F
11969,F
11970,F
11971,F
11972,F
11973,F
11974,F
11975,F
11976,F
11977,F
11978,F
11979,F
11980,F
11981,F
11982,F
11983,F
11984,F
11985,F
11986,F
11987,F
11988,F
11989,F
11990,F
11991,F
11992,F
11993,M
11994,M
11995,M
11996,M
34263,M
11998,M
11999,M
12000,M
12001,M
12002,M
12003,M
12004,M
12005,M
12006,M
12007,M
12008,M
12009,M
12010,M
12011,M
11893,M
12012,M
12013,M
12014,M
12015,M
12016,M
12017,M
12018,M
12019,M
12020,M
12021,M
12022,M
12023,M
12024,M
12025,M
12026,M
12027,M
12028,M
12029,M
12030,M
12031,M
12032,M
12033,M
12034,M
12035,M
12036,M
12037,M
12038,M
12039,M
12040,M
12041,M
12042,M
12043,M
12044,M
12045,M
12046,M
12047,M
12048,F
12049,F
12050,F
12051,F
12052,F
12053,F
12054,F
12055,F
12056,F
12057,F
12058,F
12059,F
12060,F
12061,F
12062,F
12063,F
12064,F
12065,F
12066,F
12067,F
12068,F
12069,F
12070,F
12071,F
12072,F
12073,F
12074,F
12075,F
12076,F
12077,F
12078,F
12079,F
12080,F
12081,F
12082,F
12083,F
12084,F
12085,F
12086,F
12087,F
12088,F
12089,F
12090,F
12091,F
12092,F
12093,F
12094,F
12095,F
12096,F
12097,F
12098,F
12099,M
12100,M
12101,M
12102,M
12103,M
12104,M
12105,M
12106,M
12107,M
12108,M
12109,M
12110,M
12111,M
12112,M
12113,M
12114,M
12115,M
12116,M
12117,M
12118,F
12119,F
12120,F
12121,F
12122,F
12123,F
12124,F
12125,F
12126,F
12127,F
12128,F
12129,F
12130,F
12131,F
12132,F
12133,F
12134,M
12135,M
12136,M
12137,M
12138,M
12139,M
12140,M
12141,M
12142,M
12143,M
12144,M
12145,M
12146,M
12147,F
12148,F
12149,F
12150,F
12151,F
12152,M
12153,M
12154,M
12155,M
12156,M
12157,M
12158,M
12159,M
12160,M
12161,M
12162,M
12163,M
12164,M
12165,M
12166,M
12167,M
12168,M
12169,M
12170,M
12171,M
12172,M
12173,M
12174,M
12175,M
12176,M
12177,M
12178,M
12179,M
12180,M
12181,M
12182,M
12183,M
12184,M
12185,M
12186,M
12187,M
12188,M
12189,M
12190,M
12191,M
12192,M
12193,M
12194,M
12195,M
12196,M
12197,M
12198,F
12199,F
12200,F
12201,F
12202,F
12203,F
12204,F
12205,F
12206,F
12207,F
12208,F
12209,F
12210,F
12211,F
12212,F
12213,F
12214,F
34261,F
12216,F
12217,F
12218,F
12219,F
12220,F
12221,F
12222,F
12223,F
12224,F
12225,F
12226,F
12227,F
12228,F
12229,F
12230,F
12231,F
12232,F
12233,F
12234,F
12235,F
12236,F
12237,F
12238,F
12239,F
12240,F
12241,F
12242,F
12243,F
12244,F
12245,F
12246,M
12247,M
12248,M
12249,M
12250,M
12251,M
12252,M
12253,M
12254,M
12255,M
12256,M
12257,M
12258,M
12259,M
12260,M
12261,M
12262,M
12263,M
12264,M
12265,M
12266,M
12267,M
12268,M
12269,M
12270,M
12271,M
12272,M
12273,M
12274,M
12275,M
12276,M
12277,M
12278,M
12279,M
12280,M
12281,M
12282,M
12283,M
12284,M
12285,M
12286,M
12287,M
12288,M
12289,M
12290,M
12291,M
12292,M
12293,M
12294,M
12295,M
12296,M
12297,M
12298,M
12299,M
12300,M
12301,M
12302,M
12303,M
12304,M
12305,M
12306,M
12307,M
12308,M
12309,M
12310,M
12311,M
12312,M
12313,M
12314,M
12315,M
12316,M
12317,M
12318,M
12319,M
12320,M
12321,M
12322,M
12323,M
12324,M
12325,M
12326,M
12327,M
12328,M
12329,M
12330,M
12331,M
12332,M
12333,M
12334,M
12335,M
12336,M
12337,M
12338,M
12339,M
12340,M
12341,M
12342,M
12343,M
12344,M
12345,M
12346,M
12347,M
12348,M
12349,M
12350,F
12351,F
12352,F
12353,F
12354,F
12355,F
12356,F
12357,F
12358,F
12359,F
12360,F
12361,F
12362,F
12363,F
12364,F
12365,F
12366,F
12367,F
12368,F
12369,F
12370,F
12371,F
12372,F
12373,F
12374,F
12375,F
12376,F
12377,F
12378,F
12379,F
12380,F
12381,F
12382,F
12383,F
12384,F
12385,F
12386,F
12387,F
12388,F
12389,F
12390,F
12391,F
12392,F
12393,F
12394,F
12395,F
12396,F
12397,F
12398,F
12399,F
12400,F
12401,F
12402,F
12403,F
12404,F
12405,F
12406,F
12407,F
12408,F
12409,F
12410,F
12411,F
12412,F
12413,F
12414,F
12415,F
12416,F
12417,F
12418,F
12419,F
12420,F
12421,F
12422,F
12423,F
12424,F
12425,F
12426,F
12427,F
12428,M
12429,M
12430,M
12431,M
12432,M
12433,M
12434,M
12435,M
12436,M
12437,M
12438,M
12439,M
12440,M
12441,M
12442,M
12443,M
12444,M
12445,M
12446,M
12447,M
12448,F
12449,F
12450,F
12451,F
12452,F
12453,F
12454,F
12455,F
12456,F
12457,F
12458,F
12459,F
12460,F
12461,M
12462,M
12463,M
12464,M
12465,M
12466,M
12467,M
12468,M
12469,M
12470,M
12471,M
12472,M
12473,M
12474,M
12475,M
12476,M
12477,M
12478,M
12479,M
12480,M
12481,M
12482,M
12483,F
12484,F
12485,F
12486,F
12487,F
12488,F
12489,F
12490,F
12491,F
12492,F
12493,F
12494,F
12495,F
12496,F
12497,F
12498,F
12499,M
12500,M
12501,M
12502,M
12503,M
12504,M
12505,M
12506,M
12507,M
12508,M
12509,M
12510,M
12511,M
12512,M
12513,M
12514,M
12515,M
12516,M
12517,M
12518,M
12519,M
12520,M
12521,M
12522,M
12523,M
12524,M
12525,M
12526,M
12527,M
12528,M
12529,M
12530,M
12531,M
12532,F
12533,F
12534,F
12535,F
12536,F
12537,F
12538,F
12539,F
12540,F
12541,F
12542,F
12543,F
12544,F
12545,F
12546,F
12547,F
12548,F
12549,F
12550,F
12551,F
12552,F
12553,F
12554,F
12555,F
12556,F
12557,F
12558,F
12559,F
12560,F
12561,F
12562,F
12563,F
12564,F
12565,F
12566,F
12567,F
12568,F
12569,F
12570,F
12571,F
12572,F
12573,F
12574,F
12575,F
12576,M
12577,M
12578,M
12579,M
12580,M
12582,M
12583,M
12584,M
12585,M
12586,M
12587,M
34262,F
12590,M
12592,M
12593,M
12594,M
12595,M
12596,M
12597,M
12598,M
12599,M
12600,M
12601,M
12602,M
12603,M
12604,M
12605,M
12606,M
12607,M
12608,M
12609,M
12610,M
12611,M
12612,M
12613,M
12615,F
12616,F
12617,F
12618,F
12619,F
12620,F
12621,F
12622,F
12623,F
12624,F
12625,F
12626,F
12627,F
12628,F
12629,F
12630,F
12631,F
12632,F
12633,M
12635,M
12589,F
12634,M
12581,M
12636,M
12637,M
12638,M
12639,M
12640,M
12641,M
12642,M
12643,M
12644,M
12645,M
12646,M
12647,M
12648,M
12649,M
12650,M
12651,M
12652,M
12653,M
12654,M
12655,M
12656,F
12657,F
12658,F
12659,F
12660,F
12661,F
12662,F
12663,F
12664,F
12665,F
12666,F
12667,F
12726,M
12669,F
12670,M
12671,M
12672,M
12673,M
12674,M
12675,M
12676,M
12677,M
12678,M
12679,F
12680,F
12681,F
12682,F
12683,F
12684,F
12685,F
12686,M
12687,M
12688,M
12689,M
12690,M
12691,M
12692,M
12693,M
12694,M
12695,M
12696,M
12697,M
12698,M
12699,F
12701,F
12702,F
12703,F
12704,F
12705,F
12706,F
12707,F
12708,F
12709,F
12710,F
12711,M
12712,M
12713,M
12714,M
12715,M
12716,M
12717,M
12718,M
12719,M
12720,M
12721,M
12722,M
12723,M
12724,M
12725,M
12727,M
12728,M
12729,M
12730,M
12731,F
12732,F
12733,F
12735,F
12736,F
12737,F
12738,F
12739,F
12740,F
12741,F
12742,F
12743,F
12744,F
12745,F
12746,M
12747,M
12748,M
12749,M
12750,M
12751,M
12752,M
12753,M
12754,M
12755,M
12756,M
12757,M
12758,M
12759,M
12760,M
12761,M
12762,M
12763,M
12764,M
12765,M
12766,M
12767,M
12768,M
12769,M
12770,M
12771,M
12772,M
12773,M
12774,M
12775,F
12776,F
12777,F
12778,F
12779,F
12780,F
12781,F
12782,F
12783,F
12784,F
12785,F
12786,F
12787,F
12788,F
12789,F
12790,F
12791,F
12792,F
12700,F
12793,F
12794,F
12795,F
12796,F
12797,M
12798,M
12799,M
12800,M
12801,M
12802,M
12803,M
12804,M
12805,M
12806,M
12807,M
12808,M
12809,M
12810,M
12811,M
12812,M
12813,M
12814,M
12815,M
12816,M
12817,M
12818,M
12819,M
12820,M
12821,M
12822,M
12823,M
12824,M
12825,M
12826,M
12827,M
12829,M
12830,M
12831,M
12832,M
12833,M
12834,M
12835,M
12836,M
12837,M
12838,M
12839,M
12840,M
12841,M
12842,M
12843,M
12844,M
12845,M
12846,M
12847,M
12848,M
12849,M
12850,M
12851,M
12852,M
12853,F
12854,F
12855,F
12856,F
12857,F
12858,F
12859,F
12860,F
12861,F
12862,F
12863,F
12864,F
12865,F
12866,F
12867,F
12868,F
12869,F
12870,F
12871,F
12872,F
12873,F
12874,F
12875,F
12876,F
12877,F
12878,F
12879,F
12880,F
12881,F
12882,F
12883,F
12884,F
12885,F
12886,F
12887,F
12888,F
12889,F
12890,F
12891,F
12892,F
12893,F
12894,F
12895,F
12896,F
12897,F
12898,F
12899,F
12900,F
12901,M
12902,M
12903,M
12904,M
12905,M
12906,M
12907,M
12908,M
12909,M
12910,M
12911,M
12912,M
12913,M
12914,M
12915,M
12916,M
12917,M
12918,M
12919,M
12828,M
12921,M
12922,M
12923,M
13094,M
13095,F
13096,F
13097,F
13098,F
13099,F
13100,F
13101,F
13102,F
13103,F
13104,F
13105,F
13107,F
13108,F
13109,F
13110,F
13111,F
13112,F
13113,F
13114,F
13115,F
13116,F
13117,F
13118,F
13106,F
13119,F
13120,F
13121,F
13122,F
13123,F
13124,F
13125,F
13126,F
13127,F
13128,F
13129,F
13130,F
13131,F
13132,F
13133,F
13134,F
13135,F
13136,F
13137,F
13138,F
13139,F
13140,F
13141,F
13142,F
13143,F
13144,F
13145,F
13146,F
13147,F
13148,F
13149,F
13150,F
13151,F
13152,F
13153,F
13154,F
13155,M
13156,M
13157,M
13158,M
13159,M
13160,M
13161,M
13162,M
13163,M
13164,M
13165,M
13166,M
13167,M
13168,M
13169,M
13170,M
13171,M
13172,M
13173,M
13174,M
13175,M
13176,M
13177,M
13178,M
13179,M
13180,M
13181,M
13182,M
13183,M
13184,M
13185,M
13186,M
13187,M
13188,M
13189,M
13190,M
13191,M
13192,M
13193,M
13194,M
13195,M
13196,M
13197,M
13198,M
13199,M
13200,M
13201,M
13202,M
13203,M
13204,F
13205,F
13206,F
13207,F
13208,F
13209,F
13210,F
13211,F
13212,F
13213,F
13214,F
13215,F
13216,F
13217,F
13218,F
13219,F
13220,F
13221,F
13222,F
13223,F
13224,F
13225,F
13226,F
13227,F
13228,F
13229,F
13230,F
13231,F
13232,F
13233,F
13234,F
13235,F
13236,F
13237,F
13238,F
13239,F
13240,F
13241,F
13242,F
13243,M
13244,M
13245,M
13246,M
13247,M
13248,M
13249,M
13250,M
13251,M
13252,M
13253,M
13254,M
13255,M
13256,M
13257,M
13258,M
13259,M
13260,M
13261,M
13262,M
13263,M
13264,M
13265,M
13266,M
13267,M
13268,M
13269,M
13270,M
13272,M
13273,M
13274,M
13275,M
13276,M
13277,M
13278,M
13279,M
13280,M
13281,M
13282,M
13283,M
13284,M
13285,M
13286,M
13287,M
13288,M
13289,M
13290,M
13291,F
13292,F
13293,F
13294,F
13295,F
13296,F
13297,F
13298,F
13299,F
13300,F
13301,F
13302,F
13303,F
13304,F
13305,F
13306,F
13307,F
13308,F
13309,F
13310,F
13311,F
13312,F
13313,F
13314,F
13315,F
13316,F
13317,F
13318,F
13319,F
13320,F
13321,F
13322,F
13323,F
17342,M
17343,M
17345,M
17348,M
17349,M
17352,M
17355,M
17358,M
17365,M
17366,M
17367,M
34265,M
17369,M
34268,M
17374,M
17375,M
17376,M
17377,M
17378,M
17379,M
17380,M
17381,M
17382,M
17384,F
17386,F
17391,F
17392,F
17396,F
17397,F
17398,F
17401,F
17402,F
17403,F
17405,F
17406,F
17407,F
17408,F
17411,F
17414,F
17415,F
17417,F
17418,F
17420,F
17421,F
17423,F
17424,F
17425,F
17427,F
17428,F
17429,M
17430,M
17431,M
17436,M
17437,M
17438,M
17439,M
17440,M
17442,M
17443,M
17444,M
17446,M
17447,M
17450,M
17451,M
17454,M
17456,M
17457,M
17459,F
17461,F
17463,F
17464,F
17466,F
17467,F
17468,F
17469,F
17470,F
17473,M
17474,M
17475,M
17476,M
17477,M
17479,F
17482,M
17483,M
17484,M
17487,M
17490,M
17493,F
17495,F
17496,F
17502,M
17503,M
17504,M
17505,M
17506,M
17509,M
17511,M
17512,M
17513,M
17514,M
17517,F
17518,F
17519,F
17522,F
17523,F
17524,F
17527,F
17528,F
17529,F
13324,M
13325,M
13326,M
13327,M
13328,M
13329,M
13330,M
13331,M
13332,M
13333,M
13334,M
13335,M
13336,F
13337,F
13338,F
13339,F
13340,F
13341,F
13342,M
13343,M
13344,M
13345,M
13346,M
13347,M
13348,M
13349,M
13350,M
13351,M
13352,M
13353,M
13354,M
13355,M
13356,M
13357,M
13358,M
13359,M
13360,M
13361,M
13362,M
13363,M
13364,M
13365,M
13366,M
13367,M
13368,M
13369,M
13370,M
13371,M
13372,M
13373,M
13374,M
13375,M
13376,M
13412,M
13378,M
13379,M
13380,M
13381,F
13382,F
13383,F
13384,F
13385,F
13386,F
13387,F
13388,F
13389,F
13390,F
13391,F
13392,F
13393,F
13394,F
13395,F
13396,F
13397,F
13398,F
13399,F
13400,F
13401,F
13402,F
13403,F
13404,F
13405,F
13406,F
13407,F
13408,F
13409,F
13410,M
13411,M
13413,M
13414,M
13415,M
13416,M
13417,M
13418,M
13419,M
13420,M
13421,M
13422,M
13423,M
13424,F
13425,F
13426,F
13427,F
13428,F
13429,F
13430,F
13431,F
13432,F
13433,F
13434,M
13435,M
13436,M
13437,M
13438,M
13439,M
13440,M
13441,M
13442,M
13443,M
13444,M
13445,M
13446,M
13447,M
13448,M
13449,M
13451,M
13453,M
13454,M
13469,M
13456,M
13457,M
13458,M
13459,M
13460,M
13461,M
13462,M
13463,M
13464,M
13465,M
13466,M
13467,M
13468,M
13470,M
13471,M
13472,M
13473,M
13474,M
13475,M
13476,M
13477,M
13478,M
13479,F
13452,M
34271,F
13480,F
13481,F
13482,F
13483,F
13484,F
13485,F
13486,F
13487,F
13488,F
13489,F
13490,F
13491,F
13492,F
13493,F
13494,F
13495,F
13496,F
13497,F
13498,F
13499,F
13500,F
13501,F
13502,F
13503,F
13504,F
13505,F
13506,F
13507,M
13508,M
13509,M
13510,M
13511,M
13512,M
13513,M
13514,M
13515,M
13516,M
13517,M
13518,M
13519,M
13520,M
34269,M
13522,M
13523,M
13524,M
13525,M
34270,F
13527,M
13528,M
13529,F
13531,F
13532,F
13533,F
13534,F
13535,F
13536,F
13537,F
13538,F
13539,F
13540,F
13541,F
13542,F
13543,F
13544,F
13545,F
13546,F
13547,F
13548,M
13549,M
13550,M
13551,M
13552,M
13553,M
13554,M
13555,M
13556,M
13557,M
13558,M
13559,M
13560,M
13561,M
13562,M
13563,M
13564,M
13565,M
13566,M
13567,M
13568,M
13569,M
13570,M
13571,M
13572,M
13573,M
13574,M
13575,M
13576,M
13577,M
13578,M
13579,M
13580,M
13581,M
13582,F
13583,F
13584,F
13585,F
13586,F
13587,F
13588,F
13589,F
13590,F
13591,F
13592,F
13593,F
13594,F
13595,F
13596,F
13597,F
13598,F
13599,F
13600,F
13601,F
13602,F
13603,F
13604,F
13605,F
13606,F
13607,F
13608,F
13609,F
13610,F
13611,F
13612,M
13613,M
13614,M
13615,M
13616,M
13617,M
13618,M
13619,M
13620,M
13621,M
13622,M
13623,M
13624,M
13625,M
13626,M
13627,M
13628,M
13629,M
13630,M
13631,M
13632,M
13633,M
13634,M
13635,M
35413,F
13636,M
13637,M
13638,M
13639,M
13640,M
13641,M
13642,M
13643,M
13644,M
13645,M
13646,M
13647,M
13648,F
13649,F
13650,F
13651,F
13652,F
13653,F
13654,F
13655,F
13656,F
13657,F
13658,F
13659,F
13660,F
13661,F
13662,F
13663,F
13664,F
13665,F
13666,F
13667,F
13668,F
13669,F
13670,F
13671,F
13672,F
13673,F
13674,F
13675,F
13676,M
13677,M
13678,M
13679,M
13680,M
13681,M
13682,M
13683,M
13684,M
13685,M
13686,M
13687,M
13688,M
13689,M
13690,M
13691,M
13692,M
13693,M
13694,M
13695,M
13696,M
13697,M
13698,M
13699,M
13700,M
13701,M
13702,M
13703,M
13704,M
13705,M
13706,M
13707,M
13708,M
13709,M
13710,M
13711,M
13713,M
13714,M
13715,M
13716,M
13717,M
13718,M
13719,M
13720,M
13721,M
13723,M
13724,M
13725,M
13726,M
13727,M
13728,M
13729,M
13730,M
13731,M
13732,M
13733,M
13734,M
13735,M
13736,F
13737,F
13738,F
13739,F
13740,F
13741,F
13742,F
13743,F
13744,F
13745,F
13746,F
13747,F
13748,F
13749,F
13750,F
13751,F
13752,F
13753,F
13754,F
13755,F
13756,F
13757,F
13758,F
13759,F
13760,F
13761,F
13762,F
13763,F
13764,F
13765,F
13766,F
13767,F
13768,F
13769,F
13770,F
13771,M
13772,M
13773,M
13774,M
13775,M
13776,M
13777,M
13778,M
13779,M
13780,M
13781,M
13782,M
13783,M
13784,M
13785,M
13786,M
13787,M
13788,M
13789,M
13790,M
13791,M
13792,M
13712,M
13793,M
13794,M
13795,M
13796,M
13797,M
13798,M
13799,M
13800,M
13801,M
13802,M
13803,M
13804,M
13805,M
13806,M
13807,M
13808,M
13809,M
13810,M
13811,M
13812,M
13813,M
13814,M
13815,M
13816,M
13817,M
13818,M
13819,M
13820,M
13821,M
13822,M
13823,M
13824,F
13825,F
13826,F
13827,F
13828,F
13829,F
13830,F
13831,F
13832,F
13833,F
13834,F
13835,F
13836,F
13837,F
13838,F
13839,F
13840,F
13841,F
13842,F
13843,F
13844,F
13845,F
13846,F
13847,F
13848,F
13849,F
13850,F
13851,F
13852,F
13853,F
13854,M
13855,M
13856,M
13857,M
13858,M
13859,M
13860,M
13861,M
13862,M
13863,M
13864,M
13865,M
13866,M
13867,M
13868,M
13869,M
13871,M
13872,M
13873,M
13874,M
13875,M
13876,M
13877,M
13878,M
13880,M
13881,M
13882,M
13883,M
13884,M
13885,M
13886,M
13887,M
13888,M
13889,M
13890,M
13891,M
13892,M
13893,M
13894,M
13895,F
13896,F
13897,F
13898,F
13899,F
13900,F
13901,F
13902,F
13903,F
13904,F
13905,F
13906,F
13907,F
13908,F
13909,F
13910,F
13911,F
13912,F
13913,F
13914,F
13915,F
13916,F
13917,F
13918,F
13919,F
13920,F
13921,F
13922,F
13923,F
13924,F
13925,F
13926,F
13927,F
13928,F
13929,F
13930,F
13931,F
13932,F
13933,F
13934,F
13935,F
13936,F
13937,F
13938,F
13939,F
13940,F
13941,F
13942,F
13943,F
13944,M
13946,M
13947,M
13948,M
13945,M
13870,M
13949,M
13950,M
13951,M
13952,M
13953,M
13954,M
13955,M
13956,M
13957,M
13958,M
13959,M
13960,M
13961,M
13962,M
13963,M
13964,M
13965,M
13966,M
13967,M
13968,M
13969,M
13970,M
13971,M
13972,M
13973,M
13974,M
13975,M
13976,M
13977,M
13978,M
13979,M
13980,M
13981,M
13982,M
13983,M
13984,M
13985,F
13986,F
13987,F
13988,F
13989,F
13990,F
13991,F
13992,F
13993,F
13994,F
13995,F
13996,F
13997,F
13998,F
13999,F
14000,F
14001,F
14002,F
14003,F
14004,F
14005,F
14006,F
14007,F
14008,F
14009,F
14010,F
14011,F
14013,M
14014,M
14015,M
14016,M
14017,M
14018,M
14019,M
14020,M
14021,M
14022,M
14023,M
14024,M
14025,M
14026,M
14027,M
14028,M
14029,M
14030,M
14031,M
14032,M
14033,M
14034,M
14035,M
14036,M
14037,M
14038,M
14039,M
14040,M
14041,M
14042,M
14043,M
14044,F
14045,F
14046,F
14047,F
14048,F
14049,F
14050,F
14051,F
14052,F
14053,F
14054,F
14055,F
14056,F
14057,F
14058,F
14059,F
14060,F
14061,F
14062,F
14063,F
14064,F
14065,F
14066,F
14067,F
14068,F
14069,F
14070,M
14071,M
14072,M
14073,M
14074,M
14075,M
14076,M
14077,M
14078,M
14079,M
14080,M
14081,M
14082,M
14083,M
14084,M
14085,M
14086,M
14087,M
14088,F
14089,F
14090,F
14091,F
14092,F
14093,F
14094,F
14095,F
14096,F
14097,F
14098,F
14099,F
14100,F
14101,F
14102,F
14103,F
14104,F
14105,F
14106,F
14107,F
14108,F
14109,F
14110,F
14111,F
14112,M
14113,M
14114,M
14115,M
14116,M
14117,M
14118,M
14119,M
14120,M
14121,M
14122,M
14123,M
14124,M
14125,M
14126,F
14127,F
14128,F
14129,F
14130,F
14131,F
14132,F
14133,F
14134,M
14135,M
14136,M
14137,M
14138,M
14139,M
14140,M
14141,M
14142,M
14143,M
14144,M
14145,M
14146,M
14147,M
14148,M
14149,M
14150,M
14151,M
14152,M
14153,M
14154,M
14155,M
14156,M
14157,M
14158,M
14159,M
14160,M
14161,M
14162,M
14163,M
14164,M
14165,M
14166,M
14167,M
14168,M
14169,M
14170,M
14171,M
14172,M
14173,M
14174,M
14175,M
14176,M
14177,M
14178,M
14179,M
14180,M
14181,M
14182,M
14183,M
14184,M
14185,M
14186,F
14187,F
14188,F
14189,F
14190,F
14191,F
14192,F
14193,F
14195,F
14196,F
14197,F
14198,F
14199,F
14200,F
14201,F
14203,F
14204,F
14205,F
14206,F
14207,F
14208,F
14209,F
14210,F
14211,F
14212,F
14213,F
14214,F
14215,F
14216,F
14217,F
14218,F
14219,F
14220,F
14221,F
14222,F
14223,F
14224,F
14225,F
14226,F
14227,F
14228,F
14229,F
14230,F
14231,M
14232,M
14233,M
14234,M
14235,M
14236,M
14237,M
14238,M
14239,M
14240,M
14241,M
14242,M
14243,M
14244,M
14245,M
14246,M
14247,M
14248,M
14249,M
14250,M
14251,M
14252,M
14253,M
14254,M
14255,M
14256,M
14257,M
14258,M
14259,M
14260,M
34273,F
14261,M
14262,M
14263,M
14264,M
14265,M
14266,M
14267,M
14268,M
14269,M
14270,M
14271,M
14272,M
14273,M
14274,M
14275,M
14276,F
14277,F
14278,F
14279,F
14280,F
14281,F
14282,F
14283,F
14284,F
14285,F
14286,F
14287,F
14288,F
14289,F
14290,F
14291,F
14292,F
14293,F
14294,F
14295,F
14296,F
14297,F
14298,F
14299,F
14300,F
14301,F
14302,F
14303,F
14304,F
14305,F
14306,F
14307,F
14308,F
14309,M
14310,M
14311,M
14312,M
14313,M
14314,M
14315,M
14316,M
14317,M
14318,M
14319,M
14320,M
14321,M
14322,M
14323,M
14324,M
14325,M
14326,M
14327,M
14328,M
14329,F
14330,F
14331,F
14332,F
14333,F
14334,F
14335,F
14336,F
14337,F
14338,F
14339,F
14340,F
14341,F
14342,F
14343,F
14344,F
14345,F
14346,F
14347,M
14348,M
14349,M
14410,F
14351,M
14352,M
14353,M
14354,M
14355,M
14356,M
14357,M
14358,M
14359,F
14360,F
14361,F
14362,M
14363,M
14364,M
14365,M
14366,M
14367,M
14368,M
14369,M
14370,M
14371,M
14372,M
14373,M
14374,M
14375,M
14376,M
14377,M
14378,M
14379,M
14380,M
14381,M
14382,M
14383,M
14384,M
14385,F
14386,F
14387,F
14388,F
14389,F
14390,F
14391,F
14392,F
14393,F
14394,F
14395,F
14396,F
14397,F
14398,F
14399,F
14400,F
14401,F
14402,F
14403,F
14404,F
14405,F
14406,F
14407,F
14408,F
14409,F
14411,F
14412,F
14413,F
14414,F
14415,F
14416,M
14417,F
14418,F
14419,F
14420,M
14421,M
14422,M
14423,M
14424,M
14425,M
14426,M
14427,M
14428,M
14429,M
14430,M
14431,M
14432,M
14433,M
14435,M
14436,M
14437,M
14438,M
14439,M
14440,F
14441,F
14442,F
14443,F
14444,F
14445,F
14446,F
14447,F
14448,F
14449,F
14450,F
14451,F
14452,F
14453,F
14454,M
14455,M
14456,M
14457,M
14458,M
14459,M
14460,M
14461,M
14462,M
14463,M
14464,M
14465,M
14466,M
14467,M
14468,M
14469,M
14470,M
14471,M
14472,M
14473,M
14474,M
14475,M
14476,M
14477,M
14478,F
14479,F
14480,F
14481,F
14482,F
14483,F
14484,F
14485,F
14486,F
14487,F
14488,F
14489,F
14490,F
14491,F
14492,F
14493,F
14494,F
14495,F
14496,F
14497,F
14498,F
14499,F
14500,F
14501,F
14502,F
14503,M
14504,M
14505,M
14506,M
14507,M
14508,M
14509,M
14510,M
14511,M
14512,M
14513,M
14514,M
14515,M
14516,M
14517,M
14518,M
14519,M
14520,M
14521,M
14522,F
14523,F
14524,F
14525,F
14526,F
14527,F
14528,F
14529,F
14530,F
14531,M
14532,M
14533,M
14534,M
14535,M
14536,M
14537,M
14538,M
14539,M
14540,M
14541,M
14542,M
14543,M
14544,M
14545,M
14546,M
14547,M
14548,M
14549,M
14550,F
14551,F
14552,F
14553,F
14554,F
14555,F
14556,F
14557,M
14558,M
14559,M
14560,M
14561,M
14562,M
14563,M
14564,M
14565,M
14566,M
14567,M
14568,M
14569,M
14570,M
14571,M
14572,M
14573,M
14574,M
14575,M
14576,M
14577,M
14578,M
14579,M
34278,M
14581,M
14582,M
14583,M
35414,F
14585,M
14586,M
14587,F
14588,F
14589,F
14590,F
14591,F
14592,F
14593,F
14594,F
14595,F
14596,F
14597,F
14598,F
14599,F
14600,F
14601,F
14602,F
14603,F
14604,F
14605,F
14606,F
17344,M
17346,M
17347,M
17350,M
17351,M
17353,M
17354,M
17356,M
17357,M
17359,M
17360,M
17361,M
17362,M
17363,M
17364,M
17370,M
17371,M
17372,M
17383,M
17385,F
17387,F
17388,F
17389,F
17390,F
17393,F
17394,F
17395,F
17399,F
17400,F
17404,F
17409,F
17410,F
17412,F
17413,F
17416,F
17419,F
17422,F
17426,F
17432,M
17433,M
17434,M
17435,M
17441,M
17445,M
17448,M
17449,M
17452,M
17453,M
17455,M
17458,M
17460,F
17462,F
17465,F
17471,F
17472,M
17478,F
17480,F
17481,M
17485,M
17486,M
17488,M
17489,M
17491,F
17492,F
17494,F
17497,M
17498,M
17499,M
17500,M
17501,M
17507,M
17508,M
17510,M
17515,M
17516,M
17520,F
17521,F
17525,F
17526,F
17534,M
17535,M
17537,M
17541,M
17543,M
17544,M
17546,M
17547,M
17548,M
17549,M
17550,M
17553,M
17555,M
17558,M
17559,F
17560,F
17562,F
17566,F
17567,F
17568,F
17570,F
17571,F
17576,F
17583,F
17584,F
17587,F
17589,M
17590,M
17592,M
17595,M
17603,F
17604,F
17605,F
17607,F
17608,F
17609,F
17610,F
17611,F
17614,F
17616,F
17617,F
17618,F
17619,F
14607,F
14608,F
14609,F
14610,F
14611,F
14612,F
14613,F
14614,F
14615,F
14616,F
14617,F
14618,F
14619,F
14620,F
14621,F
14622,F
14623,F
14624,F
14625,F
14626,M
14627,M
14628,M
14629,M
14630,M
14632,M
14633,M
14634,M
14635,M
14636,M
14637,M
14638,M
14639,M
14640,M
14641,M
14642,M
14643,M
14644,M
14645,M
14646,M
14647,M
14648,M
14649,M
14650,M
14651,M
14652,M
14653,M
14654,M
14655,M
14656,M
14657,M
14658,M
14659,M
14660,M
14661,M
14662,M
14663,M
14664,M
14665,M
14666,M
14667,M
14668,M
14669,M
14670,M
14671,M
14672,M
14673,M
14674,M
14675,M
14677,M
14678,M
14679,M
14680,M
14681,M
14682,M
14683,M
14684,M
14685,M
14686,M
14687,M
14688,M
14689,M
14690,M
14631,M
14692,M
14693,M
14694,F
14695,F
14696,F
14697,F
14698,F
14699,F
14700,F
14701,F
14702,F
14703,F
14704,F
14705,F
14706,F
14707,F
14708,F
14709,F
14710,F
14711,F
14712,F
14713,F
14714,F
14715,F
14716,F
14717,F
14718,F
14719,F
14720,F
14721,F
14722,F
14723,F
14724,F
14725,F
14726,F
14727,F
14728,F
14729,F
14730,F
14731,F
14732,F
14733,F
14734,F
14735,F
14736,F
14737,F
14738,F
14739,F
14740,F
14741,F
34279,M
14743,M
14744,M
14745,M
14746,M
14747,M
14749,M
14750,M
14751,M
14752,M
14753,M
14754,M
14755,M
14756,M
14757,M
14758,M
14759,M
14760,M
14761,M
14762,M
14748,M
14676,M
35415,F
14763,M
14764,M
14765,M
14766,M
14767,M
14768,M
14769,M
14770,M
14771,M
14772,M
14773,M
14774,M
14775,M
14776,M
14777,F
14778,F
14779,F
14780,F
14781,F
14782,F
14783,F
14784,F
14785,F
14786,F
14787,F
14788,F
14789,F
14790,F
14791,F
14792,F
14793,F
14794,F
14795,F
14796,F
14797,F
14798,F
14799,F
14800,F
14801,F
14802,F
14803,F
14804,F
14805,F
14806,F
14807,F
14808,F
14809,F
14810,F
14811,F
14812,F
14813,F
14814,F
14815,F
14816,F
14817,F
14818,F
14819,F
14820,F
14821,F
14822,F
14823,F
14824,M
14825,M
14827,M
14828,M
14829,M
14830,M
14831,F
14832,F
14833,M
14834,M
14835,M
14836,M
14838,M
14839,M
14840,M
14841,M
14842,M
14843,M
14844,M
14845,M
14846,M
14847,M
14848,M
14849,M
14850,M
34280,M
14852,M
14853,M
14854,M
14855,M
14856,M
14857,M
14858,M
14859,M
14860,M
14861,M
14862,M
14863,M
14864,F
14865,F
14866,F
14867,F
14868,F
14869,F
14870,F
14871,F
14872,M
14873,M
14874,M
14875,M
14876,M
14877,M
14878,M
14879,M
14880,M
14881,M
14882,F
14883,F
14884,M
14885,M
14886,M
14887,M
14888,M
14889,M
14890,M
14892,M
14894,M
14895,M
14896,M
14897,M
14898,M
14899,M
14900,M
14901,M
14902,M
14903,M
14904,M
14905,M
14906,M
14907,M
14908,M
14909,M
14910,M
14911,M
14912,M
14913,M
14914,M
14915,M
14916,M
14917,M
14918,M
14919,M
14920,M
14921,M
14922,M
14923,M
14924,M
14925,M
14926,M
14927,M
14928,M
14929,M
14930,F
14931,F
14932,F
14933,F
14934,F
14935,F
14936,F
14937,F
14938,F
14939,F
14940,F
14941,F
14942,F
14943,F
14944,F
14945,F
14946,F
14947,F
14948,F
14949,M
14950,M
14951,M
14952,M
14953,M
14954,M
14955,M
14956,M
14957,M
14958,M
14959,M
14960,M
14961,M
14962,M
14963,M
14964,M
14965,M
14966,M
14967,M
14968,M
14969,F
14970,F
14971,F
14972,F
14973,F
14974,F
14975,F
14976,F
14977,F
14978,F
14979,F
14980,F
14981,F
14982,M
14983,M
14984,M
14985,M
14986,M
14987,M
14988,M
14989,M
14990,M
14991,M
14992,M
14993,M
14994,M
14995,M
14996,M
14997,M
14998,M
14999,M
15000,M
15001,M
15002,M
15003,M
15004,M
15005,M
15006,M
15007,M
15008,M
15009,M
15010,M
15011,M
15012,M
15013,M
15014,M
15015,M
15016,M
15017,M
15018,M
15019,M
15020,M
15021,M
15022,M
15023,M
15024,M
15025,M
15026,M
15028,M
15029,M
15030,M
15031,M
15032,M
34282,F
15034,M
15035,M
15036,M
15037,M
15038,M
15039,M
15040,M
15041,M
15042,F
15043,F
15044,F
15045,F
15046,F
15047,F
15048,F
15049,F
15050,F
15051,F
15052,F
15053,F
15054,F
15055,F
15056,F
15057,F
15058,F
15059,F
15060,F
15061,F
15062,F
15063,M
15064,M
15065,M
15066,M
15067,M
15068,M
15069,M
15070,M
15071,M
15072,M
15073,M
15074,M
15075,M
35417,F
15076,M
15077,M
15079,M
15080,M
15081,M
15082,M
15083,M
15084,F
15085,F
15086,F
15087,F
15088,F
15089,F
15090,F
15091,F
15092,F
15093,F
15094,F
15095,F
15096,F
15097,F
15098,F
15099,M
15100,M
15101,M
15102,M
15103,M
15104,M
15105,M
15106,M
15107,M
15108,M
15109,M
15110,M
15111,M
15112,M
15113,M
15114,M
15115,M
15116,M
15117,M
15118,M
15119,M
15120,M
15121,M
15122,M
15123,M
15124,M
15125,M
15126,M
15127,M
15128,M
15129,M
15130,M
15131,M
15132,M
15133,M
15134,M
15135,M
15136,M
15137,F
15138,F
15139,F
15140,F
15141,F
15142,F
15143,F
15144,F
15145,F
15146,F
15147,F
15148,F
15149,F
15150,F
15151,F
15152,F
15153,F
15154,F
15155,F
15156,F
15157,F
15158,F
15159,F
15160,F
15161,F
15162,F
15163,F
15164,F
15165,F
15166,F
15167,F
15168,F
15169,F
15170,F
15171,F
15172,F
15173,F
15174,M
15175,M
15176,M
15177,M
15178,M
15179,M
15180,M
15181,M
15182,M
15183,M
15184,M
15185,M
15186,M
15187,M
15188,M
15189,M
15190,M
15191,M
15192,M
15193,M
15194,M
15195,M
15196,M
15197,M
15198,M
15199,M
15200,M
15201,M
15202,M
15203,M
15204,M
15205,M
15206,M
15207,M
15208,M
15209,M
15210,M
15211,M
15212,M
15213,M
15214,M
15215,M
15216,M
15217,M
15218,M
15219,M
15220,M
15221,M
15222,M
15223,M
15224,M
15225,M
15226,M
15227,M
15228,M
15229,M
15230,M
15231,M
15232,M
15233,F
15234,F
15235,F
15236,F
15237,F
15238,F
15239,F
15240,F
15241,F
15242,F
15243,F
15244,F
15245,F
15246,F
15247,F
15248,F
15249,F
15251,F
15252,F
15253,F
15254,F
15255,F
15256,F
15257,F
15258,F
15259,F
15260,F
15261,F
15262,F
15263,F
15264,M
15265,M
15266,M
15267,M
15268,M
15269,M
15270,M
15271,M
15272,M
15273,M
15274,M
15275,M
15276,M
15277,F
15278,F
15279,F
15280,F
15281,F
15282,F
15283,F
15284,F
15285,F
15286,F
15287,F
15288,F
15289,F
15290,F
15291,F
15292,F
15293,F
15294,M
15295,M
15296,M
15297,M
15298,M
15299,M
15300,M
15301,M
15302,M
15303,M
15304,M
15305,M
15306,M
15307,M
15308,M
15309,M
15310,M
15311,M
15312,M
15313,M
15314,M
15315,M
15316,M
15317,M
15318,M
15319,M
15320,M
15321,M
15322,M
15323,M
15324,M
15325,M
15326,M
15327,M
15328,M
15329,M
15330,M
15331,M
15332,M
15333,M
15334,M
15335,M
15336,M
15337,M
15338,M
15339,M
15340,M
15341,M
15342,M
15343,M
15344,M
15345,M
15346,M
15347,M
15349,M
15350,M
15351,M
15352,M
15353,F
15354,F
15355,F
15356,F
15357,F
15358,F
15359,F
15360,F
15361,F
15362,F
15363,F
15364,F
15365,F
15366,F
15367,F
15368,F
15369,F
15370,F
15371,F
15372,F
15373,F
15374,F
15375,F
15376,F
15377,F
15378,F
15379,F
15380,F
15381,F
15382,M
15383,M
15384,M
15385,M
15386,M
15387,M
15388,M
15348,M
15389,M
15390,M
15391,M
15392,M
15393,M
15394,M
15395,M
15396,M
15397,M
15398,M
15399,M
15400,M
15401,M
15402,M
15403,M
15404,M
15405,M
15406,M
15407,M
15408,M
15409,F
15410,F
15411,F
15412,F
34283,M
15414,F
15415,F
15416,F
15417,F
15418,F
15419,F
15420,M
15421,M
15422,M
15423,M
15424,M
15425,F
15426,F
15427,F
15428,M
15429,M
15430,M
15431,M
15432,M
15433,M
15434,M
35418,F
15436,M
15437,M
15438,M
15439,M
15440,M
15441,M
15442,M
15443,M
15444,M
15445,M
15446,F
15447,F
15448,F
15449,F
15450,F
15451,F
15452,F
15453,F
15454,M
15455,M
15456,M
15457,M
15458,M
15459,M
15460,M
15461,M
15462,M
15463,M
15464,M
15465,M
15466,M
15467,M
15468,M
15469,M
15470,M
15471,M
15472,M
15473,M
15474,M
15475,M
15476,M
15477,M
15478,M
15479,M
15480,M
15481,M
15482,M
15483,M
15484,M
15485,M
15486,M
15487,M
15488,M
15489,M
15490,M
15491,M
15492,M
15493,M
15494,F
15495,F
15496,F
15497,F
15498,F
15499,F
15500,F
15501,F
15502,F
15503,F
15504,F
15505,F
15506,F
15507,F
15508,F
15509,F
15510,F
15511,F
15512,F
15513,F
15514,F
15515,F
15516,F
15517,F
15518,F
15519,F
15520,F
15521,F
15522,F
15523,F
15524,M
15525,M
15526,M
15527,M
15528,M
15529,M
15530,M
15531,M
15532,M
15533,M
15534,M
15535,M
15536,M
15537,M
15538,M
15539,M
15540,M
15541,M
15542,M
15543,M
15544,M
15545,M
15546,F
15547,F
15548,F
15549,F
15550,F
15551,F
15552,F
15553,F
15554,F
15555,F
15556,F
15557,F
15558,F
15559,F
15560,F
15561,F
15562,F
15563,F
15564,F
15565,F
15566,F
15567,F
15568,F
15569,M
15570,M
15571,M
15572,M
15573,M
15574,M
15575,M
15576,M
15577,M
15578,M
15579,M
15580,M
15581,M
15582,F
15583,F
15584,F
15585,F
15586,F
15587,F
15588,F
15589,F
15590,F
15591,F
15592,F
15593,M
15594,M
15595,M
15596,M
15598,M
15600,M
15601,M
15602,M
15603,M
15604,M
15605,M
15606,M
15607,M
15608,M
15609,M
15610,M
15611,M
15612,M
15613,M
15614,M
15615,M
15616,M
15617,M
15618,M
15619,M
15620,M
15621,M
15622,M
15623,M
15624,M
15625,M
15626,M
15627,M
15628,M
15629,M
15630,M
15631,M
15632,M
15633,M
15634,M
15635,M
15636,M
15637,M
15638,M
15639,M
15640,M
15641,M
15642,M
15643,M
15644,M
15645,M
15646,M
15647,F
15648,F
15649,F
15650,F
15651,F
15652,F
15653,F
15654,F
15655,F
15656,F
15657,F
15658,F
15659,F
15660,F
15661,F
15662,F
15663,F
15664,F
15665,F
15666,F
15667,F
15668,F
15669,F
15670,F
15671,F
15672,F
15673,F
15674,F
15675,F
15676,F
15677,F
15678,F
15679,F
15680,F
15681,F
15682,F
15683,F
15684,F
15685,F
15686,M
15687,M
15688,M
15689,M
15690,M
15691,M
15692,M
15693,M
15694,M
15695,M
15696,M
15697,M
15698,M
15699,M
15700,M
15701,M
15702,M
15597,M
15703,M
15704,M
15705,M
15706,M
15707,M
15708,M
15709,F
15710,F
15711,F
15712,F
15713,F
15714,F
15715,F
15716,F
15717,F
15718,F
15719,F
15720,F
15721,F
15722,F
15723,F
15724,F
15725,F
15726,F
15727,F
15728,F
15729,F
15730,F
15731,F
15732,M
15733,M
15734,M
15735,M
15736,M
15737,M
15738,M
15739,M
15740,M
15741,M
15742,M
15743,M
15744,M
15745,M
15746,M
15747,M
15748,M
15749,M
15750,M
15751,M
15752,M
15753,M
15754,M
15755,M
15756,M
15758,M
15759,M
15760,M
15761,M
15762,M
15763,M
15764,M
15765,M
15766,F
15767,F
15768,F
15769,F
15770,F
15771,F
15772,F
15773,F
15774,F
15775,F
15776,F
15777,F
15778,F
15779,F
15780,F
15781,F
15782,F
15783,F
15784,F
15785,F
15786,F
15787,F
15788,F
15789,F
15790,F
15791,F
15792,F
15793,F
15794,F
15795,F
15796,F
15797,F
15798,F
15799,F
15800,M
15801,M
15802,M
15803,M
15804,M
15805,M
15806,M
15807,M
15809,M
15810,M
15811,M
15812,M
15813,M
15814,M
15815,M
15816,M
15817,M
15818,M
15819,M
15820,M
15821,M
15823,M
15824,M
15825,M
15826,M
15827,M
15828,M
15829,M
15830,M
15831,M
15832,M
15833,M
15834,F
15835,F
15836,F
15837,F
15838,F
15839,F
15840,F
15841,F
15842,F
15843,F
15844,F
15845,F
15846,F
15847,F
15848,F
15849,F
15850,F
15851,F
15852,F
15853,F
15854,F
15855,F
15856,F
15857,F
15858,M
15757,M
34276,M
15859,M
15860,M
15861,M
15862,M
15863,M
15864,M
15865,M
15866,M
15867,M
15868,M
15869,M
15870,M
15871,M
15872,M
15873,M
15875,M
15876,M
15877,M
15878,M
15879,M
15880,M
15881,M
15882,M
15883,M
15884,M
15885,M
15886,M
15887,M
15888,M
15889,M
15890,M
15891,M
15892,M
15893,M
15894,M
15895,M
15896,M
15897,M
15898,M
15899,M
15900,M
15901,M
15902,M
15903,M
15904,M
15905,M
15906,M
15907,M
15908,M
15909,M
15910,M
15911,M
15912,M
15913,M
15914,M
15915,M
15916,M
15917,M
15918,M
15919,M
15920,F
15921,F
15922,F
15923,F
15924,F
15925,F
15926,F
15927,F
15928,F
15929,F
15930,F
15931,F
15932,F
15933,F
15934,F
15935,F
15936,F
15937,F
15938,F
15939,F
15940,F
15941,F
15942,F
15943,F
15944,F
15945,F
15946,F
15947,F
15948,F
15949,F
15950,F
15874,M
15952,F
15953,F
15954,F
15955,M
15956,M
15957,M
15958,M
15959,M
15960,M
15961,M
15962,M
15963,M
15964,M
15965,M
15966,M
15967,M
15968,M
15969,M
15970,M
15971,M
15972,M
15973,M
15974,M
15975,F
15976,F
15977,F
15978,F
15979,F
15980,F
15981,F
15982,F
15983,F
15984,F
15985,F
15986,M
15987,M
15988,M
15989,M
15990,M
15991,M
15992,M
15993,M
15994,M
15995,M
15996,M
15997,M
15998,M
15999,M
16000,M
16001,M
16002,F
16003,F
16004,F
16005,F
16006,F
16007,F
16008,F
16009,F
16010,F
16011,F
16012,F
16013,F
16014,F
16015,F
16016,F
16017,F
16018,F
16019,M
16020,M
16021,M
16022,M
16023,M
16024,M
16025,M
16026,M
16027,M
16028,M
16029,M
16030,M
16031,M
16032,M
16033,M
16034,M
16035,M
16036,M
16037,M
16038,M
16039,M
16040,M
16041,M
16042,M
16043,M
16044,M
16045,M
16046,M
16047,M
16048,M
16050,M
16051,M
16052,M
16053,M
16054,M
16055,M
16056,M
16057,M
16058,M
16059,M
16060,M
16061,M
16062,M
16063,M
16064,M
16065,M
16066,M
16067,M
16068,M
16069,M
16070,M
16071,M
16072,F
16073,F
16074,F
16075,F
16076,F
16077,F
16078,F
16079,F
16080,F
16081,F
16082,F
16083,F
16084,F
16085,F
16086,F
16087,F
16088,F
16089,F
16090,F
16091,F
16092,F
16093,F
16094,F
16095,F
16096,F
16097,F
16098,F
16178,M
16179,M
16180,M
16181,M
16182,M
16183,M
16184,M
16185,M
34274,M
16187,F
16188,F
16189,F
16190,F
16191,F
16192,F
16193,M
16194,M
16195,M
16196,M
16197,M
16198,M
16199,M
16200,M
16201,M
16202,F
16203,F
16204,F
16205,F
16206,F
16207,M
16208,M
16209,M
16210,M
16211,M
16212,M
16213,M
16214,M
16215,M
16216,M
16217,M
16218,M
16219,M
16220,M
16222,M
16223,M
16224,M
16225,M
16226,M
16227,M
16228,M
16229,F
16230,F
16231,F
16232,F
16233,F
16234,F
16235,F
16236,F
16237,F
16238,F
16239,F
16240,F
16241,F
16242,F
16243,F
16244,F
16245,F
16246,F
16247,F
16248,F
16249,F
16221,M
16099,M
16100,M
16101,M
16102,M
16103,M
16104,M
16105,M
16106,M
16107,M
16108,F
16109,F
16110,M
16111,M
16551,M
16552,M
16553,M
16554,M
16555,M
16556,M
16557,M
16558,M
16559,M
16560,M
16561,M
16562,M
16563,M
16564,M
16565,M
16566,M
16567,M
16568,M
16569,M
16570,M
16571,M
16572,M
16573,M
16574,M
16575,M
16576,M
16577,M
16578,M
16579,M
16580,M
16581,M
16582,M
16583,M
16584,M
16585,M
16586,M
16587,M
16588,M
16589,M
16590,M
16591,M
16592,M
16593,M
16594,M
16595,M
16596,M
16597,F
16598,F
16599,F
16600,F
16601,F
16602,F
16603,F
16604,F
16605,F
16606,F
16607,F
16608,F
16609,F
16610,F
16611,F
16612,F
16613,F
16614,F
16615,F
16616,F
16617,F
16618,F
16619,F
16620,F
16621,F
16622,F
16623,F
16624,F
16625,F
16626,F
16627,F
16628,F
16629,F
16630,M
16631,M
16632,M
16633,M
16634,M
16635,M
16636,M
16637,M
16638,M
16639,M
16640,M
16641,M
16642,M
16643,M
16644,M
16645,M
16646,M
16647,M
16648,M
16649,M
16650,M
16651,M
16652,M
16653,M
16654,M
16655,M
16656,F
16657,F
16658,F
16659,F
16660,F
16661,F
16662,F
16663,F
16664,F
16665,F
16666,F
16667,F
16668,F
16669,M
16670,M
16671,M
16672,M
16673,M
16674,M
16675,M
16676,M
16677,M
16678,M
16679,M
16680,M
16681,M
16682,M
16683,M
16684,M
16685,M
16686,M
16687,M
16688,M
16689,F
16690,F
16691,F
16692,F
16693,F
16112,M
16113,M
16114,M
16115,M
16116,M
16117,M
16118,M
16119,M
16120,M
16121,M
16122,M
16123,M
16124,M
16125,M
16126,M
16127,M
16128,M
16129,M
16130,M
16131,M
16132,M
16133,M
16134,M
16135,M
16136,M
16137,M
16138,M
16139,M
16140,M
16141,M
16142,M
16143,M
16144,M
16145,M
16146,M
16148,M
16149,M
16150,M
16151,M
16152,M
16153,F
16154,F
16155,F
16156,F
16157,F
16158,F
16159,F
16160,F
16161,F
16162,F
16163,F
16164,F
16165,F
16166,F
16167,F
16168,F
16169,F
16170,F
16171,F
16172,F
16173,F
16174,F
16175,F
16176,F
16177,F
17530,F
17531,M
17532,M
17533,M
17536,M
17538,M
17539,M
17540,M
17542,M
17545,M
17551,M
17552,M
17554,M
17556,M
17557,M
17561,F
17563,F
17564,F
17565,F
17569,F
17572,F
17573,F
17574,F
17575,F
17577,F
17578,F
17579,F
17580,F
17581,F
17582,F
17585,F
17586,F
17588,F
17591,M
17593,M
17594,M
34284,F
17597,M
17598,M
17600,M
17601,M
17602,M
17606,F
17612,F
17613,F
17615,F
17620,F
17622,F
17623,F
17624,F
17627,F
17628,F
17634,M
17635,M
17637,M
17639,M
17641,F
17644,F
17647,F
17648,F
17650,F
17657,M
17658,M
17659,M
17660,M
17661,M
17663,M
17664,M
17667,M
17668,M
17669,M
17672,M
17675,M
17678,F
17680,F
17683,F
35422,M
17691,F
17692,M
17693,M
17694,M
17696,M
17697,M
17699,M
17700,M
17702,M
17704,M
17711,F
17712,F
16147,M
35423,F
16250,F
16251,M
16252,M
16253,M
16254,M
16255,M
16256,M
16257,M
16258,M
16259,M
16260,M
16261,M
16262,M
16263,M
16264,M
16265,F
16266,F
16267,F
16268,F
16269,F
16270,F
16271,F
16272,M
16273,M
16274,M
16275,M
16276,M
16277,M
16278,M
16279,M
16280,M
16281,M
16282,M
16283,M
16284,M
16285,M
16286,M
16287,M
16288,M
16289,M
16290,M
16291,M
16292,M
16293,M
16294,M
16295,M
16296,M
16297,M
16298,M
16299,M
16300,M
16301,M
16302,M
16303,M
16304,M
16305,M
16306,M
16307,M
16308,M
16309,M
16310,M
16311,M
16312,M
16313,M
16314,M
16316,M
16317,M
16318,M
16319,M
16320,M
16321,M
16322,M
16323,M
16324,M
16325,F
16326,F
16327,F
16328,F
16329,F
16330,F
16331,F
16332,F
16333,F
16334,F
16335,F
16336,F
16337,F
16338,F
16339,F
16340,F
16341,F
16342,F
16343,F
16344,F
16345,F
16346,F
16347,F
16348,F
16349,F
16350,F
16351,F
16352,F
16353,F
16354,F
16355,F
16356,F
16357,F
16358,F
16359,F
16360,F
16361,M
16362,M
16363,M
16364,M
16365,M
16366,M
16367,F
16368,F
16369,F
16370,F
16371,M
16372,M
16373,M
34272,M
16376,M
16377,M
16378,M
16379,M
16380,M
16381,M
16382,M
16383,M
16384,M
16385,M
16386,M
16387,M
16388,M
16389,M
16390,M
16391,M
16392,M
16393,M
16394,M
16395,M
16396,M
16397,M
16398,M
16399,F
16400,F
16401,F
16402,F
16403,F
16404,F
16405,F
35424,F
16407,F
16408,F
16409,M
16410,M
16411,M
16412,M
16413,M
16414,M
16415,M
16416,M
16417,M
16418,M
16419,M
16420,M
16421,M
16422,M
16423,M
16424,M
16425,M
16426,M
16427,M
16428,M
16429,M
16430,M
16431,M
16432,M
16433,M
16434,F
16435,F
16436,F
16437,F
16438,F
16439,F
16440,F
16441,F
16442,F
16443,F
16444,F
16445,F
16446,F
16447,F
16448,F
16449,F
16450,F
16451,F
16452,F
16453,F
16454,F
16455,F
16456,M
16457,M
16458,M
16459,M
16460,M
16461,M
16462,M
16463,M
16464,M
16465,M
16466,M
16467,M
16468,M
16469,M
16470,M
16471,M
16472,M
16473,M
16474,M
16475,M
16476,M
16477,M
16478,M
16479,M
16480,M
16481,F
16482,F
16483,F
16484,F
16485,F
16486,F
16487,F
16488,F
16489,F
16490,F
16491,F
16492,F
16493,F
16494,F
16495,F
16496,F
16497,F
16498,F
16499,F
16500,F
16501,F
16502,F
16503,F
16504,M
16505,M
16506,M
16507,M
16508,M
16509,M
16510,M
16511,M
16512,M
16513,M
16514,M
16515,M
16516,M
16517,M
16518,M
16519,M
16520,M
16521,M
16522,M
16523,M
16524,M
16525,M
16526,M
16527,M
16528,F
16529,F
16530,F
16531,F
16532,F
16533,F
16534,F
16535,F
16536,F
16537,F
16538,F
16539,F
16540,F
16541,F
16542,F
16543,F
16544,F
16545,F
16546,F
16547,F
16548,F
16549,F
16550,F
17621,F
17625,F
17626,F
17629,F
17630,F
17631,F
17632,F
17633,M
17636,M
17638,M
17640,M
16694,F
16695,F
16696,F
16697,F
16698,F
16699,F
16700,M
16701,M
16702,M
16703,M
16704,M
16705,M
16706,M
16707,M
16708,M
16709,M
16710,M
16711,M
16712,M
16713,M
16714,M
16715,M
16716,M
16717,M
16718,F
16719,F
16720,F
16721,F
16722,F
16723,F
16724,F
16725,F
16726,F
16727,F
16728,F
16729,F
16730,F
16731,F
16732,F
16733,F
16734,F
16735,M
16736,M
16737,M
16738,M
16739,M
16740,M
16741,M
16742,M
16743,M
16744,M
16745,M
16746,M
16747,F
16748,F
16749,F
16750,F
16751,F
16752,F
16753,F
16754,F
16755,M
16756,M
16757,M
16758,M
16759,M
16760,M
16761,M
16762,M
16763,M
16764,M
16765,M
16766,M
16767,M
16768,M
16769,M
16770,M
16771,M
16772,M
16773,M
16774,F
16775,F
16776,F
16777,F
16778,F
16779,F
16780,F
16781,F
16782,F
16783,F
16784,F
16785,F
16786,F
16787,F
16788,M
16789,M
16790,M
16791,M
16792,M
16793,M
16794,M
16795,M
16796,M
16797,M
16798,M
16799,M
16800,M
16801,M
16802,M
16803,M
16804,M
16805,M
16806,M
16807,M
16808,M
16809,M
16810,M
16811,M
16812,M
16813,M
16815,F
16816,F
16817,F
16818,F
16819,F
16820,F
16821,F
16822,F
16823,F
16824,F
16825,F
16826,F
16827,F
16828,F
16829,F
16830,F
16831,F
16832,F
16833,F
16834,F
16835,F
16836,F
16837,F
16838,F
16839,F
16840,F
16841,F
16842,F
16843,M
16844,M
16845,M
16846,M
16847,M
16848,M
16849,M
16850,M
16851,M
16852,M
16853,M
16854,M
16855,M
16856,M
16857,M
16858,M
16859,M
16860,M
16861,M
16862,M
16863,F
16864,F
16865,F
16866,F
16867,F
16868,F
16869,F
16870,F
16871,F
16872,F
16873,F
16874,F
16875,F
16876,M
16877,M
16878,M
16879,M
16880,M
16881,M
16882,M
16883,M
16884,M
16885,M
16886,M
16887,M
16888,M
16890,M
16891,M
16892,M
16893,M
16894,M
16895,M
16896,M
16897,M
16898,M
16899,M
16900,M
16901,M
16902,M
16903,M
16904,M
16905,M
16906,M
16907,M
16908,M
34277,M
16910,M
16911,M
16912,M
16913,M
16914,M
16915,M
16916,F
16917,F
16918,F
16919,F
16920,F
16921,F
16922,F
16923,F
16924,F
16925,F
16926,F
16927,F
16928,F
16929,F
16930,F
16931,F
16932,F
16933,F
16934,F
16935,F
16936,F
16937,F
16938,F
16939,F
16940,F
16941,F
16942,F
16943,M
16944,M
16945,M
16946,M
16947,M
16948,M
16949,M
16950,M
16951,M
16952,M
16953,M
16954,M
16955,M
16956,M
16957,M
16958,M
16959,M
16960,M
16961,M
16962,M
16963,M
16964,M
16965,M
16966,M
16967,M
16968,M
16969,M
16970,M
16971,F
16972,F
16973,F
16974,F
16975,F
16976,F
16977,F
16978,F
16979,F
16980,F
16981,F
16982,F
16983,F
16984,F
16985,F
16986,F
16987,F
16988,F
16989,F
16990,F
16991,F
16992,F
16993,F
16994,F
16995,F
16996,F
16997,F
16998,F
16999,F
17000,F
17001,F
17002,F
17003,F
17004,F
17005,F
17006,M
35425,F
17007,M
17008,M
17009,M
17010,M
17011,M
17012,M
17013,M
17014,M
17015,M
17016,M
17017,M
17018,M
17019,M
17020,M
17021,M
17022,M
17023,M
17024,M
17025,M
17026,M
17027,M
17028,F
17029,F
17030,F
17031,F
17032,F
17033,F
17034,F
17035,F
17036,F
17037,F
17038,F
17039,F
17040,F
17041,M
17042,M
17043,M
17044,M
17045,M
17046,M
17047,M
17048,M
17049,M
17050,M
17051,M
17052,M
17053,M
17054,M
17055,M
17056,M
17057,M
17058,M
17060,M
17061,M
17062,F
17063,F
17064,F
17065,F
17066,F
17067,F
17068,F
17069,F
17070,F
17071,F
17072,F
17073,F
17074,F
17075,F
17076,F
17077,M
17078,M
17079,M
17080,M
17081,M
17082,M
17083,M
17084,M
17085,M
17086,M
17087,M
17088,M
17089,M
17090,M
17091,M
17092,M
17093,M
34287,F
17095,M
17096,M
17097,M
17098,M
17099,M
17100,M
17101,M
17102,M
17103,M
17104,M
17105,M
17106,M
17107,M
17108,M
17109,M
17110,M
17111,M
17112,M
17113,M
17114,M
17115,M
17116,M
17117,M
17118,M
17119,F
17121,F
17122,F
17123,F
17124,F
17125,F
17126,F
17127,F
17128,F
17129,F
17130,F
17131,F
17132,F
17133,F
17134,F
17135,F
17136,F
17137,F
17138,F
17139,F
17140,F
17141,F
17142,F
17143,F
17144,F
17145,F
17146,F
17147,M
17148,M
17149,M
17150,M
34288,F
17152,M
17153,M
17154,M
34289,F
17156,M
17157,M
17158,M
17159,M
17160,M
17161,M
17162,M
17120,F
17059,M
17163,M
17164,M
17165,M
17166,M
17167,M
17168,M
17169,M
17170,M
17171,M
17172,M
17173,M
17174,M
17175,M
17176,M
17177,M
17178,M
17179,M
17180,M
17181,M
17182,F
17183,F
17184,F
17185,F
17186,F
17187,F
17188,F
17189,F
17190,F
17191,F
17192,F
17193,F
17194,F
17195,F
17196,F
17197,F
17198,F
17199,F
17200,F
17201,F
17202,F
17203,F
17204,F
17205,F
17206,F
17207,F
17208,F
17209,F
17210,F
17211,F
17212,M
17213,M
17214,M
17215,M
17216,F
17217,F
17218,F
17219,M
17220,M
17221,M
34290,F
17223,M
17224,F
17225,F
17226,F
17228,F
17229,M
17230,M
17231,M
17232,M
17233,M
17234,M
17235,M
17236,M
17237,M
17238,M
17239,M
17240,M
17241,M
17242,M
17243,M
17244,M
17245,M
17246,M
17247,M
17248,M
17249,M
17250,M
17251,M
17252,M
17253,M
17254,M
17255,M
17256,M
17257,M
17258,M
17259,M
17261,M
17262,M
17263,M
17264,F
17265,F
17266,F
17267,F
17268,F
17269,F
17270,M
17271,M
17272,M
17273,M
17274,F
17275,M
17277,M
17279,M
17281,M
17282,M
17283,M
17285,M
17286,M
17287,M
17288,M
17289,M
17290,M
17291,M
17292,M
17293,M
17294,F
17295,F
17296,F
17297,F
17299,F
17300,F
17301,F
17302,M
17303,M
17304,M
17305,M
17306,M
17307,M
17308,M
17309,M
17310,M
17311,M
17312,M
17313,M
17314,M
17315,M
17316,M
17317,M
17318,M
17319,M
17320,M
17298,F
17321,M
17322,M
17323,M
17326,M
17327,M
17328,M
17329,M
17330,M
17331,M
17334,M
17336,M
17338,M
17339,M
17642,F
17643,F
17645,F
17646,F
17649,F
17651,F
17652,F
17653,F
17654,F
17655,M
17662,M
17665,M
17666,M
17670,M
17671,M
17673,M
17674,M
17676,M
17677,M
17679,F
17681,F
17682,F
17685,F
17686,F
17687,F
17688,F
17689,F
17690,F
17695,M
17698,M
17701,M
17703,M
17705,M
17706,M
17707,M
17708,M
17709,M
17710,F
17713,F
17714,F
17716,F
17722,F
17725,M
17728,M
17732,M
17734,F
17736,F
17737,F
17739,F
17742,M
17747,M
17748,M
17749,M
17751,M
17752,M
17753,M
17756,M
17758,M
17759,F
17760,F
17761,F
17763,F
17764,F
17765,F
17767,F
17772,F
17773,M
17775,M
17776,M
17777,M
17779,M
17780,M
17784,M
17785,M
17796,M
17797,M
17802,M
17804,M
17805,F
17806,F
17807,F
17813,F
17814,F
17815,F
17817,M
17818,M
17820,M
17833,M
17834,M
17835,M
17842,M
17848,F
17860,F
17861,M
17862,M
17864,M
17865,M
17867,M
17868,M
17871,M
17872,M
17873,F
17876,F
17877,F
17878,F
17879,F
17880,F
17886,M
17887,M
17894,F
17896,F
17897,F
34304,F
34305,F
17900,M
17901,M
17902,M
17903,M
17904,M
17905,M
17906,M
17907,M
17908,M
17909,M
17910,M
17911,M
34306,F
17914,M
17915,M
17916,M
17917,M
17919,M
17921,F
17924,F
17927,F
17938,F
17939,F
17940,M
17941,M
17324,M
17325,M
17332,M
17333,M
17335,M
17337,M
17340,M
17341,M
17715,F
17717,F
17718,F
17719,F
17720,F
17721,F
17723,F
17724,M
17726,M
17727,M
17729,M
17730,M
17731,M
17733,F
17735,F
17738,F
17740,M
17741,M
17743,M
17744,M
17745,M
17746,M
17750,M
17754,M
17755,M
17757,M
17762,F
17766,F
17768,F
17769,F
17770,F
17771,F
17774,M
17778,M
17781,M
17782,M
17783,M
17786,M
17787,M
17788,M
17789,M
17790,M
17791,M
17792,M
17793,M
17794,M
17795,M
17798,M
17799,M
17800,M
17801,M
17803,M
17808,F
17809,F
17810,F
17811,F
17812,F
17816,F
17821,M
17822,M
17823,M
17824,M
17825,M
17826,M
17827,M
17828,M
17829,M
17830,M
17831,M
17832,M
17836,M
17837,M
17838,M
17840,M
17841,M
17843,M
17844,M
17845,M
17846,M
17847,F
17849,F
17850,F
17851,F
17852,F
17853,F
17854,F
17855,F
17856,F
17857,F
17858,F
17859,F
17863,M
17866,M
17869,M
17870,M
17874,F
17875,F
17882,M
17883,M
17884,M
17885,M
17888,M
17889,M
17890,M
17891,M
17892,M
17893,F
17895,F
17912,M
17920,F
17922,F
17926,F
17928,F
17929,F
17930,F
17931,F
34307,F
17933,F
17934,F
17935,F
17936,F
34308,F
17942,M
17943,M
17944,M
17945,M
17946,M
17947,M
17948,M
17949,M
17950,M
17951,M
17952,M
17953,M
17954,M
17955,M
17956,M
17957,M
17958,M
17959,M
17960,M
17961,M
17962,F
17963,F
17964,F
17965,F
17966,F
17968,F
17969,F
17970,F
17971,F
17975,F
17976,F
17979,F
17982,F
17983,F
17984,F
17985,M
17986,M
17989,M
17990,M
17991,M
17993,M
17997,M
17998,M
17999,M
18000,M
18001,M
18004,F
18006,F
18007,F
18008,F
18009,F
18010,F
18013,F
18014,F
18015,F
18020,M
18021,M
18023,M
18024,M
18026,M
18027,M
18031,F
18032,F
18033,F
18034,F
18036,F
18047,M
18048,M
18049,M
18050,M
18052,F
18054,F
18055,F
18056,F
18067,F
18068,F
18069,M
18071,M
18072,M
18073,F
18075,F
18076,F
18077,F
18078,F
18079,F
18082,M
18084,M
18086,M
18087,M
18088,M
18089,M
18090,M
18093,M
18095,M
18098,F
18099,F
18100,F
18101,F
18102,F
18103,F
18108,F
18188,F
18189,F
18190,F
18191,F
18192,F
18193,F
18196,M
18198,M
18200,M
18201,M
18202,M
18204,M
18208,M
18209,M
18211,M
18213,M
18214,M
18222,M
18224,M
18230,F
18232,F
18233,F
18235,F
18236,F
18240,M
18243,M
18245,M
18246,M
18248,M
18250,M
18251,M
18252,M
18255,M
18263,F
18264,F
18265,F
18270,F
18271,F
18275,M
18277,M
18279,M
18280,M
18281,M
18284,M
18285,M
18286,M
18288,M
18289,M
18290,M
18291,M
18292,M
18293,M
18295,F
18297,F
18303,F
18306,F
18308,F
18309,F
18310,F
18311,F
18314,F
18318,M
18323,M
18324,M
18325,M
18331,M
18332,M
18333,M
18334,M
18337,M
17988,M
18344,M
18347,M
17967,F
17972,F
17973,F
17974,F
17977,F
17978,F
17980,F
34294,M
17987,M
17994,M
17995,M
17996,M
18002,M
18003,M
18005,F
18011,F
18012,F
18016,F
18017,F
34295,M
18019,M
18022,M
18025,M
18028,M
18029,F
18030,F
18035,F
18037,F
18038,F
18039,F
18040,F
18041,F
18042,M
18043,M
18044,M
18045,M
18046,M
18051,F
18053,F
18057,F
18058,F
18059,F
18060,M
18061,M
18062,M
18063,M
18064,M
18065,M
18066,M
18070,M
18074,F
18080,F
18081,F
18083,M
18085,M
18091,M
18094,M
18096,M
18097,M
18104,F
18105,F
18106,F
18107,F
18109,M
18110,F
18111,F
18112,F
18113,F
18114,F
18115,M
18116,M
18117,M
18118,M
18119,M
18120,M
18121,M
18122,M
18123,M
18124,M
18125,F
18126,F
18127,F
18128,F
18129,F
18131,M
18132,M
18134,F
18135,M
18136,M
18137,M
18139,M
18140,M
18141,M
18142,F
18143,F
18144,F
18145,F
18146,M
18147,M
18148,M
18149,M
18150,M
18151,M
18153,M
18154,M
18155,M
18156,M
18157,M
18158,M
18159,F
18160,F
18161,F
18162,F
18163,F
18164,F
18165,F
18166,F
18167,F
18168,F
18169,F
18170,F
18171,M
18172,M
18173,M
18174,M
18175,M
18176,M
18177,M
18178,M
18179,M
18180,M
18181,M
18182,M
18183,M
18184,M
18185,M
18186,M
18187,M
18194,F
18195,F
18197,M
18199,M
18203,M
18205,M
18206,M
18212,M
18215,M
18216,M
18217,M
18218,M
18219,M
18220,M
18221,M
18223,M
18225,M
18226,M
18227,F
18228,F
18229,F
18231,F
18234,F
18237,F
18238,F
18239,M
18241,M
18242,M
18244,M
18247,M
18249,M
18253,M
18254,M
18256,M
18257,M
18258,M
18259,M
18260,M
18261,M
18262,M
18266,F
18267,F
18268,F
18269,F
18272,M
18273,M
18276,M
18278,M
18282,M
18283,M
18287,M
18294,F
18296,F
18298,F
18299,F
18300,F
18301,F
18302,F
18304,F
18305,F
18307,F
18312,F
18313,F
18315,M
18316,M
18317,M
18319,M
18320,M
18321,M
18326,M
18327,M
18328,M
18329,M
18330,M
18335,M
18338,M
18339,M
18340,M
18342,M
18343,M
18345,M
18346,M
18350,M
18351,M
18352,M
18353,M
18354,M
18357,M
18358,M
18366,M
18367,M
18368,M
18369,M
18370,M
18371,M
34296,M
18373,M
18375,M
18376,M
18377,M
22545,F
18380,M
18381,M
18382,M
18392,M
18394,M
18396,M
18402,M
18403,M
18404,M
18410,M
18417,M
18418,M
18419,M
18423,M
18424,M
18426,M
18427,M
18428,M
18429,M
18430,M
18435,M
18436,M
18437,M
18438,M
18440,M
18441,M
18447,F
18448,F
18449,F
18450,F
18451,F
18452,F
18456,F
18457,F
18458,F
18465,F
18473,F
18476,F
18477,F
18478,F
18480,F
18481,F
18482,F
18483,F
18484,F
18485,F
18486,F
18487,F
18488,F
18489,F
18490,F
18491,F
18492,F
18493,F
18494,F
18497,F
18498,F
22546,F
22547,F
22549,F
18374,M
18397,M
18479,F
18474,F
18386,M
18322,M
22550,F
22551,F
22552,F
22553,F
22554,F
22555,F
22556,F
22557,F
22558,F
22559,F
22560,F
22561,F
15435,M
22601,M
22602,M
22603,M
22604,M
22605,M
22606,M
22607,M
22609,M
22610,M
22611,M
22612,M
22613,M
22614,M
22615,M
22616,M
22617,M
22618,M
22619,M
22620,M
22621,M
22622,M
22623,M
22624,M
22625,M
22626,M
22627,M
22628,M
22877,F
22878,F
22879,F
22880,F
22881,F
22882,F
22884,F
22885,F
22886,F
22887,F
22888,F
22889,F
22890,F
22891,F
22892,F
22893,F
22894,F
22895,F
22896,F
22897,F
22898,F
22899,F
22900,F
22901,M
22902,M
22903,M
22904,M
22905,M
22906,M
22907,M
22908,M
22909,M
22910,M
22912,M
22913,M
22914,M
22915,M
22916,M
22917,M
22918,M
22919,M
22920,M
22921,M
22922,M
22923,M
22924,M
22978,F
22979,F
22980,F
22981,F
22982,F
22983,F
22984,F
22985,F
22986,F
22987,F
22988,F
22989,F
22990,F
22991,F
22992,F
22993,F
22994,F
22995,F
22996,F
22997,F
22998,F
22999,F
23000,F
23001,F
23002,F
23003,F
23004,F
23005,F
23006,F
23007,F
23008,M
23009,M
23010,M
23011,M
23014,M
23015,M
23016,M
23017,M
23018,M
23021,M
23022,M
23023,M
23025,M
23026,M
23027,M
23028,M
23030,M
23031,M
23032,M
23033,M
23034,M
23035,M
23036,M
23037,M
23038,M
23039,M
23040,M
23041,M
23042,M
23043,M
23044,M
23045,M
23012,M
23029,M
18348,M
18349,M
18355,M
18356,M
18359,M
18360,M
18361,M
18362,M
18363,M
18364,M
18365,M
18378,M
18383,M
18384,M
18385,M
18387,M
18388,M
18389,M
18390,M
18391,M
18398,M
18399,M
18400,M
18401,M
18405,M
18406,M
18407,M
18408,M
18409,M
18411,M
18413,M
18414,M
34309,F
18416,M
18420,M
18422,M
18431,M
18432,M
18433,M
34310,F
18439,M
18442,M
18443,M
18444,M
18445,M
18453,F
18454,F
18455,F
18459,F
18460,F
18461,F
18462,F
18463,F
18464,F
18466,F
34312,M
18468,F
18469,F
18470,F
18471,F
18472,F
18495,F
18496,F
18499,F
18500,F
18501,F
18502,F
18503,F
18504,F
18505,M
18506,M
18507,M
18508,M
18509,M
18510,M
18511,M
18512,M
18513,M
34314,M
18515,M
18516,M
18517,M
18518,M
18519,M
18520,M
18521,M
18522,M
18523,M
18524,M
18525,M
18526,M
18527,M
18528,M
18529,M
34316,M
18531,F
18532,F
18534,F
18535,F
18536,F
18537,F
18538,F
18539,F
18540,F
18541,F
18542,F
18543,F
18544,F
18545,F
18546,F
18547,F
18548,F
18550,F
18551,F
18552,F
18553,F
18554,F
18555,M
18557,M
18559,M
18560,M
18561,M
18562,M
18563,M
18564,M
18565,M
18566,M
18567,M
18568,M
18569,M
18570,M
18571,M
18572,M
18573,M
18574,M
18575,M
18576,M
18577,M
18578,M
18579,M
18580,M
18581,M
18582,M
18583,M
18585,M
18587,M
18588,M
22629,M
22630,M
18393,M
22631,F
18533,F
18421,M
18412,M
18446,F
18586,M
18589,M
18590,M
18591,M
18592,M
18593,F
34311,M
18595,F
18596,F
34313,M
18598,F
34315,M
18600,F
18601,F
18602,F
18603,F
18604,F
18605,F
18606,F
18607,F
18608,F
18609,F
18610,F
18611,F
18612,F
18613,F
18614,F
18615,M
34318,M
18617,M
18618,M
18619,M
34320,M
18621,M
18622,M
18623,M
18624,M
18625,M
18626,M
18627,M
18628,M
18629,M
18630,M
18631,M
18632,M
18633,M
18634,M
18635,M
18636,M
18637,M
18638,M
18639,M
18640,M
18641,M
18642,M
18643,M
18644,M
34322,M
18646,M
18647,M
18648,M
34324,F
18650,M
34328,M
18652,M
18653,M
18654,M
18655,M
34330,M
18657,M
18658,M
18659,M
18660,M
18661,M
34331,M
18663,M
18664,M
18665,M
18666,M
18667,M
18668,M
34333,M
18670,M
18671,M
18672,M
18673,M
34334,M
18675,M
18676,M
18677,M
18678,M
18680,M
18681,F
18682,F
18683,F
18684,F
18685,F
18686,F
18687,F
18688,F
18689,F
18691,F
18692,F
18694,F
18695,F
18696,F
18697,F
18698,F
34337,M
18700,F
18701,F
18703,M
34342,M
18705,M
18706,F
34343,M
18708,F
18709,M
18710,M
18711,M
18712,M
18713,M
18714,F
18715,F
18717,M
18718,F
18719,F
18720,F
18721,F
18722,M
18723,M
18724,M
6285,F
18725,F
18726,F
18727,F
18730,M
18731,M
18732,M
18733,M
18735,M
18736,M
18737,M
18738,M
18739,M
18740,F
18741,F
18742,M
18743,M
18744,M
18745,M
18690,F
18693,F
18679,M
18747,M
18748,M
18749,M
18750,M
18751,M
18752,M
18753,M
18754,M
18755,M
18756,M
34317,M
18758,F
34319,M
18760,F
18761,F
18762,F
18763,F
18764,F
18765,F
18766,F
18767,F
18768,F
18769,M
18770,M
18771,M
18772,M
18773,M
18774,M
18775,M
18776,M
18777,F
18778,F
18779,F
18780,M
18781,M
18782,M
18783,M
18784,M
18785,M
18786,M
18787,M
34321,M
18789,M
18790,M
18791,M
18792,M
34323,M
18794,F
18795,F
18796,F
18797,F
18798,F
18799,F
18800,M
18801,M
18802,M
18803,M
18804,M
18805,M
18806,M
18807,M
18808,M
18809,F
18810,F
18811,F
18812,F
18813,F
18814,F
18815,F
18816,F
18817,F
18818,F
18819,F
18820,F
18821,F
18822,F
18823,F
18824,F
18825,F
18826,F
18827,F
18828,F
18829,F
18830,F
18831,F
18832,F
18833,F
18834,F
18835,F
18836,F
18837,F
18838,F
18839,F
18840,F
18842,F
18843,F
18844,F
18845,F
18846,F
18847,F
18848,F
18849,F
18850,F
18851,F
18852,F
18853,F
18854,F
18855,F
18856,F
18857,F
18858,F
18859,F
18860,F
18861,F
18862,F
18863,F
18864,F
34325,F
18866,M
18867,M
18868,M
18869,M
18870,M
18871,M
18872,M
18873,M
18874,M
18875,M
18876,M
18877,M
18878,M
18879,M
18880,M
18881,M
18882,M
18883,M
18884,M
18885,M
18886,M
18887,M
18888,M
18889,M
18890,M
18891,M
18893,M
18894,M
18895,M
18896,M
18897,M
18898,M
18899,M
18900,M
18746,M
18841,F
18892,M
18901,M
18902,M
18903,M
18904,M
18905,M
18906,M
34326,F
18908,M
18909,M
18910,M
34327,F
22586,M
22587,F
22632,F
22633,F
22634,F
22635,F
22637,F
22638,F
22639,F
22640,F
22641,F
22642,F
22643,F
22644,F
22645,F
22646,F
22647,F
22648,F
22649,F
22650,F
22651,F
22652,F
22653,F
22654,F
22656,F
22657,F
22658,F
22659,F
22661,F
22662,F
22663,F
22664,F
22665,F
22666,F
22667,F
22668,F
22671,M
22673,M
22674,M
22675,M
22676,M
22677,M
22678,M
22679,M
22680,M
22681,M
22682,M
34329,M
22684,M
22685,M
22686,M
22687,M
22688,M
22689,M
22690,M
22691,M
22692,M
22693,M
34332,M
22696,M
22697,M
22698,M
22699,M
22700,M
22702,M
22703,M
22704,M
22705,M
22706,M
22707,M
22708,M
34335,M
22710,M
22711,M
22712,M
22713,M
22714,M
22715,M
22716,M
22717,M
22718,M
22720,M
22721,M
22722,M
22723,M
22724,M
22725,M
22726,F
22727,F
22728,F
22729,F
22730,F
22731,F
22732,F
22733,F
22734,F
22735,F
22736,F
34339,F
22739,M
22740,M
22741,M
22742,M
22743,M
22744,M
22745,M
22746,M
22747,M
22748,M
22749,M
22750,M
22751,M
22752,M
22753,M
22754,M
22755,M
22756,M
22757,M
34340,F
22759,M
22760,M
22762,M
22763,M
22764,M
22765,M
22766,M
22767,M
22768,M
22769,M
22770,M
22771,M
22773,M
22775,M
22776,M
22761,M
22670,M
22655,F
22660,F
22669,M
22694,M
22672,M
22636,F
22701,M
22719,M
18911,F
18913,F
18914,F
18915,M
18916,F
18917,F
18918,F
18919,M
18920,M
18921,F
18922,F
18923,F
34341,M
18925,F
18926,F
18927,F
18928,F
18929,F
18930,F
18931,F
18932,F
18933,F
18934,F
18935,F
18936,F
18937,F
18938,F
18939,F
18940,F
18941,F
18942,F
18943,F
18944,F
18945,F
18946,F
22565,M
18948,F
18949,F
18950,F
18951,F
22566,M
18953,F
18954,F
18955,F
18956,F
18957,F
18958,F
18959,F
18960,F
18961,M
18962,M
18963,M
18964,M
18965,M
18966,M
18967,M
18968,M
18969,M
18970,M
18971,M
18972,M
18974,M
18975,M
18976,M
18977,M
18978,M
18979,M
18980,M
18981,M
18982,M
22568,M
18984,M
18985,M
18986,M
18987,M
34344,M
18989,M
18990,M
18991,M
18992,M
18993,M
18994,M
18995,M
18996,M
18997,M
34346,M
22574,M
19000,M
19001,M
19002,M
19003,M
19004,M
19005,M
19006,M
19007,M
19008,M
19009,M
19010,M
34348,M
19012,M
19013,M
19014,M
34349,M
19016,M
19017,M
19018,M
19019,F
19020,M
19021,F
19022,F
19023,M
19024,F
19025,F
19026,F
19027,F
19028,F
19029,F
19030,F
19031,M
19032,M
19033,M
19034,M
19035,M
19036,M
19037,M
19038,M
19039,M
19040,M
19041,M
19042,M
19043,M
19044,M
19045,M
34350,M
19047,F
19048,F
19049,M
19050,M
19051,M
19052,M
19053,M
19054,M
19055,M
19056,M
19058,M
19059,M
19060,F
19061,F
19062,F
19063,F
19064,F
19065,M
22575,M
18973,M
18912,F
19066,M
19070,M
19071,M
19076,M
19077,M
19079,M
19082,M
34347,M
19084,M
19085,M
19086,M
19087,M
19088,M
19091,M
19093,F
19095,F
19097,F
19098,M
19099,M
19100,M
19101,M
19102,M
19104,M
19105,M
19106,M
19107,M
22567,M
22569,M
22570,M
22571,M
22572,M
34352,M
22576,M
22577,F
22578,F
22581,F
22588,M
22589,M
22590,M
22591,M
22592,M
22593,M
22594,M
22595,M
22596,M
22597,M
22598,F
22599,F
22600,F
22777,M
22778,M
22779,M
22780,M
22781,M
22782,M
22783,M
22784,M
22785,M
22786,M
22787,M
34359,M
22789,M
22790,M
34361,M
22792,F
22793,F
22794,F
34362,M
22796,F
22797,F
22798,F
22799,F
34363,M
22801,F
22802,F
22803,F
22804,F
22805,F
22806,F
22807,F
22808,F
22809,F
22810,F
22811,F
22812,F
22814,F
22815,F
22816,F
22817,F
22818,F
22819,F
22820,F
22821,F
22822,F
22823,F
22824,F
22825,F
22826,F
22827,F
22828,F
22829,F
22830,F
22831,F
22925,M
22926,M
22927,M
22928,M
22929,M
22930,M
22931,M
22932,M
22933,M
22934,M
22935,M
22936,M
34428,F
22938,M
22940,M
22941,M
22942,M
22943,M
22944,M
22945,M
22946,M
22947,M
22948,M
22949,M
22950,M
22951,M
22952,M
22953,F
22954,F
22955,F
22956,F
22957,F
22958,F
22959,F
22960,F
22961,F
22962,F
22963,F
34430,F
22965,F
22966,F
22967,F
22968,F
22969,F
22970,F
22971,F
22972,F
22973,F
22974,F
22975,F
22976,F
22977,F
22939,M
19067,M
19068,M
19069,M
19072,F
19073,F
19074,F
19075,F
19078,M
19080,M
19081,M
19090,M
19092,M
19094,F
34351,M
19103,M
19108,F
34353,M
19110,F
19111,M
19112,M
19113,F
34354,M
19115,M
19116,M
19117,F
19118,F
19119,M
19120,M
19122,F
19123,F
19124,M
34355,M
19126,M
19127,M
19128,F
19129,F
19130,F
19131,M
19133,M
19134,F
19135,F
19136,F
19137,F
19138,F
19139,F
19140,F
19141,F
19142,F
19143,F
19144,F
19145,F
19146,F
19147,F
19148,F
19149,F
19150,F
19151,F
19152,F
19153,F
19154,F
19155,F
19156,F
19157,F
19158,F
19159,F
19160,F
19161,F
19162,F
19163,F
19164,F
19165,F
19166,F
19167,F
19168,F
19169,F
19170,F
19171,F
19172,F
19173,F
19174,F
19175,F
19176,F
19177,F
19178,F
19179,F
18865,M
19180,M
19181,M
19182,M
19183,M
19184,M
19185,M
19186,M
19187,M
19188,M
19189,M
19190,M
19191,M
19192,M
19193,M
19194,M
19195,M
19196,M
19197,M
19198,M
19199,M
19200,M
19201,M
19202,M
19203,M
19204,M
19205,M
19206,M
19207,M
19208,M
19209,M
19210,M
19211,M
19212,M
19213,M
19214,M
19215,M
19216,M
19217,M
19218,M
19219,M
19220,M
19221,M
19222,M
19223,M
19224,M
19225,M
19226,M
19227,M
19228,M
19229,M
19230,M
19231,M
19232,M
19233,M
19234,M
19236,M
19237,M
19238,M
19239,M
19240,M
19241,M
19242,M
19243,M
19244,M
19245,M
19246,M
19247,M
19121,M
19235,M
19089,M
19248,M
19249,M
19250,M
19251,M
19252,M
19253,M
19254,M
19255,M
19256,M
19257,M
34356,M
19259,M
19260,M
19261,M
19262,M
19263,M
19264,M
19265,M
19266,M
19267,M
19268,M
19269,M
19270,M
19271,M
19272,M
19273,M
19274,M
19275,M
19276,M
19277,M
19278,M
19279,M
19280,M
19281,M
19282,M
19283,M
19284,M
19285,M
19286,M
19287,M
19288,M
19289,M
19290,M
19291,M
19292,M
19293,M
19294,M
19295,M
19296,M
19297,M
19298,M
19299,M
19300,M
19301,M
19302,M
19303,M
19305,M
19306,M
19307,M
19308,F
34357,M
34358,F
19311,M
19312,M
19313,M
19314,M
19315,M
19316,M
19317,M
19318,M
19319,M
19320,M
19321,M
19322,M
19323,M
19324,M
19325,M
19326,M
19327,M
19328,M
19329,M
19330,M
19331,M
19332,M
19333,M
19334,F
19335,F
19336,F
19337,F
19338,F
19339,F
19340,F
19341,F
19342,F
19343,F
19344,F
19345,F
19346,F
19347,M
19348,M
19349,F
19350,M
19351,F
19352,F
19353,F
19354,M
19355,M
19356,M
19357,M
22579,F
19360,F
19361,F
19362,M
19363,M
19364,M
19365,M
19366,F
19367,F
19368,F
19369,F
19370,F
19371,F
19372,F
19373,F
19374,M
19375,M
19376,M
19377,M
19378,M
19379,M
19380,M
19381,M
19382,M
19383,M
19384,M
19385,M
19386,M
19387,M
19388,M
19389,M
19390,M
19391,M
19392,M
19393,M
19394,M
19395,M
19396,M
19397,M
19398,M
19399,M
19400,M
19401,M
19402,M
19403,M
19404,M
19304,M
19406,M
19407,M
34360,M
19409,M
19410,M
19411,M
19412,M
19413,M
19414,M
19415,M
19416,M
19417,M
19418,M
19419,M
19420,M
19421,M
19422,M
19423,M
19424,M
19425,M
19426,M
19427,M
19428,M
19429,M
19430,M
19431,M
19432,M
19433,M
19434,M
19435,M
19436,M
19437,M
19438,M
34364,M
19440,M
19441,M
19442,M
19443,M
34365,M
19445,F
19446,F
19447,F
19448,F
19449,F
19450,F
19451,F
19452,F
19453,F
19454,F
19455,F
19456,F
19457,F
19458,F
19459,F
19460,F
19461,F
19462,F
19463,F
19464,F
19465,F
19466,F
19467,F
19468,F
19469,F
19471,F
19472,F
19473,F
19474,F
19475,F
19476,F
19477,F
34368,F
19479,M
34427,F
19481,M
19483,M
34429,F
19485,M
19486,M
19487,M
19488,M
19489,M
19490,F
19491,F
19492,F
34431,M
19494,F
19495,F
19496,M
19497,M
19498,M
19499,F
19500,F
19501,F
19502,M
19503,M
19504,F
19505,F
34433,M
19507,F
34434,M
19509,F
19511,F
19512,F
19513,F
19515,F
19516,F
19517,F
19518,F
19519,F
19520,F
19521,F
19522,F
19523,F
19524,F
19525,F
19526,F
19527,F
19528,M
19529,M
19530,M
19531,M
19532,M
19533,M
34437,M
19535,M
19536,M
34439,M
19538,M
19539,M
34441,F
19541,M
19542,M
19543,M
19544,M
19545,M
19546,M
19547,M
19548,M
19549,M
19550,M
19551,M
34443,F
19553,M
19554,M
19555,M
19556,M
19557,M
19558,M
19559,M
19560,M
19514,F
19510,F
19405,M
19482,M
19561,M
19562,M
34369,F
19564,M
19565,M
19566,M
19567,M
19568,M
19569,M
34370,F
19571,M
19572,M
19573,M
19574,M
19575,M
19576,M
19577,M
19578,M
19579,M
19580,M
19581,M
19582,M
19583,M
19584,M
19585,M
19586,M
19587,F
19588,F
19589,F
19590,F
19591,F
19592,F
19593,F
19594,F
19595,F
19596,F
19597,F
19598,M
19599,M
19600,M
34371,F
19602,F
19603,F
19604,F
19605,F
19606,F
19607,F
19608,F
19609,F
19610,F
19611,F
19612,F
19613,F
19614,F
19615,F
19616,F
19617,M
19618,M
19619,M
34372,F
19621,M
19622,M
19623,M
19624,M
19625,M
19626,M
19627,M
19628,M
19629,M
19630,M
19631,M
19632,M
19633,M
19634,M
19635,M
19636,M
19637,M
19638,M
19639,M
19640,M
19642,M
19643,M
19644,M
19645,M
19646,M
19647,M
19648,M
19649,M
19650,M
19651,M
19652,M
19654,M
19655,M
19656,M
19657,M
19658,M
19659,M
19660,M
19661,M
19662,M
19663,M
19664,M
19665,M
19666,M
19668,M
19669,M
19670,M
19671,M
19672,M
19673,M
19674,M
19676,M
19677,M
19679,M
19680,M
19681,M
19682,M
19683,M
19684,M
19685,M
19686,M
19687,M
19688,M
19689,M
19690,M
19691,M
19692,M
19693,M
19694,M
19695,F
19696,F
19697,F
19698,F
19699,F
19700,F
19701,F
19702,F
19703,F
19704,F
19705,F
19706,F
19707,F
19708,F
19709,F
19710,F
19711,F
19712,F
19713,F
19714,F
19715,F
19716,F
19717,F
19678,M
19641,M
19675,M
19667,M
19718,F
19719,F
19720,F
19721,F
19722,F
19723,F
19724,F
19725,F
19726,F
19727,F
19728,F
19729,F
19730,F
19731,F
19732,F
19733,F
19734,F
19736,F
19737,F
19738,F
19739,F
19740,F
19741,F
19742,F
19743,F
19744,F
19745,F
19746,F
19747,F
19748,F
19749,F
19750,F
34373,F
19752,M
34374,M
19754,M
19755,M
19756,M
19757,M
19758,M
19759,M
19760,M
19761,M
19762,M
19763,M
19764,M
34375,M
19766,M
19767,M
19774,F
19775,F
19776,F
19777,F
19778,F
19779,F
19780,F
19781,F
19782,M
19783,M
19784,M
34376,M
19786,F
19787,F
19788,F
19789,M
19790,F
19791,F
19792,M
19793,M
19794,M
19795,F
19796,F
19797,F
19798,M
19799,M
19800,M
19801,M
19802,M
19804,F
19805,M
19806,M
19807,M
19808,F
19809,F
19810,F
19811,M
19812,M
19813,M
19814,M
19815,F
19816,M
19817,M
19818,F
19819,M
19820,M
19821,M
19822,M
19823,M
19824,M
19825,M
19826,M
19827,M
19828,M
19829,M
19830,M
19831,M
19832,M
19833,M
19834,M
19835,M
19836,M
19837,M
19838,M
19839,M
19840,M
19841,M
19842,M
19843,M
19844,M
19845,M
19846,M
19847,M
19848,M
19849,M
19850,M
19851,M
19852,M
19853,M
19854,M
19855,M
19856,M
19857,M
19859,M
19860,M
19861,M
19862,M
19863,M
19864,M
19865,M
19866,F
19867,F
19868,F
19869,F
19870,F
34377,M
19872,F
19873,F
19874,F
19875,F
19876,F
19735,F
19858,M
19877,F
19878,F
19879,F
19880,F
19881,F
19882,F
19883,F
19884,F
19885,F
19886,F
19887,F
19888,F
19889,F
19890,F
19891,F
22582,F
19964,M
19894,M
19989,M
34378,M
19897,M
34379,M
19899,M
19900,M
34380,M
19902,F
34381,F
19904,F
19905,F
19906,F
19907,F
19908,F
19909,F
34382,F
19911,M
19912,M
19914,F
19915,F
19916,F
19917,F
19918,F
19919,F
19920,F
19921,F
19922,F
19924,F
19925,F
19926,M
19927,M
19928,M
19929,M
19930,M
19931,M
19932,M
19933,M
19934,M
19935,M
19936,M
19938,M
19940,M
19941,M
19942,M
19943,M
19944,M
19945,M
19946,F
19947,F
19948,F
19949,F
19950,F
19951,F
19952,F
19953,F
19954,F
19955,F
19956,F
19957,F
19958,F
19960,M
19962,M
19963,M
19965,M
19966,M
19967,M
19968,M
19969,M
19970,M
19971,M
19972,M
19974,M
19975,M
19976,M
19977,M
19978,M
19979,M
19980,M
19981,M
19982,M
19983,M
19984,M
19985,M
19986,M
19987,M
19988,M
19990,M
19991,M
19992,M
19993,M
19994,M
19995,M
19996,M
19997,M
19998,M
19999,M
20000,M
20001,M
20002,M
20003,M
20004,M
20005,M
20006,M
20007,M
20008,M
20009,M
20010,F
20011,F
20012,F
20013,F
20014,F
20015,F
20016,F
20017,F
20018,F
20019,F
20020,F
20022,F
20023,F
20024,F
20025,F
20026,F
20028,F
20029,F
20030,F
20031,F
20032,F
20033,F
20034,F
20035,F
20036,F
20037,F
20038,F
20039,F
20040,F
20041,F
20042,F
20043,F
20044,F
20045,F
20046,F
20047,M
20048,M
20049,M
20051,M
20052,M
20053,M
20054,F
20055,F
20056,F
20057,F
20058,M
20059,M
20060,M
20061,M
20062,M
34383,M
20064,M
20065,M
20066,M
20067,M
20068,M
20069,M
20070,M
20071,M
20072,M
20073,M
20074,M
20075,M
34384,M
20078,M
20079,M
20080,F
20081,F
20082,F
20083,F
20084,F
20085,F
20086,F
20087,F
20088,F
20089,F
20090,F
20091,F
20092,F
20093,F
20094,F
20095,F
20096,F
20097,M
20098,M
20099,M
20100,M
20101,M
20102,M
20104,M
20105,M
20106,M
20107,M
20108,M
20109,M
20110,M
20111,M
20112,M
20113,M
20114,M
20115,M
20116,M
20117,M
20118,M
20119,M
20120,M
20121,M
20122,M
20123,M
20124,M
20125,M
20126,M
20127,M
20129,M
20130,M
20131,M
20132,M
20133,M
20134,M
20135,M
20136,M
20137,M
20138,M
20139,M
20140,M
20141,M
20142,M
20143,M
20144,M
20145,F
20146,F
20147,F
20148,F
20151,F
34385,M
20153,F
20154,F
20155,F
20156,F
34386,M
20158,F
20159,F
20160,F
20161,F
20162,F
34387,F
20164,F
20165,F
20166,F
20167,F
20168,F
20169,F
20171,F
20172,F
20173,F
20174,F
20175,F
20176,F
20177,F
20178,F
20179,F
20180,F
20181,F
20182,F
20183,F
20184,F
20185,F
20186,F
20187,F
20188,F
20189,M
20191,M
20192,M
20193,M
20194,M
20195,M
20196,M
20197,M
20198,M
20199,M
20200,M
20201,M
20128,M
20050,M
20077,M
20202,M
20203,M
20204,M
34388,M
20206,M
20207,M
34389,M
20209,M
34390,M
20211,M
20212,M
20213,M
20214,M
20215,M
20216,M
20217,M
22583,F
20219,M
20220,M
20221,M
20222,M
20223,M
20224,M
20225,M
20226,M
20227,M
20228,M
20230,F
20231,F
20232,F
20233,F
20234,F
20235,F
34392,F
20237,F
20238,F
20239,F
20240,F
20241,F
20242,F
20243,F
20244,F
20245,F
20246,F
20247,F
20248,F
20249,F
20250,F
20251,F
20252,F
20253,F
20254,F
20255,F
20256,F
20257,F
20258,F
20259,M
20260,M
22584,F
20262,M
20263,M
20264,M
20265,M
20266,M
20267,M
20268,M
20269,M
20270,M
20271,M
20273,M
20274,M
20275,M
20276,M
20277,M
20278,M
20279,M
20280,M
20281,M
20282,M
20283,M
20284,M
20285,M
20286,M
20287,M
20289,M
20290,M
20291,M
20292,M
20293,M
20294,M
20295,M
20296,M
20297,M
20298,M
20299,M
20300,M
20301,M
20302,M
20303,M
20304,M
20305,F
20306,F
20307,F
20308,F
20309,F
20311,F
20312,F
20313,F
20314,F
20315,F
20316,F
20317,F
20318,F
20319,F
20320,F
20321,F
20322,F
20323,F
20324,F
20325,F
20326,F
20327,F
20328,F
20329,F
20330,F
20331,F
20332,M
20333,M
20334,M
20335,M
20336,M
20337,M
20338,M
20339,M
20340,M
34395,M
20342,M
20343,M
20344,M
20346,M
20347,M
20348,M
20349,M
20350,M
20351,M
20353,M
20354,M
20355,M
20356,M
20357,M
20358,M
20345,M
20272,M
20352,M
20359,M
20360,M
20361,M
20362,M
20363,M
20364,M
20365,M
20366,M
20367,M
20368,M
20369,M
20370,M
20371,M
20372,M
20373,M
20374,M
34396,M
20377,M
20378,M
20379,M
20380,M
20381,M
20382,M
20383,M
20384,M
20385,M
20386,M
20388,M
20389,M
20390,M
20391,M
20392,M
20393,M
20394,F
20395,F
20396,F
20397,M
20401,F
20402,F
20403,F
20404,F
20405,F
20406,F
20407,F
20408,F
20409,F
20410,F
20411,F
20412,F
20413,F
20414,F
20415,F
20416,F
20417,F
20418,F
20419,F
20420,F
20421,F
20422,F
20423,F
20424,F
20425,F
20426,M
34400,M
20428,M
20429,M
20430,M
20431,M
20432,M
20433,M
20434,M
20435,M
20436,M
20437,M
20438,M
20439,M
20440,M
20441,M
20442,M
20443,M
20444,M
20445,M
20447,M
20448,M
20449,M
20450,M
20451,M
20452,M
20454,M
20455,F
20456,F
20457,F
20458,F
20459,F
20460,F
20461,F
20462,F
20463,F
20464,F
20465,F
20466,F
20467,M
20468,M
20469,M
20470,M
20471,M
20472,M
20473,M
20474,M
20475,M
20476,M
20477,M
20478,M
20479,M
20480,M
20481,M
20482,M
20483,F
20484,F
20485,M
20376,M
34403,F
20488,M
20489,M
20490,M
20491,M
20492,M
20493,M
20494,M
20495,F
20496,F
20497,M
20498,M
34405,F
20501,M
20502,M
20503,M
20504,M
20506,M
20507,M
20508,M
20509,M
34406,M
20511,M
20512,M
20513,M
20514,M
20515,M
20505,M
20387,M
20516,M
20517,M
34407,M
20519,M
20520,M
20521,M
20522,M
34408,M
20524,M
20525,M
20526,M
34409,M
20528,M
20529,M
20530,M
20532,M
20533,M
20534,M
20535,M
20536,M
34411,M
20538,M
34412,M
20540,M
20541,M
20542,M
20543,M
20544,M
20545,M
20546,M
20547,M
20548,M
20549,M
20550,M
20551,M
34413,M
20553,M
20554,M
20555,M
20556,M
34414,M
20558,M
20559,M
20560,M
34415,M
34416,F
20563,M
20564,M
20565,M
20566,M
20567,M
34417,M
20570,M
20571,M
20572,M
20573,M
20574,M
20575,M
34419,M
20577,M
20578,M
20579,M
20580,M
20581,M
20582,M
20583,M
20584,M
20585,M
20586,M
20587,M
20588,M
20589,M
20590,M
20591,M
20592,M
34420,M
20594,M
20595,M
20596,M
20597,M
20598,M
20599,M
20600,M
20601,M
20602,M
20604,M
20605,M
34421,M
20608,M
20610,M
34423,F
20612,M
34424,F
20614,M
20615,M
20616,M
20617,M
20618,M
20619,M
20620,M
20621,M
34425,M
20623,M
20624,M
20625,M
20626,M
20627,M
20628,M
20629,M
20630,M
20632,M
20633,M
20634,M
20635,M
20636,M
20637,F
20639,F
20640,F
20641,F
20642,F
20643,F
20644,F
20645,F
20646,F
20647,F
34426,M
20650,F
20651,F
20652,F
20654,F
20655,F
20656,F
20657,F
20658,F
20659,F
20660,F
20661,F
20662,F
20663,F
20664,F
20665,F
20666,F
20667,F
20668,F
20669,F
20670,F
20671,F
20672,F
20606,M
20631,M
20603,M
20638,F
20673,F
20674,F
34432,M
20676,F
20677,F
20678,F
20679,F
20680,F
20681,F
20682,F
20683,F
20684,F
20685,F
20686,F
20687,F
20688,F
20689,F
20690,F
20691,F
20692,F
20693,F
20694,F
20695,F
20696,F
20697,F
34435,M
20699,F
20700,F
20701,F
20702,F
20703,F
20704,F
20705,F
20706,F
20707,F
20708,F
20709,F
20710,F
20711,F
34436,M
20713,F
20714,F
20715,F
20716,F
20717,F
20718,F
34438,M
20720,F
20721,F
20722,F
20723,F
20724,F
34440,F
20726,F
20727,F
20728,F
20729,F
20730,F
20731,F
20732,F
34442,F
20734,F
20735,F
20736,F
20737,F
20738,F
20739,F
20740,F
20741,F
20742,F
20743,F
20744,F
20745,F
20746,F
20747,F
20748,F
20749,F
20750,F
20751,F
20752,F
20753,F
20754,F
20755,F
20756,F
20757,F
20758,F
20759,F
20760,F
20761,F
20762,F
20763,F
20764,F
34444,F
20766,M
20767,M
20768,M
20769,M
34445,M
20771,M
20772,M
20774,M
20775,M
20776,M
20778,M
20779,M
20780,M
20781,M
20782,M
34453,M
20784,M
20785,M
20786,M
20787,M
20788,M
20791,M
20792,M
20793,M
20794,M
20795,M
20796,M
20797,M
34456,M
20799,M
20800,M
20801,M
20802,M
34457,F
20804,M
20805,M
20806,M
34458,F
20808,M
20809,M
20810,M
20811,M
20812,M
20813,M
20814,M
34459,F
20816,M
20817,M
20818,M
20819,M
20820,M
20821,M
34465,M
20823,M
20824,M
20825,M
20826,M
20828,M
20777,M
34446,M
20830,M
34447,M
20832,M
20833,M
20834,M
20835,M
20836,M
20837,M
34448,M
20839,M
20840,M
20841,M
20842,M
20843,M
20844,M
20845,M
20846,M
20847,M
20848,M
20849,M
20850,M
20851,M
20852,M
20853,M
20854,M
20855,M
20856,M
20857,M
20858,M
20859,M
20860,M
20861,M
34449,M
20863,M
20864,M
20865,M
20866,M
20867,M
20868,M
34450,M
20870,M
20871,M
20872,M
20873,M
20874,M
20875,M
20876,M
20877,M
20879,M
20880,M
20881,M
20882,M
20883,M
20884,M
20885,M
20886,M
20887,M
20888,M
20889,M
20890,M
20891,M
20892,M
20893,M
34451,F
20895,M
20896,M
20897,M
20899,M
20900,M
20901,M
20902,M
20903,M
34461,M
20905,M
20907,M
20908,M
20909,M
20910,M
20911,M
20912,M
20913,M
20914,M
20915,M
20916,M
20917,M
20918,M
20919,M
20920,M
20921,F
20922,F
20923,F
20924,F
20925,F
20926,F
20927,F
34462,M
20929,F
20930,F
20931,F
20932,F
20933,F
20934,F
20935,F
20936,F
20937,F
20938,F
20939,F
20941,F
20942,F
20943,F
20944,F
20945,F
20946,F
20947,F
20948,F
20949,F
20950,F
20951,F
20952,F
20953,F
20955,F
20956,F
20957,F
20958,F
20959,F
20960,F
20962,F
20963,F
20964,F
20965,F
20966,F
20967,F
20968,F
20969,F
20970,F
20971,F
20972,F
20973,F
20974,F
20975,F
20976,F
20977,F
34469,M
20979,F
20980,F
20981,F
20982,F
20984,F
20985,F
20986,F
20906,M
20878,M
20954,F
20987,F
20988,F
20989,F
20990,F
20991,F
20992,F
20993,F
20994,F
20995,F
20996,F
20997,F
20998,F
20999,F
21000,F
21001,F
21002,F
21003,F
21004,F
21005,F
21006,F
21007,F
21009,F
21011,F
21013,F
21014,F
21015,M
21017,M
21018,M
21019,M
34468,M
21021,M
21022,M
21023,M
21024,M
21025,M
34470,M
21027,M
21028,M
21029,M
34473,M
21031,M
21032,M
21033,M
21034,M
21035,F
21036,F
21037,F
21038,M
21039,M
21040,M
21041,M
21042,F
21043,F
21044,F
21045,F
21046,F
21047,F
34475,F
21049,M
21050,M
21051,M
21053,M
21054,M
21055,M
21056,M
21057,M
21058,M
21059,M
21060,F
21061,F
21062,F
21064,F
21065,F
21066,F
21067,F
21068,F
21069,F
21070,F
21071,F
21072,F
21074,M
34479,M
21076,M
21077,M
21078,M
21079,M
21080,M
21081,M
21082,M
21083,M
21084,M
21085,M
21086,M
21087,M
21088,M
21089,M
21090,M
21091,M
21092,M
21093,M
21095,M
21096,F
21097,F
21098,F
21099,F
21100,M
21101,M
21102,M
34481,M
34482,M
21105,F
34483,M
21108,M
21109,M
21110,M
34484,M
34487,M
21113,M
34488,F
21115,M
21116,M
21117,M
21118,M
21119,M
21120,M
21121,M
21122,M
21094,M
21124,M
21125,M
21126,M
21127,M
21128,M
21129,M
21130,M
21131,M
21132,M
21133,M
21134,M
21135,F
21010,F
21137,F
21138,F
21139,F
21140,F
21141,F
21142,F
21143,F
21073,M
21008,F
21063,F
21144,F
34472,M
21146,F
34474,M
21148,F
21149,F
21150,F
21151,F
21152,F
21153,F
21154,F
34476,M
21155,M
21156,M
21157,M
21158,M
21159,M
21160,M
21161,M
21162,M
21163,M
21164,M
21165,M
21166,M
21167,M
21168,M
21169,M
21170,M
21171,M
21172,M
21173,M
21174,M
34478,M
21176,M
21177,M
21178,M
21179,M
21180,M
21181,M
21182,F
21183,F
21184,F
21185,F
21186,F
21187,F
21188,F
21189,F
21190,F
21191,F
21192,F
21193,F
21194,F
21195,F
21196,F
21197,F
21198,F
21199,F
21200,F
21201,F
21202,F
21203,M
21204,M
21205,M
21206,M
21208,F
21209,M
21210,M
21211,F
21212,F
21213,M
21214,F
21215,F
21216,F
21217,F
21218,F
21219,F
21220,F
21221,F
21222,F
21223,F
21224,F
21225,F
21226,F
21227,F
21228,F
21229,M
21230,M
34480,M
21232,M
21233,M
21234,M
21235,M
21236,M
21237,M
21238,M
21239,M
21240,M
21241,M
21242,M
21243,M
21244,M
21245,M
21246,M
21247,M
21248,M
21249,M
21250,M
21251,M
21252,M
21253,M
21254,M
21255,M
21256,M
21257,M
21258,M
21259,M
21260,M
21261,M
21262,M
21264,M
21265,M
21266,M
21267,M
21268,M
21269,M
21270,M
21271,M
21272,M
21273,M
21274,M
21275,M
21276,M
21277,M
21278,M
21279,M
21280,M
21281,M
21282,M
21283,M
21284,M
21285,M
21286,M
21287,M
21288,M
21289,M
21290,M
21291,M
21292,M
21293,M
21294,M
21295,M
21296,M
26087,F
21207,M
21297,M
21299,M
21300,M
21301,M
21302,M
21303,M
21304,M
21305,M
21306,M
21307,M
21308,M
21309,M
21310,M
21311,M
21312,M
21313,M
21314,M
21315,M
21316,M
21317,M
21318,M
21319,M
21320,M
21321,M
21322,M
21323,M
21324,M
21325,M
21326,M
21327,M
21328,M
21329,M
21330,M
21331,M
21332,M
21333,M
21334,M
21335,M
21336,M
21337,M
21338,M
21339,M
21340,M
21341,M
21342,M
21343,M
21344,M
21345,M
21346,M
21347,M
21348,M
21349,M
21350,M
21351,M
21353,M
21354,M
21355,M
21356,M
21357,M
21358,M
21359,M
34485,F
21361,M
21362,M
21363,M
21364,M
21365,M
21366,M
21367,M
21368,M
21369,M
21370,M
21371,M
21372,M
21373,M
21374,M
21375,M
21376,M
21377,M
21378,M
34486,F
21380,M
21381,M
21382,M
34489,F
21385,M
21386,M
21387,M
21388,M
21389,M
21390,M
21391,M
21392,M
21393,M
21394,M
21403,M
21396,M
21397,M
21398,M
21399,M
21400,M
21402,M
21427,M
21428,M
21429,M
21430,M
21431,M
21432,M
21433,M
21434,M
21436,M
21437,M
21438,M
21439,M
21440,M
21441,M
21442,M
21443,M
21444,M
21445,M
21446,M
21447,M
21448,M
21449,M
21450,M
21451,M
21452,M
21453,M
21455,M
21456,M
21457,M
21458,M
21459,M
21460,M
21435,M
21383,M
21352,M
21298,M
21454,M
21461,M
21462,M
21463,M
34490,F
34491,F
21466,F
21467,F
21468,F
21469,F
21470,M
34492,F
21472,M
21473,M
21474,M
21475,M
21476,M
21477,F
21478,F
21479,M
21480,M
21481,F
21482,M
21483,M
21484,M
21485,F
21486,M
21487,M
34493,F
34494,F
34495,F
34496,F
34497,F
21493,M
21494,M
21495,M
21496,M
21497,M
21498,M
21499,M
21500,F
21501,F
21502,F
21503,F
21504,F
21505,F
21506,F
21507,F
21508,F
21509,F
21510,F
21511,F
21512,F
21513,F
21514,F
21515,M
21516,M
21517,M
21521,M
21522,M
21523,M
21524,M
21525,M
21526,M
21527,M
21528,M
21529,M
21530,M
21531,M
21532,M
21533,M
21534,M
21536,M
21537,M
21538,M
21539,F
21540,F
21541,F
21542,F
21543,F
21544,F
21545,F
21546,F
21547,F
21548,F
34506,F
34507,F
21551,F
21552,F
21553,F
21554,F
21555,F
21556,F
21557,F
21558,F
21559,F
21560,M
21561,M
21562,M
21563,M
21564,M
21565,M
21566,M
21567,M
21568,M
21569,M
26447,M
21571,M
21572,M
21574,M
21575,M
21576,M
21577,M
21578,M
21579,M
21580,M
21581,M
21582,M
21583,M
21584,M
21585,M
21586,M
21587,M
21588,M
21589,M
21590,M
21591,M
21592,M
21593,M
21594,M
21596,M
21597,M
21598,M
21599,M
21600,M
21601,M
21602,M
21603,M
21604,M
21605,M
21606,M
21607,M
21608,M
21609,M
21610,F
21611,F
21612,F
21613,F
21614,F
21615,F
21616,F
21617,F
21535,M
21618,F
21619,F
21620,F
21621,F
21622,F
21623,F
21624,F
21625,F
21626,F
21627,F
21628,F
21629,F
21630,F
21631,F
21632,F
21633,F
21634,F
21635,F
21636,F
21637,F
21638,F
21639,F
21640,F
21641,F
21642,F
21643,M
21644,M
21645,M
21646,M
21647,M
21648,M
21649,M
21650,M
21651,M
21652,M
21653,M
21654,M
21655,M
21656,M
21657,M
21658,M
21660,M
21661,M
21662,M
21663,M
21664,M
21665,M
21666,F
21668,F
21669,F
21670,F
21671,F
21672,F
21673,F
21674,F
21675,F
21676,F
21677,F
21678,F
21679,F
21680,F
21681,F
21682,F
21683,F
21684,F
21685,F
21686,F
21687,F
21688,F
21689,F
21690,F
21691,F
21692,M
34501,F
21694,M
21695,M
21696,M
21697,M
21698,M
21699,M
21700,M
21701,M
21702,M
21703,M
21704,M
21705,M
21706,M
21707,M
21708,M
21709,M
21710,M
21711,M
21712,F
21713,F
21716,F
21717,F
21718,F
21719,F
21720,F
21721,F
21722,F
21723,F
21724,F
21725,F
21726,F
21727,F
21728,F
21729,F
21730,F
21731,F
21732,M
21733,M
21734,M
21735,M
21736,M
21737,M
21738,M
21739,M
21740,M
21741,M
21742,M
21743,M
21744,M
21745,M
21746,M
21747,M
21748,M
21749,M
21750,M
34508,F
21752,M
21753,M
21754,M
21756,M
21757,M
21758,M
21759,M
21760,M
21761,M
21762,M
21763,M
21764,M
21765,M
21766,M
21767,M
21768,M
21769,M
21770,M
21771,M
21772,M
21773,M
21774,F
21775,F
21776,F
21777,F
21778,F
21779,F
21781,F
21782,F
21783,F
21784,F
21785,F
21786,F
21787,F
21788,F
21789,F
21790,F
21791,F
21792,F
21793,F
21794,F
21795,F
21796,F
21797,F
21798,F
21799,F
21800,F
21801,F
21802,M
21803,M
21804,M
21806,M
21807,M
21809,M
21810,M
21811,M
21812,M
21813,M
21814,M
21815,M
21818,M
21819,M
21820,M
21821,M
21822,M
21823,M
21825,F
21826,F
21828,F
21829,F
21830,F
21831,F
21833,F
21834,F
21835,F
21836,M
21837,M
21838,M
21839,M
21840,M
21841,M
21842,M
21843,M
21844,M
21845,M
21846,M
21847,M
21848,M
21849,M
21851,M
21852,M
21853,M
21854,M
21858,M
21859,M
21860,M
21861,M
21862,M
21863,M
21864,M
21865,M
21866,M
21867,M
21868,M
21869,M
21870,M
21871,M
21872,M
21873,M
21874,M
21875,M
21876,M
21877,M
21878,M
21879,M
21880,M
21881,M
21882,M
21883,M
21884,M
21885,M
21888,M
21889,M
21890,M
21891,M
21892,M
21894,M
21895,M
21896,M
21897,M
21898,M
21899,M
21900,M
21901,M
21902,M
21903,M
21904,M
21905,M
21907,F
21908,F
21909,F
21910,F
21911,F
21912,F
21913,F
21915,F
21916,F
21917,F
21918,F
21919,F
21920,F
21921,F
21922,F
21923,F
21924,F
21925,F
21926,F
21927,F
21928,F
21929,F
21930,F
21931,F
21805,M
21887,M
21780,F
21906,F
21855,M
21816,M
21914,F
21857,M
21932,F
21933,F
21934,F
21935,F
21936,F
21937,F
21938,M
21939,M
21941,M
21942,M
21943,M
21944,M
21945,M
21946,M
21947,M
21948,M
21949,M
21950,M
21951,M
21952,M
21954,M
21955,M
21956,M
21957,M
21958,M
21959,M
21960,M
21961,M
21962,M
21963,M
21964,M
21965,M
21966,M
21967,M
21968,M
21970,M
21971,M
21972,M
34514,F
21974,F
21975,F
34515,F
21977,F
21978,F
21979,F
21980,F
21981,F
21983,F
21984,F
21985,F
21986,F
21987,F
21988,F
21989,F
21990,M
21991,M
21992,M
21993,M
21994,M
21995,M
21996,M
34516,F
21998,M
21999,M
22000,M
22001,F
22002,F
22003,F
22004,F
22005,F
22006,F
22008,F
22010,F
22011,F
22012,F
22013,F
22014,M
22015,M
22016,M
22017,M
22020,M
22021,M
22022,M
22023,M
22024,M
22025,M
22026,M
22027,M
22028,M
22030,M
22031,M
34519,F
22033,M
22034,M
22035,M
22036,M
22037,M
22039,M
22040,M
22041,M
22042,M
22043,M
22044,M
22045,M
22046,M
22047,M
34520,F
22049,M
22050,M
22051,M
22052,M
22053,M
22054,F
22055,F
22056,F
22057,F
22058,F
22059,F
22060,F
34521,F
22019,M
22063,F
22064,F
22065,F
22066,F
22067,F
22068,F
22069,F
22070,F
22071,F
22072,F
22073,F
22074,F
22075,F
22076,F
22077,F
22078,F
22080,M
22081,M
22082,M
22083,M
22084,M
22085,M
22086,M
22087,M
22088,M
22089,M
22038,M
21982,F
21953,M
21969,M
22018,M
22029,M
22090,M
22091,M
22092,M
22093,M
22094,M
22095,M
22096,M
22097,M
22098,M
22099,M
22100,M
22101,M
22102,M
22103,M
22104,M
22105,M
22106,M
22107,M
22108,M
22109,M
22110,M
22111,M
22112,M
22113,M
22114,M
22115,M
22116,M
22117,M
22118,M
22119,M
22120,M
22121,M
22122,M
22123,M
34522,F
22125,F
22126,F
22127,F
22128,F
22129,F
34523,F
34524,F
22132,F
22133,F
22135,F
22136,F
22137,F
22138,F
22139,F
22140,F
22141,F
22142,F
22143,F
22144,F
22145,F
22146,F
22147,F
22148,F
22149,F
22150,F
22151,F
22153,F
22154,F
22155,F
22156,F
22157,F
22158,F
22159,F
22160,F
22161,F
22162,F
22163,F
22164,M
22165,M
22166,M
22167,M
22168,M
22169,M
22170,M
22171,M
22172,M
34525,F
22174,M
22175,M
22176,M
22177,M
22178,M
22179,M
22181,M
22182,M
22184,M
22185,M
34526,F
22187,M
22188,M
22189,M
22190,M
22191,M
22192,M
22193,M
22194,M
34527,F
22196,M
22197,M
34528,F
34529,F
22200,M
34530,M
34531,M
22203,M
34532,M
34533,M
22206,M
22207,M
22208,M
22209,M
22210,M
22211,M
22212,M
22213,M
22214,M
22215,M
34534,M
22217,M
22218,M
22219,M
22220,M
22221,M
22222,M
22223,M
22224,M
22225,M
22226,M
34535,M
22229,M
22230,M
22231,M
22232,M
22233,M
22234,M
22235,M
22236,M
22237,M
22238,M
22239,M
22241,M
22242,M
22243,M
22244,M
22245,M
22248,M
22183,M
22227,M
22180,M
22134,F
22152,F
22246,M
22240,M
34536,M
22250,M
34537,M
22252,M
22253,M
22254,M
22255,M
22256,M
22257,M
34538,M
22259,M
22260,M
22261,M
22262,M
22263,M
22264,M
22265,M
22267,F
22268,F
22269,F
22270,F
22271,F
22272,F
22273,F
22274,F
22275,F
22276,F
22277,F
22278,F
22279,F
22280,F
22281,F
22282,F
22283,F
22284,F
22285,F
22286,F
22287,F
34539,M
22289,F
22290,F
22291,F
22292,F
22293,F
22294,F
22295,F
34540,M
22297,F
34541,M
22299,F
22300,F
22301,F
22302,F
22304,F
22305,F
22306,F
22307,F
22308,F
34543,M
22310,F
22311,F
22312,F
22313,F
22314,F
22315,F
22316,F
22318,F
22319,F
22320,F
22321,F
22322,F
22323,F
22324,F
22325,F
22326,F
22328,F
22329,F
22330,F
22331,F
22332,F
22333,F
22334,F
22335,F
22336,F
22337,F
22338,F
22339,F
22340,F
22341,F
22342,F
22343,F
22344,F
19506,F
22346,M
34547,M
22348,M
22349,M
22350,M
22351,F
22352,F
22353,F
22355,F
22356,F
22357,F
22358,F
22359,F
22360,F
22361,F
22362,F
22363,F
22364,F
22365,F
22366,F
22367,F
22368,F
22369,F
22370,F
22371,F
22372,F
22373,F
22374,F
22375,F
22376,F
22377,F
22379,M
22382,M
22383,M
22384,M
22385,M
22386,M
22387,M
22388,M
22389,M
22391,M
22392,M
22393,M
22394,M
22395,M
22396,M
22397,M
34553,M
22399,M
22400,M
22401,M
22402,M
22403,M
22404,M
22266,M
22405,M
22406,M
22407,M
22408,M
22409,M
22410,M
22411,M
22412,M
22413,M
22414,F
22415,F
22416,F
22417,F
22418,F
22419,F
22420,F
22421,F
22422,F
22423,F
22424,F
22425,F
22426,F
22427,F
22428,F
22429,F
22430,F
22431,F
22432,F
22433,F
22434,F
22435,F
22436,F
22437,F
22438,F
22439,F
22440,F
22441,F
22442,F
22443,F
22444,F
22445,F
22446,F
22447,F
22448,F
22449,F
22450,F
22451,F
22452,F
22453,F
22454,F
22455,F
22456,F
22457,F
22458,F
22459,F
22460,F
22461,F
22462,F
22463,F
22464,F
22465,F
22466,F
22467,F
22468,F
22469,F
22471,F
22472,F
22473,F
34555,M
22475,F
34556,M
22477,F
22478,F
22479,F
22480,F
22482,F
22483,F
22484,F
22485,F
22486,F
22487,F
22488,F
22489,F
22490,F
22495,F
22496,F
22497,F
22498,F
22499,F
22500,F
22501,F
22502,F
22503,F
22504,F
22505,F
22506,F
22507,F
22508,F
22509,F
22510,F
22511,F
22512,F
22513,F
22585,F
2289,M
22833,F
22834,F
22835,F
22836,M
22837,M
22838,M
22839,M
22840,M
22841,M
22842,M
22843,M
22844,M
22845,M
22846,M
22847,M
22848,M
22849,M
22851,M
22852,M
22853,M
22854,M
22855,M
22856,M
22857,M
22858,M
22859,M
22860,M
22862,M
22863,M
22864,M
22865,M
22866,M
22867,M
22868,M
22871,F
22872,F
22873,F
22874,F
22875,F
22876,F
22850,M
22861,M
23046,M
23047,M
23048,M
23049,M
23050,M
23052,M
23053,M
23054,M
23055,M
23056,M
23057,M
23058,M
23059,M
34562,M
23061,M
23062,M
23063,M
23064,M
23065,M
23066,M
23067,M
23068,M
23069,F
23070,F
23071,F
23072,F
23073,F
23074,F
23075,F
23076,F
23077,F
23078,F
23079,F
23080,F
23081,F
23082,F
23083,F
23084,F
23085,F
23086,F
23087,F
23088,F
23089,F
23090,F
23091,F
23092,F
23093,F
23094,F
23095,F
23096,F
23097,F
23098,F
23099,F
23100,F
23101,F
23104,M
23105,M
23106,M
23107,M
23108,M
34565,M
23111,M
23112,M
23113,M
23115,M
23116,M
23117,M
23118,M
23119,M
23121,M
23122,M
23123,M
23124,M
34568,M
23126,M
23127,M
23128,M
23129,M
23130,M
23131,M
23132,M
23133,M
23134,M
23135,M
23137,M
23138,M
23139,M
23140,M
23141,M
23142,M
23145,M
23146,M
23147,M
23148,M
23149,M
23150,M
23151,M
23152,M
23153,M
34573,M
23156,M
23157,M
23158,M
23159,M
23160,M
23161,M
23163,M
23164,F
23165,F
23166,F
23167,F
23168,F
23169,F
23170,F
23171,F
23172,F
23173,F
23174,F
23175,F
23176,F
23177,F
23178,F
23179,F
23180,F
23181,F
23182,F
23183,F
23184,F
23185,F
23186,F
23187,F
23188,F
23189,F
23190,F
23191,F
23192,F
34575,M
23194,F
23195,F
23196,F
23197,F
23198,F
23200,F
23201,F
23202,F
23102,M
23203,F
23204,F
23205,F
23206,F
23208,F
23209,F
23210,F
23211,F
23212,F
23213,F
23214,F
23215,F
23216,F
23217,F
23218,F
23219,F
23220,F
23221,F
23222,F
23223,F
23224,F
23225,F
23226,F
34578,M
23228,F
23229,F
23230,F
23232,F
23233,F
23234,F
23235,F
23236,F
23237,F
23239,F
23240,F
23241,F
23242,F
23243,F
34581,M
23245,F
23246,F
23247,F
23248,F
23249,F
23250,F
23251,F
23252,F
23253,F
23254,F
23255,F
23256,F
23257,F
23258,F
23259,F
23260,F
23261,M
23262,M
23263,M
23264,M
23266,M
23267,M
23268,M
23269,M
23271,M
23272,M
34584,M
23274,M
23275,M
23276,M
23277,M
23278,M
23279,M
23280,M
23281,M
23282,M
34585,M
34586,M
23285,M
23286,M
34587,M
23288,M
23289,M
23290,M
34588,M
23292,M
34589,M
23294,M
23295,M
34590,M
23297,M
23298,M
23299,M
23300,M
23301,M
23302,M
34591,M
23304,M
23305,M
34592,M
23307,M
23308,M
23309,M
23310,M
23311,M
23312,M
23313,M
34593,M
23315,M
23316,M
23317,M
34594,F
23319,M
34595,F
23321,M
23322,M
23323,M
23324,M
23325,M
23326,M
23327,M
23328,M
34596,F
23330,M
23331,M
23332,M
34597,F
23335,M
23336,M
23337,M
23338,M
23339,M
23340,M
23341,M
23342,M
23343,M
23344,M
23345,M
23346,M
34598,M
23348,M
23349,M
23350,M
23351,M
23352,M
23353,M
23354,M
23355,F
23356,F
23357,M
23358,M
23333,M
23359,M
34599,M
23362,M
23363,F
23364,F
23365,F
23366,F
23367,F
34600,M
23369,F
34601,M
23371,M
23372,M
23373,M
34602,M
23375,F
23376,M
34603,M
23378,M
34604,M
23380,F
34605,M
34606,M
23383,F
23384,F
34607,M
23386,F
23387,F
23388,F
23389,F
34608,M
23391,F
23393,F
23394,F
34609,M
23396,F
34610,F
23398,F
23399,F
34612,F
23402,F
23404,F
23405,F
23406,F
23407,F
23408,M
34613,F
34614,F
23411,M
23412,M
23413,M
23414,M
23415,M
23416,M
23417,M
23418,M
23419,M
23420,M
23421,M
23422,M
23423,M
23424,M
23425,M
23426,M
23427,M
23428,M
23429,M
23430,M
23431,M
23432,M
23433,M
34615,F
23436,M
23437,M
34617,M
23439,M
23440,M
23441,M
34618,M
34619,F
23444,M
23445,M
23446,M
23447,M
23448,M
23449,M
34620,F
23451,M
23452,M
23453,M
23454,M
23455,M
23456,M
23457,M
23458,M
23459,M
23460,M
23461,M
23462,F
23463,F
23464,F
23465,F
23466,F
23467,F
23468,F
23469,F
34621,M
34622,M
23472,M
23473,M
23474,M
23475,M
23476,M
23477,M
23478,M
23479,M
23480,M
23481,M
23482,M
23483,M
23484,M
23485,M
23486,M
23487,M
23488,M
34623,M
23490,M
34624,M
23492,M
23493,M
23494,M
34625,M
23496,M
23497,M
23498,M
23499,M
23500,M
23501,M
23502,M
23503,M
23504,M
23505,M
23506,M
23507,M
23508,M
23509,M
23510,M
23511,M
23512,M
23513,M
23514,M
23361,M
23403,F
23392,F
23515,M
23516,M
23525,F
23528,F
23532,F
23533,F
34626,F
23537,F
23538,F
23539,F
34627,F
34629,F
34630,F
34631,F
34632,F
34633,M
34635,M
34636,M
34637,M
34638,M
34640,M
34641,M
34642,M
34644,F
34645,M
34648,M
34649,M
34650,M
34651,M
34652,F
34653,F
34654,F
34659,M
34660,M
34661,M
34662,F
34663,F
34664,M
34665,F
34667,F
34670,M
34677,F
34681,F
34682,F
34683,F
34684,M
34685,F
34686,M
34687,F
34688,M
34689,M
34855,F
34856,F
34861,F
34863,F
34872,M
34873,M
34874,M
34879,M
34880,M
34881,M
34675,M
34672,M
34676,M
23517,M
23518,M
23519,M
23520,M
23521,M
23522,M
23523,F
34691,M
23526,F
23527,F
23529,F
23530,F
23531,F
23535,F
23536,F
23540,F
23541,F
23542,F
23543,F
23544,F
23545,F
23546,F
23547,F
23548,F
23549,F
34692,M
23551,F
23552,F
23553,F
23554,F
23555,F
23556,F
23557,F
23558,F
23559,F
23560,F
23561,F
23562,F
23563,F
23564,F
23565,F
23566,F
23567,F
23568,M
23569,M
23570,M
23571,M
23572,M
23573,M
23574,M
23575,M
23576,M
23577,M
23578,M
23579,M
34693,M
23581,M
23582,M
23583,M
23584,M
23585,M
23586,M
23587,M
34694,M
23589,M
23590,M
23591,M
23592,M
23593,M
23594,M
23595,M
23596,M
23597,M
23598,M
23599,M
23600,M
23601,M
34702,M
23603,F
23604,M
23605,M
23606,M
23607,M
23608,M
23609,M
23610,F
34708,F
34709,F
23614,F
23615,F
23616,F
23617,F
23618,F
23619,F
23620,M
23621,M
23622,M
23623,M
23624,M
23625,M
23626,M
34710,M
23628,M
34712,M
23631,M
23632,M
23633,M
23634,M
23635,M
23636,M
23637,M
23638,M
23639,M
23640,M
23641,M
34719,F
23643,F
23644,F
23645,F
23646,F
23647,F
23648,F
23649,F
23650,F
23651,F
23652,F
23653,F
23654,F
23655,F
23656,F
23657,F
23658,F
23659,F
23660,F
23661,F
23662,F
23663,F
23664,F
23666,M
23667,M
23668,M
23669,M
23670,M
23671,M
23672,F
23674,F
23675,F
23676,F
23677,F
23678,F
23679,F
23680,F
23681,F
23682,F
23683,F
23684,M
23685,M
23686,M
23687,M
23688,F
23689,M
23690,M
23691,M
34695,F
23693,M
34696,F
23695,F
23696,M
23697,M
34697,F
23699,M
23700,F
23701,F
23702,M
23703,F
23704,M
23705,M
23706,M
34698,F
23708,F
23709,M
23710,M
23711,F
23712,M
23713,F
23714,F
23715,F
23716,F
23717,F
23718,M
23719,M
23720,M
23721,M
23722,M
23723,M
23724,M
23725,M
23726,M
23727,M
34699,F
34700,F
23730,M
34701,F
34704,M
34705,F
34706,F
34707,F
23736,M
23737,M
23738,M
23739,M
34713,M
23741,M
23742,M
23743,F
23744,F
23745,F
23746,F
23747,F
23748,F
23749,F
23750,F
23751,F
23752,F
23753,F
23754,F
23755,F
23756,F
23757,F
23758,F
23759,F
23760,F
34714,M
23762,M
23763,M
23764,M
23766,M
23767,M
34716,F
34717,F
23770,M
23771,M
23772,M
23773,M
34718,F
23775,M
23776,M
23777,M
23778,M
23779,M
23780,M
23781,M
23782,M
23783,M
23784,M
34724,M
23786,M
34725,M
23788,M
23789,M
23791,M
23792,M
23793,M
23794,M
23795,M
23796,M
23797,M
23798,M
23799,M
23800,M
23801,M
23803,F
23804,M
23805,M
23806,M
23807,M
23808,M
23809,M
23810,M
23811,M
23812,M
23813,M
23814,M
23815,M
23816,M
23817,M
23818,M
23819,M
23820,M
23821,M
23822,M
23823,M
23824,M
23825,M
23826,M
23827,M
23828,M
23829,M
23830,M
23831,M
23832,M
23833,M
23834,M
23835,M
23836,M
23837,M
23838,M
23839,M
23840,M
23841,M
23842,M
23843,M
23844,M
23845,M
34720,F
23847,F
23848,F
23850,F
23851,F
23852,F
23853,F
23854,F
23855,M
23856,M
34722,M
23858,F
23860,F
23861,F
23862,F
23863,M
23864,M
23865,M
23866,M
23867,M
23868,M
23869,M
23870,M
23871,M
23872,M
34728,F
34732,M
23877,M
34735,F
23882,F
34743,M
34746,F
34747,M
34749,M
23888,F
34755,M
34756,F
34766,M
23902,M
4332,M
23905,F
23906,F
23907,F
23908,F
23909,F
23910,F
23911,M
23912,M
23914,M
23915,M
23916,M
23917,M
23918,M
23919,M
23920,M
23921,M
23922,F
23923,F
23924,F
23925,F
23926,M
23927,M
23928,M
23930,M
23934,M
23941,M
23942,M
23944,M
23945,M
23946,M
23947,F
23948,F
23949,F
23950,F
23951,F
23952,F
23953,M
23954,M
23955,F
23956,F
23957,M
23958,F
23959,F
23961,M
23962,M
23963,M
23964,M
23965,M
23966,M
23967,M
23968,M
23969,M
23970,M
23971,M
23972,M
23973,M
23974,M
23975,M
23976,M
23977,M
23978,M
23980,M
23982,M
23983,M
23984,M
23985,M
23987,M
23988,M
23989,M
23990,M
23991,M
23992,M
23993,M
23994,M
23995,M
23996,M
23997,M
23998,M
23999,M
24000,M
24001,M
24002,M
24003,M
23960,M
24004,M
24005,M
24006,M
24007,M
24008,M
24009,M
24010,M
24011,M
24012,M
24013,M
24014,M
24015,M
24016,M
24017,M
24018,M
24019,M
24020,M
24021,M
24022,M
24023,M
24024,M
24025,M
24026,M
24027,M
24028,M
24029,M
24030,M
24031,M
24032,M
24033,M
34726,M
24036,M
34729,F
24038,M
24039,M
24040,M
34730,F
24042,M
24043,M
24044,M
24045,M
24046,M
24047,M
24035,M
34731,F
34737,F
34738,F
34739,F
34740,M
34744,F
34745,F
34751,M
34752,F
34753,F
34754,M
34758,M
34759,F
34760,F
34761,F
34764,M
34765,M
24048,M
24049,M
24050,M
24051,M
24052,M
24053,M
24054,M
24055,M
24056,M
24057,M
24058,M
24059,M
24060,M
24061,M
24062,M
24063,M
24064,M
24065,M
24066,M
24067,M
24068,M
24069,M
24070,M
24071,M
24072,M
24073,M
24074,M
24075,M
24076,M
24078,M
24079,M
24080,M
24081,M
24082,M
24083,M
24084,M
24085,M
24086,M
24087,M
24088,M
24089,M
24090,M
24091,M
24092,M
24093,M
24094,M
24095,M
24096,M
24097,M
24098,M
24099,M
24100,M
24101,M
24103,F
24104,F
24105,F
24106,F
24107,F
24108,F
24109,F
24110,F
24111,F
24112,F
24113,F
24114,F
24115,F
24116,F
24117,F
24118,F
24119,F
24120,F
24121,F
24122,F
24123,F
24124,F
24125,F
24126,F
24127,F
24128,F
24129,F
24130,F
24131,F
24132,F
24133,F
24134,F
24135,F
24136,F
24137,F
24138,F
24139,F
24140,F
24141,F
24142,F
24143,F
24144,M
24145,F
24147,F
24148,F
24149,F
24150,F
24151,F
24152,F
24153,F
24154,F
24155,F
24156,F
24157,F
24158,F
24159,F
24160,F
24161,F
24162,F
24163,F
24164,M
24165,M
24166,M
24167,M
24169,M
24170,M
24171,M
24172,M
24173,M
24174,M
24175,F
24176,F
24177,F
24178,F
24179,F
34770,M
24181,F
24182,F
24183,F
24184,F
24185,F
24186,F
24187,F
34777,M
24189,F
24190,F
24191,F
24192,F
24193,F
24194,F
24195,F
24197,F
24198,F
24199,F
24200,F
24201,F
24168,M
34769,F
34768,F
24205,M
34772,M
24207,M
24208,M
34773,M
24210,M
24212,M
24213,M
24214,M
24215,M
24216,M
24217,M
24218,M
24219,M
24220,M
24221,M
24222,M
24223,M
24224,M
24225,M
24226,M
24227,M
24228,F
24229,F
24230,F
24231,F
24232,F
24233,F
24234,F
24235,F
24236,F
24237,F
24238,F
24239,F
24240,F
24241,F
24242,F
24243,F
24244,F
24245,F
24246,F
24247,F
24248,F
24249,F
24250,F
24251,F
24252,F
24253,F
24254,F
24255,F
24256,M
24257,M
24258,M
34775,F
24260,M
24261,M
24262,M
24263,M
24264,M
24265,M
24266,M
24267,M
24268,M
24269,M
24270,M
24271,M
24272,M
24273,M
24274,M
24276,M
24278,M
24279,M
24280,M
24281,M
24282,M
34776,F
24284,M
24285,M
24286,M
24287,M
24288,M
24289,M
24290,M
34785,F
24292,M
24293,M
24294,M
24295,M
24296,M
24297,M
24298,M
24299,M
24300,M
24301,M
34786,F
24303,M
24304,M
24305,M
34787,M
34789,M
34790,M
24311,M
34798,M
24313,M
34799,F
24315,M
24319,F
24320,F
34804,M
24322,F
24323,F
24324,F
24325,F
24326,F
34805,M
24328,F
24329,F
34806,M
24331,F
34814,F
24333,F
24334,F
24335,F
24336,F
24338,M
34815,M
24340,M
24341,M
24342,M
24343,M
24344,M
24345,M
24346,F
24347,F
24348,F
24349,F
24350,F
24351,F
34816,M
34825,M
24275,M
24355,F
24356,M
24357,M
24358,M
24359,M
24360,F
24361,M
24277,M
24362,F
24363,M
24364,F
24365,F
24366,F
24367,M
24368,M
24369,M
24370,M
34779,F
24372,M
24373,M
24374,M
24375,F
24376,F
24377,M
24378,M
24379,F
24380,F
24381,F
24382,M
24383,M
24384,M
24385,M
24386,F
24387,M
24388,M
24389,F
24390,M
24391,M
34780,F
24393,M
24394,M
24395,M
24396,M
24397,M
24398,M
24399,M
24400,F
24401,M
24402,M
24403,M
24404,M
24405,M
24406,M
24407,M
24408,F
24409,M
24410,F
24411,F
24413,F
34781,F
24415,M
24416,M
24417,M
24418,M
24419,F
34782,F
24421,M
34783,F
34784,F
24425,M
24426,M
24427,M
24428,M
24429,M
24430,F
24431,F
24432,M
24433,F
24434,M
24435,M
34791,M
24437,M
24438,M
24439,M
24440,M
24441,M
24442,M
24443,M
24444,M
24445,M
24446,M
24447,M
24448,M
24449,M
24450,M
24452,M
34792,M
24454,M
24455,F
24456,F
24457,F
24458,M
24459,M
24460,M
24461,M
24462,M
24463,M
24464,M
24465,F
24466,F
24467,M
24468,M
24469,M
24470,M
24471,M
24472,F
24473,M
24474,M
24475,F
24476,F
24477,F
24478,F
24479,F
24480,M
34793,M
24482,M
24483,M
24484,M
34794,M
24486,M
24487,F
24488,F
24489,F
24490,F
24491,F
24492,F
24493,F
24494,F
24495,F
34795,M
24497,F
24498,F
24499,F
24500,F
24501,F
24502,F
24503,F
24504,F
24505,F
24506,F
24507,F
24508,F
24509,F
34796,M
24511,M
24512,M
24513,M
24514,M
24515,M
24516,M
24517,M
24412,F
24424,M
24451,M
24519,M
24520,M
24521,M
24522,M
24523,M
24524,M
24525,M
24526,M
24527,M
24528,M
24529,M
24530,M
24531,F
24532,F
24533,F
24534,F
24535,F
24536,F
24537,M
24538,M
24539,M
24540,M
24541,M
24542,M
24543,M
24544,M
24545,M
24546,M
24547,M
24548,M
24549,M
24550,M
24551,M
24552,M
34797,M
24554,M
24555,M
24556,M
24557,M
24558,M
24559,M
24560,M
24561,M
24562,M
24563,M
24564,F
24565,M
24566,M
5204,F
24567,F
24568,M
24569,M
34800,F
24571,M
24572,F
24573,F
24574,M
24575,M
24576,F
24577,M
24578,M
24579,F
24580,M
24581,M
24582,M
24583,M
24584,M
24585,M
24586,M
24587,M
24588,M
24589,F
24590,F
24591,F
24592,F
24593,F
24594,M
24595,M
24596,M
24597,M
34801,F
24599,M
24600,F
24601,F
24602,F
24603,F
24604,F
24605,F
24606,F
24607,M
24608,M
24609,M
24610,M
24611,M
24612,M
24613,M
24614,M
24615,M
24616,M
24617,M
34802,F
24619,F
24620,M
24621,M
24622,M
24623,F
24624,F
24625,F
24626,F
24627,F
24628,M
24629,M
24630,M
24631,M
24632,M
34803,F
24634,M
24635,M
24636,M
24637,M
24638,M
24639,M
24640,M
34807,M
24642,M
24643,M
24644,M
24645,M
24646,M
24647,M
24648,M
24649,M
24650,M
24651,M
24652,F
34808,M
24654,M
24655,M
24656,F
24658,F
24659,M
24660,F
24661,M
24662,F
24663,M
24664,M
24665,M
24666,F
24667,F
24668,F
24669,M
24670,M
24671,M
24672,M
24673,M
24518,M
24674,M
24675,M
24676,M
24677,M
24678,M
24679,F
24680,F
24681,F
24682,F
24683,F
24684,F
24685,F
24686,M
24687,F
24688,F
24689,F
24690,M
24691,M
24692,M
24693,M
24694,M
24695,M
24696,M
24697,M
24698,M
24699,M
34809,M
24701,M
24702,M
24703,M
24704,M
24705,M
24706,M
24707,M
34810,M
24709,M
24710,M
24711,M
24712,F
24713,F
34811,M
24715,F
24716,F
24717,F
34812,F
24719,M
24720,M
24721,M
24722,F
24723,F
24724,F
24725,F
24726,F
34813,F
24728,F
24729,F
24730,F
24731,M
24732,M
24733,M
24734,M
24735,M
24736,M
24737,M
24738,M
24739,F
34817,M
34818,M
34819,M
34820,M
24744,M
24745,M
24746,M
24747,M
24748,M
24749,M
24750,M
24751,M
24752,M
24753,M
24754,F
24755,F
24756,M
24757,M
24758,M
34821,M
24760,M
24761,M
24762,M
24763,M
24764,M
24765,M
24766,M
24767,M
24768,F
24769,F
24771,F
24772,F
24773,F
24774,M
24775,M
24776,F
24777,M
34823,M
24779,M
24780,M
34824,M
24782,M
34830,F
24784,M
24785,F
24786,F
24787,F
24788,M
24789,M
24790,M
24791,M
24793,F
24794,M
24795,F
24796,M
24798,M
24799,M
24800,M
24802,M
24803,M
24804,F
24805,M
24806,M
24808,M
24809,M
34837,M
24811,M
34838,M
24813,F
24814,F
24815,M
24816,F
24817,F
24818,F
24819,F
24820,M
24821,M
34839,M
34846,F
34847,F
34849,M
34850,M
24828,F
24829,F
24807,M
24831,F
24832,F
24833,M
24834,M
24835,M
24836,M
24837,M
24838,M
24839,M
24840,M
24841,M
24842,M
24843,M
24844,M
24845,M
24846,M
24847,M
24848,M
24849,M
24850,F
24851,F
24852,M
24853,M
24854,M
24855,M
24856,M
24857,M
34827,M
24859,M
24860,M
24861,M
24862,M
24863,M
24864,M
24865,M
34828,M
24867,M
24868,M
24869,M
34831,F
24872,M
24873,M
24874,M
24875,M
24876,M
24877,M
24878,M
24879,M
24881,M
24882,M
24883,M
24884,M
24886,M
24887,M
24888,M
24889,M
24890,M
24891,M
24892,M
24893,M
24894,M
24895,M
24896,M
24897,M
24898,M
24899,M
24900,M
34833,M
24902,M
24903,M
24904,M
24905,M
24906,M
24907,M
24908,M
24909,M
24910,M
24911,M
34840,F
24913,M
24914,M
24915,M
34841,F
24917,M
24918,M
24919,M
24920,M
24921,M
34842,F
24923,M
24924,M
24925,M
24926,M
24927,M
24928,M
24929,M
24930,M
34843,M
24932,M
24934,M
24935,M
24936,F
34845,F
24938,F
24939,F
24940,F
24941,F
24942,F
24943,F
24944,F
24945,F
24946,F
24947,F
24948,F
24949,F
24950,F
24951,F
24952,F
24953,F
24954,F
34851,F
24956,F
24957,F
24958,F
24959,F
24960,F
24961,F
24962,F
24963,F
34852,F
24965,F
24966,F
24967,F
24968,F
24969,F
5708,M
4062,M
24970,M
24971,M
24972,F
24973,F
24974,F
24975,F
24976,M
24977,M
24978,M
24979,M
24980,M
24981,M
24983,M
24984,M
24880,M
24985,M
24986,M
24987,M
34854,F
24989,F
24990,F
24991,F
24992,M
25135,F
24994,M
24995,M
24996,M
24997,M
24998,M
24999,M
25000,M
25001,F
25002,F
25003,F
25004,M
25005,M
25006,M
25007,M
25008,M
25009,F
25010,F
25011,M
25012,M
25013,M
25014,M
25016,M
25017,F
25018,M
25019,F
25021,F
25022,F
25023,M
25024,M
25025,M
25026,M
25027,M
25028,M
25029,M
25030,M
25031,M
25032,M
25033,M
25034,M
25037,F
25039,F
25051,M
25052,F
25054,M
25055,M
25060,F
25061,M
25069,M
25070,M
25071,M
25072,F
25073,M
25074,M
25075,M
25076,M
25077,M
25078,F
25079,F
25080,M
25081,M
25082,M
25083,M
25084,M
25085,M
25086,M
25087,M
25088,M
25089,M
25090,M
25092,M
25093,M
25094,M
25095,F
25096,F
25097,M
25098,F
25099,M
25100,F
25101,F
25102,M
25103,M
25104,M
25105,M
25106,M
25107,M
25108,M
25109,M
25110,M
25111,F
25112,F
25113,F
25114,F
25116,M
25117,M
25118,M
25119,M
25120,M
25121,M
25122,F
25123,F
25124,F
25125,M
25126,M
25127,M
25128,M
25129,M
25130,M
25131,M
25132,M
25133,M
25134,M
25136,F
25137,F
25138,F
25139,F
25140,F
25141,M
25142,M
25143,M
25144,F
25145,M
25146,F
25147,M
25148,M
25149,M
34857,F
25151,M
25153,F
25154,F
25155,M
25156,M
25157,M
25158,M
25159,M
25160,M
34858,F
25163,F
25164,F
25165,M
25166,F
25167,M
25168,F
25169,F
25170,F
25171,M
25172,M
25173,M
25174,M
25175,F
25176,M
25177,F
25178,F
25179,F
25180,M
34859,F
25182,M
25183,M
25184,F
25185,F
25186,F
25188,M
25189,F
25190,M
25191,M
25192,M
25193,M
25194,M
25195,F
25196,F
25197,F
25198,M
25199,M
25200,M
25201,M
25202,M
25203,F
25204,F
25205,F
25206,F
25207,M
25208,M
25209,F
25210,F
25211,F
25212,F
25213,F
25214,F
25215,M
25216,M
25217,M
25218,M
25219,F
25220,F
25221,F
25222,F
25223,M
25224,F
25225,F
25226,F
25227,M
25228,M
25229,M
25230,M
25231,M
25233,M
25234,F
25236,M
25237,F
25238,F
25239,F
25240,M
25241,M
25242,F
25243,F
25244,F
25245,M
25246,M
25247,M
25249,F
25250,F
25251,F
25252,F
25253,M
25254,M
25255,M
25256,M
25257,F
25258,F
25259,M
25260,M
25261,M
25262,M
34866,M
25264,M
25265,F
25266,F
25267,M
25268,M
25269,M
25270,M
25271,M
25272,M
25273,M
25274,M
25275,F
25276,F
25277,F
25278,F
25279,F
25280,M
25281,M
25282,M
25283,M
25284,M
25285,M
25286,M
25287,F
25288,F
25289,F
25290,M
25291,M
25292,M
25293,M
25294,F
25295,F
25296,F
25297,F
25298,M
25299,F
25300,F
25301,F
25302,M
25303,M
25304,M
25305,M
25306,M
34868,M
34869,M
34870,M
34876,M
34877,M
25310,M
25312,M
25314,F
25315,M
25319,F
25372,F
25318,M
34767,F
25465,F
25326,M
25328,M
25331,F
25332,F
25333,F
25334,F
25336,F
25337,F
25338,F
25339,F
25340,F
25341,F
25342,F
25343,F
25344,M
25345,M
25346,M
25347,M
25348,F
25349,F
25350,F
25351,F
25352,F
25353,F
25354,F
25355,F
25356,F
25357,F
25358,F
25359,F
25360,F
25361,F
25362,M
25363,M
25364,M
25365,M
25382,M
25390,F
25391,F
25392,F
25393,M
25394,M
25395,M
25396,F
25397,F
25398,F
25399,F
25400,M
25401,M
25402,M
25403,M
25404,M
25405,M
25406,M
25407,M
25408,M
25409,M
25410,M
25411,F
25412,F
25413,F
25414,F
25415,M
25418,M
25419,M
25420,M
25421,F
25422,F
25423,M
25425,M
25426,F
25427,F
25436,F
25437,M
25438,F
25439,M
25441,M
25442,M
25443,M
25444,M
25445,M
25447,M
25448,M
25449,M
25450,M
25451,F
25452,F
25453,F
25455,F
25456,F
25457,F
25458,F
25459,F
25460,F
25461,F
25462,F
25463,F
25464,F
25466,F
25467,F
25468,F
25470,M
25471,M
25472,M
25473,M
25474,M
25475,M
25476,M
25477,M
25478,M
25383,M
25480,M
25481,M
25482,M
25483,M
25484,M
25485,M
25486,M
25487,M
25488,M
25489,M
5925,M
25491,M
25493,M
25494,M
25495,M
19768,M
25497,M
19769,M
25499,M
25501,M
25502,M
25503,M
25504,M
25505,M
25506,F
25507,F
25508,F
25509,M
25510,M
25511,M
25512,M
25513,M
25514,M
25515,M
25516,M
25517,M
25518,M
25519,M
25520,M
25521,M
25522,M
25523,M
25524,M
25525,M
25526,M
25527,M
25528,M
25529,M
25530,M
25531,M
19770,M
25533,M
25534,M
19771,M
25536,M
25537,M
25538,M
25539,M
25540,M
25541,M
25542,M
25543,M
25544,M
25545,M
25546,M
25547,M
25548,M
19772,M
25550,M
25551,M
25552,M
25553,M
25554,M
25555,M
25556,M
19773,M
25558,M
25559,M
25560,M
25561,M
25562,M
25563,M
25564,M
25565,M
25566,M
25567,M
25568,M
25569,M
25570,M
25571,M
25572,M
25573,M
25574,M
25575,M
25578,F
25579,F
25580,F
25581,F
25582,F
25583,F
25584,F
25585,F
25586,F
25587,F
25588,F
25589,F
25590,F
25591,F
25592,F
25593,F
25594,F
25595,F
25596,F
25597,F
25598,F
25599,F
25600,F
25601,F
25602,F
25603,F
25604,F
25605,F
25606,F
25607,F
25608,F
25609,F
25610,F
25611,F
25612,F
25613,F
25614,F
25615,F
25616,F
25617,F
25618,F
25619,F
25620,F
25621,F
25622,F
25624,F
25625,F
25626,F
25627,M
25628,M
25629,M
25630,M
25632,M
25633,M
25634,M
25635,F
25500,M
25492,M
25636,F
25637,M
19803,M
25639,M
25640,M
25641,F
25642,F
25643,M
21106,F
25645,M
25646,F
25647,M
21404,M
25649,M
25650,M
25651,M
25652,M
25653,M
25654,M
25655,M
25656,M
25657,F
25658,M
25659,M
25660,F
25661,F
25662,F
25663,F
25664,M
25665,M
25666,F
25667,M
25668,M
25669,F
25670,F
25671,F
25672,M
25673,M
25674,M
25675,F
25676,M
25677,M
25678,F
25679,M
25680,M
25681,F
25682,M
21405,M
25685,M
21406,M
25687,F
25688,M
25689,M
21407,M
25691,F
21408,M
25693,F
25549,M
21409,M
21410,M
21411,M
21412,M
21413,M
21414,M
21415,M
21416,M
21417,M
21418,M
21419,M
21420,M
21421,M
21422,M
21423,M
21424,M
21425,M
21426,M
22491,F
22492,F
22493,F
22494,F
24310,M
24316,M
24317,M
24318,M
24337,F
25152,M
25161,M
25235,F
25248,M
25307,M
25684,F
25700,M
25701,M
25702,M
25703,M
25704,M
25705,M
25706,M
26086,F
25707,M
25708,M
25709,M
25710,M
12734,F
25730,M
25732,M
25740,M
25722,M
25724,M
25848,M
9819,M
25780,M
25781,M
25784,M
25814,M
25849,M
25850,F
25851,M
25852,M
25853,M
25854,M
25855,M
25856,M
25857,M
25858,M
25859,M
25861,M
25862,M
25863,M
25864,M
25865,M
25866,M
25867,F
25869,M
25870,F
25871,F
25872,M
25874,F
25875,F
25876,M
25877,F
25878,M
25879,F
25880,F
25881,M
25882,M
25883,F
25884,F
25885,F
25886,M
25887,M
25888,M
25817,M
25819,M
25790,M
25793,M
25800,M
25825,M
25801,M
25778,M
25776,M
25804,M
25980,M
25892,M
25893,F
25894,M
26008,M
25897,M
34885,M
25899,M
25900,M
25901,F
25902,F
25903,M
25904,M
25905,M
25906,M
25907,M
25908,M
25909,M
25910,M
25911,M
25913,M
25915,M
25916,M
25918,M
25919,F
25921,M
25922,M
25925,M
25927,F
25947,M
25979,M
25993,M
25994,F
25995,M
25996,M
25997,M
25998,M
25999,F
26000,M
26001,M
26002,F
26003,F
26004,F
26005,M
26006,M
26007,M
26009,F
26010,M
26011,M
26012,M
26013,F
26014,F
26015,F
26019,M
26020,M
26021,M
26022,M
26023,M
26024,M
26025,M
26026,M
26028,M
26029,M
26030,M
26031,M
26032,M
26033,M
26034,M
26035,M
26036,M
26037,M
26038,M
26039,M
26040,F
26041,M
26042,M
26043,M
26044,M
26045,M
26046,F
26047,F
26048,M
26049,M
26050,M
26051,M
26052,M
26053,M
25990,M
26054,F
26055,F
26056,F
34887,F
26061,F
26062,F
34888,M
26064,M
34889,F
26067,M
26068,M
34894,M
26070,M
26071,M
26072,M
26073,M
26074,F
26075,M
26076,M
26077,M
26078,M
26079,M
26081,F
26082,F
26083,F
26084,F
26085,F
26058,M
26060,M
34896,M
34905,M
34906,M
34907,M
34908,M
34910,M
34921,M
26088,M
26089,M
26090,M
26091,M
26092,M
26093,M
26094,M
26095,M
26096,M
26097,M
26098,M
26099,M
26100,M
26114,M
26102,M
26103,M
26115,M
26116,M
26106,M
26107,M
26108,M
26109,M
26110,M
26147,M
26112,M
26113,M
26117,M
26118,M
26119,M
26120,M
26121,F
26122,F
26123,F
26124,F
26125,F
26126,F
26127,F
26128,F
26129,F
26130,F
26131,F
26132,F
26133,F
26135,F
26136,M
26148,M
26138,M
26139,M
26155,M
26143,M
26144,M
26145,M
26146,M
26150,F
26151,F
26153,M
26154,F
26156,M
26157,M
26158,M
26159,M
26160,F
26161,M
26162,M
26163,F
26164,M
26165,M
26166,M
26167,M
26168,M
26171,M
26172,M
26173,M
26174,M
26175,M
26177,M
34911,F
26179,M
26180,M
26181,M
26182,M
26183,M
26184,M
34922,M
26186,M
26187,M
26188,M
26189,M
26190,M
26191,F
26192,F
26193,F
26194,F
26195,F
26196,F
26197,F
26198,F
26199,F
34923,F
26201,F
26202,F
26203,F
26204,F
26205,F
26206,F
26207,F
26208,M
26209,M
26210,F
26211,F
26212,M
26213,M
26214,M
34924,F
26216,M
34925,M
34926,M
34927,M
34928,F
26221,M
26222,M
26223,M
26224,M
26225,M
26226,F
26227,F
26228,F
26229,F
26230,M
26231,M
26232,M
26233,M
26234,M
26235,F
26236,F
26237,M
26238,M
26239,M
26240,M
26241,M
26242,M
26243,M
26244,M
26245,M
26246,M
26169,M
26176,M
26170,M
26134,F
26247,M
26249,M
26250,M
26251,M
26252,M
26253,M
26254,M
26258,M
26259,M
26263,M
26264,M
26265,M
26271,M
26272,M
26273,M
26276,M
26277,M
26278,M
26284,M
26286,M
26287,M
26304,M
26297,M
26299,M
26300,M
26301,M
26302,M
26305,M
26308,M
26309,M
26311,M
26312,M
26313,F
26314,F
26315,F
26316,F
26317,F
26318,F
26319,F
26332,F
26333,F
26338,F
26339,F
26340,F
26343,F
26344,F
34902,F
34903,M
34904,M
34917,F
34919,M
34920,M
26248,M
26255,M
26256,M
26257,M
26260,M
26261,M
26262,M
26266,M
26381,M
26268,M
26269,M
26270,M
26274,M
26275,M
26280,M
26281,M
26282,M
26283,M
26285,M
26288,M
26289,M
26290,M
34901,M
26292,M
26294,M
26295,M
26296,M
34912,M
26306,M
26307,M
26310,M
26320,F
26321,F
26322,F
26323,F
26325,F
26326,F
26327,F
26328,F
26329,F
26330,F
26331,F
26334,F
26335,F
26336,F
26337,F
26341,F
26342,F
26345,F
26346,F
26347,F
26348,F
26349,F
26350,F
26351,F
26352,F
26353,F
26354,F
26355,M
26356,M
26357,M
34913,M
26359,M
26360,M
26361,F
26362,M
26363,M
34914,F
26365,M
26366,M
26367,F
26368,M
26369,M
26370,M
26371,M
26372,M
26373,M
26374,M
26375,M
26376,M
26377,M
26378,F
26379,M
26380,M
26382,M
26383,M
26384,F
26385,M
26386,M
26387,M
26388,M
26389,F
26390,F
26391,F
26392,M
26393,F
26394,M
26395,M
34915,F
26397,M
26398,M
26399,M
26400,M
26401,M
26402,M
26403,M
26404,F
26405,F
26406,F
26407,M
26408,M
26409,M
26410,M
26411,M
26412,M
26413,M
26414,M
26415,M
26416,M
26417,M
26418,M
26419,M
26421,M
26422,M
26423,M
26424,M
26425,F
26426,F
26427,F
26428,F
26429,F
26430,F
26431,M
26432,M
26433,M
26434,M
26435,F
26436,M
26437,M
26438,F
26439,F
26440,F
26441,F
26442,M
26443,M
26444,M
26445,M
26446,F
26420,M
26324,F
34916,F
34937,F
26448,F
26449,F
26450,M
26451,M
26452,M
26453,M
26454,M
26455,F
26456,F
26457,F
26458,F
26459,F
26460,M
26461,M
26462,M
26463,M
26464,M
34929,F
26466,M
26467,M
26468,M
26469,M
26470,M
26471,M
34930,F
26474,M
26475,M
34931,F
34932,F
26478,F
26479,F
26480,F
26481,F
26482,M
26483,M
26484,F
26485,F
34933,F
26487,M
26489,F
26490,M
26491,M
34935,M
26493,M
26494,F
26495,F
26496,F
26497,M
34936,M
26499,M
26501,F
26502,M
26503,M
26504,M
26505,M
26506,M
26507,M
26508,M
26509,M
26510,M
26511,M
26512,M
26513,M
26515,M
26516,F
26517,F
26518,F
26519,M
26520,M
26521,M
26522,M
26523,M
26524,M
26525,M
26526,M
26527,M
26528,M
26529,F
26530,F
26531,F
26532,M
26533,M
26534,M
26535,M
26536,M
26537,M
26538,F
26539,F
26540,M
26541,M
26542,F
26543,M
26544,M
26546,M
26548,M
26549,M
26550,M
26551,M
26552,M
26553,M
26554,M
26555,M
26556,F
26557,F
26558,F
26559,F
26560,F
26562,F
26563,F
26564,F
26565,F
26566,F
26567,F
26568,F
26569,F
26571,F
26572,F
26573,F
26574,M
26575,M
26576,M
26577,M
26578,M
26579,M
26580,M
26581,M
26582,M
26583,M
26584,M
26586,M
26587,M
26588,M
26589,M
26590,M
26591,M
26592,M
26593,M
26594,M
26595,M
26596,M
26597,M
26598,M
26599,M
26600,M
26601,M
26602,M
26603,M
26604,M
26605,M
26606,M
26608,M
1,M
26472,M
26611,F
26612,F
34941,M
26617,M
26618,M
26619,M
26620,M
26621,F
26622,F
26624,F
26625,F
26626,M
26629,M
26633,F
26637,M
26638,M
26639,F
26640,F
26641,F
26642,F
26643,F
26644,F
26645,F
26646,F
26647,F
26648,F
26649,F
26650,F
26652,F
26653,F
26654,F
26655,F
26656,F
26658,F
26659,M
26660,M
26661,M
26662,M
26663,M
26664,M
26665,M
26666,M
26667,M
26668,M
26669,M
26670,M
26671,M
26672,M
26673,M
26674,M
26675,M
26676,M
26677,M
26678,M
26679,M
26680,M
26681,M
26682,M
26683,M
26684,M
26685,M
26686,M
26687,M
26688,M
26690,M
26691,M
26692,M
26693,M
26694,F
26695,F
26696,M
26697,M
26698,M
26699,M
26700,M
26702,M
26703,M
26704,M
26705,M
26706,M
26707,F
26708,F
26709,F
26711,F
26712,F
26713,F
26714,F
26715,F
26716,F
26717,F
26718,F
26719,F
26720,F
26721,F
26722,F
26724,F
26725,F
26726,F
26727,F
26728,M
26729,M
26730,M
26731,M
26732,M
26733,M
26734,M
26736,M
26738,M
26739,M
26740,M
26741,M
26742,M
26743,M
26744,M
26745,M
26746,M
26747,M
26748,M
26749,M
26750,M
26751,M
26752,M
26753,M
26754,M
26755,M
26756,M
26757,M
26758,M
26759,M
26760,M
26761,M
26762,M
26764,M
26765,M
26766,M
26767,M
26768,M
6345,M
26769,M
26770,F
26771,F
26772,M
26773,M
26774,M
26775,F
26776,M
26777,M
26778,M
26779,M
26780,F
26781,M
26627,M
26782,M
15250,F
26784,M
26785,M
26786,M
26788,M
26789,F
26791,M
26792,F
26794,M
26795,M
26796,M
26797,M
26798,M
26799,M
26800,M
26801,M
26802,M
26803,M
26804,M
26805,M
26806,M
26807,M
26808,F
26809,F
26810,M
26811,M
26812,F
26813,F
26815,F
26816,F
26817,M
26819,M
26820,M
26821,M
26822,M
26823,F
26824,F
26825,F
26826,F
26827,F
26828,F
26829,F
26830,F
26831,F
26832,F
26833,F
26834,F
26835,M
26837,M
26838,M
26839,M
26840,M
26841,M
26842,M
26843,M
26844,M
26845,M
26846,M
26847,M
26848,M
26849,M
26850,M
26851,M
26852,F
26853,M
26854,F
26855,F
26856,F
26857,F
26858,F
26859,F
26860,F
26861,F
26862,M
26863,M
26864,M
26865,M
26866,M
26867,F
26868,F
26869,M
26870,M
26871,F
26872,F
26873,F
26874,F
26875,F
26876,F
26877,F
26878,F
26879,F
26880,F
26881,F
26882,F
26883,F
26884,F
26885,F
26886,F
26888,M
26889,M
26890,M
26891,M
26892,M
26893,M
26894,M
26895,M
26897,F
26898,F
26899,F
26900,F
26901,F
26902,M
26903,M
26904,M
26905,M
26906,M
26907,M
26908,M
26909,M
26910,M
26911,M
26912,M
26915,M
382,M
26916,F
26917,M
26918,M
26919,M
26920,M
26921,M
26922,M
26923,M
26924,M
26925,M
26926,F
26927,F
26928,F
26929,F
26930,F
26931,M
26932,M
26933,M
26934,M
26935,F
26936,F
26836,M
26818,M
26937,F
26938,F
26939,F
14012,M
26944,F
26945,F
26946,F
26948,F
26949,F
26952,F
26953,F
26955,F
26956,F
26957,F
26958,F
26959,F
26960,F
26961,F
26962,F
26964,F
26965,F
26968,M
26969,M
26985,M
26986,M
26987,M
26988,M
26989,M
26940,F
26941,F
26942,F
26947,F
26950,F
26951,F
26963,F
26966,M
26967,M
26970,M
26971,M
26972,M
26973,M
26974,M
26975,M
26976,M
26977,M
26978,M
26979,M
26980,M
26981,M
26982,M
26983,M
26984,M
26990,F
26991,M
26992,M
26993,M
26994,M
26995,M
26996,M
26997,M
26998,M
26999,M
27001,M
27002,M
27003,M
27004,M
27005,M
27006,M
34949,F
27008,M
27009,M
27010,M
27011,M
27012,M
27013,M
27014,M
27015,M
27016,M
27017,M
27018,M
27000,M
27020,M
27021,M
27022,M
27023,M
27024,M
27025,M
27026,M
27027,M
27028,M
27029,M
27030,M
27031,M
27032,M
27033,M
27034,M
27035,M
27036,M
27037,M
27038,M
27039,M
27040,M
27041,M
27042,M
27043,M
27044,M
27045,M
27046,M
27047,F
27048,F
27049,F
27050,F
27051,F
27052,F
27053,F
27054,F
27055,F
27056,F
27057,F
27058,F
27059,F
27060,F
27061,F
27062,F
27063,F
27064,F
27065,F
27066,F
27067,F
27068,F
27069,F
27070,F
27071,F
27072,F
27073,F
27074,F
27075,F
27076,M
27077,M
27078,M
27079,M
27080,M
27081,M
27082,M
27083,M
27084,M
27085,M
27086,M
27087,M
27088,M
27089,M
27090,M
27091,M
27092,M
27093,M
27094,M
27095,M
27096,M
27098,M
27099,M
27100,F
27101,F
27102,F
27103,F
27104,F
27105,F
27106,F
27107,F
27108,F
27109,M
27110,M
27111,M
27112,M
27113,M
27114,M
27115,M
27116,M
27117,M
27118,M
27119,M
27120,M
27121,M
27097,M
27122,M
27123,M
34950,F
27125,M
27126,M
27128,M
27129,M
27130,M
27131,M
27132,M
27133,M
27134,M
27135,M
27136,M
27137,M
27138,M
27139,M
27140,M
27141,M
27142,M
27143,M
27144,M
27145,F
27146,F
27147,F
27148,F
27149,F
27150,F
27151,F
27152,F
27153,F
27154,F
27155,F
27156,F
27157,F
27158,F
27159,F
27160,F
27161,F
27162,F
27163,F
27164,F
27165,F
27166,F
27167,F
27168,F
27169,F
27170,F
27171,F
27172,F
27173,F
27174,F
27175,M
27176,M
27177,M
27178,F
27179,F
27180,F
27181,F
27182,F
27183,M
27185,M
27186,M
27188,F
27189,F
27190,F
27191,F
27192,F
27193,F
27195,F
27196,F
27197,F
27198,F
27199,F
27200,F
27201,F
27202,M
27203,M
27204,M
27205,M
27206,M
27207,M
27208,M
27209,M
27210,M
27211,M
27212,M
27213,M
27214,M
27215,M
27216,M
27217,M
27218,M
27219,M
27220,M
27221,M
27222,M
27223,M
27224,M
27225,F
27226,F
27227,M
27228,F
27229,F
27230,F
27231,F
27232,F
27233,F
27234,F
27235,M
27236,M
27238,M
27239,M
27240,M
27241,M
27242,F
27243,F
27244,F
27245,F
27246,F
27247,F
27248,F
27249,F
27250,F
27251,F
27252,F
27253,F
27254,F
27255,F
27256,F
27257,F
27258,F
27259,F
27260,F
27261,F
27262,F
27263,F
27264,F
27265,F
27266,F
27267,F
27268,F
27269,F
27270,F
27271,F
27272,F
27273,F
27274,F
27275,F
27276,F
27277,F
27237,M
27278,F
27279,F
27290,F
27295,M
27296,M
27297,M
27299,M
27302,M
27304,M
27305,M
27306,M
27313,M
27314,M
27315,M
27317,M
27318,M
27321,M
27322,M
27298,M
34951,F
27280,F
27281,F
27282,F
34952,F
27284,F
27285,F
27286,F
27287,F
27288,F
27289,F
27291,F
27292,F
34953,F
27294,M
27300,M
27301,M
27303,M
27307,M
27308,M
27309,M
27310,M
27311,M
27312,M
27316,M
27319,M
27320,M
27323,F
27324,F
27325,M
27326,M
27327,M
27328,M
27329,M
27330,M
27331,F
27332,F
27333,F
27334,F
27335,F
27336,F
27337,F
27338,F
27339,F
27340,F
27341,F
27342,F
27343,F
27344,F
27345,F
27346,F
27347,F
27348,F
27349,F
27350,F
27351,F
27352,F
27353,F
27354,F
27355,F
27356,F
27357,F
27359,F
27360,F
27361,F
27362,F
27363,F
27364,F
27365,F
27366,F
27367,F
27368,F
27369,F
27370,F
27371,F
27372,M
27373,M
27374,M
27375,M
27376,M
27377,M
27378,M
27379,M
27380,M
27381,M
27382,M
27383,M
27384,M
27385,M
27386,M
27387,M
27388,M
27389,M
27390,M
27391,M
27392,M
27393,M
27394,M
27395,M
27396,M
27397,M
27398,M
27399,M
27400,M
27401,M
27402,M
27403,M
27404,M
27405,M
27406,M
27407,M
27408,M
27409,M
27410,M
27411,M
27412,M
27413,M
27414,M
27415,M
27416,F
27417,F
27418,F
27419,F
27420,F
27421,F
27422,F
27423,F
27424,F
27425,F
27426,F
27427,F
27428,F
27429,F
27430,F
27431,F
27432,F
27433,F
27434,F
27435,F
27436,F
27437,F
27438,F
27439,F
27440,F
27441,F
27442,F
27443,M
27444,M
27445,M
27446,M
27447,M
27448,M
27449,M
27450,M
27451,M
27452,M
27453,M
27454,M
27455,M
27456,M
27457,M
27458,M
27459,M
27460,M
27461,M
27462,M
27463,M
27468,M
27478,M
27479,M
27480,M
27481,M
27482,M
27483,M
34955,F
34956,M
34957,M
34959,F
34964,M
27464,M
27465,M
27466,M
27467,M
27469,M
27470,M
27471,M
27472,M
27473,M
27474,M
27475,M
27476,M
27477,M
27484,M
27485,M
27486,M
27487,M
27488,M
27489,M
27491,M
27492,M
27493,M
27494,M
27495,M
27496,M
27497,M
27498,M
27499,M
27501,M
27502,M
27503,M
27504,M
27505,M
27506,M
27507,M
27508,M
27509,M
27510,M
27511,M
27512,M
27513,M
27514,M
27515,M
27516,M
27517,M
27518,M
27519,F
27520,F
27521,F
27522,F
27523,F
27524,F
27525,F
27526,F
27527,F
27528,F
27529,F
27530,F
27531,F
27532,F
27533,F
27534,F
27535,F
27536,F
27537,F
27538,F
27539,F
27540,F
27541,F
27542,F
27543,F
27544,F
27545,F
27546,M
27547,M
27548,M
27549,M
27550,M
27551,M
27552,M
27553,M
27554,M
27555,M
27556,M
27557,M
27558,M
27559,M
27560,M
27561,M
27562,M
27563,M
27564,M
27565,M
27566,M
27567,M
27568,M
27569,M
27570,M
27572,M
27573,M
27574,M
27576,M
27577,M
27578,M
27579,M
27580,M
27581,M
27582,M
27583,M
27584,M
27585,M
27586,M
27587,M
27588,M
27589,M
27591,M
27592,M
27593,M
27594,M
27595,M
27596,M
27597,M
27598,M
27599,M
27600,M
27601,F
27602,F
27603,F
27604,F
27605,F
27606,F
27607,F
27608,F
27609,F
27610,F
27611,F
27612,F
27613,F
27614,F
27615,F
27616,F
27617,F
27618,F
27619,F
27620,F
27621,F
27622,F
27623,F
27624,F
27625,F
27626,F
27627,F
27575,M
34968,M
27628,F
34970,F
34971,F
34972,M
27629,F
27630,F
27631,F
27632,F
27633,F
27634,F
27635,F
27636,F
27637,F
27638,F
27639,F
27640,F
27641,F
27642,F
27643,F
27644,F
27645,F
27646,F
27647,F
27648,F
27649,F
27650,F
27652,F
27653,F
27654,F
27655,F
27656,F
27657,F
27658,F
27659,F
27660,F
27661,F
27662,F
34973,M
34974,M
27665,F
27666,F
27667,F
27668,F
27669,F
27670,F
27671,F
27672,F
27673,F
27674,F
27675,F
27676,F
27678,F
34975,M
27680,F
27681,F
27682,F
27683,F
27684,F
27685,F
27686,F
27687,F
27688,F
27689,M
27690,M
27691,M
27692,M
27693,M
27694,M
27695,M
27696,M
27697,M
27698,M
27699,M
27700,M
27701,M
27702,M
27703,M
27704,M
27705,M
27707,M
27708,M
27709,M
27710,M
27711,M
27712,M
27714,M
27715,M
27716,M
27717,M
27718,M
27719,M
27720,M
27721,M
27722,M
27723,M
27724,M
27725,M
27726,M
27728,M
27729,M
27730,M
27731,M
27732,M
27733,M
27734,M
27736,M
27738,M
27739,M
27740,M
27741,M
27742,M
27743,M
27744,M
27745,M
27746,F
27747,F
27748,F
27749,M
27750,M
27751,M
27752,M
27753,M
27754,F
27755,M
27756,M
27757,M
27758,M
27759,M
27760,F
27761,F
27762,M
27763,M
27764,M
27765,M
27766,M
27767,F
27768,F
27769,F
27770,F
27771,F
27772,F
27773,F
27774,F
27775,F
27776,F
27777,F
27778,F
27779,F
27780,F
27781,F
27782,F
27783,F
27784,F
27785,F
27706,M
27735,M
27713,M
27677,F
27651,F
27727,M
27786,F
27788,F
27789,F
27791,F
27792,F
27793,F
27794,F
27797,F
27799,F
27800,F
27801,F
27802,F
27803,F
27805,F
34976,M
34977,M
34978,F
34979,M
27787,F
27790,F
27795,F
27796,F
27798,F
27804,F
27806,F
8343,F
27808,F
27809,F
27810,F
27811,F
27812,F
27813,F
27814,F
27815,F
27816,F
27817,F
27818,F
27819,F
27820,F
27821,F
27822,F
27823,F
27824,F
27825,F
27826,F
27827,F
27828,F
27829,F
27830,F
27831,F
27832,F
27833,F
27834,F
27835,F
27836,F
27837,F
27838,F
27839,F
27840,M
27841,M
27842,M
27843,M
27844,M
27845,M
27846,M
27847,M
27848,M
27849,M
27850,M
27851,M
27852,M
27853,M
27854,F
27855,F
27856,F
27857,F
27858,F
27859,F
27860,F
27861,F
27862,F
27863,F
27864,F
27865,F
27866,F
27867,F
27868,F
27869,F
27870,F
27871,F
27872,F
27873,F
27874,F
27875,F
27876,F
27877,M
27879,M
27880,M
27881,M
27882,M
27883,M
27884,M
27885,M
27887,M
27888,F
27889,F
27890,F
27891,F
27892,F
27893,F
27894,F
27895,F
27896,F
27897,F
27898,F
27899,F
27900,F
27901,F
27902,F
27903,F
27904,F
27905,M
27906,M
27907,M
27908,M
27909,M
27910,M
27911,M
27912,M
27914,M
27915,M
27916,M
27917,M
27918,M
27919,M
27920,M
27921,M
27922,M
27923,M
27924,M
27925,M
27926,M
27927,M
27928,M
27929,M
27930,M
27931,F
27932,F
27933,F
27934,F
27935,F
27936,F
27937,F
27938,F
27939,F
27940,F
27941,F
27942,F
27943,F
27944,F
27945,F
27946,F
27947,F
27948,F
27949,M
27951,M
27952,M
27953,M
27954,M
27878,F
34980,F
27956,M
34981,F
27958,M
27959,M
27960,M
27961,M
27962,M
27963,M
27964,M
27965,F
27966,F
27967,F
27968,F
27969,F
27970,F
27971,F
27972,F
34982,F
34983,F
27975,F
27976,M
27977,M
27978,M
27979,M
27980,M
27981,M
27982,M
27983,M
27984,M
27985,M
27986,M
27987,M
27988,M
27989,M
34984,F
27991,M
27992,M
34985,F
27994,M
27995,M
27996,M
27997,M
27998,M
27999,M
28000,M
28001,M
28002,M
28003,M
28004,M
28005,M
28006,M
28007,M
28008,M
34986,F
28010,M
28011,M
28012,M
28013,M
28015,M
28016,M
34987,F
28018,F
28019,F
28020,F
28021,F
28022,F
28023,F
28024,F
28025,F
28026,F
28027,F
28028,F
28029,F
28030,F
28031,F
28032,F
28033,F
28034,F
28035,F
28036,F
28037,F
34988,F
28039,F
28040,F
34989,F
28042,F
28043,F
28044,F
28045,F
28046,F
28047,F
28048,F
34990,F
28050,F
28051,F
28052,M
28053,M
34991,F
28055,M
28056,M
28057,M
28058,M
28059,M
28060,M
28062,M
28063,M
28064,M
28065,M
28067,M
28068,M
28069,M
28070,M
28071,M
28072,M
28076,M
28077,M
28079,M
28080,F
28081,M
28082,M
28083,M
28084,M
28085,F
28086,F
28087,M
28088,M
28089,M
28090,M
28091,M
28092,M
28093,M
28094,M
28095,M
28096,M
28097,M
28098,M
28099,M
28100,M
28101,M
28102,M
28103,M
28104,M
28105,M
28106,M
28107,M
28108,M
28109,M
28110,M
28014,M
28075,M
28111,M
28114,M
34992,M
28117,M
28122,M
28124,M
28128,M
28134,M
28135,M
28138,M
34993,M
28141,M
28142,M
28144,M
28148,M
28149,M
28150,M
28151,M
34994,M
28153,M
28158,M
28162,M
28163,M
28164,M
28165,M
28166,M
28168,M
28169,M
28170,M
28173,M
28174,M
28178,M
28179,M
28180,M
28187,M
28189,M
28192,M
28194,M
28195,M
28197,M
28198,M
28200,M
28203,M
28204,M
28205,M
28206,M
28207,M
28208,M
28212,M
28213,M
28215,M
28216,M
28217,M
28222,M
28224,M
28225,M
28227,M
28232,M
28234,M
28235,M
34995,M
28133,M
28112,M
28113,M
28115,M
28118,M
28119,M
28120,M
28121,M
28123,M
28125,M
28126,M
28127,M
28129,M
28130,M
28131,M
28132,M
28136,M
28137,M
28140,M
28143,M
28145,M
28146,M
28147,M
28154,M
28155,M
28156,M
28157,M
28159,M
28161,M
28167,M
28171,M
28172,M
28175,M
28176,M
28181,M
28182,M
28183,M
28184,M
28185,M
28186,M
28188,M
28190,M
28191,M
28193,M
28199,M
28201,M
28202,M
28209,M
28210,M
28211,M
28214,M
28218,M
28219,M
28220,M
28221,M
28223,M
28226,M
28228,M
28229,M
28230,M
28231,M
28233,M
28236,M
28237,M
28238,M
28239,M
28240,M
28241,M
28242,M
28243,M
28244,F
28245,F
28246,F
28247,F
28248,M
28249,M
28250,M
28251,M
28177,M
28253,F
28254,F
28160,M
28256,F
28257,M
28258,M
28259,M
28260,F
34996,M
34997,F
28263,F
34998,F
28265,F
28266,F
28267,F
28268,F
28269,F
28270,F
28271,F
28272,F
28273,F
28275,F
28276,F
28277,F
28278,F
28279,F
28280,F
28281,F
28282,F
28283,F
28284,F
28285,F
28286,F
28288,F
28289,F
28290,M
28291,M
28292,M
28294,M
28295,M
28296,M
28297,M
28298,M
28299,M
28300,M
28301,M
28302,M
28303,M
28304,M
28305,M
28307,M
28308,M
28310,M
28313,M
28314,M
28315,M
28316,M
28318,M
28319,M
28321,M
28322,M
28323,M
28325,M
28326,M
28327,M
28312,M
28196,M
28328,M
28329,M
28330,M
28331,M
28332,M
28333,F
28334,F
28335,F
28336,F
28337,F
28338,F
28339,F
28340,F
28341,F
28342,M
28343,M
28344,M
28345,M
28346,M
28347,F
28348,F
28349,M
28350,M
28351,M
28352,M
28353,F
28354,F
28355,F
28356,F
28357,F
28358,F
28359,F
28360,M
28361,M
28362,M
28363,M
28364,M
28365,M
28366,M
28367,M
34999,F
28369,M
28370,F
28371,F
28372,M
28373,M
28374,M
28375,M
28376,F
28377,F
28378,M
28379,M
28380,M
28381,M
28382,M
28383,F
28384,M
28386,M
28387,M
28389,F
28390,M
28391,M
28392,M
28393,M
28394,F
28395,F
28396,F
28397,F
28398,F
28399,F
28400,M
28401,M
28402,M
28403,M
28405,M
28406,M
28409,F
28410,F
28411,M
28412,M
28413,F
28414,F
28415,M
28416,M
28417,F
28418,F
28419,M
28420,M
28431,M
28432,M
28435,M
28437,M
28439,F
28452,M
28453,M
28454,M
28455,M
28456,M
28457,M
28458,M
28459,M
28460,M
28461,F
28462,F
28463,F
28464,F
28465,F
28466,F
28467,F
28468,F
28469,F
28470,F
28471,F
28472,F
28473,F
28474,F
28475,F
28476,F
28477,F
28478,F
28479,F
28480,F
28481,F
28482,F
28483,F
28484,F
28485,F
28486,M
28487,M
28488,M
28489,M
28490,M
28491,M
28639,M
28493,M
28494,M
28495,M
28496,M
28497,M
28498,M
28499,M
28500,F
28501,F
28502,F
28503,F
28504,F
28505,F
28506,F
28507,F
28508,M
28509,M
28510,M
28511,F
28512,F
28513,F
28514,F
28515,F
28516,M
28517,M
28518,M
28519,M
28520,M
35000,M
28522,M
28523,M
28524,M
28525,M
28526,F
28527,F
28528,M
28531,F
28532,F
28533,F
28534,F
28535,F
28536,M
28537,F
28538,M
28539,M
28540,F
28541,F
28542,M
28543,M
28544,M
28545,F
28546,F
28547,F
28549,F
28550,F
28552,F
28553,F
28554,F
28555,F
28556,F
28557,F
28558,F
28559,F
28560,F
28561,F
28562,F
28563,F
28564,F
28565,F
28566,F
28568,F
28569,F
28570,F
28571,F
28572,F
28574,F
28575,F
28576,F
28577,F
28580,M
28581,M
28582,M
28583,M
28586,M
28587,M
28588,M
28590,M
28591,M
28593,M
28594,M
28595,M
28596,M
28597,M
28598,M
28599,M
28600,M
28601,M
28602,M
28603,M
28604,M
28605,M
28606,M
28607,F
28608,F
28609,F
28610,F
28611,M
28612,M
28614,F
28615,F
28616,F
28617,F
28618,M
28619,M
28621,M
28622,M
28623,M
28624,M
28625,M
28626,M
28627,M
28628,M
28629,F
28630,F
28631,F
28632,F
28633,F
28635,M
28637,M
28638,M
28641,M
28642,M
28643,M
28644,M
28645,M
35001,M
28667,F
28669,F
28670,F
28671,F
28672,F
28674,M
28676,M
28678,M
28679,F
28680,F
28681,M
28682,M
28683,M
28684,M
28685,M
28686,M
28687,M
28688,M
28689,M
28690,M
28691,M
28692,M
28693,M
28694,M
28695,M
28696,M
28697,M
28698,M
28699,M
28700,M
28701,M
28702,F
28703,F
28704,F
28705,F
28706,F
28707,F
28708,F
28709,F
28710,F
28711,F
28712,F
28713,F
28714,F
28715,F
28717,F
28718,F
28719,F
28720,F
28721,F
28722,F
28723,F
28724,F
28725,F
28726,F
28727,F
28728,F
28729,F
28730,F
28731,F
28732,F
28733,F
28734,F
28735,F
28736,F
28737,F
28738,M
28739,M
28740,M
28741,M
28742,M
28743,M
28744,M
28745,M
28746,M
28747,M
28748,M
28749,M
28750,M
28751,M
28752,M
28753,M
28754,M
28755,M
28756,M
28757,M
28758,M
28759,M
28760,M
28761,M
28762,M
28763,M
28764,M
28765,M
28766,M
28767,M
28768,M
28769,M
28770,M
28771,F
28772,F
28773,F
28774,F
28775,F
28777,F
28778,F
28779,F
28780,M
28781,M
28782,M
28783,F
28784,M
28785,M
28786,M
28787,M
28788,M
28789,M
28790,F
28791,F
28792,F
28793,F
28794,F
28795,F
28796,F
28797,F
28798,F
28799,F
28800,F
28801,F
28802,M
28803,M
28804,M
28805,M
28806,M
28807,M
28808,M
35006,M
35007,M
28809,F
28810,F
28811,M
28812,M
28813,F
28814,F
28815,F
28816,F
28817,M
28818,M
28819,M
28820,M
28821,M
28822,M
28823,M
28824,M
28825,M
28826,M
28827,M
28828,M
28829,M
28830,M
28831,M
28832,F
28833,F
35009,M
28835,F
28836,F
35010,M
28838,F
28839,F
28840,F
28841,F
28842,F
28843,F
28844,F
28845,F
28846,M
28847,M
28848,M
28849,M
28850,M
28851,M
35011,M
28853,M
28854,M
28855,M
28856,M
28857,F
28858,F
28859,F
28860,M
28861,M
28862,F
28863,F
28864,F
28865,F
28866,F
35012,M
28868,F
28869,F
28870,F
28871,F
28872,F
28873,F
28874,F
28875,F
28876,F
28877,F
28878,F
28879,F
28880,F
28881,F
28882,F
35013,M
35014,M
35015,M
35016,M
35017,M
35018,M
35019,M
35020,M
35021,M
35022,M
35024,M
35025,M
35026,M
35027,M
35029,M
35030,M
35031,M
35032,M
35033,M
35034,M
35035,M
29191,M
29192,M
29193,M
29194,M
29196,M
29197,M
29200,M
29201,M
29202,M
29204,M
29205,M
29206,M
29208,M
29209,M
29210,M
29211,M
29213,M
29215,M
29216,M
29217,M
29218,M
29219,M
29220,M
29221,M
29223,M
29224,M
29225,M
29226,M
29227,M
29229,M
29230,M
29231,M
29232,M
29233,M
29234,M
29235,M
29236,M
29237,M
29238,M
29239,M
29240,F
29241,F
29242,F
29243,F
29245,F
29246,F
29247,F
29249,F
29250,F
29251,F
29252,F
29253,F
29254,F
29255,F
29256,F
29257,F
29258,F
29259,F
29260,F
29261,F
29262,F
29263,F
29264,F
29265,M
29266,M
29267,M
29268,M
29269,M
29270,M
29271,M
29273,M
29274,M
29276,M
29277,M
29278,M
29279,M
29280,M
29281,M
29282,M
29283,M
29284,M
29285,M
29286,M
29287,M
29288,M
29289,M
29290,M
35036,M
29292,M
29293,M
29294,F
29295,F
29296,F
29297,F
29298,F
29299,F
29300,F
29301,F
29302,F
29303,F
29304,F
29305,M
29306,M
35037,M
29308,M
29309,M
29310,M
29311,M
29312,M
29313,M
35038,M
29315,M
29316,M
29317,M
29318,M
29319,M
29320,M
29321,M
29322,M
29323,M
29324,M
29325,M
29326,M
29327,M
29328,M
29329,M
29330,M
29331,M
29332,M
29333,M
29334,F
29335,F
29336,F
29337,F
29338,F
29339,F
29340,F
28388,M
35039,M
29342,F
29343,F
35040,M
29345,M
35041,M
29347,M
29349,M
29350,M
29351,M
29352,M
29353,F
29354,F
29355,F
29356,M
29357,M
29358,F
29359,F
29360,M
29362,M
29363,M
29364,F
29365,F
29366,M
29367,M
29368,M
35044,M
35045,M
35046,F
29372,M
29400,M
29401,M
29402,F
29403,F
29404,F
29405,M
29406,M
29407,M
29408,M
29409,M
29410,M
29411,M
29412,M
29413,M
29414,F
29415,M
29416,M
29417,M
29418,F
29419,F
29420,F
29421,F
29423,M
29424,M
29425,M
29426,M
29427,M
29428,M
29429,F
29430,F
29431,F
29432,F
29434,M
29435,M
29436,M
29437,F
29438,F
29439,F
29441,M
29442,M
35049,F
35050,F
35051,F
35053,F
35054,F
29440,F
29443,M
29444,F
29445,M
29447,M
29448,M
29449,M
29450,F
29451,F
29452,F
29453,M
29454,F
29455,F
29456,M
29457,M
29458,M
29459,F
29460,M
29461,F
35055,F
29463,M
29464,M
29465,M
29467,F
29468,M
35057,F
29470,M
29471,M
29472,M
29473,M
29474,F
29475,F
29476,F
29477,F
29478,F
29479,M
29480,M
29481,M
35058,F
29483,M
29484,F
29485,F
29486,F
29487,M
29488,F
29489,F
29490,F
29491,M
29492,M
29579,F
13879,M
29493,F
29494,F
29495,F
29496,F
29497,F
29498,F
29499,F
29500,F
29501,M
29502,M
29503,M
29504,M
29505,M
29506,M
29507,M
29508,M
29509,M
29510,F
29511,F
29512,M
29513,M
29514,M
35059,F
29517,M
29518,M
29519,M
29520,M
29521,M
29522,M
29523,F
29524,F
35061,F
35062,F
29527,M
29528,M
29529,F
29530,F
29531,F
29532,M
29533,M
29534,M
29535,F
29536,F
29538,F
29539,F
29540,M
29541,M
29542,F
29543,F
29544,F
29545,M
29547,F
29549,M
29550,M
29551,F
29552,F
29553,M
29554,M
29555,M
29556,M
29557,M
29558,M
29559,M
29560,M
29561,M
29562,M
29563,M
29564,M
29565,M
29566,M
29567,M
29568,M
29569,F
29570,F
29571,F
29572,F
29573,F
29574,F
29575,F
29577,F
29578,F
29580,F
29581,F
29583,F
29584,F
29585,F
29586,M
29587,M
29588,M
29589,M
29590,M
29591,F
29592,F
29593,F
29594,F
35063,F
29596,F
29597,M
35064,F
29599,M
29600,M
35065,F
35066,F
29603,M
29604,M
29605,M
29606,M
29607,M
29608,M
29609,F
29610,F
29611,F
29612,M
29613,M
29614,M
29615,M
29616,M
29617,M
29618,M
29619,M
29620,M
29621,M
29622,M
29623,M
29624,M
29625,F
29626,F
29627,F
29628,F
29629,F
29630,M
29631,M
29632,M
29633,M
29634,M
29635,M
29636,M
29637,F
29638,F
29639,F
29640,M
29641,M
29642,M
29643,M
29644,F
29645,M
35067,F
29647,M
29648,M
29649,F
35068,F
29651,M
29652,M
29653,M
29654,M
29655,F
29656,F
29657,M
29658,M
29659,M
29660,M
29661,M
29662,M
29663,M
29664,F
29665,F
29666,F
29667,F
29668,F
29669,M
35069,F
35070,F
29672,F
29673,M
29674,M
29675,F
29676,M
29677,M
29678,M
29679,M
29680,M
29681,M
29682,M
29683,M
29684,M
29685,M
35071,F
29690,F
29691,M
29692,F
29693,F
29694,M
29695,F
29696,M
29697,F
29698,M
29701,M
29702,M
29703,M
29704,F
29706,F
29707,F
29708,F
29709,M
29710,F
29711,M
29712,F
29713,F
29714,F
29715,M
29717,F
29721,M
29722,M
29723,M
29724,M
29725,F
29726,F
29727,F
29728,F
29729,M
29730,M
29731,F
29732,F
29733,F
29734,F
29735,M
29736,M
29737,F
29739,M
29741,M
29742,M
29743,F
29744,M
29745,M
29746,M
29747,M
29748,M
29749,M
29750,M
29752,M
29758,F
29751,M
756,M
29753,M
29754,M
29755,M
29756,F
29757,F
29759,F
29760,F
29761,F
29762,F
29763,M
29764,M
35072,M
29767,M
29768,M
29769,M
29770,M
29771,F
29772,M
29773,M
29774,M
29775,M
29776,F
29777,F
29778,M
29779,M
29780,M
29781,M
29782,M
29783,F
29784,F
29785,M
29786,M
29787,M
29788,F
29789,M
29790,F
29791,F
29792,F
29793,M
29794,M
29795,M
29796,M
29797,M
29798,M
29799,M
29800,M
29801,M
29802,M
29803,F
29804,F
29805,M
29806,F
29807,M
29808,M
29809,M
29810,M
29811,F
29812,F
29813,F
29814,F
29815,F
29817,M
29818,M
29819,M
29820,M
29821,M
29822,F
29823,M
29824,F
29825,M
29826,M
29827,F
29830,F
29834,M
29835,M
29836,F
29837,M
29838,M
29839,M
29840,F
29841,F
29844,F
29845,F
29846,M
29847,F
29848,F
29849,F
29850,M
29851,F
29852,F
29861,F
29862,M
29863,M
29864,M
29865,M
29866,M
29867,M
29868,M
29869,M
29870,M
29871,F
29872,M
29873,M
29874,M
29875,F
29876,M
29877,M
29878,M
29879,F
29880,M
29881,F
29882,M
29883,M
29884,F
29885,M
29886,M
29887,M
29888,M
29889,M
29890,M
29891,M
29892,M
29893,M
29894,M
29895,M
29896,M
29897,M
29898,M
29899,M
29900,M
29901,M
29902,M
29903,M
29904,M
29905,M
29906,M
29907,M
29908,F
29909,F
29910,F
29911,F
29912,F
29913,F
29858,F
29859,M
29828,M
29832,M
29914,F
29916,F
29918,F
29920,F
29922,F
29924,F
29926,M
29928,M
29930,M
29931,M
29933,M
29937,F
29939,F
29941,F
29944,M
29946,M
29947,M
29949,M
29951,M
29953,M
29957,M
29959,M
29955,M
29915,F
29917,F
29919,F
29921,F
29923,F
29925,F
29927,M
29929,M
29932,M
29934,M
29936,F
29938,F
29940,F
29942,F
29945,M
29948,M
29950,M
29952,M
29954,M
29958,M
29963,M
29967,F
29969,F
29971,F
29974,F
29980,M
29982,M
29984,M
29985,M
29987,M
29988,M
29990,M
29991,M
29992,M
29993,M
29996,M
30003,M
30039,M
30042,M
30058,M
30064,M
30066,F
30067,F
30068,M
30074,M
30075,M
30080,F
29973,M
29935,M
29960,M
29961,M
29962,M
29965,M
29966,F
29978,M
29979,M
29986,M
30008,M
30016,M
35075,F
30025,M
30026,M
30028,M
30031,F
30037,F
30045,M
30046,M
30047,F
30048,F
30050,M
30053,M
30054,M
30072,M
30102,M
29964,M
29968,F
29970,F
29972,F
29975,F
29977,M
29981,M
35076,F
29989,M
29994,M
29995,M
29997,F
29998,F
29999,F
30000,F
30001,F
30005,M
30006,M
30007,M
30009,M
30012,M
30013,M
30014,M
30015,M
30017,M
30018,M
30019,M
30020,M
30022,M
30024,M
30030,F
30033,F
30034,F
30036,F
30040,M
30041,M
30043,M
30049,M
30051,M
30055,M
30059,M
30060,M
30061,M
30062,M
30063,M
30065,M
30069,M
30070,M
30071,M
30073,M
30076,F
30078,F
30079,F
30081,M
30090,M
30095,M
30098,M
30100,M
30103,F
30105,F
30106,F
30107,F
30108,F
30109,M
30110,M
30111,M
30114,M
30115,F
30117,M
30118,M
30119,M
30120,F
30121,F
30122,M
30123,M
21973,M
30124,F
30125,M
30127,M
30128,M
30130,F
30131,F
30132,M
30133,M
30134,M
30137,M
30138,M
30139,M
30140,F
30141,F
30142,F
30143,M
30144,M
30145,M
30146,M
30147,M
30148,M
30149,M
30150,F
30151,F
30152,F
30153,F
30155,M
30156,F
30157,M
30158,M
30159,M
30160,M
30161,M
30162,M
30163,M
30164,M
30165,M
30166,M
30167,F
30168,M
30169,M
30170,F
30171,F
30057,M
30104,F
30172,M
30173,M
30174,M
30175,M
30176,F
30177,F
30178,M
30179,M
30180,M
30181,M
30182,F
30183,F
30184,F
30185,F
30186,F
30187,F
30188,F
30189,F
30190,F
30191,F
30192,F
30193,F
30194,F
30195,F
30196,F
30197,F
30198,F
30199,F
30200,F
30201,F
30202,F
30203,F
30204,F
30205,F
30206,M
30207,M
30208,M
30209,M
30233,F
30211,M
30212,M
30213,M
30214,M
30215,M
30216,M
30217,M
30218,M
30219,M
30220,M
30221,M
30222,M
30223,M
30224,M
30225,M
30226,M
30227,M
30228,F
30229,F
30230,F
30231,F
30232,F
30234,F
30236,F
30237,F
30238,F
30239,F
30301,M
30241,F
30242,F
30243,F
30244,F
30245,F
30246,F
35077,F
30248,M
30249,M
30250,M
30251,M
30252,M
30253,M
30254,M
30255,M
30256,M
30257,M
30258,M
30259,M
30260,M
30261,M
30262,M
30263,M
30264,M
30265,M
30266,M
30267,M
30268,M
30269,M
30270,M
30271,M
30272,M
30273,M
30274,M
30275,M
30276,M
30277,M
30278,M
30279,M
30280,F
30281,F
30282,M
30283,M
30284,M
30285,M
30286,F
30287,F
30288,F
30289,F
30290,F
30291,F
30292,M
30293,M
30294,M
30295,M
30296,M
30297,M
30298,M
30299,M
30300,M
30302,F
30303,F
30304,M
30305,M
30306,F
30307,F
30308,M
30309,M
30310,M
30311,M
30312,M
35078,F
30314,F
30315,M
30316,M
30317,M
30318,F
30319,F
30320,M
30322,M
30323,M
30324,M
30325,M
30235,F
35080,F
30329,F
35081,M
35084,F
30337,F
30338,M
30339,F
30340,F
30341,M
30327,F
30330,F
30332,M
30333,M
30334,F
30336,M
30342,M
30343,M
30344,M
30345,M
30346,M
30347,M
30348,M
30373,M
30350,M
30351,M
30352,M
35082,F
30355,M
30357,M
30358,M
30359,M
30360,F
30361,F
30362,F
30363,F
30364,F
30365,F
30366,F
30367,F
30368,F
30369,F
30370,F
30371,F
30372,F
30374,F
30375,F
30376,F
30377,F
30378,M
30379,M
30380,M
30381,M
30383,F
30384,F
30385,F
30386,F
30387,F
30388,F
30390,M
30391,M
30392,M
30393,M
30394,M
30395,M
30396,M
30397,M
30398,M
30399,M
30400,M
30401,M
30402,M
30403,M
30404,M
30405,M
30407,M
30408,M
30409,M
30410,M
30411,F
30412,F
30413,F
30414,F
30415,M
30416,M
30417,M
30418,M
30419,F
30420,F
30421,F
30422,F
30423,F
30424,F
30425,F
30426,F
30427,F
30428,F
30429,F
30430,F
30431,F
30432,F
30433,F
30435,M
30436,M
30437,M
30438,M
30439,M
30440,M
30441,M
30442,M
30443,M
30444,M
30445,M
30446,M
30447,F
30448,M
30450,M
30451,M
30452,F
30453,M
30454,M
30455,M
30456,M
30457,M
30458,M
30459,F
30449,M
35085,M
35086,M
35087,M
35088,M
35090,M
35091,M
35092,M
30522,F
30535,F
30597,M
30607,M
30610,M
30615,M
30704,M
30709,M
30786,M
30626,M
30698,M
30623,M
35094,M
35095,M
35096,M
35097,M
35099,M
35100,M
35101,M
30547,F
30590,M
30612,M
30630,M
30667,M
30731,F
30784,F
30816,M
30726,F
30819,M
35103,M
35104,M
30831,M
35105,M
30836,M
35107,M
30848,M
30853,M
30864,M
30892,M
30839,M
30944,F
30945,M
30826,M
30946,M
35110,M
30832,M
35111,M
35112,M
35113,M
35114,M
35115,M
35116,M
35117,M
35118,M
30862,M
30885,F
30886,F
30894,M
30915,M
30937,M
30943,F
30947,F
30948,F
30949,F
30950,F
30951,F
30952,F
30954,F
30955,F
30956,F
30958,F
30959,M
30960,M
30961,M
30962,M
30963,M
30964,F
30965,F
30966,F
30967,F
30968,F
30969,M
30970,M
30971,M
30972,M
30973,M
30974,M
30975,M
30976,M
30977,M
30978,M
30979,F
30980,F
30981,F
30982,F
30984,M
30985,M
30986,M
30987,M
30989,M
30990,M
30991,F
30992,F
30993,M
30994,M
30995,M
30996,M
30997,M
30998,M
30999,M
31000,M
31001,F
31004,M
31005,M
31007,M
31008,M
31009,M
31010,F
31011,M
31012,M
31013,M
31014,M
31015,M
31016,F
31017,M
31018,M
31019,M
31020,M
31021,M
31022,M
31023,M
31024,M
31025,M
31027,M
31028,M
31029,M
31030,M
31031,M
31032,M
31033,M
31034,M
30940,M
30880,F
31036,M
31037,M
35119,M
31040,M
31041,M
31043,M
31045,M
35120,M
35121,M
35122,F
35123,F
35124,F
35125,F
31038,M
31042,M
31044,M
31104,M
31047,M
31048,M
31049,M
31050,M
31051,M
31052,M
31053,M
35126,F
31055,M
31056,M
31057,M
35127,F
31059,M
31060,M
31061,M
31062,M
31063,M
31064,M
35128,F
31066,F
31067,F
31068,F
31069,F
31070,F
31071,F
31072,F
31073,F
31074,F
31075,F
31076,F
31077,F
31078,F
31079,F
31080,F
31081,F
31082,F
31083,F
31084,F
31085,F
31086,F
31087,F
35129,F
31089,F
31090,F
31091,M
31092,M
31093,M
31094,M
31095,F
31096,M
31097,F
31098,M
31099,F
31100,F
35130,F
31102,F
31103,F
31105,M
31106,M
31107,M
35131,F
35132,F
31110,M
31111,M
31112,M
31113,M
31114,M
31115,M
31116,M
31117,M
31118,M
31119,M
31120,M
31121,M
31122,M
31123,M
31124,M
31125,M
35133,F
31127,M
31128,M
31129,M
35134,F
31131,M
31132,M
31133,M
31134,M
31135,M
31136,M
31137,M
31138,M
31139,M
31140,M
31141,M
31142,M
31143,M
31144,M
31145,M
31146,M
31147,M
31148,M
31149,M
31150,M
31151,M
31152,M
31153,M
31154,M
31155,M
31156,F
31157,F
31158,F
31159,F
31160,F
31161,F
31162,F
31163,F
31164,F
31165,F
31166,F
31167,F
31168,M
31169,M
31170,M
31171,M
31172,F
31173,M
31174,M
31175,M
31176,M
31177,F
31178,M
31179,M
31180,M
31181,M
31182,F
31183,F
31184,F
31185,F
31186,F
31187,F
31188,M
31189,M
31190,M
31191,F
35135,F
31192,M
31196,F
31197,F
31198,M
31205,M
31206,F
31207,F
31217,F
31218,F
31219,M
31220,M
31221,M
31222,M
31223,M
31224,F
35136,F
35137,F
35138,F
31193,F
31194,F
31195,F
31199,M
31200,M
31201,M
31202,F
31203,F
31204,M
31208,M
31209,F
31210,M
31211,M
31212,M
31213,F
31214,F
31215,M
31216,M
31231,M
31227,M
31228,F
35139,F
31230,F
31232,M
31233,M
31234,M
31235,M
31236,M
31237,M
31238,F
31239,F
31240,M
31241,M
31242,M
31243,F
31244,M
31245,M
31246,M
31247,M
31248,M
31249,F
31250,M
31251,F
31252,M
31253,M
31254,M
31255,M
31256,M
31257,M
31258,M
35140,F
31260,M
35141,F
31262,M
31263,M
31264,F
31265,F
31266,F
35142,F
31268,F
31269,F
31270,F
31271,M
31272,M
31273,M
31274,M
31275,M
31276,F
31277,F
31278,M
35143,F
31280,M
31281,M
31282,M
31283,M
31284,M
35144,F
31286,M
35145,F
31288,M
31289,M
31290,M
31291,M
31292,M
31293,M
31294,F
31295,F
31296,F
31297,F
31298,F
31299,F
35146,F
31303,F
31304,F
31305,M
31306,M
31307,F
31308,M
31309,M
31310,F
31311,M
31312,M
31313,M
31314,M
31316,F
31319,M
31320,M
31321,F
31323,F
31324,F
31325,M
31326,F
31327,M
31328,M
31329,F
31330,M
31331,F
31332,F
31333,M
31334,M
31335,F
31336,F
31337,F
31338,M
31339,F
31340,F
31341,F
31342,M
31343,M
31345,M
31346,M
31347,M
31348,M
31349,M
31350,M
31352,M
31354,F
31355,F
31356,M
31357,F
31358,M
31361,M
31300,F
31318,M
31225,M
31362,M
31363,F
31451,M
31365,F
35147,M
35148,F
31370,M
31371,M
31372,F
31373,M
31374,M
31375,M
31376,M
31377,M
31378,M
31379,M
31380,M
31381,M
31382,M
31383,M
31384,M
31385,M
31386,M
31388,M
31389,M
31390,M
35152,M
31392,M
31393,M
31394,M
31395,M
31396,M
31397,M
35153,F
31399,M
31400,F
31401,F
31402,F
31403,F
35154,M
31405,F
31406,F
31407,F
31408,F
35155,M
31410,M
31411,F
31412,F
31413,F
31414,M
31415,M
31416,F
31417,F
31418,M
31419,M
31420,M
31421,M
35156,M
31423,M
31424,M
31425,M
35157,M
31427,F
31428,F
31429,M
35158,M
31431,M
31432,M
31434,M
31436,F
31437,M
31438,F
31439,F
31440,F
31441,M
31442,F
31443,F
31444,F
31445,M
31446,F
31447,M
31450,M
31453,M
31454,M
31456,M
31457,F
31458,M
31459,M
31460,F
31461,M
31462,M
31463,M
31464,M
31465,M
31466,M
31467,M
31468,M
31469,M
31470,F
31471,M
31472,F
31473,F
31474,F
31475,F
31476,M
31477,M
31478,M
31479,M
31481,M
31482,M
31483,M
31484,M
31485,M
31486,M
31487,M
31488,F
31489,F
31490,M
31491,M
31492,M
31494,M
31495,F
31496,F
31497,F
31498,M
31499,M
31502,M
31503,M
31504,F
31505,F
31506,F
31507,F
31508,F
31509,F
31510,F
31511,M
31512,M
31514,M
31515,M
31517,F
31520,M
31518,F
35160,M
31521,M
31525,F
31526,F
31528,M
31530,M
31531,F
31532,M
31533,M
31537,F
31539,M
31523,M
31524,M
31534,M
31535,F
31536,F
31540,M
31542,M
35163,M
31544,M
31545,M
35201,F
31548,M
31549,M
31550,M
31552,M
31553,M
31554,M
31555,F
31556,M
31557,M
31558,M
31559,M
31560,M
31561,F
31562,F
31563,M
35203,F
31565,M
31566,M
31567,M
35204,F
31569,M
31570,M
31571,M
31572,M
31573,M
35205,F
31575,M
31576,M
31577,M
31578,M
31579,M
31580,M
31581,M
31582,M
31583,M
31584,M
31585,M
31586,M
31587,M
31588,M
31589,M
31590,M
31591,M
31592,M
31593,M
31594,M
31595,M
31596,M
31597,M
31598,M
31599,M
31601,M
31602,M
31603,M
31604,M
31605,M
31606,M
31607,M
35207,F
31609,M
31610,M
31611,M
31612,M
31613,M
31614,M
31616,M
31617,M
31618,M
31620,M
31621,M
31622,M
31624,M
31625,M
31626,M
31629,M
31630,M
31631,M
31633,M
31634,M
31636,M
31637,M
31639,M
31640,M
31641,M
31644,M
31645,M
31646,M
31647,M
31648,M
31650,M
31651,M
31652,M
31653,M
31654,M
31655,M
31656,M
31657,M
31658,M
31659,M
31660,M
31661,M
31662,M
31663,M
31664,M
31665,M
31666,M
31667,M
31668,M
31669,M
31670,M
31671,M
31672,M
31673,F
31675,F
31676,F
31677,F
31678,F
31679,F
31680,F
31681,F
31682,F
31683,F
31684,F
31685,F
31687,F
31688,F
31689,F
31690,F
31691,F
31692,F
31693,F
31694,F
31695,F
31697,F
31700,F
31701,F
31703,F
31709,F
31710,F
35167,M
35208,F
35209,F
35210,F
35211,F
35212,F
35213,F
35214,F
35215,F
35216,F
35217,F
31696,F
31698,F
31699,F
31705,F
31706,F
31707,F
31708,F
35169,M
35170,M
35171,M
35172,M
35173,M
35174,M
35219,F
35220,F
35223,F
35224,F
31712,F
35175,M
31716,F
31717,F
31718,F
31720,F
31724,F
31726,M
31730,M
31736,F
35176,M
35177,M
35178,M
31727,F
31715,F
31719,F
31721,F
31722,F
31834,M
31725,F
31728,M
31729,M
31731,M
31732,M
31733,M
31734,M
31735,M
31737,F
31738,F
31739,F
31740,M
31741,M
31742,F
31743,M
31744,M
31745,F
31746,M
4112,M
2197,M
42,M
21573,M
8861,F
24392,M
11090,M
11562,M
4457,M
35179,M
17368,M
31748,F
31749,F
31750,F
31751,F
31752,M
31753,M
31754,M
35180,M
31757,M
31758,F
31759,M
31760,F
31761,F
17599,M
35182,M
35184,M
35185,M
31766,M
31767,M
31768,M
31769,M
31770,M
35186,M
1602,M
8038,M
12215,F
11919,M
16814,M
12668,F
8337,F
6511,M
8975,M
22009,F
12591,F
12588,F
1857,M
14584,M
8743,M
15078,M
11190,M
11769,M
3675,M
14350,M
11285,F
8388,F
31775,F
31776,F
31777,F
31778,F
31780,F
31783,M
31784,F
31787,M
31789,M
31790,M
31792,M
31794,M
31795,M
31796,M
31797,F
31798,F
31799,F
31800,F
31801,F
31802,F
31803,M
31805,M
31806,M
31807,M
31808,M
31809,M
31810,F
31811,F
31812,M
31813,M
31814,M
31815,M
31816,M
31817,M
31818,M
31820,M
31821,M
31822,M
31823,M
31824,M
31825,M
31826,M
31827,M
31829,M
31830,M
31831,M
31832,M
31833,M
31835,M
31836,M
31837,M
31838,M
31839,M
31841,M
31842,M
31843,M
31844,M
31846,M
31848,M
31849,M
31850,M
31851,M
31852,M
31853,M
31854,M
31857,M
31858,M
31847,M
31859,M
31861,M
35187,M
35189,M
35190,M
35191,M
35192,M
31860,M
35193,F
35194,F
35195,F
35196,F
31862,M
31863,M
31864,M
31866,M
31868,M
31870,M
31873,M
31878,M
31880,M
31882,M
31883,M
31884,M
31886,M
31887,M
31888,M
31889,M
31890,M
31892,M
31894,M
31895,M
31898,M
35197,F
31980,M
31982,M
31983,M
31985,M
31986,M
31991,M
31993,F
31997,F
31998,F
31999,F
32000,F
32002,F
32005,F
32007,F
32009,F
32013,F
32015,F
32017,F
32018,F
32019,F
32021,F
32022,F
32028,F
32029,F
32031,F
32033,F
32036,F
32040,F
32043,F
32044,F
32047,F
32048,F
32049,F
32051,F
32054,F
35199,F
35225,F
35226,F
31869,M
31871,M
31872,M
31874,M
31875,M
31876,M
31877,M
31879,M
31881,M
31885,M
31891,M
31893,M
31896,M
31897,M
31899,M
31901,M
31902,M
31903,M
31904,M
35227,M
31906,M
31907,M
31908,M
31909,M
31910,M
31911,M
31912,M
31913,M
31914,M
35229,M
31917,M
31918,M
31920,M
31921,M
31922,M
31923,M
31924,M
31925,M
31926,M
31928,M
31929,M
31930,M
31931,M
31932,M
31933,M
31934,M
31935,M
31936,M
31937,M
31938,M
31939,M
31940,M
35231,F
35232,F
31943,M
31944,M
31945,M
31946,M
31947,M
31948,M
31949,M
31950,M
35233,M
35234,F
31953,M
31954,M
31955,M
31956,M
31957,M
31958,M
31959,M
31960,M
31961,M
31962,M
31963,M
31964,M
31966,M
31967,M
31968,M
31969,M
31970,M
31971,M
31972,M
31974,M
31975,M
31976,M
31977,M
31978,M
31979,M
31981,M
31984,M
31987,M
31988,M
31990,M
31994,F
31995,F
32001,F
32003,F
32004,F
32006,F
32008,F
32010,F
32011,F
32012,F
32016,F
32020,F
32023,F
32024,F
32025,F
32026,F
32027,F
32030,F
32032,F
32034,F
32035,F
32037,F
32038,F
32039,F
32041,F
32042,F
32045,F
32046,F
32050,F
32052,F
32053,F
32055,F
32057,M
32060,F
32062,M
32063,M
32064,M
32065,M
32067,M
32068,M
32069,M
32070,M
32071,M
32072,M
32074,M
32075,M
32076,M
32077,M
32079,M
32081,M
32082,M
32083,M
32084,M
32085,M
31965,M
32087,M
32090,M
32094,M
35235,F
32096,M
32098,M
32099,M
32101,M
32103,M
35236,F
32107,F
32111,F
32112,F
32113,F
32115,F
32118,F
32119,F
32120,F
32125,F
32126,F
35237,F
35238,F
35239,M
35240,M
35241,M
35242,M
35243,M
35244,M
35245,M
35246,M
35247,M
32088,M
32089,M
32091,M
32092,M
32093,M
32097,M
32100,M
32102,M
32105,F
32106,F
32108,F
32109,F
32110,F
35248,M
32116,F
32117,F
32121,F
32122,F
32123,F
32124,F
32127,F
32128,F
32129,M
32130,M
32131,M
32133,M
32135,M
32136,M
32137,M
32138,M
32139,M
32140,M
35260,M
32142,M
32143,M
32144,M
32145,M
35261,M
32147,M
32148,M
32149,M
32150,M
32151,M
32152,M
32153,M
32154,M
32155,M
32156,M
32157,M
32158,M
32159,M
32160,M
32161,M
32162,M
32163,M
32164,M
35262,F
32166,M
32167,M
32168,M
32169,M
32170,M
32171,M
32172,M
32173,M
32174,M
35263,F
32176,M
32229,M
32178,M
32179,M
32180,M
32181,M
32182,M
32183,M
32184,M
32185,M
32187,M
32188,M
32189,M
32190,M
32191,M
32193,M
32194,M
32195,M
32196,M
32197,M
32198,M
32199,M
32200,M
32202,M
32203,M
32204,M
32205,M
32206,M
32207,M
32208,M
32209,M
32210,M
32212,M
32213,M
32214,M
32215,M
32216,M
32217,M
32218,M
32220,M
32221,M
32222,M
32223,M
32224,M
32225,M
32226,M
32228,M
32230,M
32232,M
32233,M
32235,M
32237,M
32238,M
32239,M
32240,M
32241,M
32243,M
32244,M
32245,M
32246,M
32247,M
32248,M
32249,M
32250,M
32251,M
32252,M
32253,M
32256,M
32257,M
32258,M
32259,M
32261,M
32262,M
32263,M
32254,M
32132,M
32134,M
32264,M
32266,M
32267,M
32270,M
32271,M
32275,M
32282,M
32284,M
32286,M
32289,M
32290,M
32292,M
32294,M
32296,M
32298,M
32299,M
32300,M
32302,M
32304,M
32306,M
32307,M
32310,M
32312,M
32316,M
32319,M
32321,M
32322,M
32324,M
32325,M
32326,M
32328,M
32332,M
32335,M
32338,M
32346,F
32348,F
32351,F
32354,F
32358,F
32360,F
32361,F
32362,F
32365,F
32367,F
32369,F
32370,F
32372,F
32375,F
32377,F
32379,F
32381,F
32383,F
32384,F
32385,F
32388,F
32390,F
32392,F
32395,F
32401,F
32403,F
32405,F
32406,F
32407,F
32409,F
32413,F
32415,F
32417,F
32419,F
32420,F
32422,F
32424,F
32426,F
32428,F
32431,F
32433,F
32434,F
32436,F
32443,F
32446,F
32449,F
32451,F
32453,F
32455,F
32458,F
32460,F
32462,F
32463,F
32318,M
32341,F
32343,F
32386,F
35253,M
35254,M
35255,M
35256,F
35257,F
35258,F
35259,M
32265,M
32268,M
32269,M
32272,M
32273,M
32274,M
32276,M
32277,M
32278,M
32279,M
32280,M
32283,M
32285,M
32287,M
32288,M
32291,M
32293,M
32295,M
32297,M
35265,M
32303,M
32305,M
32308,M
32309,M
32311,M
32313,M
32314,M
32315,M
32317,M
32320,M
32323,M
32329,M
32331,M
32333,M
32334,M
32336,M
32337,M
32340,F
32342,F
32344,F
32347,F
32350,F
32352,F
32353,F
32355,F
32357,F
32359,F
32363,F
32364,F
32366,F
32368,F
32373,F
32374,F
32376,F
32378,F
32380,F
32382,F
32387,F
32389,F
32391,F
32393,F
32394,F
32396,F
32397,F
32398,F
32400,F
32402,F
32404,F
32408,F
32410,F
32411,F
32412,F
32414,F
32416,F
32418,F
32421,F
32423,F
32425,F
32427,F
32429,F
32430,F
32432,F
32435,F
32437,F
32438,F
32439,F
32440,F
32441,F
32442,F
32444,F
32445,F
32447,F
32448,F
32450,F
32452,F
32454,F
32456,F
32457,F
32459,F
32461,F
32464,F
32465,F
32466,F
32467,F
32468,F
32469,F
32470,F
32471,F
32472,F
32473,F
32474,F
32475,F
32476,F
32477,F
32478,F
32479,F
32480,F
32481,F
32482,F
32483,M
32484,M
32485,M
32486,M
32487,M
32488,M
32489,M
32490,M
32491,M
32492,M
32493,M
32494,M
32495,M
32496,M
32497,M
32498,M
32499,M
32500,M
32501,M
32502,M
32503,M
32504,M
32505,M
32506,M
32507,M
32508,M
32509,M
32510,M
32511,M
32512,M
32513,M
32514,M
32515,M
32516,M
32517,M
32520,M
32526,M
32529,M
32533,M
32536,M
32538,M
32540,M
35267,M
32545,M
35269,M
35280,M
35281,M
35282,M
35283,M
35284,M
35285,M
35286,M
35287,M
35303,F
35305,F
35306,F
35307,F
35308,F
35309,F
35323,F
35324,F
35325,F
35326,F
35327,F
35273,M
32522,M
32531,M
32534,M
35289,M
35290,M
32541,M
32542,M
32546,M
32548,M
32550,M
32558,M
32571,M
32572,M
32574,M
32576,M
32585,F
32586,F
32592,F
32593,F
32594,F
32596,F
32598,F
32599,F
32604,F
32606,F
32609,F
32616,F
35293,M
35294,M
35310,F
35311,F
35313,F
35314,F
32519,M
35276,M
32527,M
35277,M
32530,M
32532,M
32535,M
35297,M
32552,M
35298,M
32554,M
32555,M
32556,M
32557,M
32559,M
35299,F
35300,F
32562,M
32563,M
32564,M
35301,F
32566,M
32567,M
32570,M
32573,M
32575,M
32577,M
32578,M
32581,M
32583,M
32584,F
32587,F
32597,F
32600,F
32601,F
32602,F
32603,F
32605,F
32607,F
32608,F
32610,F
32611,F
32612,F
32613,F
32614,F
32615,F
32617,F
32618,F
32620,F
32621,F
32624,F
32626,F
32627,F
32628,F
32629,F
32630,F
32631,F
32632,F
32633,F
32634,F
32635,F
32636,F
32637,F
32638,F
32639,F
32641,F
32642,F
32643,F
32644,F
32645,F
32646,F
32647,F
32648,F
32649,F
32650,F
32651,F
32652,F
32654,F
32655,F
32656,F
32657,F
32658,F
32659,F
32660,F
32661,F
32662,F
32663,F
32664,F
32665,F
32666,F
32667,F
32668,F
32669,F
32670,F
32671,F
32672,F
32673,F
32674,F
32675,F
32676,F
32677,F
32678,F
32679,F
32680,F
32681,F
32682,F
32683,F
32684,F
32685,F
32686,F
32687,F
32688,F
32689,F
32690,F
32691,F
32692,F
32693,F
32694,F
32696,F
32697,F
32698,F
32699,F
32700,F
32701,F
32702,F
32703,F
32704,F
32705,F
32706,F
32707,F
32708,F
32709,F
32710,F
32711,F
32713,F
32715,F
32716,F
32717,F
32718,F
32719,F
32720,F
32721,F
32722,F
32723,F
32724,F
32725,F
32726,F
32727,F
32728,F
32729,F
32730,F
32734,F
32740,F
32742,F
35302,F
32751,F
32754,F
32755,F
35316,F
32757,F
32759,F
32761,F
32764,F
32767,F
32769,F
35317,F
32776,F
32780,F
32781,F
32783,F
32785,F
32788,F
32790,F
32792,F
32799,F
32802,F
32806,F
32807,F
32812,F
32814,F
32815,F
32818,F
32821,F
32824,F
32828,F
32830,F
32834,F
32836,F
32839,F
32842,F
32847,M
32848,M
32854,M
35318,F
35319,F
35320,F
32867,M
32870,M
32874,M
32876,M
35321,F
32878,M
32879,M
35322,F
32892,M
35328,M
32898,M
32900,M
32902,M
32904,M
32907,M
32912,M
32915,M
35329,M
32733,F
32736,F
32738,F
32743,F
32746,F
32749,F
32762,F
32765,F
32770,F
32774,F
32777,F
32784,F
32789,F
32793,F
32800,F
32803,F
32804,F
32809,F
32810,F
32813,F
32816,F
32819,F
32822,F
32825,F
32827,F
32831,F
32832,F
32835,F
32837,F
32840,F
32843,F
32753,F
32850,M
32852,M
32853,M
32856,M
32868,M
32869,M
32871,M
32873,M
32883,M
32886,M
32888,M
32891,M
32895,M
32897,M
32901,M
32903,M
32905,M
32906,M
32908,M
32913,M
32732,F
32735,F
32737,F
32739,F
32741,F
32744,F
32747,F
32748,F
32750,F
32752,F
32758,F
32763,F
32766,F
32768,F
32771,F
32773,F
32775,F
32778,F
32779,F
32782,F
32786,F
32787,F
32791,F
32794,F
32760,F
35331,M
32798,F
32801,F
32805,F
32808,F
32811,F
32817,F
32820,F
32823,F
32826,F
32829,F
32833,F
32838,F
32841,F
32846,M
35333,M
32851,M
32858,M
32861,M
32862,M
32863,M
32865,M
32866,M
32872,M
32875,M
32882,M
32885,M
32890,M
32896,M
32899,M
32909,M
32911,M
32914,M
32916,M
32887,M
35335,M
32990,M
32928,M
32939,M
32942,M
32944,M
32950,M
32957,M
32961,M
32965,M
32975,M
32977,M
32980,M
32984,M
32988,M
32992,M
33000,M
33005,M
33012,M
33015,M
33018,M
33023,M
33026,M
33034,M
33039,M
33041,M
33048,M
33053,M
33057,M
33060,M
33063,M
33066,M
33069,M
33072,M
33075,M
33077,M
33089,M
33097,M
33099,M
33101,M
33114,M
33116,M
33129,M
33135,M
33140,M
33150,M
32918,M
32922,M
32926,M
32932,M
32935,M
35338,M
32943,M
32945,M
32948,M
32949,M
32954,M
32956,M
32960,M
32964,M
32968,M
32972,M
32974,M
32976,M
32979,M
32983,M
32987,M
32995,M
32998,M
33004,M
33011,M
33014,M
33017,M
33020,M
33029,M
33031,M
33036,M
33038,M
33043,M
33047,M
33050,M
33056,M
33059,M
33062,M
33071,M
33076,M
33088,M
33092,M
33100,M
33107,M
33111,M
33113,M
33115,M
33123,M
33132,M
33134,M
33139,M
33143,M
33145,M
33149,M
32919,M
32920,M
32923,M
32927,M
32929,M
32931,M
32933,M
32936,M
35339,M
32946,M
32947,M
32951,M
32953,M
32958,M
32962,M
32966,M
32969,M
35340,M
32981,M
32985,M
35341,M
32996,M
33002,M
33006,M
33007,M
33010,M
33013,M
33019,M
33021,M
33025,M
33027,M
33035,M
33040,M
33042,M
33044,M
33051,M
33054,M
33061,M
33064,M
33067,M
33070,M
33073,M
33078,M
33080,M
33083,M
33087,M
33090,M
33094,M
33096,M
33102,M
33105,M
33109,M
33112,M
33118,M
33120,M
33125,M
33127,M
33130,M
33133,M
33136,M
33138,M
33141,M
33148,M
32921,M
32924,M
32925,M
33216,F
32934,M
32937,M
35343,M
32952,M
32959,M
32963,M
32967,M
32971,M
33093,M
32982,M
32986,M
33137,M
32991,M
32997,M
33003,M
33022,M
33028,M
33030,M
33033,M
33037,M
33045,M
33046,M
33049,M
33052,M
33055,M
33065,M
33081,M
33084,M
33086,M
33091,M
33095,M
33098,M
33106,M
33110,M
33117,M
33121,M
33122,M
33126,M
33128,M
33131,M
33142,M
33144,M
33147,M
33151,M
33152,F
33153,F
33154,F
33155,F
33157,F
33158,F
33159,F
33160,F
33161,F
33163,F
33165,F
33166,F
33167,F
33168,F
33169,F
33170,F
33171,F
33172,F
33173,F
33175,F
33176,F
33178,F
33179,F
33180,F
33181,F
33184,F
33186,F
33187,F
33188,F
33189,F
33190,F
33191,F
33192,F
33193,F
33194,F
33195,F
33196,F
33197,F
33198,F
33199,F
33200,F
33201,F
33202,F
33203,F
33205,F
33207,F
33208,F
33210,F
33211,F
33212,F
33213,F
33214,F
33215,F
33217,F
33218,F
33219,F
33220,F
33221,F
33222,F
33223,F
33224,F
33225,F
33226,F
33227,F
33228,F
33229,F
33230,F
33231,F
33232,F
33233,F
33234,F
33235,F
33236,F
33237,F
33239,F
33240,F
33241,F
33243,F
33245,F
33246,F
33248,F
33249,F
33250,F
33252,F
33253,F
33254,F
33255,F
33256,F
33257,F
33258,F
33259,F
33260,F
33261,F
33262,F
33263,F
33264,F
33265,F
33266,F
33267,F
33268,F
33269,F
33270,F
35344,M
33272,F
35345,F
33274,F
33275,F
33276,F
33277,F
33278,F
33279,F
33280,F
33281,F
33282,F
33283,F
33284,F
33285,F
33287,F
33288,F
33289,F
33290,F
33291,F
33292,F
33293,F
33294,F
33295,F
33296,F
33297,F
33299,F
33300,F
33301,F
33302,F
33303,F
33304,F
33305,F
33306,F
33307,F
33308,F
33309,F
33310,F
33311,F
33312,F
33313,F
33314,F
33315,F
33316,F
33317,F
33318,F
33319,F
33320,F
33322,F
33323,F
33324,F
33325,F
33326,F
33327,F
33328,F
33329,F
33330,M
33331,M
33332,M
33333,M
33334,M
33337,M
33338,M
33339,M
33340,M
33341,M
33343,M
33345,M
33347,M
33351,M
33352,M
33353,M
33354,M
33355,M
33356,M
33359,M
33360,M
33361,M
33362,M
33363,M
33365,M
33366,M
33368,M
33370,M
33372,M
33373,M
33374,M
33375,M
33376,M
33377,M
33379,M
33380,M
33381,M
33382,M
33383,M
33384,M
33385,M
33386,M
33387,M
33388,M
33389,M
33390,M
33392,M
33395,M
33396,M
33397,M
33400,M
33401,M
33402,M
33403,M
33404,M
33405,M
33406,M
33407,M
33409,M
33410,M
33411,M
33412,M
33413,M
33414,M
33415,M
33416,M
35346,M
33418,M
33419,M
33420,M
33421,M
33422,M
35347,M
33424,M
33425,M
33426,M
33427,M
33428,M
33429,M
33430,M
33431,M
33432,M
33433,M
33434,M
33436,M
33437,M
33438,M
33439,M
33440,M
33441,M
33442,M
33443,M
33444,M
33445,M
33447,M
33448,M
33451,M
33452,M
33454,M
33455,M
33456,M
33457,M
33458,M
33459,M
33460,M
33461,M
33462,M
33463,M
33465,M
33466,M
33467,M
33468,M
33469,M
33470,M
33471,M
33472,M
33473,M
33474,M
33475,M
33476,M
33477,M
33478,M
33479,M
33481,M
33483,M
33484,M
33485,M
33486,M
33487,M
33488,M
33489,M
33490,M
33491,M
33492,M
33493,M
33494,M
33495,M
33496,M
33497,M
33498,M
33499,M
33500,M
33501,M
33502,M
33503,M
33504,M
33505,M
33506,M
33507,M
33508,M
33509,M
33510,M
33511,M
33512,M
33513,M
33514,M
33515,M
33516,M
33517,M
33518,M
33519,M
33520,M
33521,M
33522,M
33523,M
33524,M
33525,M
33526,M
33527,M
33528,M
33529,M
33530,M
33531,M
33532,M
33533,M
33534,M
33535,M
33536,M
33537,M
33538,M
33539,M
33540,M
33541,M
33542,M
33543,M
33544,M
33545,M
33546,M
33547,M
33548,M
33549,M
33550,M
33551,M
33552,M
33553,M
33554,M
33555,M
33556,M
33557,M
33558,M
33559,M
33560,M
33561,M
33562,M
33563,M
33564,M
33565,M
33566,M
33567,M
33568,M
33569,M
33570,M
33571,M
33572,M
33573,M
33574,M
33575,M
33576,M
33577,M
33578,M
33579,M
33580,M
33581,M
33582,M
33583,M
33584,M
33585,M
33586,M
33587,M
33588,M
33589,M
33590,M
33591,M
33592,M
33593,M
33594,M
33595,M
33596,M
33597,M
33598,M
33599,M
33600,M
33601,M
33602,M
33603,M
33604,M
33605,M
33606,M
33607,M
33608,M
35349,M
33610,M
33611,M
33613,M
33614,M
33615,M
33617,M
33618,M
33619,M
33620,M
33621,M
33622,M
33623,M
33625,M
33626,M
33628,M
33629,M
33631,M
33632,M
33633,M
33634,M
33635,M
10027,M
10435,M
15951,F
9763,M
15599,M
286,F
13722,M
8919,F
9205,F
10440,M
33636,F
33638,F
33641,M
33643,M
33644,M
33645,M
33646,M
33647,M
33648,M
33649,F
33650,F
33653,F
33657,M
33658,M
33661,F
33662,F
33663,M
33664,M
33667,M
33670,F
33671,F
33672,F
33673,M
33674,M
33675,M
33676,M
33677,M
33679,M
33680,M
33681,M
33682,M
33684,M
33685,M
33687,M
33689,M
33690,M
33691,M
33692,M
33694,M
33695,M
33696,M
33699,M
33700,M
33702,M
33704,M
33705,M
33706,M
33707,M
33709,M
33710,M
33711,M
33712,M
33714,M
33715,M
33717,M
33718,M
33719,M
33720,M
33721,M
33724,M
33725,M
33726,M
33727,M
33728,M
33729,M
33731,M
33734,M
35350,M
33737,M
33739,M
33744,M
33745,M
33747,M
33748,M
33753,M
33754,M
33756,M
33758,M
33760,M
33765,F
33767,F
35351,M
33730,M
35352,M
33733,M
33735,M
33738,M
33740,M
33741,M
33742,M
33743,M
33746,M
33749,M
33750,M
33751,M
33752,M
33755,M
33759,M
33761,M
33762,M
33763,M
33764,M
33768,M
33769,F
33770,F
33771,F
33772,F
33773,F
33775,F
33776,F
33777,F
33778,F
33779,F
33780,F
33782,F
33783,F
33784,F
33785,F
33787,F
33788,F
33789,F
33790,F
33791,F
33792,F
33793,F
33794,F
33795,F
33796,F
33798,F
33799,F
33800,F
33801,F
33802,F
33803,F
33804,F
33805,F
33806,F
33807,F
33808,F
33809,F
33810,F
33811,F
33812,F
33813,F
33814,F
33815,F
33816,F
33818,F
33819,F
33820,F
33821,F
33822,F
33824,F
33825,F
33826,F
33828,M
33829,M
33830,M
7511,M
33838,M
33836,M
33839,M
33841,M
33842,M
33845,M
33847,M
33849,M
33850,M
33854,M
33856,M
33859,M
33860,M
33861,M
33862,M
33863,M
33864,F
33866,F
33867,F
33869,F
33870,F
33871,F
33872,F
33873,F
33875,F
33876,F
33877,F
33878,M
33879,M
33880,M
33881,M
33882,M
33883,M
33884,M
33885,M
33887,M
33888,M
33892,M
33893,M
33894,M
33895,M
33896,F
33897,F
33899,M
33900,M
33901,M
33902,M
33903,M
33904,M
33905,M
33906,M
33909,M
33912,M
33916,F
33917,F
33918,F
33919,F
33922,F
35354,M
33913,M
35356,M
33923,F
33924,F
33925,F
33911,M
33915,M
33920,F
33921,F
33926,M
33927,F
33928,F
33930,M
33931,M
33932,M
33934,M
33935,M
33936,M
33937,M
33938,M
33939,M
33940,M
33942,F
33943,F
33944,F
33945,F
33946,F
33947,F
33948,M
33949,M
33950,M
33951,M
33952,M
33953,M
33954,M
33955,M
33956,M
33957,M
33958,M
33960,M
33961,M
33963,M
33964,M
33965,M
33966,M
33967,M
33969,M
33971,M
33974,M
33975,M
33978,M
33980,M
33981,M
33984,M
33986,M
33988,M
33989,M
33991,M
33992,M
33994,M
33995,M
34003,M
34006,M
34007,M
34008,M
34009,M
34011,M
34012,M
34013,M
34015,M
34016,M
34017,M
34018,M
34019,M
34023,M
34024,M
34027,M
34028,M
34029,M
34030,M
34032,M
34033,M
34034,M
34035,M
