result_id,team_id,athlete_id,grade,running_event_id,event_type,result_time,wind,meet_id
66912,167,667,Sr,48,,24:52.90,,553
67517,88,11461,Fr,47,,28:15.40,,565
67616,88,11483,Fr,48,,28:58.80,,565
67630,88,11495,Fr,48,,29:37.90,,565
83188,178,23541,,47,,22:14.31,,776
83189,178,3179,,47,,22:51.25,,776
83190,188,1724,,47,,23:09.38,,776
83191,172,1727,,47,,23:10.57,,776
83192,188,18595,,47,,23:17.12,,776
83193,204,1726,,47,,23:48.46,,776
83194,208,18264,,47,,23:49.32,,776
80337,10,5619,,48,,26:32.40,,684
80338,19,5158,,48,,26:36.80,,684
80339,19,2303,,48,,26:45.60,,684
80340,10,22588,,48,,27:11.10,,684
80341,19,2306,,48,,27:50.60,,684
80342,10,22589,,48,,28:10.80,,684
80343,10,22590,,48,,28:18.90,,684
80344,10,22591,,48,,28:48.80,,684
80345,10,22592,,48,,28:49.80,,684
80346,19,2308,,48,,28:50.80,,684
80347,10,5793,,48,,29:31.70,,684
80348,10,2302,,48,,29:31.90,,684
80349,10,22593,,48,,29:36.80,,684
83195,172,6431,,47,,23:51.00,,776
83196,196,826,,47,,23:59.98,,776
83197,203,1732,,47,,24:00.63,,776
83198,172,1740,,47,,24:01.01,,776
83199,208,23542,,47,,24:02.17,,776
83200,174,1767,,47,,24:04.80,,776
83201,203,4971,,47,,24:05.81,,776
83202,178,18816,,47,,24:20.82,,776
83203,203,19602,,47,,24:22.74,,776
83204,178,1743,,47,,24:26.29,,776
83205,174,18822,,47,,24:28.73,,776
83206,188,18599,,47,,24:29.55,,776
83207,172,4959,,47,,24:29.65,,776
34757,124,23462,,47,,23:03.70,,392
112045,32,18772,,48,,29:48.10,,1338
112047,32,27327,,48,,36:20.70,,1338
66913,167,666,So,48,,24:58.50,,553
66914,167,18724,Fr,48,,25:27.70,,553
76591,59,19506,,47,,23:35.20,,652
67550,88,2509,Jr,47,,30:39.10,,565
67667,88,2560,Sr,48,,31:20.50,,565
34853,59,19506,,47,,25:11.30,,395
80350,19,5171,,48,,29:47.40,,684
80351,10,5794,,48,,30:16.10,,684
80352,10,2311,,48,,30:26.90,,684
80353,10,22594,,48,,30:30.20,,684
80354,10,22595,,48,,32:07.60,,684
80355,10,2312,,48,,32:37.50,,684
664,167,6285,Sr,47,,27:17.50,,15
80356,10,22596,,48,,34:58.10,,684
3215,167,6285,,17,,20:41.20,,43
4301,167,6285,,47,,25:43.80,,58
4751,167,6285,,47,,24:43.50,,61
7334,167,6285,,47,Junior/Senior/Grad,24:56.90,,71
2828,61,2252,,47,,29:23.50,,37
112046,32,27326,,48,,35:07.70,,1338
80357,10,22597,,48,,39:52.90,,684
80358,10,22598,,47,,23:15.20,,684
112048,32,27323,,17,,19:04.30,,1338
80359,10,2300,,47,,23:42.70,,684
80360,10,22599,,47,,25:08.20,,684
80361,10,22600,,47,,26:06.40,,684
6151,49,3782,,48,,30:45.53,,65
7493,49,3782,,48,Junior/Senior/Grad,29:33.31,,71
27323,108,3742,,47,,23:44.80,,358
27328,56,230,,47,,25:01.40,,358
27340,117,8113,,47,,26:56.90,,358
27350,117,81,,47,,28:11.40,,358
27369,62,8129,,47,,30:57.90,,358
27388,117,119,,48,,27:14.20,,358
27407,108,124,,48,,28:47.70,,358
27504,61,2238,So,47,,20:58.50,,362
27505,61,2241,,47,,22:32.80,,362
27506,61,2774,,47,,24:46.60,,362
27507,61,2240,,47,,26:18.80,,362
27508,61,2259,,47,,19:28.90,,362
27509,61,382,,47,,19:37.60,,362
27510,61,8146,,47,,19:40.50,,362
27511,61,1657,,47,,19:43.60,,362
27512,61,8147,,47,,19:53.40,,362
27513,61,1656,,47,,19:55.90,,362
27475,117,197,,48,,34:29.50,,358
27476,117,4006,,48,,34:37.70,,358
27478,117,8090,,48,,34:52.20,,358
27479,117,189,,48,,34:53.20,,358
27480,56,8091,,48,,34:53.70,,358
27482,103,8093,,48,,35:29.30,,358
27483,108,58,,48,,35:33.10,,358
27484,117,195,,48,,36:11.30,,358
27485,117,217,,48,,37:28.50,,358
27486,56,8095,,48,,37:30.50,,358
27487,117,54,,48,,37:31.10,,358
27488,117,8096,,48,,37:50.60,,358
27489,108,8097,,48,,37:58.10,,358
27490,56,8098,,48,,37:59.10,,358
27491,117,43,,48,,38:16.70,,358
27492,56,8099,,48,,38:18.20,,358
27494,117,3355,,48,,38:50.90,,358
27495,117,8101,,48,,39:16.20,,358
27496,117,210,,48,,39:25.60,,358
27499,117,8104,,48,,39:54.20,,358
27500,117,8105,,48,,40:47.90,,358
27502,56,7259,,48,,41:57.10,,358
27310,167,666,So,47,,18:22.00,,359
27314,167,8108,Fr,47,,19:21.90,,359
27315,165,384,,17,,18:51.00,,360
27316,165,8109,,17,,23:05.60,,360
27317,165,391,,17,,26:29.30,,360
27318,165,394,,48,,26:42.50,,360
27319,165,2174,,48,,28:06.20,,360
27320,165,2179,,48,,29:57.60,,360
27321,165,8110,,48,,31:22.50,,360
27322,165,393,,48,,32:14.70,,360
27324,108,2229,,47,,23:50.70,,358
27325,117,231,,47,,24:07.70,,358
27326,103,972,,47,,24:33.30,,358
27327,117,63,,47,,24:46.70,,358
27329,117,234,,47,,25:23.40,,358
27330,117,3968,,47,,25:39.90,,358
27331,56,233,,47,,25:53.10,,358
27332,62,244,,47,,26:12.90,,358
27333,108,8111,,47,,26:14.10,,358
27334,117,4092,,47,,26:14.60,,358
27335,117,8112,,47,,26:17.40,,358
27336,117,237,,47,,26:25.60,,358
27337,56,240,,47,,26:31.70,,358
27338,117,236,,47,,26:38.90,,358
27339,117,238,,47,,26:48.80,,358
27311,167,667,Sr,47,,18:41.60,,359
27401,62,8043,,48,,28:25.30,,358
27341,108,8114,,47,,27:01.60,,358
27342,108,2230,,47,,27:06.50,,358
27343,108,8115,,47,,27:20.70,,358
27344,117,8116,,47,,27:32.30,,358
27345,117,1956,,47,,27:45.30,,358
27346,108,78,,47,,27:53.60,,358
27347,117,8117,,47,,28:02.40,,358
27348,117,8118,,47,,28:03.60,,358
27349,117,4093,,47,,28:03.90,,358
27351,117,8119,,47,,28:18.30,,358
27352,56,8120,,47,,28:23.90,,358
27353,62,8121,,47,,28:28.80,,358
27354,62,4793,,47,,28:32.40,,358
27355,108,254,,47,,28:37.70,,358
27356,117,82,,47,,28:55.60,,358
27357,117,8122,,47,,29:03.50,,358
27358,56,3368,,47,,29:04.60,,358
27359,56,8123,,47,,29:05.10,,358
27360,56,253,,47,,29:23.40,,358
27361,117,264,,47,,29:24.70,,358
27362,117,8124,,47,,29:40.30,,358
27363,117,8125,,47,,29:42.90,,358
27364,117,8126,,47,,30:07.30,,358
27365,62,8127,,47,,30:12.80,,358
27366,117,1984,,47,,30:28.40,,358
27367,108,8128,,47,,30:37.60,,358
27368,62,257,,47,,30:40.90,,358
27370,62,8130,,47,,31:09.60,,358
27371,117,4778,,47,,31:43.30,,358
27372,103,8131,,47,,32:13.40,,358
27373,117,8132,,47,,32:16.40,,358
27374,62,8133,,47,,32:51.40,,358
27375,108,8134,,47,,32:51.80,,358
27376,56,8135,,47,,33:15.30,,358
27377,62,272,,47,,33:15.40,,358
27378,62,280,,47,,33:28.60,,358
27379,117,271,,47,,34:04.90,,358
27380,108,3322,,47,,37:08.20,,358
27381,103,3324,,47,,39:01.40,,358
27382,108,6342,,48,,26:09.30,,358
27383,117,115,,48,,26:19.90,,358
27384,56,127,,48,,26:37.50,,358
27385,117,120,,48,,26:50.20,,358
27386,108,10,,48,,26:56.10,,358
27387,117,135,,48,,27:13.40,,358
27389,117,8037,,48,,27:23.60,,358
27390,56,129,,48,,27:30.90,,358
27391,56,128,,48,,27:35.70,,358
27392,56,123,,48,,27:36.20,,358
27393,117,140,,48,,27:38.30,,358
27394,117,8038,,48,,27:41.20,,358
27395,117,8039,,48,,27:43.80,,358
27396,117,8040,,48,,28:07.20,,358
27397,56,8041,,48,,28:08.40,,358
27398,56,8042,,48,,28:14.20,,358
27399,117,17,,48,,28:17.10,,358
27400,108,151,,48,,28:23.70,,358
27402,117,8044,,48,,28:33.80,,358
27403,56,8045,,48,,28:34.70,,358
27404,117,8046,,48,,28:40.50,,358
27405,117,139,,48,,28:42.30,,358
27406,117,8136,,48,,28:43.30,,358
27408,117,142,,48,,28:56.60,,358
27409,117,146,,48,,29:02.10,,358
27410,56,8047,,48,,29:02.20,,358
27411,108,16,,48,,29:04.50,,358
27412,117,6,,48,,29:15.20,,358
27413,108,8048,,48,,29:22.40,,358
27414,117,8049,,48,,29:25.50,,358
27415,117,158,,48,,29:25.60,,358
27416,56,177,,48,,29:28.90,,358
27417,108,8050,,48,,29:29.10,,358
27418,56,8051,,48,,29:29.70,,358
27419,117,154,,48,,29:30.10,,358
27420,108,8052,,48,,29:34.50,,358
27421,117,8053,,48,,29:34.70,,358
27422,56,8054,,48,,29:36.20,,358
26154,169,4237,So,17,,25:13.40,,340
26155,169,1153,Jr,17,,28:20.40,,340
26156,169,4449,Sr,17,,16:44.00,,340
26157,169,1198,So,17,,17:03.90,,340
26158,169,1294,Jr,17,,18:07.40,,340
26159,169,7641,Fr,17,,18:40.80,,340
26160,169,7642,Fr,17,,19:14.60,,340
26161,169,7643,,17,,19:54.00,,340
26162,169,4735,So,17,,21:31.40,,340
26163,169,7644,So,17,,22:14.10,,340
27514,61,2261,,47,,20:25.20,,362
27515,61,1658,,47,,20:47.40,,362
27423,117,8055,,48,,29:40.20,,358
27424,117,153,,48,,29:40.90,,358
27425,56,8056,,48,,29:42.50,,358
27426,117,8057,,48,,29:43.50,,358
27427,117,166,,48,,29:45.20,,358
27428,108,181,,48,,29:45.70,,358
27429,117,8058,,48,,29:59.20,,358
27430,56,8059,,48,,30:01.30,,358
27431,117,31,,48,,30:05.70,,358
27432,56,2200,,48,,30:13.20,,358
27433,117,8060,,48,,30:13.60,,358
27434,117,160,,48,,30:18.20,,358
27435,117,156,,48,,30:19.20,,358
27436,117,8061,,48,,30:24.70,,358
27437,117,8062,,48,,30:30.40,,358
27439,117,8064,,48,,30:37.70,,358
27440,56,6820,,48,,30:48.50,,358
27441,117,164,,48,,30:50.20,,358
27442,56,8065,,48,,30:54.40,,358
27444,117,173,,48,,31:00.10,,358
27445,117,188,,48,,31:14.70,,358
27446,117,15,,48,,31:16.50,,358
27447,117,8067,,48,,31:30.30,,358
27448,117,187,,48,,31:43.70,,358
27449,117,8068,,48,,31:43.90,,358
27450,56,8069,,48,,31:46.50,,358
27451,117,8070,,48,,31:59.30,,358
27452,117,8071,,48,,32:03.20,,358
27454,117,183,,48,,32:05.90,,358
27455,117,8073,,48,,32:10.40,,358
27456,56,8074,,48,,32:18.70,,358
27457,56,8075,,48,,32:22.70,,358
27458,117,215,,48,,32:24.20,,358
27460,108,8077,,48,,32:43.60,,358
27461,117,8078,,48,,32:46.70,,358
27462,117,8079,,48,,32:48.90,,358
27463,117,8080,,48,,32:49.50,,358
27464,56,3415,,48,,33:01.50,,358
27465,117,8081,,48,,33:02.10,,358
27466,56,3412,,48,,33:04.10,,358
27467,56,8082,,48,,33:07.60,,358
27469,108,8084,,48,,33:47.30,,358
27470,108,8085,,48,,33:52.60,,358
27471,117,192,,48,,34:07.20,,358
27472,117,182,,48,,34:16.10,,358
27473,117,8087,,48,,34:25.50,,358
27474,117,8088,,48,,34:27.90,,358
27438,62,8063,,48,,30:31.70,,358
27516,168,671,Sr,17,,16:01.00,,364
27517,167,680,Sr,17,,16:16.00,,364
27518,167,2540,Jr,17,,16:33.00,,364
27519,167,5236,Sr,17,,17:06.00,,364
27520,167,743,Jr,17,,18:13.00,,364
27521,167,5220,Sr,17,,17:33.00,,364
27522,168,732,Jr,17,,17:38.00,,364
27523,167,708,Jr,17,,18:56.00,,364
6519,84,2663,,47,,1:06:30.70,,70
1579,96,1461,,17,,20:57.00,,21
1583,96,1465,,17,,21:00.00,,21
1589,96,1469,,17,,22:00.00,,21
1593,86,1473,,17,,22:19.00,,21
1586,77,1466,,17,,21:49.00,,21
1604,75,1481,,17,,22:59.00,,21
1610,86,1487,,17,,23:12.00,,21
1611,96,1489,,17,,23:20.00,,21
1613,96,1490,,17,,24:05.00,,21
1615,77,1492,,17,,24:16.00,,21
1618,75,1494,,17,,24:18.00,,21
1625,86,1500,,17,,25:09.00,,21
1627,96,1502,,17,,25:20.00,,21
1629,96,362,,17,,26:19.00,,21
1630,86,1504,,17,,26:26.00,,21
1632,86,1506,,17,,27:07.00,,21
1577,139,1458,,17,,20:56.00,,21
1622,139,1498,,17,,24:33.00,,21
1581,139,1462,,17,,20:59.00,,21
1634,139,1509,,17,,27:41.00,,21
1608,139,1484,,17,,23:08.00,,21
26423,4,2985,So,48,,36:54.10,,346
26353,58,7687,,17,,21:40.40,,342
26354,58,263,,17,,23:45.10,,342
26355,58,170,,17,,17:11.50,,342
26356,58,134,,17,,18:35.40,,342
26357,58,179,,17,,20:13.90,,342
26358,58,165,,17,,21:29.70,,342
111236,212,28503,,17,,20:30.40,,1327
111237,212,28504,,17,,20:32.00,,1327
111238,212,28505,,17,,21:42.70,,1327
111239,212,28506,,17,,22:14.30,,1327
111240,212,28507,,17,,29:24.90,,1327
111241,212,28508,,48,,25:48.90,,1327
111242,212,28509,,48,,27:27.00,,1327
111243,212,25133,,48,,30:11.70,,1327
111244,212,28510,,48,,31:20.30,,1327
26361,120,7689,,17,,16:58.50,,343
26362,120,7690,,17,,17:29.80,,343
26363,120,7691,,17,,17:34.70,,343
2,1,2,So,48,,26:57.10,,1
3,117,3,,48,,27:03.40,,1
4,108,4,,48,,27:13.90,,1
5,49,5,,48,,27:17.40,,1
26359,116,312,,17,,16:28.60,,343
26360,116,310,Sr,17,,16:39.00,,343
26364,120,327,,17,,17:47.50,,343
26365,120,337,,17,,20:46.40,,343
26366,120,346,,17,,21:42.30,,343
26367,120,7692,,17,,23:38.80,,343
26370,139,7694,,17,,17:23.30,,344
26373,139,7695,,17,,19:50.20,,344
26375,139,2731,,17,,19:52.20,,344
26377,139,1595,,17,,20:05.20,,344
26378,139,1583,,17,,20:15.80,,344
26379,139,1571,,17,,20:16.30,,344
26380,139,7698,,17,,20:18.60,,344
26382,139,4705,,17,,21:42.00,,344
26384,139,7699,,17,,22:54.20,,344
26385,139,4354,,17,,23:17.90,,344
26386,139,7700,,17,,23:28.90,,344
26387,139,1615,,17,,24:00.10,,344
26389,139,7701,,17,,24:19.90,,344
26390,139,7702,,17,,24:32.70,,344
26391,139,7703,,17,,25:05.20,,344
26392,139,7704,,17,,21:08.00,,344
26393,139,7705,,17,,21:17.30,,344
26395,139,7706,,17,,22:30.30,,344
26399,139,7709,,17,,23:53.60,,344
26401,139,2703,,17,,24:30.20,,344
26402,139,7710,,17,,24:30.70,,344
26403,139,2702,,17,,24:40.10,,344
26405,139,7711,,17,,26:19.20,,344
26406,139,7712,,17,,27:17.20,,344
26408,139,7714,,17,,28:00.90,,344
26409,40,7715,,17,,20:23.70,,345
26410,40,3493,,17,,17:43.20,,345
26411,40,6408,,17,,19:07.90,,345
26412,40,7716,,17,,20:27.70,,345
26413,4,93,Sr,48,,26:42.10,,346
26415,4,7718,Fr,48,,26:48.60,,346
26416,4,90,So,48,,27:43.70,,346
26417,4,7719,,48,,28:22.10,,346
26418,4,99,Jr,48,,28:34.00,,346
26419,4,2970,So,48,,28:56.40,,346
26420,4,106,Jr,48,,29:51.10,,346
26421,4,7720,Fr,48,,30:17.80,,346
26422,4,108,Jr,48,,33:01.20,,346
26397,139,1483,,17,,23:17.50,,344
26398,139,1484,,17,,23:51.40,,344
26407,139,7713,Fr,17,,27:38.10,0.0,344
26371,139,1584,,17,,18:27.20,,344
26404,139,5298,,17,,24:40.50,,344
26414,4,7717,Fr,48,,26:46.90,,346
26376,139,7697,Fr,17,,19:52.80,,344
26381,139,1589,Jr,17,,21:34.00,,344
26368,139,7693,Fr,17,,16:42.50,,344
26369,139,1520,Jr,17,,17:13.10,0.0,344
26372,139,1557,So,17,,18:28.10,0.0,344
26383,139,2751,So,17,,22:42.30,0.0,344
26388,139,1608,Sr,17,,24:06.70,0.0,344
26394,139,1458,So,17,,21:54.90,0.0,344
26396,139,7707,So,17,,23:07.30,0.0,344
26400,139,1497,So,17,,24:22.50,0.0,344
26374,139,7696,Fr,17,,19:50.80,,344
26425,75,7722,,17,,16:40.00,,347
26427,66,7723,,17,,16:44.00,,347
26428,75,1535,Jr,17,,16:47.00,0.0,347
26430,75,1525,,17,,17:10.00,,347
26431,75,1546,So,17,,17:18.00,0.0,347
26432,75,2070,,17,,17:28.00,,347
6829,75,1530,,48,Championship,27:06.70,,71
598,88,530,Fr,48,,29:37.40,0.0,14
26435,75,7726,,17,,18:01.00,,347
26436,77,1554,,17,,18:02.00,,347
26437,77,2497,,17,,18:13.00,,347
26438,77,7727,,17,,18:21.00,,347
26439,77,7728,,17,,18:23.00,,347
26440,77,7729,,17,,18:25.00,,347
26441,77,1543,,17,,18:28.00,,347
26443,75,5932,,17,,18:48.00,,347
26445,75,7730,,17,,19:11.00,,347
26446,77,7731,,17,,19:20.00,,347
26447,75,2557,,17,,19:25.00,,347
26448,77,7732,,17,,19:44.00,,347
26449,77,7733,,17,,20:01.00,,347
26450,77,7734,,17,,20:03.00,,347
26451,77,1592,,17,,20:15.00,,347
26452,75,7735,,17,,20:28.00,,347
26453,75,2600,,17,,20:53.00,,347
26454,77,7736,,17,,21:40.00,,347
26455,75,7737,,17,,21:43.00,,347
26456,75,7738,,17,,21:46.00,,347
26458,75,1607,,17,,23:14.00,,347
26459,77,7740,,17,,23:26.00,,347
26460,77,7741,,17,,24:16.00,,347
26461,77,7742,,17,,24:20.00,,347
26462,77,7743,,17,,24:26.00,,347
26463,77,7744,,17,,25:12.00,,347
26464,77,7745,,17,,19:01.00,,347
26469,75,1494,,17,,21:57.00,,347
26470,66,7747,,17,,22:02.00,,347
26471,66,7748,,17,,22:23.00,,347
26466,77,1466,,17,,20:26.00,,347
26473,66,7750,,17,,22:32.00,,347
26475,66,7752,,17,,22:59.00,,347
26477,75,7753,,17,,24:30.00,,347
26478,77,7754,,17,,24:42.00,,347
26479,77,7755,,17,,25:07.00,,347
26480,77,7756,,17,,25:48.00,,347
26481,77,1492,,17,,26:36.00,,347
26483,77,7757,,17,,37:31.00,,347
26484,77,7758,,17,,38:49.00,,347
26476,66,4542,Sr,17,,23:55.00,0.0,347
26468,75,2516,Sr,17,,21:23.00,0.0,347
26474,75,7751,Fr,17,,22:47.00,0.0,347
26482,75,4555,So,17,,26:38.00,0.0,347
26434,75,7725,Fr,17,,17:43.00,0.0,347
560,88,492,Fr,47,,28:19.90,0.0,14
3379,88,556,So,17,,18:49.00,0.0,43
3361,88,2568,Sr,17,,18:26.20,0.0,43
3386,88,2583,So,17,,18:59.30,0.0,43
3389,88,2585,So,17,,19:02.20,0.0,43
3391,88,550,So,17,,19:10.20,0.0,43
3392,88,551,So,17,,19:11.50,0.0,43
3412,88,548,Jr,17,,19:44.20,0.0,43
3414,88,2596,So,17,,19:53.90,0.0,43
3448,88,2617,Sr,17,,22:31.50,0.0,43
4662,88,524,Sr,48,,28:08.40,0.0,60
3202,88,474,So,17,,18:32.20,0.0,43
592,88,524,Sr,48,,29:26.40,0.0,14
3307,88,513,Jr,17,,16:56.20,0.0,43
3315,88,521,So,17,,17:06.00,0.0,43
3427,88,2604,Fr,17,,20:23.50,0.0,43
3321,88,530,Fr,17,,17:17.50,0.0,43
3322,88,517,Jr,17,,17:21.20,0.0,43
3327,88,2553,So,17,,17:26.20,0.0,43
3330,88,2554,Jr,17,,17:28.70,0.0,43
3331,88,534,Sr,17,,17:30.00,0.0,43
4661,88,504,Fr,48,,28:00.50,0.0,60
4663,88,507,Fr,48,,28:09.30,0.0,60
3643,139,1483,,47,,26:05.58,,46
3629,139,1458,,47,,23:57.88,,46
3708,139,7694,,48,,28:27.19,,46
76791,60,3461,,17,,26:30.73,,656
4948,139,1520,,48,,26:57.60,,61
1726,139,1584,,48,,31:30.00,,21
76588,61,2238,,47,,21:59.90,,652
76590,61,19505,,47,,22:58.50,,652
76589,61,2239,Sr,47,,22:29.40,,652
602,88,534,Sr,48,,30:07.30,0.0,14
607,88,539,Fr,48,,30:37.20,0.0,14
616,88,548,Jr,48,,33:01.80,0.0,14
618,88,550,So,48,,33:14.20,0.0,14
619,88,551,So,48,,33:19.40,0.0,14
624,88,556,So,48,,35:31.60,0.0,14
626,88,558,So,48,,36:50.90,0.0,14
629,88,561,Sr,48,,37:29.90,0.0,14
76592,61,2241,,47,,23:45.70,,652
76593,61,21465,,47,,23:59.90,,652
3801,139,5313,,48,,41:28.50,,46
76594,49,7115,,47,,24:03.00,,652
76595,61,2240,,47,,24:10.20,,652
76596,59,11376,,47,,24:48.80,,652
76597,49,21466,,47,,24:50.00,,652
76598,61,2245,,47,,25:02.90,,652
76599,61,19512,,47,,25:46.70,,652
76600,49,21467,,47,,25:51.50,,652
76601,61,19520,,47,,26:10.10,,652
76602,61,2242,,47,,26:16.40,,652
76603,61,4791,,47,,26:29.80,,652
76604,61,20763,,47,,26:30.90,,652
76605,61,19513,,47,,26:36.20,,652
76606,61,2252,,47,,27:22.50,,652
76607,61,2249,,47,,27:32.50,,652
76608,61,8183,,47,,28:15.60,,652
76609,61,2256,,47,,28:24.80,,652
76610,61,21468,,47,,28:26.00,,652
76611,59,11377,,47,,28:41.70,,652
76612,59,2775,,47,,29:32.30,,652
76613,61,19526,,47,,29:44.50,,652
76614,59,2064,,47,,29:48.30,,652
76615,61,21469,,47,,29:48.30,,652
76616,59,19524,,47,,30:35.30,,652
76617,59,1671,,47,,30:35.40,,652
76618,61,21470,,48,,25:19.80,,652
76619,61,2259,,48,,25:30.50,,652
76620,61,8146,,48,,25:35.40,,652
76621,61,1656,,48,,26:06.50,,652
76622,61,1657,,48,,26:08.60,,652
76623,61,2261,,48,,26:22.10,,652
76624,59,1625,,48,,26:42.20,,652
76625,49,5,,48,,26:44.30,,652
76626,61,21471,,48,,26:59.50,,652
76627,49,2260,,48,,27:11.10,,652
76628,59,2066,,48,,27:18.90,,652
76629,49,2994,,48,,27:23.80,,652
76630,61,2265,,48,,27:29.30,,652
76631,49,19502,,48,,27:45.00,,652
76632,59,2783,,48,,27:58.40,,652
76633,59,19362,,48,,28:00.50,,652
76634,59,1631,,48,,28:02.00,,652
76635,61,2269,,48,,28:04.30,,652
76636,61,381,,48,,28:05.60,,652
76637,59,1632,,48,,28:10.50,,652
76638,59,21472,,48,,28:26.60,,652
76639,61,2784,,48,,28:31.40,,652
76640,59,4084,,48,,28:39.60,,652
76641,59,1636,,48,,28:46.20,,652
76642,61,1663,,48,,28:55.00,,652
76643,49,18,,48,,29:01.60,,652
76644,59,11370,,48,,29:05.50,,652
76645,61,2275,,48,,29:07.70,,652
573,88,505,Sr,48,,26:33.20,0.0,14
76646,49,2268,,48,,29:09.20,,652
6493,37,3471,,48,,28:14.40,,68
546,88,7289,Jr,47,,24:51.90,0.0,14
584,88,516,Jr,48,,28:48.80,0.0,14
581,88,513,Jr,48,,28:31.70,0.0,14
585,88,517,Jr,48,,28:49.70,0.0,14
587,88,519,Fr,48,,29:00.00,0.0,14
589,88,521,So,48,,29:02.10,0.0,14
542,88,474,So,47,,23:25.90,0.0,14
72679,138,2380,,47,,23:09.80,,622
72680,164,567,,47,,23:15.40,,622
1,1,1,Sr,48,,33:55.70,,1
6,117,6,,48,,27:28.30,,1
8,1,8,,48,,27:34.70,,1
9,1,9,,48,,27:36.10,,1
10,108,10,,48,,27:45.30,,1
11,127,11,,48,,28:05.50,,1
12,117,12,,48,,28:13.10,,1
13,43,13,,48,,28:17.50,,1
14,117,14,,48,,28:31.60,,1
15,117,15,,48,,28:33.30,,1
16,108,16,,48,,28:35.40,,1
17,117,17,,48,,28:53.60,,1
18,49,18,,48,,29:04.70,,1
19,1,19,,48,,29:05.30,,1
20,1,20,,48,,29:16.60,,1
21,1,21,,48,,29:34.60,,1
22,49,22,,48,,29:39.80,,1
23,1,23,,48,,30:15.00,,1
24,49,24,,48,,30:26.20,,1
25,117,25,,48,,30:32.90,,1
26,43,26,,48,,30:34.30,,1
27,1,27,,48,,30:35.30,,1
28,117,28,,48,,30:36.90,,1
29,117,29,,48,,30:38.20,,1
30,117,30,,48,,30:40.70,,1
31,117,31,,48,,30:40.80,,1
32,49,32,,48,,30:53.30,,1
33,49,33,,48,,31:01.80,,1
34,43,34,,48,,31:02.40,,1
35,1,35,,48,,31:10.30,,1
36,1,36,,48,,31:25.50,,1
37,1,37,,48,,31:25.50,,1
38,117,38,,48,,31:36.50,,1
39,49,39,,48,,31:59.20,,1
40,43,40,,48,,32:09.70,,1
41,49,41,,48,,32:19.00,,1
42,43,42,,48,,32:26.30,,1
43,117,43,,48,,32:26.80,,1
44,1,44,,48,,32:36.70,,1
45,117,45,,48,,32:49.70,,1
46,127,46,,48,,33:11.10,,1
47,117,47,,48,,33:14.10,,1
48,49,48,,48,,33:14.60,,1
49,43,49,,48,,33:36.70,,1
50,1,50,,48,,33:52.80,,1
51,1,51,,48,,34:01.70,,1
52,127,52,,48,,34:26.20,,1
53,43,53,,48,,34:41.00,,1
54,117,54,,48,,35:04.90,,1
55,43,55,,48,,35:45.60,,1
56,1,56,,48,,35:51.90,,1
57,43,57,,48,,36:25.30,,1
58,108,58,,48,,38:02.90,,1
59,127,59,,48,,44:00.20,,1
60,117,60,,48,,44:00.20,,1
61,117,61,,48,,46:25.20,,1
62,49,62,,48,,46:28.90,,1
63,117,63,,47,,23:04.20,,1
64,1,64,,47,,23:32.40,,1
65,1,65,,47,,24:03.60,,1
66,1,66,,47,,24:17.80,,1
67,1,67,,47,,24:34.40,,1
68,1,68,,47,,24:38.00,,1
69,117,69,,47,,24:50.10,,1
70,1,70,,47,,25:02.90,,1
71,1,71,,47,,25:41.30,,1
72,1,72,,47,,25:47.50,,1
73,127,73,,47,,26:07.10,,1
74,108,74,,47,,26:09.10,,1
75,1,75,,47,,26:10.10,,1
76,1,76,,47,,26:15.80,,1
77,49,77,,47,,26:18.80,,1
78,108,78,,47,,26:37.70,,1
79,117,79,,47,,26:38.60,,1
80,103,80,,47,,26:57.90,,1
81,117,81,,47,,27:18.00,,1
82,117,82,,47,,27:20.20,,1
83,49,83,,47,,27:20.20,,1
84,127,84,,47,,27:38.80,,1
85,127,85,,47,,28:26.00,,1
86,1,86,,47,,31:25.80,,1
87,43,87,,47,,32:11.30,,1
88,103,88,,47,,32:36.60,,1
89,1,2,So,47,,19:06.00,,2
90,1,7,So,47,,19:25.00,,2
91,4,89,,48,,25:54.80,,3
92,4,90,,48,,25:55.00,,3
93,4,91,,48,,26:24.60,,3
94,4,92,,48,,26:40.60,,3
95,4,93,,48,,26:52.10,,3
96,4,94,,48,,27:47.30,,3
97,4,95,,48,,27:52.50,,3
98,4,96,,48,,28:02.50,,3
99,4,97,,48,,28:02.60,,3
100,4,98,,48,,28:29.50,,3
101,4,99,,48,,28:39.70,,3
102,4,100,,48,,29:15.00,,3
103,4,101,,48,,29:24.90,,3
104,4,102,,48,,29:27.70,,3
105,4,103,,48,,29:33.50,,3
106,4,104,,48,,29:51.90,,3
107,4,105,,48,,30:20.30,,3
108,4,106,,48,,30:54.30,,3
109,4,107,,48,,33:15.50,,3
110,4,108,,48,,34:36.80,,3
111,4,109,,48,,36:55.80,,3
112,4,110,,48,,37:54.50,,3
114,4,112,,47,,26:42.20,,3
115,4,113,,47,,29:13.60,,3
116,44,114,Gr,47,,18:38.20,,4
117,117,3,Sr,48,,26:32.40,,5
118,117,115,Jr,48,,26:33.80,,5
119,117,116,So,48,,26:57.70,,5
120,117,117,,48,,27:09.70,,5
121,117,118,Fr,48,,27:11.90,,5
122,117,119,Fr,48,,27:19.30,,5
123,117,120,,48,,27:19.40,,5
124,117,121,,48,,27:20.70,,5
125,1,2,So,48,,27:25.50,,5
126,1,7,So,48,,27:26.90,,5
127,56,122,Fr,48,,27:31.40,,5
128,117,6,,48,,27:34.20,,5
129,56,123,Jr,48,,27:34.30,,5
130,108,124,,48,,27:34.70,,5
131,117,125,,48,,27:40.10,,5
132,56,126,Sr,48,,27:42.80,,5
133,56,127,So,48,,27:47.30,,5
134,56,128,So,48,,27:50.90,,5
135,56,129,So,48,,27:51.70,,5
136,56,130,So,48,,27:51.70,,5
137,1,9,,48,,27:54.50,,5
138,58,131,,48,,27:54.50,,5
139,56,132,Gr,48,,27:57.70,,5
140,101,133,Fr,48,,28:03.50,,5
141,58,134,,48,,28:04.90,,5
142,117,135,,48,,28:07.50,,5
143,117,136,,48,,28:08.10,,5
145,56,138,Jr,48,,28:09.40,,5
146,117,139,,48,,28:21.50,,5
147,117,140,Jr,48,,28:29.50,,5
148,108,141,,48,,28:29.90,,5
149,117,142,So,48,,28:30.70,,5
150,56,143,Jr,48,,28:33.90,,5
151,56,144,So,48,,28:47.30,,5
152,117,17,,48,,28:51.60,,5
153,101,145,Gr,48,,28:57.20,,5
154,117,146,,48,,29:01.30,,5
155,117,14,Sr,48,,29:05.10,,5
156,56,147,So,48,,29:11.10,,5
157,117,12,Sr,48,,29:11.30,,5
158,56,148,So,48,,29:17.30,,5
159,117,149,Jr,48,,29:18.70,,5
160,1,150,,48,,29:20.60,,5
161,117,15,So,48,,29:37.40,,5
162,108,151,,48,,29:43.10,,5
163,56,152,Sr,48,,29:46.70,,5
164,117,153,,48,,29:46.80,,5
165,117,154,So,48,,29:50.60,,5
166,1,19,Fr,48,,29:53.30,,5
167,117,155,,48,,29:56.30,,5
168,108,16,Jr,48,,29:56.50,,5
169,117,156,,48,,29:58.10,,5
170,56,157,Fr,48,,30:07.10,,5
171,117,28,,48,,30:07.90,,5
172,117,25,So,48,,30:11.90,,5
173,117,158,Fr,48,,30:13.20,,5
174,117,31,So,48,,30:15.20,,5
175,108,159,,48,,30:16.80,,5
144,62,8043,,48,,28:08.70,,5
176,117,160,Fr,48,,30:18.20,,5
177,117,161,Jr,48,,30:19.50,,5
178,58,162,So,48,,30:29.40,,5
179,56,163,Sr,48,,30:34.50,,5
180,117,164,,48,,30:34.90,,5
181,58,165,,48,,30:40.50,,5
182,117,166,Fr,48,,30:44.30,,5
183,62,167,,48,,30:46.60,,5
184,56,168,Jr,48,,30:51.90,,5
185,62,169,,48,,30:53.20,,5
186,58,170,Fr,48,,30:54.70,,5
187,62,171,,48,,30:57.40,,5
188,117,172,,48,,31:03.30,,5
189,117,173,,48,,31:03.70,,5
190,62,174,,48,,31:12.20,,5
191,117,175,Jr,48,,31:12.60,,5
192,117,176,Sr,48,,31:27.20,,5
193,1,35,So,48,,31:39.50,,5
194,56,177,Jr,48,,31:43.50,,5
195,58,178,Jr,48,,31:44.90,,5
196,58,179,So,48,,31:45.90,,5
197,62,180,,48,,31:55.10,,5
198,108,181,,48,,32:18.70,,5
199,117,182,Sr,48,,32:19.20,,5
200,117,183,Fr,48,,32:24.50,,5
201,117,184,So,48,,32:24.50,,5
202,1,44,Fr,48,,32:34.20,,5
203,117,185,,48,,32:36.10,,5
204,56,186,So,48,,32:38.70,,5
205,117,187,,48,,32:41.90,,5
206,117,188,,48,,32:47.70,,5
207,1,37,Gr,48,,32:48.70,,5
208,117,189,,48,,32:49.40,,5
209,101,190,Fr,48,,32:50.70,,5
210,117,38,Fr,48,,32:52.20,,5
211,117,191,,48,,32:55.70,,5
212,1,20,Sr,48,,32:56.90,,5
213,117,192,,48,,33:03.40,,5
214,58,193,Fr,48,,33:08.10,,5
215,117,43,,48,,33:40.50,,5
216,117,194,So,48,,33:44.20,,5
217,1,56,Fr,48,,33:51.20,,5
218,117,195,Fr,48,,33:58.80,,5
219,56,196,Jr,48,,34:11.40,,5
220,117,197,,48,,34:16.90,,5
221,108,198,,48,,34:27.20,,5
222,117,199,,48,,34:28.60,,5
223,62,200,Jr,48,,34:31.40,,5
224,117,201,,48,,34:38.90,,5
225,101,202,So,48,,34:42.90,,5
226,1,1,Sr,48,,34:48.10,,5
227,56,203,Fr,48,,34:53.90,,5
228,62,204,So,48,,34:59.10,,5
229,101,205,So,48,,35:29.30,,5
230,108,206,,48,,35:36.60,,5
231,56,207,Sr,48,,35:38.40,,5
232,117,208,,48,,35:51.80,,5
233,101,209,Jr,48,,36:07.10,,5
234,117,210,,48,,36:10.10,,5
235,56,211,So,48,,36:24.90,,5
236,56,212,,48,,36:49.50,,5
237,62,213,Fr,48,,36:52.70,,5
238,101,214,Fr,48,,36:55.20,,5
239,117,54,Jr,48,,37:02.70,,5
240,117,45,,48,,37:03.30,,5
241,117,215,,48,,37:03.90,,5
242,62,216,Jr,48,,37:04.10,,5
243,117,217,Fr,48,,37:51.80,,5
244,56,218,Fr,48,,38:01.30,,5
245,101,219,,48,,38:09.90,,5
246,117,220,Jr,48,,38:45.60,,5
247,108,58,Fr,48,,38:52.50,,5
248,101,221,So,48,,38:59.60,,5
249,117,222,,48,,39:35.30,,5
250,117,223,,48,,40:09.90,,5
251,117,224,,48,,40:15.20,,5
252,101,225,So,48,,40:42.60,,5
253,117,226,,48,,41:58.90,,5
254,62,227,So,48,,43:50.10,,5
255,101,228,Fr,48,,44:52.10,,5
256,117,229,Fr,47,,22:37.40,,5
257,117,63,Fr,47,,23:55.70,,5
258,56,230,,47,,24:03.80,,5
259,117,231,Jr,47,,24:11.90,,5
260,117,232,Jr,47,,24:40.50,,5
261,1,64,Jr,47,,24:50.50,,5
262,1,66,Jr,47,,25:09.80,,5
263,56,233,,47,,25:15.50,,5
264,117,234,So,47,,25:26.60,,5
265,1,65,Sr,47,,25:32.90,,5
266,117,69,So,47,,25:45.90,,5
267,56,235,,47,,25:46.70,,5
268,117,236,,47,,25:49.40,,5
269,117,237,Fr,47,,25:56.70,,5
270,1,70,Sr,47,,26:00.70,,5
271,1,67,Gr,47,,26:03.60,,5
272,117,238,,47,,26:06.40,,5
273,117,239,Jr,47,,26:13.10,,5
274,56,240,So,47,,26:27.30,,5
275,101,241,,47,,26:33.10,,5
276,1,71,So,47,,26:38.20,,5
277,117,242,,47,,26:39.10,,5
278,117,243,,47,,26:52.90,,5
279,62,244,,47,,27:12.30,,5
280,1,245,Gr,47,,27:50.20,,5
281,56,246,Jr,47,,28:12.40,,5
282,56,247,Fr,47,,28:26.60,,5
283,1,75,Sr,47,,28:46.30,,5
284,117,81,Fr,47,,28:47.90,,5
285,58,248,So,47,,28:50.20,,5
286,62,249,,47,,28:56.20,,5
287,108,74,Sr,47,,28:58.30,,5
288,108,250,Fr,47,,28:59.10,,5
289,62,251,,47,,29:14.10,,5
290,62,252,,47,,29:14.90,,5
291,117,82,Fr,47,,29:24.20,,5
292,56,253,Fr,47,,29:32.80,,5
293,108,254,,47,,29:35.80,,5
294,56,255,Sr,47,,29:50.80,,5
295,101,256,So,47,,30:04.40,,5
296,62,257,,47,,30:22.70,,5
297,56,258,Fr,47,,30:31.40,,5
298,117,259,,47,,30:52.10,,5
299,62,260,,47,,31:01.80,,5
300,62,261,Jr,47,,31:18.90,,5
301,117,262,Sr,47,,32:09.80,,5
302,58,263,So,47,,32:12.70,,5
303,117,264,,47,,32:19.30,,5
304,56,265,Sr,47,,32:26.90,,5
305,62,266,Sr,47,,32:33.30,,5
306,56,267,Fr,47,,32:51.40,,5
307,101,268,Jr,47,,33:07.60,,5
308,62,269,,47,,33:18.40,,5
309,117,270,,47,,33:25.90,,5
310,117,271,,47,,33:51.10,,5
311,62,272,,47,,34:03.40,,5
312,56,273,Fr,47,,34:05.70,,5
313,101,274,,47,,34:47.10,,5
314,101,275,,47,,35:17.90,,5
315,56,276,So,47,,36:45.10,,5
316,101,277,So,47,,36:51.60,,5
317,108,278,,47,,36:55.30,,5
318,101,279,So,47,,37:08.70,,5
319,62,280,,47,,37:32.10,,5
320,62,281,,47,,37:36.10,,5
321,116,282,,47,,23:56.50,,6
322,116,283,,47,,24:28.60,,6
323,116,284,,47,,24:34.30,,6
324,116,285,,47,,24:36.20,,6
325,116,286,,47,,25:39.60,,6
326,111,287,,47,,25:43.60,,6
327,120,288,,47,,26:10.10,,6
328,111,289,,47,,26:17.20,,6
329,116,290,,47,,26:25.90,,6
330,116,291,,47,,26:26.50,,6
331,116,292,,47,,26:32.50,,6
332,120,293,,47,,26:42.90,,6
333,116,294,,47,,27:01.90,,6
334,111,295,,47,,27:10.00,,6
335,102,296,,47,,27:10.80,,6
336,116,297,,47,,27:12.10,,6
337,116,298,,47,,28:37.20,,6
338,111,299,,47,,29:04.10,,6
339,111,300,,47,,29:29.20,,6
340,120,301,,47,,29:48.70,,6
341,111,302,,47,,29:59.90,,6
342,116,303,,47,,30:22.00,,6
343,111,304,,47,,31:06.30,,6
344,111,305,,47,,31:15.80,,6
345,120,306,,47,,31:19.70,,6
346,120,307,,47,,31:24.10,,6
347,102,308,,47,,31:40.50,,6
348,111,309,,47,,31:43.50,,6
349,116,310,,48,,27:02.70,,6
350,111,311,,48,,27:40.60,,6
351,116,312,,48,,27:51.90,,6
352,111,313,,48,,28:31.70,,6
353,120,314,,48,,28:43.90,,6
354,120,315,,48,,28:45.20,,6
355,102,316,,48,,28:59.50,,6
356,111,317,,48,,29:02.30,,6
357,102,318,,48,,29:27.00,,6
358,120,319,,48,,29:28.70,,6
359,111,320,,48,,29:47.00,,6
360,120,321,,48,,30:00.80,,6
361,120,322,,48,,30:51.20,,6
362,120,323,,48,,31:01.00,,6
363,120,324,,48,,31:03.00,,6
364,120,325,,48,,31:05.50,,6
365,120,326,,48,,31:06.00,,6
366,120,327,,48,,31:18.70,,6
367,111,328,,48,,31:21.00,,6
368,116,329,,48,,31:32.90,,6
369,116,330,,48,,31:34.80,,6
370,120,331,,48,,31:38.00,,6
371,116,332,,48,,31:47.40,,6
372,111,333,,48,,31:52.60,,6
373,111,334,,48,,32:02.70,,6
374,120,335,,48,,32:04.30,,6
375,120,336,,48,,32:30.90,,6
376,120,337,,48,,32:39.40,,6
377,120,338,,48,,32:41.90,,6
378,111,339,,48,,32:42.90,,6
379,102,340,,48,,32:51.20,,6
380,111,341,,48,,33:24.70,,6
381,120,342,,48,,34:07.40,,6
382,120,343,,48,,34:08.10,,6
383,120,344,,48,,34:47.40,,6
384,120,345,,48,,34:55.60,,6
385,120,346,,48,,34:57.60,,6
386,111,347,,48,,35:44.90,,6
387,111,348,,48,,36:00.90,,6
388,111,349,,48,,36:33.00,,6
389,116,350,,48,,36:46.40,,6
390,111,351,,48,,37:10.00,,6
391,120,352,,48,,37:19.50,,6
392,111,353,,48,,37:26.70,,6
393,120,354,,48,,38:04.60,,6
394,96,355,,17,,20:19.00,,7
395,96,356,,17,,21:27.00,,7
396,96,357,,17,,21:34.00,,7
397,96,358,,17,,22:37.00,,7
398,96,359,,17,,23:26.00,,7
399,96,360,,17,,23:49.00,,7
400,96,361,,17,,25:49.00,,7
401,96,362,,17,,26:50.00,,7
402,96,363,,48,,27:09.00,,7
403,96,364,,48,,27:53.00,,7
404,96,365,,48,,28:51.00,,7
405,96,366,,48,,29:07.00,,7
406,96,367,,48,,29:15.00,,7
407,96,368,,48,,30:16.00,,7
408,96,369,,48,,31:13.00,,7
409,96,370,,48,,31:17.00,,7
410,96,371,,48,,33:24.00,,7
411,96,372,,48,,33:58.00,,7
412,96,373,,48,,34:03.00,,7
413,96,374,,48,,34:43.00,,7
414,96,375,,48,,35:43.00,,7
415,96,376,,48,,35:47.00,,7
416,96,377,,48,,36:53.00,,7
417,96,378,,48,,38:14.00,,7
418,61,379,,48,,25:46.90,,8
419,61,380,,48,,25:59.30,,8
420,61,381,,48,,26:41.00,,8
421,61,382,,48,,27:29.80,,8
422,61,383,,48,,27:40.60,,8
423,165,384,,17,,19:53.20,,9
424,165,385,,17,,21:06.20,,9
425,165,386,,17,,21:58.30,,9
426,165,387,,17,,22:20.00,,9
427,165,388,,17,,24:31.20,,9
428,165,389,,17,,26:53.90,,9
429,165,390,,17,,27:01.90,,9
430,165,391,,17,,28:26.00,,9
431,165,392,,17,,28:46.70,,9
432,165,393,,48,,27:11.30,,9
433,165,394,,48,,27:48.30,,9
434,165,395,,48,,28:04.80,,9
435,165,396,,48,,28:55.40,,9
436,165,397,,48,,31:02.80,,9
437,165,398,,48,,31:23.10,,9
438,165,399,,48,,32:46.70,,9
439,165,400,,48,,33:11.10,,9
440,165,401,,48,,34:18.00,,9
441,165,402,,48,,34:25.90,,9
442,165,403,,48,,37:12.70,,9
443,112,404,,47,,23:51.40,,10
444,112,405,,47,,26:01.80,,10
445,112,406,,47,,26:12.30,,10
446,112,407,,47,,26:57.50,,10
447,112,408,,47,,27:00.70,,10
448,112,409,,47,,29:47.00,,10
449,112,410,,47,,29:55.40,,10
450,112,411,,47,,30:44.50,,10
451,112,412,,47,,30:57.10,,10
452,112,413,,47,,31:22.10,,10
453,112,414,,48,,27:29.10,,10
454,112,415,,48,,27:47.30,,10
455,112,416,,48,,27:48.10,,10
456,112,417,,48,,27:50.00,,10
457,112,418,,48,,28:02.20,,10
458,112,419,,48,,28:40.70,,10
459,112,420,,48,,29:40.50,,10
460,112,421,,48,,29:41.70,,10
461,112,422,,48,,30:22.60,,10
462,112,423,,48,,30:35.10,,10
463,112,424,,48,,30:39.70,,10
464,112,425,,48,,31:06.00,,10
465,112,426,,48,,31:10.10,,10
466,112,427,,48,,31:12.70,,10
467,112,428,,48,,31:24.20,,10
468,112,429,,48,,31:26.20,,10
469,112,430,,48,,31:36.00,,10
470,112,431,,48,,31:45.10,,10
471,112,432,,48,,32:13.00,,10
472,112,433,,48,,32:28.90,,10
473,112,434,,48,,32:29.50,,10
474,112,435,,48,,32:31.10,,10
475,112,436,,48,,32:52.60,,10
476,112,437,,48,,34:35.40,,10
477,112,438,,48,,35:06.80,,10
478,112,439,,48,,40:44.50,,10
479,112,440,,48,,41:13.50,,10
480,112,441,,48,,41:33.70,,10
481,116,282,,47,,23:17.50,,11
482,116,285,,47,,23:37.10,,11
483,116,284,,47,,23:45.50,,11
484,116,442,,47,,24:00.90,,11
485,116,443,,47,,24:19.50,,11
486,116,444,,47,,24:52.50,,11
487,116,291,,47,,25:03.50,,11
488,116,294,,47,,25:21.40,,11
489,116,445,,47,,25:48.20,,11
490,116,446,,47,,25:58.90,,11
491,116,447,,47,,26:06.70,,11
492,116,448,,47,,26:08.40,,11
493,116,298,,47,,28:06.50,,11
494,116,449,,47,,28:28.60,,11
495,116,450,,47,,28:28.60,,11
496,116,303,,47,,28:45.70,,11
497,116,451,,48,,25:24.70,,11
499,116,453,,48,,26:24.20,,11
500,116,310,,48,,26:32.60,,11
501,116,454,,48,,27:14.70,,11
502,116,312,,48,,27:30.80,,11
503,116,455,,48,,28:00.60,,11
504,116,456,,48,,28:24.70,,11
505,116,457,,48,,28:50.80,,11
506,116,458,,48,,29:26.90,,11
507,116,459,,48,,30:12.90,,11
508,116,460,,48,,31:58.10,,11
509,116,461,,48,,32:38.90,,11
510,116,462,,48,,39:41.70,,11
511,119,463,Sr,48,,26:42.70,,11
512,119,464,Sr,48,,27:14.10,,11
513,119,465,Jr,48,,28:59.60,,11
514,167,466,So,48,,26:29.20,,12
515,167,467,Fr,48,,27:01.90,,12
516,167,468,Fr,48,,27:13.80,,12
517,1,64,Jr,17,,19:26.50,,13
518,1,67,Gr,17,,20:03.50,,13
519,1,66,Jr,17,,20:27.70,,13
520,1,68,Fr,17,,20:36.20,,13
521,1,70,Sr,17,,20:40.80,,13
522,1,72,So,17,,21:12.70,,13
523,1,71,So,17,,21:32.50,,13
524,1,76,Sr,17,,22:09.70,,13
525,1,469,Jr,17,,22:55.60,,13
526,1,470,Fr,17,,34:11.90,,13
527,1,7,So,50,,26:42.20,,13
528,1,8,Fr,50,,27:07.90,,13
529,1,9,So,50,,27:33.00,,13
530,1,150,So,50,,28:58.00,,13
531,1,19,Fr,50,,29:02.00,,13
532,1,471,Fr,50,,29:25.90,,13
533,1,472,Fr,50,,29:37.30,,13
534,1,27,So,50,,29:43.50,,13
535,1,44,Fr,50,,30:24.30,,13
536,1,473,So,50,,30:36.60,,13
537,1,35,So,50,,30:39.70,,13
538,1,23,So,50,,32:13.40,,13
539,1,20,Sr,50,,32:21.70,,13
540,1,1,Sr,50,,38:00.50,,13
541,1,50,Fr,50,,40:11.00,,13
543,76,475,,47,,24:09.40,,14
544,90,476,,47,,24:11.20,,14
545,79,477,,47,,24:18.30,,14
547,68,479,,47,,25:03.80,,14
548,94,480,,47,,25:39.40,,14
550,68,482,,47,,26:06.60,,14
551,79,483,,47,,26:28.20,,14
552,88,484,,47,,26:39.60,,14
553,79,485,,47,,26:50.90,,14
554,79,486,,47,,26:58.90,,14
556,76,488,,47,,27:15.30,,14
557,63,489,,47,,27:38.00,,14
558,79,490,,47,,27:39.90,,14
559,68,491,,47,,27:41.80,,14
561,90,493,,47,,28:34.70,,14
562,68,494,,47,,28:53.20,,14
563,94,495,,47,,30:07.10,,14
564,79,496,,47,,30:19.90,,14
565,90,497,,47,,30:45.60,,14
566,79,498,,47,,31:19.50,,14
567,79,499,,47,,31:31.30,,14
568,90,500,,47,,32:14.10,,14
569,76,501,,47,,35:44.80,,14
570,76,502,,47,,35:46.90,,14
571,79,503,,47,,38:40.50,,14
574,79,506,,48,,27:08.50,,14
576,79,508,,48,,28:05.40,,14
577,79,509,,48,,28:12.30,,14
578,79,510,,48,,28:15.00,,14
579,79,511,,48,,28:19.40,,14
580,79,512,,48,,28:20.80,,14
582,79,514,,48,,28:39.70,,14
583,79,515,,48,,28:42.10,,14
498,116,3325,,48,,25:56.80,,11
586,68,518,,48,,28:53.80,,14
588,79,520,,48,,29:01.50,,14
590,79,522,,48,,29:05.30,,14
549,88,481,So,47,,25:59.10,0.0,14
555,88,487,So,47,,27:07.70,0.0,14
572,88,504,Fr,48,,26:08.70,0.0,14
575,88,507,Fr,48,,27:37.40,0.0,14
591,79,523,,48,,29:20.30,,14
608,79,5050,,48,,30:53.10,,14
593,90,525,,48,,29:27.70,,14
594,79,526,,48,,29:32.50,,14
595,63,527,,48,,29:33.50,,14
596,63,528,,48,,29:36.10,,14
599,90,531,,48,,29:57.50,,14
600,94,532,,48,,29:57.70,,14
601,79,533,,48,,30:03.90,,14
603,79,535,,48,,30:15.20,,14
604,94,536,,48,,30:18.40,,14
605,79,537,,48,,30:19.00,,14
606,79,538,,48,,30:33.40,,14
609,63,541,,48,,31:50.80,,14
610,79,542,,48,,32:02.70,,14
611,90,543,,48,,32:10.40,,14
612,79,544,,48,,32:51.70,,14
613,90,545,,48,,32:52.60,,14
614,63,546,,48,,32:59.70,,14
617,94,549,,48,,33:09.20,,14
620,90,552,,48,,33:31.20,,14
621,94,553,,48,,34:11.40,,14
622,63,554,,48,,34:50.90,,14
623,88,555,,48,,34:51.40,,14
625,76,557,,48,,35:53.10,,14
627,76,559,,48,,36:52.90,,14
628,76,560,,48,,37:04.40,,14
72681,164,575,,47,,23:33.60,,622
630,76,562,,48,,38:58.70,,14
631,63,563,,48,,39:00.40,,14
632,68,564,,48,,39:01.50,,14
633,94,565,,48,,39:19.40,,14
634,63,566,,48,,40:13.70,,14
635,164,567,Fr,47,,24:28.20,,15
636,164,568,Fr,47,,24:28.70,,15
637,132,569,,47,,24:41.90,,15
638,167,570,So,47,,25:05.40,,15
639,167,571,So,47,,25:07.90,,15
640,132,572,,47,,25:10.70,,15
641,164,573,Fr,47,,25:14.40,,15
642,164,574,Jr,47,,25:17.70,,15
643,164,575,Fr,47,,25:29.00,,15
644,159,576,,47,,25:45.10,,15
645,167,577,Jr,47,,25:52.90,,15
646,164,578,Jr,47,,25:53.70,,15
647,164,579,Fr,47,,25:59.30,,15
648,167,580,So,47,,26:00.10,,15
649,167,581,Sr,47,,26:16.10,,15
650,167,582,Fr,47,,26:18.10,,15
651,159,583,,47,,26:24.80,,15
652,132,584,,47,,26:32.30,,15
653,167,585,Fr,47,,26:36.50,,15
654,167,586,Sr,47,,26:41.20,,15
655,132,587,,47,,26:45.70,,15
656,137,588,,47,,26:49.40,,15
657,137,589,,47,,26:49.50,,15
658,159,590,,47,,26:49.60,,15
659,159,591,,47,,26:58.70,,15
660,138,592,,47,,27:01.90,,15
661,138,593,,47,,27:10.20,,15
662,164,594,Jr,47,,27:10.20,,15
663,164,595,Jr,47,,27:14.00,,15
665,167,597,Fr,47,,27:20.30,,15
666,138,598,,47,,27:25.10,,15
667,138,599,,47,,27:25.90,,15
668,164,600,,47,,27:28.20,,15
669,138,601,,47,,27:37.40,,15
670,164,602,,47,,27:39.90,,15
671,132,603,,47,,27:41.10,,15
672,138,604,,47,,27:42.30,,15
673,142,605,,47,,27:46.00,,15
674,164,606,,47,,27:48.10,,15
675,138,607,,47,,27:54.50,,15
676,164,608,,47,,28:02.20,,15
677,138,609,,47,,28:08.90,,15
678,164,610,,47,,28:12.70,,15
679,138,611,,47,,28:18.30,,15
680,132,612,,47,,28:28.70,,15
681,164,613,,47,,28:29.90,,15
682,164,614,,47,,28:31.70,,15
683,142,615,,47,,28:32.50,,15
684,167,616,,47,,28:38.10,,15
685,167,617,,47,,28:39.20,,15
686,164,618,,47,,28:47.40,,15
687,159,619,,47,,28:54.40,,15
688,164,620,,47,,28:55.60,,15
689,167,621,,47,,29:03.50,,15
690,167,622,,47,,29:06.10,,15
691,137,623,,47,,29:12.60,,15
692,164,624,,47,,29:15.50,,15
693,132,625,,47,,29:26.40,,15
694,164,626,,47,,29:28.80,,15
695,167,627,,47,,29:37.30,,15
696,137,628,,47,,29:39.30,,15
597,88,529,So,48,,29:36.70,0.0,14
697,164,629,,47,,29:57.50,,15
698,138,630,,47,,30:10.90,,15
699,138,631,,47,,30:13.40,,15
700,167,632,,47,,30:16.40,,15
701,137,633,,47,,30:21.90,,15
702,168,634,,47,,30:28.00,,15
703,132,635,,47,,30:37.00,,15
704,132,636,,47,,30:39.10,,15
705,132,637,,47,,30:53.40,,15
706,167,638,,47,,31:22.00,,15
707,142,639,,47,,31:30.00,,15
708,164,640,,47,,31:34.10,,15
709,164,641,,47,,31:49.30,,15
710,167,642,,47,,31:51.30,,15
711,159,643,,47,,31:57.60,,15
712,138,644,,47,,32:00.50,,15
713,138,645,,47,,32:02.50,,15
714,159,646,,47,,32:04.10,,15
715,167,647,,47,,32:10.70,,15
716,159,648,,47,,32:13.90,,15
717,132,649,,47,,32:33.30,,15
718,159,650,,47,,32:35.60,,15
719,138,651,,47,,32:36.70,,15
720,167,652,,47,,32:44.90,,15
721,138,653,,47,,32:51.70,,15
722,168,654,,47,,32:55.80,,15
723,167,655,,47,,33:11.30,,15
724,164,656,,47,,33:53.10,,15
725,164,657,,47,,33:59.50,,15
726,142,658,,47,,34:03.80,,15
727,164,659,,47,,34:05.70,,15
728,138,660,,47,,35:12.60,,15
729,142,661,,47,,35:55.30,,15
730,137,662,,47,,35:57.60,,15
731,167,663,,47,,36:18.50,,15
732,137,664,,47,,43:42.30,,15
733,167,665,,47,,49:56.10,,15
734,167,666,Fr,48,,26:35.80,,15
735,167,667,Jr,48,,26:54.70,,15
736,159,668,,48,,26:57.20,,15
737,167,669,Fr,48,,26:59.50,,15
738,167,670,Gr,48,,27:04.70,,15
739,168,671,Jr,48,,27:26.30,,15
740,167,672,So,48,,27:31.40,,15
741,167,673,Jr,48,,27:39.50,,15
742,159,674,Fr,48,,27:42.30,,15
743,164,675,,48,,27:42.80,,15
744,159,676,,48,,27:47.70,,15
745,159,677,,48,,27:59.70,,15
746,132,678,,48,,28:09.00,,15
747,164,679,,48,,28:10.70,,15
748,167,680,,48,,28:17.50,,15
749,167,681,Jr,48,,28:37.10,,15
750,132,682,,48,,28:38.30,,15
751,164,683,Fr,48,,28:38.30,,15
752,167,684,,48,,28:41.70,,15
753,167,685,Fr,48,,28:43.60,,15
754,164,686,Fr,48,,28:44.60,,15
755,132,687,,48,,28:45.20,,15
756,167,688,,48,,28:46.50,,15
757,164,689,So,48,,28:49.60,,15
758,138,690,,48,,28:50.90,,15
759,164,691,,48,,28:55.00,,15
760,132,692,,48,,28:55.90,,15
761,132,693,,48,,28:57.10,,15
762,159,694,,48,,29:06.60,,15
763,167,695,Fr,48,,29:06.60,,15
764,167,696,,48,,29:08.50,,15
765,164,697,Fr,48,,29:15.90,,15
767,132,699,,48,,29:24.10,,15
768,164,700,,48,,29:25.60,,15
769,168,701,,48,,29:30.70,,15
770,167,702,Sr,48,,29:33.90,,15
771,138,703,Jr,48,,29:34.20,,15
772,167,704,,48,,29:34.20,,15
773,159,705,Fr,48,,29:34.80,,15
774,159,706,,48,,29:37.90,,15
775,167,707,Fr,48,,29:41.00,,15
776,167,708,So,48,,29:42.70,,15
777,164,709,,48,,29:46.00,,15
778,167,710,Fr,48,,29:47.10,,15
779,167,711,Fr,48,,29:48.10,,15
780,167,712,So,48,,29:49.40,,15
781,159,713,,48,,29:49.80,,15
782,159,714,,48,,29:55.40,,15
783,168,715,Fr,48,,30:05.10,,15
784,142,716,,48,,30:20.50,,15
785,167,717,,48,,30:38.40,,15
786,137,718,Fr,48,,30:44.20,,15
787,164,719,,48,,30:48.20,,15
788,167,720,,48,,30:48.80,,15
789,164,721,Jr,48,,30:52.60,,15
790,138,722,,48,,30:53.10,,15
791,164,723,,48,,30:57.80,,15
792,159,724,,48,,31:03.60,,15
793,132,725,,48,,31:08.30,,15
794,167,726,Fr,48,,31:08.30,,15
795,164,727,,48,,31:09.20,,15
796,164,728,,48,,31:09.90,,15
797,164,729,,48,,31:10.70,,15
798,138,730,,48,,31:14.20,,15
799,164,731,,48,,31:18.60,,15
800,168,732,,48,,31:18.70,,15
801,159,733,,48,,31:19.70,,15
802,167,734,So,48,,31:29.80,,15
803,137,735,,48,,31:36.90,,15
804,167,736,Fr,48,,31:37.80,,15
805,142,737,,48,,31:50.10,,15
806,164,738,,48,,31:50.10,,15
807,132,739,,48,,31:52.00,,15
808,167,740,Fr,48,,32:00.50,,15
809,164,741,,48,,32:01.30,,15
810,167,742,Fr,48,,32:05.90,,15
811,167,743,So,48,,32:19.90,,15
812,159,744,,48,,32:34.10,,15
813,159,745,,48,,32:42.70,,15
814,142,746,,48,,32:44.80,,15
815,164,747,,48,,32:44.80,,15
816,164,748,,48,,32:55.30,,15
817,164,749,,48,,32:57.70,,15
818,164,750,So,48,,32:58.40,,15
819,167,751,,48,,32:58.40,,15
820,159,752,,48,,33:00.50,,15
821,159,753,,48,,33:03.70,,15
822,167,754,,48,,33:09.60,,15
823,138,755,,48,,33:24.00,,15
824,142,756,,48,,33:32.30,,15
825,167,757,Fr,48,,33:36.60,,15
826,132,758,,48,,33:41.30,,15
827,142,759,,48,,33:52.70,,15
828,167,760,Jr,48,,33:53.40,,15
829,159,761,,48,,34:01.50,,15
830,159,762,,48,,34:03.90,,15
831,164,763,,48,,34:14.00,,15
832,159,764,,48,,34:27.00,,15
833,142,765,,48,,34:31.70,,15
834,164,766,,48,,34:42.30,,15
835,142,767,,48,,34:43.80,,15
836,132,768,,48,,34:53.60,,15
837,132,769,,48,,34:55.20,,15
838,138,770,,48,,35:00.40,,15
839,142,771,,48,,35:04.50,,15
840,164,772,,48,,35:07.30,,15
841,164,773,,48,,35:16.10,,15
842,137,774,,48,,35:19.20,,15
843,167,775,Fr,48,,35:19.90,,15
844,138,776,,48,,35:26.90,,15
845,168,777,,48,,35:31.40,,15
846,167,778,So,48,,35:34.40,,15
847,164,779,,48,,35:36.10,,15
848,164,780,,48,,35:42.60,,15
849,159,781,,48,,35:43.50,,15
850,167,782,So,48,,35:54.80,,15
851,167,783,So,48,,36:05.50,,15
852,137,784,,48,,36:08.40,,15
853,159,785,,48,,36:08.80,,15
854,164,786,,48,,36:09.70,,15
855,137,787,,48,,36:38.10,,15
856,137,788,,48,,36:44.60,,15
857,159,789,So,48,,36:52.80,,15
858,167,790,,48,,36:52.80,,15
859,168,791,Fr,48,,37:40.30,,15
860,167,792,,48,,37:45.60,,15
861,132,793,,48,,38:11.50,,15
862,167,794,So,48,,38:11.60,,15
863,164,795,Fr,48,,38:56.40,,15
864,167,796,,48,,38:56.40,,15
865,159,797,,48,,38:56.50,,15
866,159,798,,48,,39:22.10,,15
867,137,799,,48,,39:27.40,,15
868,164,800,,48,,39:32.00,,15
869,164,801,,48,,39:54.50,,15
870,138,802,,48,,40:06.60,,15
871,164,803,,48,,42:07.60,,15
872,137,804,,48,,43:43.00,,15
873,142,805,,48,,45:45.20,,15
874,159,806,,48,,46:22.10,,15
875,188,807,Sr,47,,24:24.90,,16
876,204,809,Fr,47,,24:43.00,,16
877,188,808,Sr,47,,24:24.90,,16
878,188,810,Sr,47,,25:34.00,,16
879,188,811,Sr,47,,25:34.30,,16
880,188,812,Sr,47,,25:34.30,,16
881,188,813,Gr,47,,25:58.10,,16
882,188,814,Gr,47,,25:58.10,,16
883,188,815,Sr,47,,26:14.70,,16
884,188,816,Sr,47,,26:14.70,,16
885,188,817,Jr,47,,26:22.40,,16
886,188,818,Jr,47,,26:22.40,,16
887,196,819,Gr,47,,26:23.80,,16
888,196,820,Gr,47,,26:23.80,,16
889,188,821,Jr,47,,26:53.30,,16
890,188,822,Jr,47,,26:53.30,,16
891,188,823,So,47,,27:05.10,,16
892,188,824,So,47,,27:05.10,,16
893,196,825,Jr,47,,27:25.20,,16
894,196,826,Jr,47,,27:25.20,,16
895,204,827,Jr,47,,28:07.20,,16
896,204,828,Jr,47,,28:07.20,,16
897,188,829,Jr,47,,28:11.90,,16
898,188,830,Jr,47,,28:11.90,,16
899,204,831,So,47,,29:30.90,,16
900,204,832,So,47,,29:30.90,,16
901,196,833,Jr,47,,28:37.20,,16
902,196,834,Jr,47,,28:37.20,,16
903,204,835,Fr,47,,28:49.80,,16
904,204,836,Fr,47,,28:49.80,,16
905,204,837,Fr,47,,28:51.90,,16
906,204,838,Fr,47,,28:51.90,,16
907,204,839,Fr,47,,28:53.10,,16
908,204,840,Fr,47,,28:53.10,,16
909,204,841,So,47,,29:02.20,,16
910,204,842,So,47,,29:02.20,,16
911,204,843,Fr,47,,29:07.10,,16
912,204,844,Fr,47,,29:07.10,,16
913,188,845,Fr,47,,30:24.30,,16
914,188,846,Fr,47,,30:24.30,,16
915,204,847,Jr,47,,30:34.50,,16
916,204,848,Jr,47,,30:34.50,,16
917,204,849,Fr,47,,31:05.90,,16
918,204,850,Fr,47,,31:05.90,,16
919,188,851,Jr,47,,32:03.10,,16
920,188,852,Jr,47,,32:03.10,,16
921,188,853,So,47,,32:10.80,,16
922,188,854,So,47,,32:10.80,,16
923,188,855,Fr,47,,32:57.20,,16
924,188,856,Fr,47,,32:57.20,,16
925,204,857,Sr,47,,33:56.20,,16
926,204,858,Sr,47,,33:56.20,,16
927,196,859,Sr,47,,36:09.10,,16
928,196,860,Sr,47,,36:09.10,,16
929,196,861,Jr,47,,36:10.80,,16
930,196,862,Jr,47,,36:10.80,,16
932,205,865,,48,,27:58.00,,16
933,196,866,,48,,27:58.10,,16
935,188,867,Jr,48,,28:11.30,,16
936,204,868,,48,,28:14.20,,16
937,204,869,,48,,28:14.20,,16
938,204,870,,48,,28:20.60,,16
939,204,871,,48,,28:20.60,,16
940,204,872,,48,,28:22.60,,16
941,204,873,,48,,28:22.60,,16
942,204,874,,48,,28:25.80,,16
943,204,875,,48,,28:25.80,,16
944,188,876,,48,,28:37.00,,16
945,188,877,,48,,28:37.00,,16
946,188,878,,48,,28:53.30,,16
947,188,879,,48,,28:53.30,,16
948,188,880,,48,,28:58.10,,16
949,188,881,,48,,28:58.10,,16
950,188,882,,48,,29:10.70,,16
951,188,883,,48,,29:10.70,,16
954,188,886,,48,,29:38.90,,16
955,188,887,,48,,29:38.90,,16
956,188,888,,48,,29:41.00,,16
957,188,889,,48,,29:41.00,,16
958,204,890,,48,,30:17.20,,16
959,196,891,,48,,30:26.60,,16
960,196,892,,48,,30:26.60,,16
961,204,893,,48,,30:33.30,,16
962,204,894,,48,,30:33.30,,16
963,196,895,,48,,30:35.40,,16
964,196,896,,48,,30:35.40,,16
965,204,897,,48,,30:37.20,,16
966,204,898,,48,,30:37.20,,16
967,204,899,,48,,30:54.20,,16
968,204,900,,48,,30:54.20,,16
969,204,901,,48,,31:02.40,,16
970,204,902,,48,,31:02.40,,16
971,204,903,,48,,31:36.80,,16
972,204,904,,48,,31:36.80,,16
975,204,907,,48,,31:55.20,,16
976,204,908,,48,,31:55.20,,16
977,188,909,,48,,31:59.90,,16
978,188,910,,48,,31:59.90,,16
979,204,911,,48,,32:05.50,,16
980,204,912,,48,,32:05.50,,16
981,196,913,,48,,32:10.20,,16
982,204,914,,48,,32:19.90,,16
983,204,915,,48,,32:19.90,,16
984,188,916,,48,,32:23.50,,16
985,188,917,,48,,32:23.50,,16
986,188,918,,48,,32:23.70,,16
987,188,919,,48,,32:23.70,,16
988,204,920,,48,,32:48.50,,16
989,204,921,,48,,32:48.50,,16
990,204,922,,48,,32:21.10,,16
991,204,923,,48,,32:21.10,,16
992,204,924,,48,,33:05.10,,16
993,204,925,,48,,33:05.10,,16
994,188,926,,48,,33:43.50,,16
995,188,927,,48,,33:43.50,,16
952,188,885,,48,,29:26.00,,16
998,204,930,,48,,33:48.10,,16
999,204,931,,48,,33:48.10,,16
1000,204,932,,48,,34:19.90,,16
1001,204,933,,48,,34:19.90,,16
1002,204,934,,48,,34:48.70,,16
1003,204,935,,48,,34:48.70,,16
1004,188,936,,48,,35:02.60,,16
1005,188,937,,48,,35:02.60,,16
1006,188,938,,48,,35:07.90,,16
973,204,906,,48,,31:50.30,,16
1007,188,939,,48,,35:07.90,,16
1008,188,940,,48,,35:09.80,,16
1009,188,941,,48,,35:09.80,,16
1010,204,942,,48,,35:16.60,,16
1011,204,943,,48,,35:16.60,,16
1012,188,944,,48,,35:17.30,,16
1013,188,945,,48,,35:17.30,,16
1014,196,946,,48,,36:09.60,,16
1015,196,947,,48,,36:09.60,,16
1016,196,948,,48,,36:26.60,,16
1017,196,949,,48,,36:26.60,,16
1018,188,950,,48,,36:42.60,,16
1019,188,951,,48,,36:42.60,,16
1020,188,952,,48,,37:25.10,,16
1021,188,953,,48,,37:25.10,,16
1022,196,954,,48,,38:03.10,,16
1023,196,955,,48,,38:03.10,,16
1024,204,956,,48,,38:03.90,,16
1025,204,957,,48,,38:03.90,,16
1026,204,958,,48,,38:36.10,,16
1027,204,959,,48,,38:36.10,,16
1028,196,960,,48,,40:17.40,,16
1029,196,961,,48,,40:17.40,,16
1030,204,962,,48,,43:58.40,,16
1031,204,963,,48,,43:58.40,,16
1032,204,965,,48,,45:06.70,,16
1033,204,964,,48,,45:06.70,,16
1034,188,966,,48,,45:06.90,,16
1035,188,967,,48,,45:06.90,,16
1036,196,968,,48,,55:19.60,,16
1037,196,969,,48,,55:19.60,,16
1040,101,970,,47,,28:43.00,,17
1041,101,971,,47,,28:43.00,,17
1042,111,309,,47,,33:42.00,,17
1043,111,309,,47,,33:42.00,,17
1044,103,973,,47,,25:20.40,,17
1045,103,972,,47,,25:20.40,,17
1046,111,289,,47,,28:27.90,,17
1047,111,289,,47,,28:27.90,,17
1048,101,974,,47,,28:41.60,,17
1049,101,975,,47,,28:41.60,,17
1050,111,299,,47,,29:43.70,,17
1051,111,299,,47,,29:43.70,,17
1052,111,976,,47,,29:09.30,,17
1053,111,977,,47,,29:09.30,,17
1054,111,300,,47,,30:11.80,,17
1055,111,300,,47,,30:11.80,,17
1056,103,978,,47,,31:20.30,,17
1057,103,979,,47,,31:20.30,,17
1058,103,980,,47,,31:40.70,,17
1059,103,981,,47,,31:40.70,,17
1060,111,304,,47,,31:06.90,,17
1061,111,304,,47,,31:06.90,,17
1062,101,256,,47,,32:38.20,,17
1063,101,256,,47,,32:38.20,,17
1064,101,275,,47,,37:40.90,,17
1065,101,275,,47,,37:40.90,,17
1066,101,268,,47,,37:41.10,,17
1067,101,268,,47,,37:41.10,,17
1068,111,313,,48,,29:35.00,,17
1069,111,313,,48,,29:35.00,,17
1070,111,982,,48,,31:49.00,,17
1071,111,983,,48,,31:49.00,,17
1072,111,984,,48,,35:51.00,,17
1073,111,985,,48,,35:51.00,,17
1074,101,145,,48,,28:29.20,,17
1075,101,145,,48,,28:29.20,,17
1076,103,987,,48,,28:30.50,,17
1077,103,986,,48,,28:30.50,,17
1078,101,133,,48,,28:48.10,,17
1079,101,133,,48,,28:48.10,,17
1080,111,317,,48,,30:53.80,,17
1081,111,317,,48,,30:53.80,,17
1082,111,988,,48,,31:22.50,,17
1083,111,989,,48,,31:22.50,,17
1084,101,190,,48,,31:48.10,,17
1085,101,190,,48,,31:48.10,,17
1086,111,320,,48,,32:57.70,,17
1087,111,320,,48,,32:57.70,,17
1088,101,202,,48,,33:02.90,,17
1089,101,205,,48,,33:46.20,,17
1090,101,205,,48,,33:46.20,,17
1091,111,334,,48,,35:10.60,,17
1092,111,334,,48,,35:10.60,,17
1093,111,347,,48,,35:56.60,,17
1094,111,347,,48,,35:56.60,,17
1095,101,209,,48,,35:59.20,,17
1096,101,209,,48,,35:59.20,,17
1097,111,351,,48,,36:16.60,,17
1098,111,351,,48,,36:16.60,,17
1099,101,221,,48,,37:44.10,,17
1100,101,221,,48,,37:44.10,,17
1101,101,225,,48,,41:18.90,,17
1102,101,225,,48,,41:18.90,,17
1103,101,228,,48,,43:30.80,,17
1104,101,228,,48,,43:30.80,,17
1105,146,990,,47,,23:33.00,,19
1106,146,991,,47,,23:33.00,,19
1107,146,992,,47,,24:09.00,,19
1108,146,993,,47,,24:09.00,,19
1109,146,994,,47,,24:10.00,,19
1110,146,995,,47,,24:10.00,,19
1111,146,996,,47,,24:19.00,,19
1112,146,997,,47,,24:19.00,,19
1113,146,998,,47,,24:21.00,,19
1114,146,999,,47,,24:21.00,,19
1115,131,1000,,47,,24:46.00,,19
1116,131,1001,,47,,24:46.00,,19
1117,141,1003,,47,,24:56.00,,19
1118,141,1002,,47,,24:56.00,,19
1119,146,1004,,47,,25:03.00,,19
1120,146,1005,,47,,25:03.00,,19
1121,146,1006,,47,,25:09.00,,19
1122,146,1007,,47,,25:09.00,,19
1125,171,1010,,47,,25:15.00,,19
1126,171,1011,,47,,25:15.00,,19
1127,146,1012,,47,,25:15.00,,19
1128,146,1013,,47,,25:15.00,,19
1129,162,1014,,47,,25:36.00,,19
1130,162,1015,,47,,25:36.00,,19
1131,146,1016,,47,,25:42.00,,19
1132,146,1017,,47,,25:42.00,,19
1133,141,1018,,47,,25:44.00,,19
1134,141,1019,,47,,25:44.00,,19
1135,146,1020,,47,,25:48.00,,19
1136,146,1021,,47,,25:48.00,,19
1137,160,1023,,47,,25:56.00,,19
1138,160,1022,,47,,25:56.00,,19
1139,146,1024,,47,,26:17.00,,19
1140,146,1025,,47,,26:17.00,,19
1141,171,1026,,47,,26:17.00,,19
1142,171,1027,,47,,26:17.00,,19
1143,162,1028,,47,,26:21.00,,19
1144,162,1029,,47,,26:21.00,,19
1145,146,1030,,47,,26:23.00,,19
1146,146,1031,,47,,26:23.00,,19
1147,146,1032,,47,,26:28.00,,19
1148,146,1033,,47,,26:28.00,,19
1149,171,1034,,47,,26:33.00,,19
1150,171,1035,,47,,26:33.00,,19
1151,146,1036,,47,,26:37.00,,19
1152,146,1037,,47,,26:37.00,,19
1153,150,1038,,47,,26:40.00,,19
1154,150,1039,,47,,26:40.00,,19
1155,146,1040,,47,,26:42.00,,19
1156,146,1041,,47,,26:42.00,,19
1157,146,1042,,47,,26:42.00,,19
1158,146,1043,,47,,26:42.00,,19
1159,171,1044,,47,,26:45.00,,19
1160,171,1045,,47,,26:45.00,,19
1161,146,1046,,47,,26:45.00,,19
1162,146,1047,,47,,26:45.00,,19
1163,162,1048,,47,,26:53.00,,19
1164,162,1049,,47,,26:53.00,,19
1165,146,1050,,47,,27:03.00,,19
1166,146,1051,,47,,27:03.00,,19
1167,146,1052,,47,,27:08.00,,19
1168,146,1053,,47,,27:08.00,,19
1169,146,1054,,47,,27:13.00,,19
1170,146,1055,,47,,27:13.00,,19
1171,146,1056,,47,,27:16.00,,19
1172,146,1057,,47,,27:16.00,,19
1173,162,1058,,47,,27:21.00,,19
1174,162,1059,,47,,27:21.00,,19
1175,146,1060,,47,,27:28.00,,19
1176,146,1061,,47,,27:28.00,,19
1177,146,1062,,47,,27:33.00,,19
1178,146,1063,,47,,27:33.00,,19
1179,146,1064,,47,,27:34.00,,19
1180,146,1065,,47,,27:34.00,,19
1181,171,1066,,47,,27:39.00,,19
1182,171,1067,,47,,27:39.00,,19
1183,169,1068,,47,,27:45.00,,19
1184,169,1069,,47,,27:45.00,,19
1185,146,1070,,47,,27:53.00,,19
1186,146,1071,,47,,27:53.00,,19
1187,171,1072,,47,,28:00.00,,19
1188,171,1073,,47,,28:00.00,,19
1189,146,1074,,47,,28:06.00,,19
1190,146,1075,,47,,28:06.00,,19
1191,141,1076,,47,,28:20.00,,19
1192,141,1077,,47,,28:20.00,,19
1193,162,1078,,47,,28:22.00,,19
1194,162,1079,,47,,28:22.00,,19
1195,146,1080,,47,,28:26.00,,19
1196,146,1081,,47,,28:26.00,,19
1197,146,1082,,47,,28:44.00,,19
1198,146,1083,,47,,28:44.00,,19
1199,162,1084,,47,,28:47.00,,19
1200,162,1085,,47,,28:47.00,,19
1201,146,1086,,47,,28:49.00,,19
1202,146,1087,,47,,28:49.00,,19
1203,146,1088,,47,,28:54.00,,19
1204,146,1089,,47,,28:54.00,,19
1205,146,1090,,47,,28:55.00,,19
1206,146,1091,,47,,28:55.00,,19
1207,131,1093,,47,,28:58.00,,19
1208,131,1092,,47,,28:58.00,,19
1209,146,1094,,47,,29:02.00,,19
1210,146,1095,,47,,29:02.00,,19
1211,146,1096,,47,,29:05.00,,19
1212,146,1097,,47,,29:05.00,,19
1213,162,1098,,47,,29:07.00,,19
1214,162,1099,,47,,29:07.00,,19
1215,162,1100,,47,,29:09.00,,19
1216,162,1101,,47,,29:09.00,,19
1217,146,1102,,47,,29:12.00,,19
1218,146,1103,,47,,29:12.00,,19
1219,146,1104,,47,,29:30.00,,19
1220,146,1105,,47,,29:30.00,,19
1221,146,1106,,47,,29:32.00,,19
1222,146,1107,,47,,29:32.00,,19
1225,146,1110,,47,,29:47.00,,19
1226,146,1111,,47,,29:47.00,,19
1227,146,1112,,47,,30:20.00,,19
1228,146,1113,,47,,30:20.00,,19
1229,146,1114,,47,,30:20.00,,19
1230,146,1115,,47,,30:20.00,,19
1231,162,1116,,47,,30:32.00,,19
1232,162,1117,,47,,30:32.00,,19
1233,162,1118,,47,,30:49.00,,19
1234,162,1119,,47,,30:49.00,,19
1235,146,1120,,47,,31:15.00,,19
1236,146,1121,,47,,31:15.00,,19
111298,139,28525,,48,,53:42.04,,1328
1239,162,1124,,47,,31:23.00,,19
1240,162,1125,,47,,31:23.00,,19
1241,169,1126,,47,,31:31.00,,19
1242,169,1127,,47,,31:31.00,,19
1243,146,1128,,47,,31:45.00,,19
1244,146,1129,,47,,31:45.00,,19
1245,162,1130,,47,,31:55.00,,19
1246,162,1131,,47,,31:55.00,,19
1247,171,1132,,47,,32:14.00,,19
1248,171,1133,,47,,32:14.00,,19
1249,146,1134,,47,,32:18.00,,19
1250,146,1135,,47,,32:18.00,,19
1251,146,1136,,47,,32:51.00,,19
1252,146,1137,,47,,32:51.00,,19
1253,146,1138,,47,,33:22.00,,19
1254,146,1139,,47,,33:22.00,,19
1255,146,1140,,47,,33:23.00,,19
1256,146,1141,,47,,33:23.00,,19
1257,162,1142,,47,,33:36.00,,19
1258,162,1143,,47,,33:36.00,,19
1259,146,1144,,47,,33:58.00,,19
1260,146,1145,,47,,33:58.00,,19
1261,150,1146,,47,,34:26.00,,19
1262,150,1147,,47,,34:26.00,,19
1263,171,1148,,47,,34:27.00,,19
1264,171,1149,,47,,34:27.00,,19
1265,146,1150,,47,,34:28.00,,19
1266,146,1151,,47,,34:28.00,,19
1269,146,1154,,47,,36:06.00,,19
1270,146,1155,,47,,36:06.00,,19
1271,162,1156,,47,,36:37.00,,19
1272,162,1157,,47,,36:37.00,,19
1273,162,1158,,47,,36:37.00,,19
1274,146,1159,,47,,36:46.00,,19
1275,146,1160,,47,,36:46.00,,19
1276,162,1161,,47,,37:12.00,,19
1277,162,1162,,47,,37:12.00,,19
1278,146,1163,,47,,37:25.00,,19
1279,146,1164,,47,,37:25.00,,19
1280,146,1165,,47,,37:25.00,,19
1281,146,1166,,47,,37:25.00,,19
1282,162,1167,,47,,44:29.00,,19
1283,162,1168,,47,,44:29.00,,19
1284,146,1169,,47,,46:19.00,,19
1285,146,1170,,47,,46:19.00,,19
1288,162,1174,,48,,26:05.00,,19
1289,162,1173,,48,,26:05.00,,19
1290,162,1175,,48,,26:32.00,,19
1291,162,1176,,48,,26:32.00,,19
1292,171,1177,,48,,26:48.00,,19
1293,171,1178,,48,,26:48.00,,19
1294,162,1179,,48,,27:07.00,,19
1295,162,1180,,48,,27:07.00,,19
1296,146,1181,,48,,27:10.00,,19
1297,146,1182,,48,,27:10.00,,19
1298,171,1183,,48,,27:11.00,,19
1299,171,1184,,48,,27:11.00,,19
1302,146,1187,,48,,27:13.00,,19
1303,146,1188,,48,,27:13.00,,19
1304,169,1189,,48,,27:14.00,,19
1305,169,1190,,48,,27:14.00,,19
1306,162,1191,,48,,27:15.00,,19
1307,162,1192,,48,,27:15.00,,19
1308,150,1193,,48,,27:26.00,,19
1309,150,1194,,48,,27:26.00,,19
1314,141,1199,,48,,27:42.00,,19
1315,141,1200,,48,,27:42.00,,19
1318,146,1203,,48,,27:58.00,,19
1319,146,1204,,48,,27:58.00,,19
1322,146,1207,,48,,28:06.00,,19
1323,146,1208,,48,,28:06.00,,19
1324,162,1209,,48,,28:07.00,,19
1325,162,1210,,48,,28:07.00,,19
1326,162,1211,,48,,28:08.00,,19
1327,162,1212,,48,,28:08.00,,19
1317,146,1201,,48,,27:45.00,,19
1321,146,1205,,48,,28:06.00,,19
1311,146,1195,,48,,27:31.00,,19
1267,169,1153,,47,,34:58.00,,19
1238,162,1122,,47,,31:23.00,,19
1301,146,1185,,48,,27:12.00,,19
1328,160,1213,,48,,28:09.00,,19
1329,160,1214,,48,,28:09.00,,19
111245,139,7705,,47,,21:46.59,,1328
111246,139,27050,,47,,22:32.32,,1328
1332,171,1217,,48,,28:22.00,,19
1333,171,1218,,48,,28:22.00,,19
1334,146,1219,,48,,28:22.00,,19
1335,146,1220,,48,,28:22.00,,19
1336,171,1221,,48,,28:23.00,,19
1337,171,1222,,48,,28:23.00,,19
1338,171,1223,,48,,28:32.00,,19
1339,171,1224,,48,,28:32.00,,19
1342,171,1227,,48,,28:39.00,,19
1343,171,1228,,48,,28:39.00,,19
1344,146,1229,,48,,28:42.00,,19
1345,146,1230,,48,,28:42.00,,19
1346,131,1231,,48,,28:43.00,,19
1347,146,1232,,48,,28:43.00,,19
1348,146,1233,,48,,28:43.00,,19
1349,150,1234,,48,,28:43.00,,19
1350,150,1235,,48,,28:43.00,,19
1351,146,1236,,48,,28:44.00,,19
1352,146,1237,,48,,28:44.00,,19
1353,162,1238,,48,,28:54.00,,19
111247,139,1497,,47,,23:08.53,,1328
1358,146,1243,,48,,29:14.00,,19
1359,146,1244,,48,,29:14.00,,19
1360,146,1245,,48,,29:21.00,,19
1361,146,1246,,48,,29:21.00,,19
1362,150,1247,,48,,29:23.00,,19
1363,150,1248,,48,,29:23.00,,19
1364,146,1249,,48,,29:24.00,,19
1365,146,1250,,48,,29:24.00,,19
1366,146,1251,,48,,29:27.00,,19
1367,146,1252,,48,,29:27.00,,19
1370,146,1255,,48,,29:35.00,,19
1371,146,1256,,48,,29:35.00,,19
1372,146,1257,,48,,29:36.00,,19
1373,146,1258,,48,,29:48.00,,19
1374,146,1259,,48,,29:48.00,,19
1375,171,1260,,48,,29:53.00,,19
1376,171,1261,,48,,29:53.00,,19
1377,146,1262,,48,,29:53.00,,19
1378,146,1263,,48,,29:53.00,,19
1379,171,1264,,48,,29:57.00,,19
1380,171,1265,,48,,29:57.00,,19
1381,162,1266,,48,,30:19.00,,19
1382,162,1267,,48,,30:19.00,,19
1383,150,1268,,48,,30:20.00,,19
1384,150,1269,,48,,30:20.00,,19
1385,146,1270,,48,,30:24.00,,19
1386,146,1271,,48,,30:24.00,,19
1389,146,1274,,48,,30:42.00,,19
1390,146,1275,,48,,30:42.00,,19
1391,146,1276,,48,,30:42.00,,19
1392,146,1277,,48,,30:42.00,,19
1393,146,1278,,48,,30:54.00,,19
1394,146,1279,,48,,30:54.00,,19
1395,171,1280,,48,,30:56.00,,19
1396,171,1281,,48,,30:56.00,,19
1397,171,1282,,48,,30:57.00,,19
1398,171,1283,,48,,30:57.00,,19
1399,162,1284,,48,,31:00.00,,19
1400,162,1285,,48,,31:00.00,,19
1401,150,1286,,48,,31:01.00,,19
1402,150,1287,,48,,31:01.00,,19
1403,162,1288,,48,,31:03.00,,19
1404,162,1289,,48,,31:03.00,,19
1405,150,1290,,48,,31:06.00,,19
1406,150,1291,,48,,31:06.00,,19
1407,150,1292,,48,,31:23.00,,19
1408,150,1293,,48,,31:23.00,,19
1409,169,1294,,48,,31:26.00,,19
1410,169,1295,,48,,31:26.00,,19
1411,162,1296,,48,,31:35.00,,19
1412,171,1297,,48,,31:36.00,,19
1413,171,1298,,48,,31:36.00,,19
1414,146,1299,,48,,31:36.00,,19
1415,146,1300,,48,,31:36.00,,19
1416,146,1301,,48,,31:40.00,,19
1417,146,1302,,48,,31:40.00,,19
1418,160,1303,,48,,31:41.00,,19
1419,160,1304,,48,,31:41.00,,19
1420,146,1305,,48,,31:45.00,,19
1421,146,1306,,48,,31:45.00,,19
1422,146,1307,,48,,31:49.00,,19
1423,146,1308,,48,,31:49.00,,19
1424,146,1310,,48,,31:50.00,,19
1425,146,1309,,48,,31:50.00,,19
1426,171,1311,,48,,31:53.00,,19
1427,171,1312,,48,,31:53.00,,19
1428,171,1313,,48,,31:58.00,,19
1429,171,1314,,48,,31:58.00,,19
1430,146,1316,,48,,32:03.00,,19
1431,146,1315,,48,,32:03.00,,19
1432,146,1318,,48,,32:03.00,,19
1433,146,1317,,48,,32:03.00,,19
1434,160,1319,,48,,32:12.00,,19
1341,146,1225,,48,,28:35.00,,19
1387,146,1273,,48,,30:33.00,,19
1368,146,1254,,48,,29:27.00,,19
1330,146,1216,,48,,28:17.00,,19
1435,160,1320,,48,,32:12.00,,19
1436,146,1321,,48,,32:20.00,,19
1437,146,1322,,48,,32:20.00,,19
1438,162,1323,,48,,32:29.00,,19
1439,162,1324,,48,,32:29.00,,19
1440,146,1325,,48,,32:31.00,,19
1441,146,1326,,48,,32:31.00,,19
1442,131,1327,,48,,32:47.00,,19
1443,131,1328,,48,,32:47.00,,19
1444,150,1329,,48,,32:47.00,,19
1445,150,1330,,48,,32:47.00,,19
1446,146,1331,,48,,32:48.00,,19
1447,146,1332,,48,,32:48.00,,19
1448,146,1333,,48,,32:52.00,,19
1449,146,1334,,48,,32:52.00,,19
1450,150,1335,,48,,32:53.00,,19
1451,150,1336,,48,,32:53.00,,19
1452,162,1337,,48,,32:55.00,,19
1453,162,1338,,48,,32:55.00,,19
1454,146,1340,,48,,32:59.00,,19
1455,146,1339,,48,,32:59.00,,19
1456,146,1342,,48,,33:15.00,,19
1457,146,1341,,48,,33:15.00,,19
1458,146,1343,,48,,33:18.00,,19
1459,146,1344,,48,,33:18.00,,19
1462,162,1347,,48,,33:25.00,,19
1463,162,1348,,48,,33:25.00,,19
1464,171,1349,,48,,33:28.00,,19
1465,171,1350,,48,,33:28.00,,19
1466,131,1351,,48,,33:29.00,,19
1467,131,1352,,48,,33:29.00,,19
1468,146,1353,,48,,33:31.00,,19
1469,146,1354,,48,,33:31.00,,19
1470,146,1355,,48,,33:32.00,,19
1471,146,1356,,48,,33:32.00,,19
1472,160,1357,,48,,33:36.00,,19
1473,160,1358,,48,,33:36.00,,19
1474,146,1359,,48,,33:38.00,,19
1475,146,1360,,48,,33:38.00,,19
1476,146,1361,,48,,33:44.00,,19
1477,146,1362,,48,,33:44.00,,19
1478,146,1363,,48,,33:52.00,,19
1479,146,1364,,48,,33:52.00,,19
1480,162,1365,,48,,33:53.00,,19
1481,162,1366,,48,,33:53.00,,19
1482,141,1367,,48,,33:54.00,,19
1483,141,1368,,48,,33:54.00,,19
1484,131,1369,,48,,34:15.00,,19
1485,131,1370,,48,,34:15.00,,19
1486,131,1371,,48,,34:16.00,,19
1487,131,1372,,48,,34:16.00,,19
1488,146,1373,,48,,34:16.00,,19
1489,146,1374,,48,,34:16.00,,19
1490,146,1375,,48,,34:18.00,,19
1491,146,1376,,48,,34:18.00,,19
1492,162,1377,,48,,34:20.00,,19
1493,162,1378,,48,,34:20.00,,19
1494,169,1379,,48,,34:22.00,,19
1495,169,1380,,48,,34:22.00,,19
1496,146,1381,,48,,34:38.00,,19
1497,146,1382,,48,,34:38.00,,19
1498,171,1383,,48,,34:58.00,,19
1499,171,1384,,48,,34:58.00,,19
1500,162,1385,,48,,34:58.00,,19
1501,162,1386,,48,,34:58.00,,19
1502,171,1387,,48,,35:04.00,,19
1503,171,1388,,48,,35:04.00,,19
1504,171,1389,,48,,35:11.00,,19
1505,171,1390,,48,,35:11.00,,19
1506,146,1391,,48,,35:11.00,,19
1507,146,1392,,48,,35:11.00,,19
1508,160,1393,,48,,35:21.00,,19
1509,160,1394,,48,,35:21.00,,19
1510,146,1395,,48,,35:43.00,,19
1511,146,1396,,48,,35:43.00,,19
1512,160,1397,,48,,35:58.00,,19
1513,160,1398,,48,,35:58.00,,19
1514,146,1399,,48,,36:08.00,,19
1515,146,1400,,48,,36:08.00,,19
1516,141,1401,,48,,36:19.00,,19
1517,141,1402,,48,,36:19.00,,19
1518,146,1403,,48,,36:28.00,,19
1519,146,1404,,48,,36:28.00,,19
1520,146,1405,,48,,36:29.00,,19
1521,146,1406,,48,,36:29.00,,19
1522,146,1407,,48,,36:29.00,,19
1523,146,1408,,48,,36:29.00,,19
1524,146,1409,,48,,36:35.00,,19
1525,146,1410,,48,,36:35.00,,19
1526,162,1411,,48,,36:54.00,,19
1527,162,1412,,48,,36:54.00,,19
1528,146,1413,,48,,37:32.00,,19
1529,146,1414,,48,,37:32.00,,19
1530,146,1415,,48,,37:43.00,,19
1531,146,1416,,48,,37:43.00,,19
1532,146,1417,,48,,38:00.00,,19
1533,146,1418,,48,,38:00.00,,19
1534,146,1419,,48,,38:44.00,,19
1535,146,1420,,48,,38:44.00,,19
1536,146,1421,,48,,38:49.00,,19
1537,146,1422,,48,,38:49.00,,19
1538,162,1423,,48,,38:53.00,,19
1539,146,1424,,48,,40:33.00,,19
1540,146,1425,,48,,40:33.00,,19
1541,146,1426,,48,,41:05.00,,19
1542,146,1427,,48,,41:05.00,,19
1543,162,1428,,48,,41:55.00,,19
1544,162,1429,,48,,41:55.00,,19
1545,162,1430,,48,,42:08.00,,19
1546,162,1431,,48,,42:08.00,,19
1547,146,1432,,48,,42:12.00,,19
1548,146,1433,,48,,42:12.00,,19
1549,160,1434,,48,,43:12.00,,19
1550,160,1435,,48,,43:12.00,,19
1551,146,1436,,48,,44:58.00,,19
1552,146,1437,,48,,44:58.00,,19
1553,160,1438,,48,,45:50.00,,19
1554,160,1439,,48,,45:50.00,,19
1555,162,1440,,48,,47:11.00,,19
1556,162,1441,,48,,47:11.00,,19
1557,131,1442,,48,,49:17.00,,19
1558,131,1443,,48,,49:17.00,,19
1559,146,1444,,48,,59:59.00,,19
1560,146,1445,,48,,59:59.00,,19
1661,75,1530,,48,,27:17.00,,21
1605,139,1483,,17,,23:01.00,,21
1642,139,1517,,17,,33:08.00,,21
72682,167,617,,47,,23:35.80,,622
72683,166,3586,,47,,24:07.70,,622
72684,159,583,,47,,24:13.90,,622
1590,139,6458,,17,,22:00.00,,21
72685,164,573,,47,,24:14.10,,622
1619,139,1497,,17,,24:29.00,,21
1647,139,1520,,48,,25:36.00,,21
1662,139,1533,,48,,27:41.00,,21
1658,139,1529,,48,,26:49.00,,21
1563,86,1448,,17,,19:52.00,,21
1564,86,1449,,17,,19:52.00,,21
1565,86,1450,,17,,19:57.00,,21
1566,86,1451,,17,,19:57.00,,21
1670,86,1539,,48,,28:38.00,,21
1568,96,355,,17,,20:04.00,,21
1654,75,1525,,48,,26:19.00,,21
1571,96,1454,,17,,20:19.00,,21
1572,96,1455,,17,,20:19.00,,21
1573,96,357,,17,,20:25.00,,21
1574,86,1456,,17,,20:50.00,,21
1575,86,1457,,17,,20:50.00,,21
1594,139,5298,,17,,22:24.00,,21
1578,96,1460,,17,,20:57.00,,21
1582,96,1464,,17,,21:00.00,,21
1584,96,356,,17,,21:07.00,,21
1587,96,358,,17,,21:56.00,,21
1588,96,1468,,17,,22:00.00,,21
1592,86,1472,,17,,22:19.00,,21
1669,86,1536,,48,,28:23.00,,21
1649,75,1522,,48,,25:37.00,,21
1598,96,359,,17,,22:40.00,,21
1601,96,360,,17,,22:57.00,,21
1570,75,1452,,17,,20:11.00,,21
1609,86,1486,,17,,23:12.00,,21
1612,96,1488,,17,,23:20.00,,21
1614,96,1491,,17,,24:05.00,,21
1616,77,1493,,17,,24:16.00,,21
1617,75,1495,,17,,24:18.00,,21
1624,96,361,,17,,24:44.00,,21
1626,86,1501,,17,,25:09.00,,21
1628,96,1503,,17,,25:20.00,,21
1631,86,1505,,17,,26:26.00,,21
1633,86,1507,,17,,27:07.00,,21
1636,77,1510,,17,,27:54.00,,21
1637,77,1511,,17,,27:54.00,,21
1638,86,1512,,17,,30:39.00,,21
1640,86,1514,,17,,32:41.00,,21
1641,86,1515,,17,,32:41.00,,21
1644,96,1518,,17,,37:15.00,,21
1645,96,1519,,17,,37:15.00,,21
1651,96,364,,48,,25:55.00,,21
1653,96,363,,48,,26:08.00,,21
1656,86,1526,,48,,26:45.00,,21
1657,86,1527,,48,,26:45.00,,21
1666,75,1534,,48,,28:08.00,,21
1665,96,367,,48,,27:42.00,,21
1667,75,1535,,48,,28:08.00,,21
1672,75,1540,,48,,28:45.00,,21
1673,75,1541,,48,,28:45.00,,21
1676,96,368,,48,,28:47.00,,21
1675,96,370,,48,,28:46.00,,21
1677,77,1542,,48,,28:48.00,,21
1691,139,1557,,48,,29:27.00,,21
1721,139,1581,,48,,31:21.00,,21
1729,139,1589,,48,,31:39.00,,21
1685,139,1551,,48,,29:24.00,,21
1711,139,1571,,48,,30:46.00,,21
1720,86,1578,,48,,31:06.00,,21
1764,61,1617,,47,,23:26.70,,22
1765,61,1618,,47,,27:44.10,,22
1766,61,1619,,47,,28:17.20,,22
1767,59,1620,,47,,29:41.10,,22
1768,61,1621,,47,,35:46.10,,22
1769,59,1622,,48,,27:55.40,,22
1770,59,1623,,48,,28:07.00,,22
1771,59,1624,,48,,28:14.00,,22
1772,59,1625,,48,,28:20.70,,22
1773,59,1626,,48,,28:57.20,,22
1774,59,1627,,48,,29:01.10,,22
1775,59,1628,,48,,29:58.10,,22
1776,59,1629,,48,,30:04.90,,22
1777,59,1630,,48,,30:10.20,,22
1778,59,1631,,48,,30:14.70,,22
1779,59,1632,,48,,30:22.10,,22
1780,59,1633,,48,,30:32.50,,22
1781,59,1634,,48,,30:44.40,,22
1782,59,1635,,48,,31:04.90,,22
1783,59,1636,,48,,31:38.90,,22
1784,59,1637,,48,,31:42.90,,22
1723,139,1583,,48,,31:22.00,,21
1679,139,7694,,48,,28:53.00,,21
1683,77,1549,,48,,29:23.00,,21
1684,77,1548,,48,,29:23.00,,21
1687,96,1552,,48,,29:25.00,,21
1689,77,1554,,48,,29:25.00,,21
1690,77,1555,,48,,29:25.00,,21
1693,86,1558,,48,,29:30.00,,21
1694,86,1559,,48,,29:30.00,,21
1695,75,1560,,48,,29:37.00,,21
1696,75,1561,,48,,29:37.00,,21
1705,75,1564,,48,,30:26.00,,21
1700,96,366,,48,,29:52.00,,21
1702,96,369,,48,,30:18.00,,21
1704,96,365,,48,,30:25.00,,21
1706,75,1565,,48,,30:26.00,,21
1707,77,1566,,48,,30:37.00,,21
1708,77,1567,,48,,30:37.00,,21
1709,96,1568,,48,,30:43.00,,21
1710,96,1569,,48,,30:43.00,,21
1713,86,1572,,48,,30:46.00,,21
1714,86,1573,,48,,30:46.00,,21
1715,86,1574,,48,,30:49.00,,21
1716,86,1575,,48,,30:49.00,,21
1717,86,1576,,48,,30:53.00,,21
1718,86,1577,,48,,30:53.00,,21
1727,77,1586,,48,,31:38.00,,21
1728,77,1587,,48,,31:38.00,,21
1731,86,1590,,48,,31:53.00,,21
1732,86,1591,,48,,31:53.00,,21
1733,77,1592,,48,,32:26.00,,21
1734,77,1593,,48,,32:26.00,,21
1735,96,374,,48,,32:29.00,,21
1736,86,1594,,48,,32:39.00,,21
1737,139,1595,,48,,32:42.00,,21
1738,96,1596,,48,,32:43.00,,21
1739,86,1597,,48,,33:14.00,,21
1740,96,371,,48,,33:15.00,,21
1741,86,1598,,48,,33:23.00,,21
1742,139,1599,,48,,33:35.00,,21
1743,96,1600,,48,,33:51.00,,21
1744,77,1601,,48,,33:52.00,,21
1745,75,1602,,48,,33:58.00,,21
1746,96,372,,48,,34:02.00,,21
1747,96,376,,48,,34:25.00,,21
1748,86,1603,,48,,34:30.00,,21
1749,139,1604,,48,,34:46.00,,21
1750,96,378,,48,,35:01.00,,21
1751,96,1605,,48,,35:08.00,,21
1752,96,375,,48,,35:45.00,,21
1753,75,1606,,48,,35:49.00,,21
1754,75,1607,,48,,35:55.00,,21
1755,139,1608,,48,,36:52.00,,21
1756,86,1609,,48,,36:52.00,,21
1757,86,1610,,48,,37:50.00,,21
1758,139,1611,,48,,37:52.00,,21
1759,86,1612,,48,,39:13.00,,21
1760,86,1613,,48,,40:55.00,,21
1761,96,1614,,48,,41:17.00,,21
1762,139,1615,,48,,41:32.00,,21
1763,86,1616,,48,,42:56.00,,21
1785,59,1638,,48,,31:55.60,,22
1786,59,1639,,48,,32:22.70,,22
1787,59,1640,,48,,32:25.40,,22
1788,59,1641,,48,,33:03.10,,22
1789,59,1642,,48,,33:30.70,,22
1790,59,1643,,48,,33:35.00,,22
1791,59,1644,,48,,33:59.80,,22
1792,59,1645,,48,,34:13.10,,22
1793,59,1646,,48,,34:48.20,,22
1794,59,1647,,48,,35:46.70,,22
1795,59,1648,,48,,36:15.40,,22
1796,59,1649,,48,,36:35.30,,22
1797,59,1650,,48,,38:52.10,,22
1798,59,1651,,48,,39:16.10,,22
1799,59,1652,,48,,39:23.50,,22
1800,61,380,,48,,26:50.00,,22
1801,61,1653,,48,,27:34.30,,22
1802,61,382,,48,,28:16.20,,22
1803,61,1654,,48,,28:42.70,,22
1804,61,1655,,48,,29:10.70,,22
1805,61,1656,,48,,29:29.30,,22
1806,61,1657,,48,,29:47.70,,22
1807,61,1658,,48,,31:26.70,,22
1808,61,1659,,48,,31:33.90,,22
1809,61,1660,,48,,31:45.30,,22
1810,61,1661,,48,,32:05.40,,22
1811,61,1662,,48,,33:06.00,,22
1812,61,1663,,48,,33:37.80,,22
1813,61,1664,,48,,34:55.30,,22
1814,61,1665,,48,,37:41.30,,22
1815,10,1666,Jr,48,,25:23.10,,23
1816,59,1667,,47,,24:29.60,,22
1817,59,1668,,47,,25:11.50,,22
1818,59,1669,,47,,27:45.50,,22
1819,59,1670,,47,,27:56.20,,22
1820,59,1671,,47,,29:07.00,,22
1821,61,1672,,47,,29:12.10,,22
1822,59,1673,,47,,30:41.90,,22
1823,59,1674,,47,,31:38.30,,22
1824,146,991,,47,,22:35.10,,24
1825,162,1675,,47,,22:38.50,,24
1826,146,996,,47,,23:28.80,,24
1827,147,1676,,47,,23:36.60,,24
1829,146,1004,,47,,24:35.40,,24
1830,146,1016,,47,,24:40.50,,24
1831,146,1032,,47,,25:10.90,,24
1832,146,1024,,47,,25:33.60,,24
1833,147,1677,,47,,25:42.00,,24
1834,146,1037,,47,,25:46.50,,24
1835,147,1678,,47,,26:09.10,,24
1836,147,1679,,47,,26:41.10,,24
1837,147,1680,,47,,27:04.00,,24
1838,147,1681,,47,,27:52.70,,24
1839,162,1682,,47,,28:18.10,,24
1840,147,1683,,47,,28:43.10,,24
1841,162,1684,,47,,28:54.60,,24
1842,162,1124,,47,,29:09.70,,24
1843,162,1142,,47,,29:32.80,,24
1844,162,1685,,47,,29:58.40,,24
1845,146,1686,,47,,23:23.80,,24
1846,146,1687,,47,,25:49.40,,24
1847,146,1061,,47,,25:57.90,,24
1848,146,1012,,47,,26:25.10,,24
1849,146,1075,,47,,26:29.60,,24
1850,146,1053,,47,,26:34.20,,24
1851,146,1070,,47,,26:45.80,,24
1852,146,1688,,47,,27:45.40,,24
1854,146,1083,,47,,27:59.90,,24
1855,146,1091,,47,,28:35.90,,24
1856,146,1690,,47,,30:16.90,,24
1857,146,1138,,47,,31:23.00,,24
1858,146,1096,,47,,31:34.30,,24
1859,146,1136,,47,,32:07.70,,24
1860,146,1254,,48,,28:39.70,,24
1861,146,1258,,48,,28:51.40,,24
1862,146,1263,,48,,29:05.10,,24
1863,146,1255,,48,,29:11.60,,24
1864,146,1257,,48,,29:22.20,,24
1888,146,1195,,48,,27:19.50,,24
1866,146,1692,,48,,30:05.20,,24
1867,146,1278,,48,,30:36.30,,24
1868,162,1323,,48,,30:37.30,,24
1869,146,1317,,48,,31:17.60,,24
1870,146,1301,,48,,31:29.80,,24
1871,146,1693,,48,,31:31.40,,24
1872,146,1309,,48,,31:56.50,,24
1873,146,1331,,48,,32:07.10,,24
1874,146,1694,,48,,32:16.70,,24
1875,162,1695,,48,,32:43.70,,24
1876,146,1341,,48,,32:59.40,,24
1877,146,1395,,48,,33:03.60,,24
1878,162,1696,,48,,33:18.30,,24
1879,146,1697,,48,,33:44.00,,24
1880,146,1409,,48,,33:50.20,,24
1881,146,1376,,48,,34:15.80,,24
1882,146,1414,,48,,34:21.10,,24
1883,146,1425,,48,,39:04.10,,24
1884,146,1433,,48,,41:13.50,,24
1885,162,1698,,48,,41:50.70,,24
1886,162,1173,,48,,25:26.60,,24
1887,162,1180,,48,,26:37.20,,24
1889,147,1699,,48,,27:24.60,,24
1890,162,1209,,48,,27:32.40,,24
1891,146,1181,,48,,27:33.80,,24
1853,146,1110,,47,,27:47.50,,24
1828,162,1008,,47,,24:13.80,,24
1892,147,1700,,48,,27:37.40,,24
1893,147,1701,,48,,27:51.70,,24
111248,139,1458,,47,,23:09.89,,1328
1895,146,1208,,48,,28:10.70,,24
1896,146,1219,,48,,28:13.50,,24
1897,147,1702,,48,,28:17.40,,24
1898,162,1238,,48,,28:37.00,,24
1899,146,1703,,48,,28:43.00,,24
1900,146,1236,,48,,29:01.00,,24
1901,162,1704,,48,,29:12.00,,24
1902,162,1296,,48,,29:30.20,,24
1903,146,1252,,48,,29:48.40,,24
1904,162,1267,,48,,29:53.40,,24
1905,162,1288,,48,,30:29.80,,24
1906,147,1705,,48,,32:10.60,,24
1907,122,1706,,17,,21:37.01,,25
1908,122,1707,,17,,23:01.71,,25
1909,122,1708,,17,,23:49.64,,25
1910,122,1709,,17,,24:36.85,,25
1911,122,1710,,17,,26:26.42,,25
1912,122,1711,,17,,27:42.65,,25
1913,122,1712,,48,,27:28.86,,25
1914,122,1713,,48,,27:44.11,,25
1915,122,1714,,48,,29:15.36,,25
1916,122,1715,,48,,29:37.65,,25
1917,122,1716,,48,,29:56.22,,25
1918,122,1717,,48,,30:40.57,,25
1919,122,1718,,48,,30:41.62,,25
1920,122,1719,,48,,30:42.14,,25
1921,122,1720,,48,,34:08.20,,25
1922,122,1721,,48,,34:20.98,,25
1923,122,1722,,48,,41:40.35,,25
1924,122,1723,,48,,54:38.82,,25
1925,188,807,,17,,19:12.90,,26
1926,188,1724,,17,,19:18.00,,26
1927,178,1725,,17,,20:06.00,,26
1928,204,809,,17,,20:07.10,,26
1929,204,1726,,17,,20:19.60,,26
1930,172,1727,,17,,20:27.60,,26
1931,188,812,,17,,20:35.00,,26
1932,199,1728,,17,,20:42.40,,26
1933,188,810,,17,,20:44.70,,26
1934,188,1729,,17,,20:49.50,,26
1935,178,1730,,17,,20:56.50,,26
1936,199,1731,,17,,20:57.20,,26
1937,203,1732,,17,,20:57.50,,26
1938,188,823,,17,,20:58.40,,26
1939,188,1733,,17,,20:58.60,,26
1940,172,1734,,17,,21:00.60,,26
1941,172,1735,,17,,21:03.10,,26
1942,172,1736,,17,,21:06.20,,26
1943,188,1737,,17,,21:13.60,,26
1944,199,1738,,17,,21:15.50,,26
1945,188,817,,17,,21:18.70,,26
1946,188,822,,17,,21:25.20,,26
1947,178,1739,,17,,21:27.50,,26
1948,172,1740,,17,,21:28.90,,26
1949,188,814,,17,,21:33.70,,26
1950,203,1741,,17,,21:42.70,,26
1951,199,1742,,17,,21:44.10,,26
1952,178,1743,,17,,21:45.60,,26
1953,188,1744,,17,,21:51.90,,26
1954,203,1745,,17,,21:53.30,,26
1955,178,1746,,17,,22:03.20,,26
1956,172,1747,,17,,22:04.40,,26
1957,178,1748,,17,,22:04.60,,26
1958,203,1749,,17,,22:09.10,,26
1959,172,1750,,17,,22:14.30,,26
1960,203,1751,,17,,22:15.80,,26
1961,188,1752,,17,,22:20.90,,26
1962,172,1753,,17,,22:27.30,,26
1963,178,1754,,17,,22:30.10,,26
1964,204,844,,17,,22:31.90,,26
1965,172,1755,,17,,22:32.80,,26
1966,199,1756,,17,,22:34.30,,26
1967,204,1757,,17,,22:35.10,,26
1968,180,1758,,17,,22:41.00,,26
1969,174,1759,,17,,22:44.00,,26
1970,172,1760,,17,,22:46.60,,26
1971,172,1761,,17,,22:47.40,,26
1972,174,1762,,17,,22:51.80,,26
1973,204,831,,17,,22:52.10,,26
1974,204,839,,17,,22:55.10,,26
1975,203,1763,,17,,22:57.20,,26
1976,178,1764,,17,,22:57.70,,26
1977,188,829,,17,,22:59.40,,26
1978,203,1765,,17,,23:08.20,,26
1979,180,1766,,17,,23:09.00,,26
1980,174,1767,,17,,23:21.10,,26
1981,204,836,,17,,23:23.20,,26
1982,204,828,,17,,23:23.60,,26
1983,188,1768,,17,,23:28.80,,26
1984,203,1769,,17,,23:31.70,,26
1985,172,1770,,17,,23:31.70,,26
1986,199,1771,,17,,23:34.40,,26
1987,188,845,,17,,23:37.10,,26
1988,199,1772,,17,,23:37.30,,26
1989,188,1773,,17,,23:42.10,,26
1990,204,850,,17,,23:43.20,,26
1991,203,1774,,17,,23:51.00,,26
1992,199,1775,,17,,23:57.30,,26
1993,199,1776,,17,,24:03.30,,26
1994,203,1777,,17,,24:05.10,,26
1995,199,1778,,17,,24:10.70,,26
1996,180,1779,,17,,24:10.90,,26
1997,178,1780,,17,,24:21.50,,26
1998,204,841,,17,,24:23.90,,26
1999,203,1781,,17,,24:32.50,,26
2000,188,853,,17,,24:34.90,,26
2001,188,1782,,17,,24:35.00,,26
2002,203,1783,,17,,24:37.80,,26
2003,199,1784,,17,,24:39.10,,26
2004,188,855,,17,,24:43.20,,26
2005,180,1785,,17,,24:47.90,,26
2006,204,1786,,17,,24:52.00,,26
2007,203,1787,,17,,24:58.20,,26
2008,204,1788,,17,,25:01.90,,26
2009,173,1789,,17,,25:03.30,,26
2010,204,1790,,17,,25:13.00,,26
2011,204,848,,17,,25:14.60,,26
2012,188,1791,,17,,25:17.90,,26
2013,203,1792,,17,,25:20.40,,26
2014,203,1793,,17,,25:28.80,,26
2015,188,1794,,17,,25:29.60,,26
2016,199,1795,,17,,25:38.70,,26
2017,188,851,,17,,25:43.70,,26
2018,203,1796,,17,,25:51.30,,26
2019,172,1797,,17,,25:56.90,,26
2020,203,1798,,17,,26:09.50,,26
2021,172,1799,,17,,26:29.90,,26
2022,172,1800,,17,,26:33.40,,26
2023,204,1801,,17,,26:52.10,,26
2024,203,1802,,17,,26:53.00,,26
2025,178,1803,,17,,27:02.20,,26
2026,188,1804,,17,,27:04.60,,26
2027,203,1805,,17,,28:10.60,,26
2028,172,1806,,17,,31:14.50,,26
2029,180,1807,,17,,31:36.40,,26
2030,188,863,,48,,25:27.60,,26
2031,173,1808,,48,,26:00.60,,26
2032,203,1809,,48,,26:10.00,,26
2033,172,1810,,48,,26:25.30,,26
2034,178,1811,,48,,26:27.70,,26
2035,180,1812,,48,,26:33.00,,26
2036,178,1813,,48,,26:39.80,,26
2037,172,1814,,48,,26:49.70,,26
2038,178,1815,,48,,26:56.60,,26
2039,172,1816,,48,,26:59.80,,26
2040,188,867,,48,,27:00.20,,26
2041,172,1817,,48,,27:09.50,,26
2042,178,1818,,48,,27:14.70,,26
2043,174,1819,,48,,27:35.20,,26
2044,180,1820,,48,,27:36.00,,26
2045,204,870,,48,,27:37.10,,26
2046,188,877,,48,,27:42.10,,26
111249,139,26830,,47,,23:32.47,,1328
2048,173,1821,,48,,27:44.70,,26
2049,203,1822,,48,,27:51.20,,26
2050,188,1823,,48,,27:54.50,,26
2051,178,1824,,48,,28:00.80,,26
2052,178,1825,,48,,28:04.10,,26
2053,172,1826,,48,,28:05.80,,26
2054,188,882,,48,,28:07.50,,26
2055,203,1827,,48,,28:11.90,,26
2056,172,1828,,48,,28:12.40,,26
2057,178,1829,,48,,28:12.40,,26
2058,173,1830,,48,,28:15.10,,26
2059,180,1831,,48,,28:15.20,,26
2060,203,1832,,48,,28:27.10,,26
2061,178,1833,,48,,28:28.40,,26
2062,204,1834,,48,,28:43.40,,26
2063,203,1835,,48,,28:44.50,,26
2064,174,1836,,48,,28:50.80,,26
2065,172,1837,,48,,28:57.50,,26
2066,188,1838,,48,,28:58.70,,26
2067,188,889,,48,,29:08.20,,26
2068,199,1839,,48,,29:08.30,,26
2069,173,1840,,48,,29:11.80,,26
2070,203,1841,,48,,29:14.00,,26
2071,188,881,,48,,29:15.10,,26
2072,204,904,,48,,29:15.20,,26
2073,199,1842,,48,,29:20.00,,26
2074,188,1843,,48,,29:20.10,,26
2075,204,890,,48,,29:23.10,,26
2076,203,1844,,48,,29:27.30,,26
2077,172,1845,,48,,29:28.20,,26
2078,172,1846,,48,,29:28.60,,26
2079,174,1847,,48,,29:31.00,,26
2080,188,1848,,48,,29:31.20,,26
2081,203,1849,,48,,29:32.10,,26
2082,178,1850,,48,,29:32.90,,26
2083,172,1851,,48,,29:33.40,,26
2084,172,1852,,48,,29:33.70,,26
2085,178,1853,,48,,29:38.10,,26
2086,178,1854,,48,,29:39.70,,26
2087,203,1855,,48,,29:46.00,,26
2088,174,1856,,48,,29:50.80,,26
2089,203,1857,,48,,30:06.60,,26
2090,203,1858,,48,,30:11.70,,26
2091,203,1859,,48,,30:11.80,,26
2092,188,941,,48,,30:17.70,,26
2093,173,1860,,48,,30:19.30,,26
2094,188,1861,,48,,30:20.10,,26
2095,172,1862,,48,,30:22.10,,26
2096,204,908,,48,,30:27.20,,26
2097,188,1863,,48,,30:37.50,,26
2098,172,1864,,48,,30:37.50,,26
2099,188,910,,48,,30:37.70,,26
2100,188,1865,,48,,30:43.80,,26
2101,174,1866,,48,,30:47.20,,26
2102,172,1867,,48,,30:51.40,,26
2103,204,931,,48,,30:52.40,,26
2104,188,1868,,48,,30:52.90,,26
2105,178,1869,,48,,30:56.00,,26
2106,178,1870,,48,,31:00.70,,26
2107,204,924,,48,,31:03.30,,26
2108,204,922,,48,,31:08.30,,26
2109,204,1871,,48,,31:11.20,,26
2110,178,1872,,48,,31:12.10,,26
2111,174,1873,,48,,31:12.30,,26
2112,204,1874,,48,,31:14.20,,26
2113,172,1875,,48,,31:16.40,,26
2114,188,926,,48,,31:23.40,,26
2115,204,1876,,48,,31:34.10,,26
2116,188,1877,,48,,31:38.00,,26
2117,172,1878,,48,,31:46.70,,26
2118,188,1879,,48,,31:50.40,,26
2119,199,1880,,48,,31:50.80,,26
2120,203,1881,,48,,31:52.40,,26
2121,174,1882,,48,,31:57.00,,26
2122,203,1883,,48,,32:00.50,,26
2123,203,1884,,48,,32:21.10,,26
2124,203,1885,,48,,32:25.70,,26
2125,174,1886,,48,,32:39.70,,26
2126,199,1887,,48,,32:39.70,,26
2127,203,1888,,48,,32:40.20,,26
2128,174,1889,,48,,32:45.00,,26
2129,204,934,,48,,32:45.50,,26
2130,188,944,,48,,32:50.10,,26
2131,199,1890,,48,,33:00.50,,26
2132,172,1891,,48,,33:13.40,,26
2133,203,1892,,48,,33:15.40,,26
2134,172,1893,,48,,33:22.40,,26
2135,203,1894,,48,,33:32.10,,26
2136,199,1895,,48,,33:34.60,,26
2137,178,1896,,48,,33:39.70,,26
2138,203,1897,,48,,33:46.30,,26
2139,180,1898,,48,,33:51.70,,26
2140,204,1899,,48,,34:00.80,,26
2141,188,939,,48,,34:03.20,,26
2142,203,1900,,48,,34:03.70,,26
2143,172,1901,,48,,34:06.40,,26
2144,180,1902,,48,,34:09.50,,26
2145,188,1903,,48,,34:10.70,,26
2146,188,953,,48,,34:13.90,,26
2147,172,1904,,48,,34:17.80,,26
2148,203,1905,,48,,34:20.20,,26
2149,172,1906,,48,,34:21.40,,26
2150,188,937,,48,,34:27.40,,26
2151,199,1907,,48,,34:30.30,,26
2152,203,1908,,48,,34:33.20,,26
2153,180,1909,,48,,34:33.30,,26
2154,172,1910,,48,,34:44.60,,26
2155,172,1911,,48,,34:59.60,,26
2156,188,1912,,48,,35:52.80,,26
2157,180,1913,,48,,35:59.00,,26
2158,204,1914,,48,,36:11.30,,26
2159,173,1915,,48,,36:24.50,,26
2160,204,959,,48,,36:27.80,,26
2161,204,963,,48,,36:31.10,,26
2162,188,1916,,48,,36:33.50,,26
2163,172,1917,,48,,36:38.80,,26
2164,180,1918,,48,,37:27.10,,26
2165,188,1919,,48,,37:35.20,,26
2166,199,1920,,48,,37:43.80,,26
2167,204,1921,,48,,38:40.70,,26
2168,180,1922,,48,,40:01.20,,26
2169,188,967,,48,,40:31.50,,26
2170,204,964,,48,,41:07.50,,26
2171,188,1923,,48,,41:10.40,,26
2172,199,1924,,48,,47:26.90,,26
2173,124,1925,,47,,20:38.60,,27
2174,124,1926,,47,,22:46.60,,27
2175,117,63,,47,,22:54.20,,27
2176,124,1927,,47,,23:03.10,,27
2177,117,231,,47,,23:15.30,,27
2178,116,282,,47,,23:17.00,,27
2179,117,232,,47,,23:25.00,,27
2180,112,404,,47,,23:39.50,,27
2181,124,1928,,47,,23:46.30,,27
2182,124,1929,,47,,23:49.40,,27
2183,116,285,,47,,23:57.00,,27
2184,116,284,,47,,24:11.30,,27
2185,124,1930,,47,,24:17.60,,27
2186,124,1931,,47,,24:25.20,,27
2187,124,1932,,47,,24:29.40,,27
2188,117,234,,47,,24:30.40,,27
2189,117,237,,47,,24:40.70,,27
2190,124,1933,,47,,24:47.00,,27
2191,112,1934,,47,,24:52.10,,27
2192,116,294,,47,,24:54.00,,27
2193,117,69,,47,,24:58.70,,27
2194,117,238,,47,,25:03.00,,27
2195,117,236,,47,,25:05.20,,27
2196,101,241,,47,,25:08.00,,27
2197,116,283,,47,,25:19.10,,27
2198,107,1935,,47,,25:21.60,,27
2199,107,1936,,47,,25:29.00,,27
2200,124,1937,,47,,25:42.10,,27
2201,117,242,,47,,25:42.90,,27
2202,112,408,,47,,25:44.00,,27
2203,116,291,,47,,25:49.40,,27
2204,124,1938,,47,,25:59.90,,27
2205,124,1939,,47,,26:06.90,,27
2206,124,1940,,47,,26:06.90,,27
2207,124,1941,,47,,26:09.40,,27
2208,116,297,,47,,26:12.70,,27
2209,107,1942,,47,,26:14.90,,27
2210,124,1943,,47,,26:17.60,,27
2211,116,1944,,47,,26:18.90,,27
2212,116,448,,47,,26:25.80,,27
2213,124,1945,,47,,26:37.40,,27
2214,124,1946,,47,,26:42.00,,27
2215,124,1947,,47,,26:45.10,,27
2216,124,1948,,47,,26:51.00,,27
2217,107,1949,,47,,26:53.50,,27
2218,112,1950,,47,,26:55.90,,27
2219,124,1951,,47,,27:04.30,,27
2220,124,1952,,47,,27:09.70,,27
2221,124,1953,,47,,27:10.20,,27
2222,124,1954,,47,,27:13.70,,27
2223,117,82,,47,,27:19.10,,27
2224,124,1955,,47,,27:32.00,,27
2225,117,1956,,47,,27:38.60,,27
2226,124,1957,,47,,27:40.20,,27
2227,117,1958,,47,,27:40.30,,27
2228,117,1959,,47,,27:46.20,,27
2229,117,81,,47,,27:53.60,,27
2230,116,449,,47,,28:03.60,,27
2231,117,79,,47,,28:05.50,,27
2232,101,256,,47,,28:23.70,,27
2233,124,1960,,47,,28:28.90,,27
2234,124,1961,,47,,28:32.80,,27
2235,124,1962,,47,,28:33.30,,27
2236,112,409,,47,,28:41.80,,27
2237,117,264,,47,,28:44.70,,27
2238,112,411,,47,,28:52.90,,27
2239,112,1963,,47,,28:56.70,,27
2240,124,1964,,47,,29:13.30,,27
2241,124,1965,,47,,29:13.40,,27
2242,124,1966,,47,,29:13.50,,27
2243,124,1967,,47,,29:13.80,,27
2244,115,1968,,47,,29:30.20,,27
2245,124,1969,,47,,29:40.40,,27
2246,101,268,,47,,29:43.50,,27
2247,112,412,,47,,29:51.90,,27
2248,117,1970,,47,,30:07.40,,27
2249,124,1971,,47,,30:11.40,,27
2250,124,1972,,47,,30:15.70,,27
2251,112,1973,,47,,30:45.40,,27
2252,117,262,,47,,31:01.30,,27
2253,124,1974,,47,,31:11.70,,27
2254,101,274,,47,,31:15.90,,27
2255,112,413,,47,,31:29.10,,27
2256,124,1975,,47,,31:42.40,,27
2257,115,1976,,47,,31:49.70,,27
2258,101,1977,,47,,32:02.30,,27
2259,117,1978,,47,,32:31.60,,27
2260,117,271,,47,,32:39.90,,27
2261,112,1979,,47,,32:44.40,,27
2262,117,1980,,47,,32:48.60,,27
2263,107,1981,,47,,33:07.50,,27
2264,117,1982,,47,,33:27.50,,27
2265,101,275,,47,,33:28.90,,27
2266,104,1983,,47,,33:42.90,,27
2267,117,1984,,47,,33:55.80,,27
2268,124,1985,,47,,34:16.20,,27
2269,107,1986,,47,,35:03.30,,27
2270,104,1987,,47,,36:47.00,,27
2271,107,1988,,47,,37:39.00,,27
2272,124,1989,,48,,25:31.10,,27
2273,124,1990,,48,,25:38.40,,27
2274,117,115,,48,,25:44.50,,27
2275,124,1991,,48,,25:48.10,,27
2276,124,1992,,48,,26:00.70,,27
2277,124,1993,,48,,26:05.00,,27
2278,117,1994,,48,,26:22.30,,27
2279,124,1995,,48,,26:28.80,,27
2280,124,1996,,48,,26:32.50,,27
2281,117,120,,48,,26:32.80,,27
2282,117,117,,48,,26:41.30,,27
2283,124,1997,,48,,26:43.10,,27
2284,117,125,,48,,26:43.20,,27
2285,124,1998,,48,,26:44.30,,27
2286,117,119,,48,,26:45.30,,27
2287,117,116,,48,,26:47.60,,27
2288,117,6,,48,,26:52.60,,27
2289,112,414,,48,,26:54.00,,27
2290,124,1999,,48,,26:59.60,,27
2291,124,2000,,48,,27:04.70,,27
2292,117,3,,48,,27:04.90,,27
2293,124,2001,,48,,27:10.20,,27
2294,116,454,,48,,27:11.90,,27
2295,112,416,,48,,27:15.20,,27
2296,112,415,,48,,27:17.10,,27
2297,117,140,,48,,27:17.20,,27
2298,107,2002,,48,,27:36.80,,27
2299,124,2003,,48,,27:44.20,,27
2300,101,133,,48,,27:46.00,,27
2301,112,418,,48,,27:46.40,,27
2302,124,2004,,48,,27:46.80,,27
2303,124,2005,,48,,27:52.60,,27
2304,104,2006,,48,,27:53.60,,27
2305,124,2007,,48,,27:54.40,,27
2306,117,146,,48,,27:54.50,,27
2307,107,2008,,48,,27:56.90,,27
2308,124,2009,,48,,27:57.50,,27
2309,117,135,,48,,27:57.80,,27
2310,117,142,,48,,28:01.20,,27
2311,116,457,,48,,28:04.10,,27
2312,117,12,,48,,28:05.20,,27
2313,102,2010,,48,,28:06.70,,27
2314,101,145,,48,,28:11.20,,27
2315,117,17,,48,,28:18.30,,27
2316,124,2011,,48,,28:24.00,,27
2317,112,420,,48,,28:38.00,,27
2318,117,14,,48,,28:38.60,,27
2319,117,2012,,48,,28:39.60,,27
2320,124,2013,,48,,28:41.40,,27
2321,102,316,,48,,28:47.50,,27
2322,116,2014,,48,,28:51.70,,27
2323,107,2015,,48,,28:57.00,,27
2324,115,2016,,48,,29:00.00,,27
2325,115,2017,,48,,29:06.90,,27
2326,117,161,,48,,29:08.50,,27
2327,124,2018,,48,,29:16.10,,27
2328,102,318,,48,,29:19.30,,27
2329,112,422,,48,,29:22.20,,27
2330,104,2019,,48,,29:26.60,,27
2331,104,2020,,48,,29:30.60,,27
2332,124,2021,,48,,29:36.30,,27
2333,117,156,,48,,29:37.90,,27
2334,117,158,,48,,29:43.90,,27
2335,117,160,,48,,29:44.70,,27
2336,112,421,,48,,29:46.50,,27
2337,124,2022,,48,,29:55.40,,27
2338,104,2023,,48,,30:04.60,,27
2339,117,164,,48,,30:06.60,,27
2340,117,2024,,48,,30:09.70,,27
2341,112,2025,,48,,30:13.30,,27
2342,102,2026,,48,,30:15.50,,27
2343,124,2027,,48,,30:17.40,,27
2344,112,435,,48,,30:18.50,,27
2345,112,427,,48,,30:23.00,,27
2346,124,2028,,48,,30:25.20,,27
2347,117,153,,48,,30:29.40,,27
2348,104,2029,,48,,30:29.40,,27
2349,117,28,,48,,30:32.50,,27
2350,117,2030,,48,,30:33.00,,27
2351,112,423,,48,,30:43.20,,27
2352,117,194,,48,,30:45.30,,27
2353,104,2031,,48,,30:46.30,,27
2354,117,188,,48,,30:49.60,,27
2355,107,2032,,48,,30:50.20,,27
2356,112,434,,48,,30:52.70,,27
2357,101,190,,48,,30:54.30,,27
2358,124,2033,,48,,30:59.00,,27
2359,116,332,,48,,31:06.40,,27
2360,124,2034,,48,,31:16.40,,27
2361,117,191,,48,,31:38.50,,27
2362,115,2035,,48,,31:41.40,,27
2363,112,433,,48,,31:44.90,,27
2364,112,2036,,48,,31:45.00,,27
2365,117,2037,,48,,31:51.20,,27
2366,116,458,,48,,31:54.00,,27
2367,117,192,,48,,31:56.00,,27
2368,107,2038,,48,,31:56.20,,27
2369,117,2039,,48,,32:03.40,,27
2370,102,340,,48,,32:06.30,,27
2371,104,2040,,48,,32:12.70,,27
2372,112,437,,48,,32:13.30,,27
2373,112,2041,,48,,32:32.50,,27
2374,124,2042,,48,,32:39.00,,27
2375,112,436,,48,,32:40.50,,27
2376,112,2043,,48,,32:50.90,,27
2377,117,38,,48,,32:58.00,,27
2378,117,208,,48,,32:58.80,,27
2379,116,460,,48,,33:08.30,,27
2380,117,197,,48,,33:10.00,,27
2381,124,2044,,48,,33:22.20,,27
2382,124,2045,,48,,33:51.70,,27
2383,116,350,,48,,33:51.90,,27
2384,117,210,,48,,34:05.30,,27
2385,117,201,,48,,34:10.00,,27
2386,101,221,,48,,34:27.10,,27
2387,124,2046,,48,,34:42.90,,27
2388,124,2047,,48,,35:05.10,,27
2389,101,202,,48,,35:08.50,,27
2390,117,2048,,48,,35:09.60,,27
2391,124,2049,,48,,35:45.60,,27
2392,124,2050,,48,,36:48.30,,27
2393,117,220,,48,,36:53.90,,27
2394,117,54,,48,,36:59.70,,27
2395,104,2051,,48,,37:46.10,,27
2396,117,224,,48,,38:28.00,,27
2397,116,462,,48,,38:51.80,,27
2398,115,2052,,48,,38:54.00,,27
2399,104,2053,,48,,39:42.50,,27
2400,124,2054,,48,,42:45.60,,27
2401,1,65,,17,,19:48.40,,28
2402,1,67,,17,,19:49.70,,28
2403,1,68,,17,,20:52.20,,28
2406,1,9,,50,,27:12.00,,28
2407,1,8,,50,,27:13.20,,28
2408,116,285,,47,,23:49.00,,29
2409,116,284,,47,,24:00.90,,29
2410,116,283,,47,,24:32.60,,29
2411,116,286,,47,,24:36.00,,29
2412,116,294,,47,,24:53.30,,29
2413,116,445,,47,,24:56.60,,29
2414,116,291,,47,,25:00.90,,29
2415,116,290,,47,,25:12.60,,29
2416,116,2055,,47,,26:56.50,,29
2417,116,2056,,47,,29:09.60,,29
2418,116,451,,48,,25:34.60,,29
2419,116,2057,,48,,26:07.90,,29
2420,116,310,,48,,26:24.30,,29
2421,116,454,,48,,27:15.60,,29
2422,116,2058,,48,,27:45.90,,29
2423,116,2059,,48,,29:29.80,,29
2424,116,459,,48,,29:33.90,,29
2425,116,330,,48,,30:14.10,,29
2426,116,2060,,48,,30:51.90,,29
2405,1,7,So,50,,26:44.90,,28
2427,116,458,,48,,30:56.30,,29
2428,116,461,,48,,31:34.40,,29
2429,116,350,,48,,34:09.30,,29
2430,116,462,,48,,38:22.90,,29
2431,59,1667,,47,,24:23.20,,30
2432,59,2061,,47,,25:53.50,,30
2433,59,1671,,47,,27:59.40,,30
2434,59,2062,,47,,29:27.30,,30
2435,59,2063,,47,,29:45.70,,30
2436,59,1674,,47,,31:23.80,,30
2437,59,2064,,47,,32:38.10,,30
2438,59,1625,,48,,27:37.70,,30
2439,59,1630,,48,,29:25.30,,30
2440,59,1635,,48,,29:51.20,,30
2441,59,2065,,48,,29:56.60,,30
2442,59,2066,,48,,30:27.90,,30
2443,59,1643,,48,,31:05.50,,30
2444,59,2067,,48,,33:01.50,,30
2445,59,1652,,48,,37:20.50,,30
2446,59,1651,,48,,38:06.90,,30
2447,75,2068,,48,,26:09.89,,31
2448,75,2069,,48,,26:24.57,,31
2449,75,2070,,48,,26:55.21,,31
2450,75,2071,,48,,26:19.50,,31
2452,204,809,,47,,23:29.91,,32
2453,188,1724,,47,,23:49.66,,32
2454,188,807,,47,,23:58.94,,32
2455,204,1726,,47,,24:31.53,,32
2456,174,2072,,47,,24:38.84,,32
2457,188,1729,,47,,24:53.17,,32
2458,174,2073,,47,,24:57.76,,32
2459,188,811,,47,,25:05.42,,32
2460,188,810,,47,,25:19.11,,32
2461,188,1733,,47,,25:36.05,,32
2462,188,817,,47,,25:49.41,,32
2463,188,813,,47,,25:52.38,,32
2464,188,1737,,47,,25:58.52,,32
2465,188,823,,47,,25:58.98,,32
2466,204,2074,,47,,26:01.83,,32
2467,203,1732,,47,,26:05.13,,32
2468,176,2075,,47,,26:10.50,,32
2469,174,1759,,47,,26:14.51,,32
2470,188,2076,,47,,26:18.81,,32
2471,188,822,,47,,26:26.31,,32
2472,203,1741,,47,,26:28.82,,32
2473,176,2077,,47,,26:29.83,,32
2474,199,2078,,47,,26:30.18,,32
2475,191,2079,,47,,26:35.08,,32
2476,203,1745,,47,,26:37.61,,32
2477,176,2080,,47,,26:44.51,,32
2478,188,2081,,47,,26:45.27,,32
2479,203,1751,,47,,26:59.72,,32
2480,204,844,,47,,27:03.38,,32
2481,174,2082,,47,,27:13.04,,32
2482,174,2083,,47,,27:15.40,,32
2483,188,1744,,47,,27:19.10,,32
2484,188,1752,,47,,27:22.25,,32
2485,204,1757,,47,,27:23.06,,32
2486,188,829,,47,,27:28.01,,32
2487,204,839,,47,,27:38.01,,32
2488,174,1767,,47,,27:39.63,,32
2489,204,831,,47,,27:40.90,,32
2490,204,1786,,47,,27:42.91,,32
2491,199,1756,,47,,27:45.05,,32
2492,174,2084,,47,,27:51.35,,32
2493,203,2085,,47,,27:59.69,,32
2494,203,1765,,47,,28:21.23,,32
2495,203,1769,,47,,28:28.06,,32
2496,188,1768,,47,,28:29.68,,32
2497,188,855,,47,,28:36.47,,32
2498,204,836,,47,,28:37.62,,32
2499,180,2086,,47,,28:41.62,,32
2500,188,846,,47,,28:42.47,,32
2501,188,2087,,47,,28:46.16,,32
2502,199,1738,,47,,28:46.86,,32
2503,201,2088,,47,,28:48.02,,32
2504,188,1782,,47,,28:55.28,,32
2505,174,2089,,47,,28:59.47,,32
2506,203,1781,,47,,29:10.68,,32
3219,88,481,So,17,,21:06.00,0.0,43
2451,75,1530,,48,,26:30.04,,31
111250,139,7706,,47,,25:41.28,,1328
72686,138,16154,,47,,24:18.90,,622
72688,167,577,,47,,24:26.20,,622
72689,167,18921,,47,,24:28.00,,622
72690,130,4231,,47,,24:35.00,,622
72691,138,2386,,47,,24:37.80,,622
72692,138,16155,,47,,24:40.80,,622
72693,164,574,,47,,24:41.50,,622
72694,159,16153,,47,,24:58.60,,622
72695,79,7945,,47,,25:11.20,,622
72696,164,620,,47,,25:18.10,,622
72697,164,18927,,47,,25:18.70,,622
72698,164,3002,,47,,25:23.90,,622
72699,167,20401,,47,,25:25.30,,622
72700,167,3000,,47,,25:28.50,,622
72687,79,7944,Fr,47,,24:24.90,,622
3206,88,2501,Sr,17,,19:46.50,0.0,43
72701,164,578,,47,,25:31.70,,622
72702,164,606,,47,,25:36.30,,622
72703,213,20402,,47,,25:37.20,,622
72704,167,18929,,47,,25:38.80,,622
72705,157,20403,,47,,25:50.10,,622
111251,76,28511,,47,,26:12.57,,1328
33737,61,4025,,47,,22:24.20,,362
3229,88,2509,So,17,,22:04.90,0.0,43
3277,88,2537,So,17,,34:10.60,0.0,43
3232,88,492,Fr,17,,22:26.50,0.0,43
3237,88,2514,Fr,17,,22:57.50,0.0,43
3243,88,2517,Jr,17,,23:22.20,0.0,43
3248,88,2520,Fr,17,,23:34.70,0.0,43
26985,167,466,So,47,,19:20.40,,349
26986,167,666,Fr,47,,19:32.20,,349
26987,167,467,Fr,47,,19:37.20,,349
26988,167,669,Fr,47,,19:59.10,,349
26989,167,468,Fr,47,,20:00.60,,349
26990,167,466,So,47,,18:58.80,,350
26991,167,2540,So,47,,19:57.70,,350
26992,167,468,Fr,47,,20:21.90,,350
24747,1,245,Gr,17,,22:55.90,,337
24750,96,6903,Fr,49,,21:41.47,,334
24751,96,363,Sr,49,,21:46.36,,334
24752,96,364,Sr,49,,21:59.64,,334
24753,60,3360,Sr,17,,21:25.70,,335
24754,1,7,Jr,47,,20:57.30,,337
24755,1,1,Gr,47,,26:11.30,,337
111252,142,28512,,47,,26:35.24,,1328
3359,79,3859,,17,,18:24.40,,43
4685,79,3859,,48,,30:47.90,,60
6373,79,3859,,48,,30:31.30,,66
72706,79,18934,,47,,25:53.30,,622
111253,139,26831,,47,,27:01.46,,1328
72707,164,594,,47,,26:03.10,,622
72708,138,20404,,47,,26:09.80,,622
1562,86,1446,,17,,19:26.00,,21
1603,75,1480,,17,,22:59.00,,21
1639,86,1513,,17,,30:39.00,,21
1678,77,1543,,48,,28:48.00,,21
1688,96,1553,,48,,29:25.00,,21
1865,86,1447,,17,,19:26.00,,21
1038,111,287,,47,,26:42.00,,17
72709,79,485,,47,,26:21.40,,622
72710,138,20405,,47,,26:22.70,,622
111254,142,28513,,47,,27:03.44,,1328
72711,138,20406,,47,,26:26.70,,622
72712,164,18950,,47,,26:32.30,,622
4635,88,7289,,47,,24:29.30,,60
26465,66,7746,Fr,17,,19:27.00,0.0,347
72713,166,20407,,47,,26:35.20,,622
72714,167,5202,,47,,26:36.30,,622
72715,164,18936,,47,,26:40.70,,622
72716,79,20408,,47,,26:45.30,,622
72717,130,2385,,47,,26:47.40,,622
72718,164,18937,,47,,26:48.10,,622
72719,130,2387,,47,,26:49.00,,622
72720,167,18931,,47,,26:51.70,,622
72721,79,7946,,47,,26:53.00,,622
72722,167,20409,,47,,26:59.30,,622
26994,79,7945,,17,College 5K Women,20:08.90,,351
26995,79,7946,,17,College 5K Women,21:03.70,,351
26996,79,490,,17,College 5K Women,22:24.80,,351
26997,79,7947,,17,College 5K Women,22:39.30,,351
26998,79,2522,,17,College 5K Women,23:46.20,,351
26999,79,7948,,17,College 5K Women,25:11.90,,351
72723,159,16161,,47,,27:07.10,,622
27001,79,506,,17,College 5K Men,16:32.50,,351
27002,79,512,,17,College 5K Men,16:50.50,,351
27003,79,7950,,17,College 5K Men,16:58.70,,351
27007,79,7951,,17,College 5K Men,18:15.50,,351
27010,79,7953,,17,College 5K Men,18:23.80,,351
27012,79,7954,,17,College 5K Men,19:02.30,,351
27013,79,7955,,17,College 5K Men,19:12.60,,351
27000,79,7949,Jr,17,College 5K Men,16:13.60,,351
27015,79,7956,,17,College 5K Men,23:49.10,,351
26472,75,7749,So,17,,22:26.00,0.0,347
72724,159,16159,,47,,27:10.00,,622
72725,79,18942,,47,,27:12.80,,622
72726,167,621,,47,,27:15.20,,622
72727,142,18945,,47,,27:25.30,,622
72728,130,19796,,47,,27:35.10,,622
72729,159,16157,,47,,27:38.00,,622
72730,130,18933,,47,,27:39.00,,622
72731,164,626,,47,,27:39.20,,622
111255,139,27069,,47,,28:05.18,,1328
27017,69,2524,Jr,17,,25:12.50,,352
27020,69,7957,,48,,27:42.90,,352
27022,69,2565,,48,,31:35.40,,352
27021,69,7958,Fr,48,,30:20.90,,352
27027,69,7962,,48,,37:35.60,,352
27023,69,2590,So,48,,31:58.60,,352
27029,69,7963,,48,,39:13.30,,352
27031,60,3393,,49,,21:18.47,,353
27032,60,3407,,49,,22:57.11,,353
27033,60,5295,,49,,24:53.69,,353
27034,60,7965,,49,,25:02.21,,353
27035,60,7966,,49,,26:38.44,,353
27036,60,4900,,49,,26:57.78,,353
27037,60,7967,,49,,28:06.10,,353
27038,60,7968,,49,,30:41.89,,353
27039,60,7969,,49,,37:34.09,,353
27040,60,7970,,17,,20:29.75,,353
27041,60,7971,,17,,20:29.97,,353
27042,60,7972,,17,,21:50.72,,353
27043,60,3379,,17,,23:17.11,,353
27044,60,3460,,17,,24:54.08,,353
27045,60,3463,,17,,26:06.79,,353
27046,60,7973,,17,,26:19.80,,353
27047,60,7974,,17,,33:36.61,,353
27056,116,3325,,17,,16:54.60,,354
27048,116,310,,17,,15:45.40,,354
27049,116,7975,,17,,15:46.10,,354
27050,116,312,,17,,15:47.50,,354
27051,116,7976,,17,,16:00.40,,354
27052,116,454,,17,,16:01.90,,354
27053,116,7977,,17,,16:04.40,,354
27054,116,2059,,17,,16:37.60,,354
27055,116,7978,,17,,16:42.30,,354
27057,116,7979,,17,,17:00.80,,354
27058,116,4917,,17,,17:28.80,,354
27059,116,458,,17,,17:33.20,,354
27060,116,7980,,17,,17:52.70,,354
27061,116,7981,,17,,18:16.90,,354
27062,116,7982,,17,,18:34.40,,354
27063,116,7983,,17,,19:00.70,,354
27064,116,7984,,17,,19:05.50,,354
27065,116,7985,,17,,21:38.80,,354
27067,116,282,,17,,19:04.00,,354
27068,116,7987,,17,,19:19.10,,354
27069,116,7988,,17,,19:25.50,,354
27070,116,7989,,17,,19:29.90,,354
27071,116,7990,,17,,19:33.00,,354
27072,116,291,,17,,19:37.20,,354
27073,116,284,,17,,19:54.40,,354
27074,116,286,,17,,20:24.20,,354
27075,116,445,,17,,20:38.80,,354
27076,116,446,,17,,20:39.90,,354
27083,95,7995,,47,,22:58.50,,355
27084,95,7996,,47,,25:16.10,,355
27085,95,7997,,47,,25:42.70,,355
27077,116,294,,17,,21:07.10,,354
27078,116,7991,,17,,21:21.10,,354
27079,116,7992,,17,,21:21.20,,354
27080,116,7993,,17,,21:29.50,,354
27081,116,7994,,17,,21:39.20,,354
27082,116,448,,17,,22:02.50,,354
27312,167,466,Jr,47,,19:08.10,,359
27313,167,669,So,47,,19:16.50,,359
3387,86,1578,,17,,18:59.70,,43
4397,86,1578,,48,,32:20.60,,58
6405,86,1578,,48,,31:59.30,,66
26424,75,7721,Fr,17,,16:36.00,0.0,347
26429,75,5571,Gr,17,,17:07.00,0.0,347
26433,75,7724,Fr,17,,17:36.00,0.0,347
26442,75,2561,So,17,,18:29.00,0.0,347
111256,139,6425,,47,,28:09.39,,1328
26457,75,7739,Fr,17,,22:38.00,0.0,347
111257,139,7712,,47,,28:48.11,,1328
72732,213,20410,,47,,27:40.80,,622
72733,142,18940,,47,,27:52.50,,622
72734,164,602,,47,,27:54.00,,622
111258,139,7711,,47,,29:21.89,,1328
111259,66,28514,,47,,29:54.95,,1328
111260,166,28282,,47,,30:25.38,,1328
72735,138,20411,,47,,27:54.80,,622
111261,139,7713,,47,,30:42.10,,1328
72736,138,3109,,47,,28:08.50,,622
72737,167,18948,,47,,28:14.40,,622
72738,164,18923,,47,,28:17.40,,622
111262,76,28515,,47,,33:34.28,,1328
72739,167,18939,,47,,28:28.70,,622
72740,166,20412,,47,,28:33.80,,622
72741,167,5203,,47,,28:33.90,,622
72742,167,655,,47,,28:36.90,,622
72743,164,18935,,47,,28:51.10,,622
72744,138,20413,,47,,29:06.20,,622
72745,159,648,,47,,29:07.20,,622
72746,79,7947,,47,,29:10.10,,622
72747,164,5521,,47,,29:14.80,,622
72748,167,663,,47,,29:27.10,,622
72749,159,4669,,47,,29:46.10,,622
72750,166,20414,,47,,29:52.50,,622
72751,166,20415,,47,,29:52.60,,622
72752,159,643,,47,,29:53.60,,622
72753,142,20416,,47,,29:57.00,,622
72754,138,631,,47,,29:57.60,,622
72755,167,638,,47,,30:12.50,,622
72756,167,647,,47,,30:19.00,,622
72757,164,18951,,47,,30:19.50,,622
72758,167,20417,,47,,30:23.70,,622
72759,160,3004,,47,,30:43.90,,622
72760,213,20418,,47,,30:46.30,,622
72762,79,7948,,47,,30:51.00,,622
72763,164,4115,,47,,30:58.10,,622
72764,164,4223,,47,,31:11.00,,622
72765,130,4230,,47,,31:13.80,,622
72766,167,19370,,47,,31:14.80,,622
72767,157,5679,,47,,31:27.50,,622
72768,159,5766,,47,,31:36.30,,622
72769,167,632,,47,,31:41.30,,622
72770,167,18925,,47,,31:41.30,,622
72771,138,20419,,47,,32:04.40,,622
72772,130,4249,,47,,32:11.40,,622
72773,160,20420,,47,,32:12.60,,622
72774,159,16172,,47,,32:39.00,,622
27086,96,357,,17,,21:24.30,,356
27087,96,4655,,17,,21:32.40,,356
27088,96,1455,,17,,21:41.90,,356
27089,96,358,,17,,21:47.20,,356
27090,96,7998,,17,,21:50.50,,356
27091,96,7162,,17,,22:06.10,,356
27092,96,360,,17,,22:06.80,,356
27093,96,7999,,17,,22:29.00,,356
27094,96,8000,,17,,22:41.50,,356
27095,96,4656,,17,,22:51.50,,356
27096,96,3431,,17,,23:57.40,,356
27097,96,1503,,17,,24:24.70,,356
27098,96,3433,,17,,29:10.60,,356
27099,96,364,Sr,48,,27:59.00,,356
72761,138,5691,,47,,30:47.10,,622
27101,96,363,,48,,27:59.20,,356
27102,96,1552,,48,,28:18.10,,356
27103,96,367,,48,,28:46.30,,356
27104,96,368,,48,,29:59.70,,356
27105,96,370,,48,,30:16.10,,356
27106,96,8001,,48,,30:22.30,,356
27107,96,8002,,48,,31:06.80,,356
27108,96,8003,,48,,31:42.10,,356
27109,96,5421,,48,,35:43.10,,356
27110,96,375,,48,,36:38.30,,356
72775,79,20421,,47,,33:04.90,,622
72776,130,20422,,47,,33:24.60,,622
72777,213,20423,,47,,34:06.20,,622
72778,166,19368,,47,,34:13.90,,622
72779,167,3008,,47,,35:24.30,,622
72780,166,20424,,47,,35:29.60,,622
72781,166,20425,,47,,35:29.60,,622
72782,130,18960,,47,,35:30.00,,622
72783,167,2534,,47,,35:42.30,,622
72784,130,2722,,47,,41:26.10,,622
72788,167,2584,,48,,25:39.50,,622
72791,167,673,,48,,26:14.00,,622
76647,61,19553,,48,,29:13.30,,652
72796,79,508,,48,,26:51.20,,622
72797,79,2542,,48,,26:53.90,,622
72799,164,683,,48,,26:56.80,,622
72800,159,706,,48,,27:01.00,,622
72801,164,18967,,48,,27:01.40,,622
72802,164,700,,48,,27:06.40,,622
72803,164,18964,,48,,27:07.10,,622
72804,138,2471,,48,,27:08.50,,622
72806,167,685,,48,,27:18.00,,622
72809,164,18963,,48,,27:27.30,,622
72810,79,515,,48,,27:33.80,,622
72811,164,675,,48,,27:36.00,,622
72812,79,506,,48,,27:38.80,,622
72815,167,18971,,48,,27:52.80,,622
72816,167,717,,48,,28:03.50,,622
72817,79,20426,,48,,28:04.70,,622
72818,164,689,,48,,28:04.80,,622
72819,159,674,,48,,28:06.70,,622
72820,138,730,,48,,28:08.40,,622
72821,159,705,,48,,28:09.70,,622
72822,167,695,,48,,28:16.80,,622
72823,164,691,,48,,28:18.50,,622
72824,166,3596,,48,,28:21.20,,622
72825,167,704,,48,,28:22.90,,622
72827,167,696,,48,,28:24.60,,622
72828,159,2176,,48,,28:29.30,,622
72829,79,523,,48,,28:29.70,,622
72830,79,18973,,48,,28:33.30,,622
72832,167,710,,48,,28:47.80,,622
72834,167,19384,,48,,28:50.50,,622
72835,79,18975,,48,,28:52.60,,622
72836,167,18977,,48,,28:53.30,,622
72837,79,512,,48,,28:57.30,,622
72838,138,690,,48,,28:58.70,,622
72839,164,18979,,48,,29:05.00,,622
72840,167,681,,48,,29:13.60,,622
72841,164,721,,48,,29:16.40,,622
72842,79,20427,,48,,29:17.30,,622
72844,166,20428,,48,,29:20.20,,622
72845,167,3015,,48,,29:20.80,,622
72846,167,19386,,48,,29:24.20,,622
72847,79,20429,,48,,29:26.60,,622
72848,167,5230,,48,,29:27.40,,622
72849,164,18993,,48,,29:28.00,,622
72850,142,5314,,48,,29:29.80,,622
72851,159,2173,,48,,29:35.10,,622
72852,79,2575,,48,,29:35.60,,622
72853,160,2445,,48,,29:37.90,,622
72854,142,18988,,48,,29:39.90,,622
72855,167,19381,,48,,29:44.60,,622
72856,138,20430,,48,,29:47.90,,622
72857,79,535,,48,,29:48.40,,622
72858,138,5716,,48,,29:50.00,,622
72859,138,4704,,48,,29:50.10,,622
72860,167,19385,,48,,29:56.80,,622
72861,159,20431,,48,,29:57.10,,622
72862,159,2177,,48,,30:05.90,,622
72863,164,772,,48,,30:09.50,,622
72864,159,16118,,48,,30:11.50,,622
72865,164,19007,,48,,30:15.40,,622
72866,130,2453,,48,,30:16.60,,622
72867,159,16119,,48,,30:17.00,,622
72868,164,731,,48,,30:19.50,,622
72869,79,2559,,48,,30:20.10,,622
72870,159,714,,48,,30:23.90,,622
72872,79,509,,48,,30:31.60,,622
72873,160,2460,,48,,30:34.80,,622
72874,166,19391,,48,,30:52.30,,622
72875,167,19002,,48,,30:54.80,,622
72876,167,742,,48,,30:55.00,,622
72877,166,20432,,48,,31:01.10,,622
72878,142,737,,48,,31:01.60,,622
72879,167,2539,,48,,31:02.10,,622
72880,159,18991,,48,,31:03.20,,622
72881,167,3011,,48,,31:06.30,,622
72833,159,5708,,48,,28:48.40,,622
72785,164,2723,Gr,48,,25:29.30,,622
72787,164,18961,Fr,48,,25:38.90,,622
72813,79,7949,Jr,48,,27:48.10,,622
72805,167,467,So,48,,27:10.60,,622
72786,167,667,Sr,48,,25:35.90,,622
72792,167,669,So,48,,26:19.80,,622
72789,167,466,Jr,48,,26:01.90,,622
72814,167,18724,Fr,48,,27:51.20,,622
72826,167,2540,Jr,48,,28:24.00,,622
72831,167,5236,Sr,48,,28:42.90,,622
72843,167,5220,Sr,48,,29:19.40,,622
72871,167,743,Jr,48,,30:28.30,,622
72807,159,694,So,48,,27:18.50,,622
72798,159,676,Jr,48,,26:54.90,,622
72882,159,16120,,48,,31:07.60,,622
72883,79,20433,,48,,31:16.10,,622
72884,79,7955,,48,,31:20.20,,622
72885,167,672,,48,,31:22.90,,622
72886,164,18992,,48,,31:27.90,,622
72887,160,11408,,48,,31:29.80,,622
72888,159,2168,,48,,31:32.00,,622
72889,164,2730,,48,,31:34.20,,622
72890,138,16126,,48,,31:37.20,,622
72891,164,18989,,48,,31:46.50,,622
72892,167,740,,48,,31:47.60,,622
72893,130,2464,,48,,31:51.10,,622
72894,167,19387,,48,,31:56.90,,622
72895,160,1319,,48,,31:58.80,,622
72896,138,16130,,48,,31:59.60,,622
72897,159,761,,48,,32:02.20,,622
72898,166,19390,,48,,32:10.70,,622
72899,160,4722,,48,,32:14.40,,622
72900,167,2608,,48,,32:17.50,,622
72901,166,4726,,48,,32:19.40,,622
72902,79,7953,,48,,32:21.00,,622
72903,164,19001,,48,,32:21.30,,622
72904,166,19378,,48,,32:24.00,,622
72906,167,19006,,48,,32:28.90,,622
72907,138,16122,,48,,32:29.40,,622
72908,130,20434,,48,,32:30.10,,622
72909,164,18710,,48,,32:45.20,,622
72910,159,2750,,48,,32:47.90,,622
72911,157,20435,,48,,32:47.90,,622
72912,159,2184,,48,,32:53.60,,622
72913,138,16134,,48,,32:57.80,,622
72914,159,16133,,48,,33:07.40,,622
72915,79,3613,,48,,33:10.20,,622
72916,164,4433,,48,,33:16.10,,622
72917,159,20436,,48,,33:22.00,,622
72918,130,6849,,48,,33:25.40,,622
72919,130,3155,,48,,33:26.20,,622
72920,130,2450,,48,,33:34.80,,622
72921,159,4361,,48,,33:37.70,,622
72922,142,759,,48,,33:46.60,,622
72923,138,802,,48,,33:51.20,,622
72924,160,11406,,48,,33:51.80,,622
72925,159,20437,,48,,33:56.40,,622
72926,166,20438,,48,,34:10.20,,622
72927,159,781,,48,,34:16.00,,622
72928,167,10999,,48,,34:20.70,,622
72929,213,20439,,48,,34:22.20,,622
72930,167,778,,48,,34:27.50,,622
72931,167,19396,,48,,34:32.70,,622
72932,79,20440,,48,,34:32.80,,622
72933,166,19398,,48,,34:39.40,,622
72934,159,753,,48,,34:43.30,,622
72935,166,20441,,48,,35:04.10,,622
72936,213,20442,,48,,35:18.20,,622
72937,167,19013,,48,,35:52.10,,622
72938,159,20443,,48,,35:55.20,,622
72939,164,801,,48,,36:05.10,,622
72940,130,20444,,48,,36:33.50,,622
72941,213,20445,,48,,36:37.90,,622
72942,160,11421,,48,,36:41.90,,622
72943,79,4585,,48,,36:54.90,,622
72944,159,3175,,48,,37:11.40,,622
72945,130,19016,,48,,37:12.10,,622
111263,139,17937,,47,,37:29.18,,1328
72947,166,19400,,48,,37:39.00,,622
72948,166,3595,,48,,38:26.50,,622
72949,138,20447,,48,,38:28.60,,622
72950,166,4728,,48,,39:41.70,,622
72951,130,2468,,48,,39:47.70,,622
72952,160,4723,,48,,39:53.30,,622
72953,138,2488,,48,,40:32.40,,622
72954,166,20448,,48,,40:37.60,,622
72955,142,805,,48,,40:46.90,,622
72956,167,790,,48,,42:16.70,,622
72957,142,19399,,48,,43:36.00,,622
72958,138,3024,,48,,43:48.60,,622
72959,160,1435,,48,,45:12.00,,622
72960,130,4689,,48,,45:40.40,,622
72961,157,20449,,48,,46:14.10,,622
76648,59,1638,,48,,29:51.50,,652
76649,59,1639,,48,,29:53.50,,652
76650,61,2279,,48,,29:57.10,,652
76651,61,19555,,48,,29:57.70,,652
76652,59,11371,,48,,31:04.50,,652
76653,61,4627,,48,,31:13.70,,652
76654,59,21473,,48,,31:21.30,,652
76655,61,2284,,48,,31:29.00,,652
76656,59,1647,,48,,31:59.60,,652
76657,61,19566,,48,,32:04.10,,652
76658,59,19557,,48,,32:05.50,,652
76659,61,2276,,48,,32:20.90,,652
76660,61,1662,,48,,32:38.40,,652
76661,59,2788,,48,,33:42.10,,652
76662,59,11374,,48,,34:05.70,,652
76663,61,21474,,48,,34:51.40,,652
76664,59,21475,,48,,35:01.80,,652
76665,61,21476,,48,,37:49.30,,652
76666,59,4081,,48,,38:21.90,,652
76667,49,19503,,48,,38:51.90,,652
76668,32,19575,,48,,27:43.20,,653
76669,32,18772,,48,,31:05.50,,653
76670,32,18771,,48,,31:15.10,,653
76671,32,18774,,48,,34:28.70,,653
76672,32,19583,,48,,37:18.70,,653
76673,32,18777,,17,,17:58.90,,653
76674,32,19588,,17,,23:55.70,,653
76675,120,288,,17,,21:22.60,,654
76676,120,18794,,17,,21:26.70,,654
76677,120,21477,,17,,23:19.00,,654
76678,120,4774,,17,,24:16.50,,654
76679,120,21478,,17,,25:26.40,,654
76680,120,307,,17,,26:16.90,,654
76681,120,7689,,48,,29:17.10,,654
76682,120,7690,,48,,29:59.70,,654
76683,120,327,,48,,30:12.80,,654
76684,120,7691,,48,,30:31.40,,654
76685,120,18787,,48,,32:36.20,,654
76686,120,18788,,48,,32:40.40,,654
76687,120,21479,,48,,32:55.90,,654
76688,120,344,,48,,33:32.60,,654
76689,120,8019,,48,,36:46.40,,654
76690,120,346,,48,,38:29.30,,654
76691,120,21480,,48,,41:21.70,,654
76692,146,1687,,47,,25:17.70,,655
76693,146,11428,,47,,26:14.80,,655
76694,146,1046,,47,,26:22.60,,655
76695,146,1060,,47,,26:26.30,,655
76696,146,1016,,47,,27:04.10,,655
76697,146,1075,,47,,27:25.10,,655
76698,146,11437,,47,,27:50.70,,655
76699,146,1050,,47,,28:04.80,,655
76700,146,2678,,47,,28:22.20,,655
76701,146,1080,,47,,28:42.80,,655
76702,146,11440,,47,,29:01.90,,655
76703,146,1097,,47,,29:05.60,,655
76704,146,1112,,47,,30:10.20,,655
76705,146,1062,,47,,30:12.30,,655
76706,146,1091,,47,,30:32.70,,655
76707,146,1071,,47,,30:35.30,,655
76708,146,11448,,47,,30:47.30,,655
76709,146,11446,,47,,31:35.90,,655
76710,146,1128,,47,,31:39.70,,655
76711,146,1216,,48,,27:27.00,,655
76714,146,1188,,48,,27:59.10,,655
76713,146,1205,,48,,28:14.10,,655
76715,146,1254,,48,,29:10.70,,655
27176,101,268,,47,,30:58.33,,357
27177,111,8033,,47,,31:21.66,,357
27178,111,309,,47,,31:54.41,,357
27179,101,274,,47,,32:21.18,,357
27180,120,307,,47,,32:38.57,,357
27181,101,8034,,47,,34:02.23,,357
27182,111,8035,,47,,34:14.06,,357
27183,101,275,,47,,34:23.78,,357
27184,120,8036,,47,,34:30.80,,357
27185,121,5648,,47,,35:19.47,,357
27111,101,8004,,48,,28:12.98,,357
27112,101,145,,48,,28:45.58,,357
27113,111,8005,,48,,28:57.16,,357
27114,120,8006,,48,,29:07.26,,357
27115,111,8007,,48,,29:23.60,,357
27116,120,8008,,48,,29:31.79,,357
27117,121,3964,,48,,29:38.26,,357
27118,120,7691,,48,,29:43.93,,357
27119,111,8009,,48,,29:50.06,,357
27120,120,7690,,48,,29:52.61,,357
27121,111,8010,,48,,29:59.28,,357
27122,120,327,,48,,30:04.68,,357
27123,111,8011,,48,,30:15.31,,357
27124,121,8012,,48,,30:15.57,,357
27125,111,4154,,48,,30:46.18,,357
27126,111,317,,48,,30:46.26,,357
27127,121,2797,,48,,31:22.72,,357
27128,111,8013,,48,,31:32.33,,357
27129,101,8014,,48,,31:32.40,,357
27130,121,2804,,48,,31:44.14,,357
27131,121,2800,,48,,32:07.31,,357
27132,121,2806,,48,,32:18.34,,357
27133,121,8015,,48,,32:23.58,,357
27134,121,8016,,48,,32:27.11,,357
27135,121,4530,,48,,32:30.03,,357
27136,121,8017,,48,,32:41.82,,357
27137,121,3963,,48,,33:15.20,,357
27138,120,335,,48,,34:01.21,,357
27139,120,344,,48,,34:29.19,,357
27140,120,345,,48,,34:33.68,,357
27141,111,333,,48,,34:34.72,,357
27142,111,334,,48,,34:40.50,,357
27143,111,8018,,48,,35:06.63,,357
27144,111,3350,,48,,35:07.23,,357
27145,111,984,,48,,35:45.31,,357
27146,120,8019,,48,,36:09.70,,357
27147,120,346,,48,,36:12.43,,357
27148,121,8020,,48,,36:28.47,,357
27149,101,209,,48,,37:42.40,,357
27150,101,225,,48,,38:06.35,,357
27151,111,353,,48,,38:07.69,,357
27152,121,8021,,48,,38:14.38,,357
27153,101,8022,,48,,38:22.58,,357
27154,101,221,,48,,46:28.29,,357
27155,101,8023,,48,,1:02:19.00,,357
27156,111,4153,,47,,24:09.58,,357
27157,111,8024,,47,,25:14.59,,357
27158,121,8025,,47,,25:45.64,,357
27159,101,241,,47,,25:59.09,,357
27160,120,288,,47,,26:18.34,,357
27161,121,8026,,47,,27:01.31,,357
27162,111,4766,,47,,27:04.81,,357
27163,121,8027,,47,,27:06.45,,357
27164,120,293,,47,,27:11.24,,357
27165,111,302,,47,,27:25.30,,357
27166,111,3314,,47,,27:57.14,,357
27167,111,289,,47,,28:09.46,,357
27168,111,8028,,47,,28:24.52,,357
27169,121,8029,,47,,28:38.92,,357
27170,101,256,,47,,28:58.50,,357
27171,121,2791,,47,,29:02.91,,357
27172,101,8030,,47,,29:07.67,,357
27173,111,8031,,47,,29:25.50,,357
27174,111,304,,47,,29:36.26,,357
27175,111,8032,,47,,30:11.60,,357
76716,146,11385,,48,,29:24.30,,655
34774,112,408,Jr,47,,27:12.40,,392
34775,118,3869,,47,,27:21.60,,392
34776,112,11341,,47,,27:23.70,,392
34777,112,11342,,47,,28:00.80,,392
34778,124,1947,So,47,,28:05.70,,392
34779,112,409,,47,,28:15.60,,392
34780,112,11343,,47,,28:18.50,,392
34781,118,3866,,47,,28:32.00,,392
34782,124,11344,,47,,28:57.70,,392
34783,124,11345,,47,,29:30.20,,392
34784,112,11346,,47,,29:42.20,,392
34785,112,3864,,47,,30:05.80,,392
34786,124,2838,,47,,30:12.30,,392
34787,112,11347,,47,,30:35.70,,392
34788,124,2842,Sr,47,,30:48.70,,392
34789,118,11348,,47,,31:33.20,,392
34790,112,11349,,47,,32:07.60,,392
34791,112,6885,,47,,32:11.50,,392
34792,112,11350,,47,,33:14.00,,392
34793,124,11351,,47,,34:22.70,,392
34794,112,11352,,47,,34:41.00,,392
27303,62,8142,,48,,39:43.50,,358
27304,62,8143,,48,,39:44.40,,358
27210,117,161,,48,,28:43.30,,358
27257,62,8138,,48,,32:04.20,,358
34680,85,11289,,17,,17:58.10,,391
34681,85,11290,,17,,18:35.60,,391
34682,85,11291,,17,,18:53.40,,391
34683,85,11292,,17,,19:09.40,,391
34684,85,11293,,17,,20:32.60,,391
34685,85,11294,,17,,23:22.50,,391
34686,85,11295,,17,,22:38.90,,391
34687,85,11296,,17,,24:38.10,,391
34688,85,11297,,17,,25:05.00,,391
34689,85,11298,,17,,26:35.60,,391
76717,146,11390,,48,,29:29.10,,655
34691,124,1993,Jr,48,,25:57.10,,392
34692,124,1997,Jr,48,,26:35.30,,392
34693,112,11300,,48,,27:14.90,,392
34694,112,426,,48,,27:20.80,,392
34695,124,1995,Jr,48,,27:22.30,,392
34696,112,421,,48,,27:23.30,,392
34697,112,417,So,48,,27:29.70,,392
34698,124,2861,Jr,48,,27:38.10,,392
34699,112,11301,,48,,27:42.50,,392
34700,124,2859,Jr,48,,27:47.80,,392
34701,124,2001,So,48,,28:06.80,,392
34702,124,11302,,48,,28:18.40,,392
34703,124,2005,Jr,48,,28:21.10,,392
34704,118,11303,,48,,28:24.60,,392
34705,112,435,,48,,28:27.50,,392
34706,124,11304,,48,,28:29.50,,392
34707,124,5500,Sr,48,,28:44.60,,392
34708,118,3884,,48,,28:55.60,,392
34709,124,1990,Sr,48,,28:59.30,,392
34710,124,2853,So,48,,28:59.50,,392
34711,112,419,,48,,29:12.40,,392
34715,124,2013,,48,,29:22.00,,392
34712,112,420,,48,,29:16.60,,392
34713,112,11305,,48,,29:17.90,,392
34714,112,414,Jr,48,,29:21.10,,392
34716,124,11306,,48,,29:40.70,,392
34717,124,11307,,48,,29:43.50,,392
34718,124,11308,,48,,29:54.60,,392
34719,112,3333,So,48,,29:57.70,,392
34720,118,11309,,48,,29:59.40,,392
34721,124,11310,,48,,30:23.10,,392
34722,112,11311,,48,,30:25.50,,392
34723,124,3835,Jr,48,,30:39.50,,392
34724,118,11312,,48,,30:45.10,,392
34725,124,2022,Sr,48,,30:48.70,,392
34726,124,11313,So,48,,30:50.40,,392
34727,124,2000,So,48,,30:55.80,,392
34728,112,429,,48,,31:09.80,,392
34729,124,11314,,48,,31:14.20,,392
34730,112,437,,48,,31:17.70,,392
34731,112,11315,,48,,31:21.50,,392
34732,112,11316,,48,,31:46.40,,392
34733,124,11317,,48,,31:50.60,,392
34734,118,3887,,48,,32:12.30,,392
34735,112,11318,,48,,32:21.00,,392
34736,112,11319,,48,,32:44.60,,392
27276,50,8086,,48,,34:11.70,,358
34737,112,5645,,48,,32:45.80,,392
34738,112,11320,,48,,32:46.90,,392
34739,112,11321,,48,,32:51.10,,392
34740,112,436,,48,,32:58.60,,392
34741,112,11322,,48,,33:07.70,,392
34742,124,2874,Jr,48,,34:08.20,,392
34743,112,3336,,48,,34:59.80,,392
34744,118,11323,,48,,35:03.00,,392
34745,112,5662,,48,,35:26.10,,392
34746,124,2042,Sr,48,,35:41.40,,392
34747,124,11324,,48,,35:55.90,,392
27290,50,8094,,48,,36:29.70,,358
34748,118,11325,,48,,36:47.80,,392
27307,62,8144,,48,,41:21.30,,358
76718,146,1219,,48,,29:46.40,,655
76719,146,11383,,48,,30:30.70,,655
76720,146,4394,,48,,30:32.20,,655
4037,124,3828,,48,,26:42.69,,51
5857,124,3828,,48,,26:45.40,,64
113,4,2934,,47,,26:29.40,,3
4228,4,5787,,48,,27:39.30,,56
5655,4,5787,,49,,23:42.09,,63
111264,164,18979,,48,,26:17.79,,1328
76721,146,1278,,48,,30:32.70,,655
34749,112,11326,,48,,37:02.00,,392
34750,118,3883,,48,,37:06.50,,392
34751,124,11327,,48,,38:45.90,,392
34752,112,11328,,48,,38:46.50,,392
34753,124,11329,,48,,39:14.30,,392
34754,118,11330,,48,,39:18.30,,392
34755,112,11331,,48,,42:16.20,,392
34756,112,11332,,48,,48:57.00,,392
34758,112,404,Jr,47,,23:09.70,,392
34759,112,11334,,47,,23:34.60,,392
34760,112,11335,,47,,23:46.30,,392
34761,124,3862,So,47,,24:07.10,,392
34762,124,1929,Jr,47,,24:22.10,,392
34763,124,1930,So,47,,24:31.90,,392
34764,124,1946,So,47,,25:38.20,,392
34765,112,11336,,47,,25:38.60,,392
34766,112,11337,,47,,26:06.30,,392
34767,124,11338,,47,,26:08.20,,392
34768,118,11339,,47,,26:11.80,,392
34769,124,1928,Sr,47,,26:13.60,,392
34770,124,1953,Jr,47,,26:17.50,,392
34771,112,11340,,47,,26:27.00,,392
34772,124,2826,,47,,26:58.00,,392
34773,124,1948,Jr,47,,26:59.00,,392
76722,146,1306,,48,,30:43.50,,655
111265,166,27000,,48,,27:12.45,,1328
76724,146,19481,,48,,31:39.30,,655
76725,146,11402,,48,,31:46.20,,655
76726,146,3699,,48,,32:07.00,,655
76727,146,1299,,48,,32:44.30,,655
76728,146,1275,,48,,33:08.80,,655
76729,146,1321,,48,,33:13.70,,655
76730,146,1395,,48,,33:33.00,,655
76731,146,6841,,48,,33:40.90,,655
76732,146,5271,,48,,33:46.30,,655
76733,146,1364,,48,,34:10.40,,655
76734,146,11419,,48,,36:31.00,,655
76735,146,1309,,48,,36:50.60,,655
34795,58,11353,Jr,48,,28:50.50,,393
34796,58,170,So,48,,29:22.80,,393
34797,58,134,Jr,48,,32:00.40,,393
34798,58,11354,So,48,,33:21.60,,393
34799,169,1198,So,48,,26:57.20,,394
34800,162,3169,,48,,28:03.60,,394
34801,162,11355,,48,,28:04.30,,394
34802,162,11356,,48,,29:10.40,,394
34803,162,1289,,48,,29:29.20,,394
34804,169,2442,So,48,,29:32.40,,394
34805,169,1294,Jr,48,,29:34.20,,394
34806,162,1704,,48,,29:37.50,,394
34807,162,11357,,48,,30:31.80,,394
34808,162,1180,,48,,30:34.30,,394
34809,162,3136,,48,,30:41.90,,394
34810,169,7641,Fr,48,,30:52.20,,394
34811,162,1323,,48,,31:16.70,,394
34812,169,7642,Fr,48,,31:38.60,,394
34813,162,11358,,48,,31:59.80,,394
34814,162,1266,,48,,32:38.20,,394
34815,169,4732,So,48,,33:30.00,,394
34816,169,11359,Fr,48,,33:35.20,,394
34817,162,1284,,48,,33:45.90,,394
34818,162,1338,,48,,34:18.30,,394
34819,169,4735,So,48,,36:13.20,,394
34820,169,1379,Sr,48,,43:20.50,,394
34821,162,1008,,47,,24:08.30,,394
34822,162,11360,,47,,24:36.30,,394
34823,162,11361,,47,,27:26.60,,394
34824,162,1028,,47,,28:01.30,,394
34825,169,11362,Fr,47,,28:14.10,,394
34827,162,11363,,47,,30:38.90,,394
34828,162,1100,,47,,30:49.50,,394
34829,162,11364,,47,,31:08.00,,394
34830,169,2420,Jr,47,,31:39.50,,394
34831,162,11365,,47,,31:55.60,,394
34832,169,1153,Jr,47,,32:59.30,,394
34833,162,1130,,47,,33:42.40,,394
34834,59,1625,,48,,27:30.50,,395
34835,59,3901,,48,,28:48.50,,395
34836,59,2066,,48,,28:54.20,,395
34837,59,11366,,48,,30:04.50,,395
34838,59,1639,,48,,30:05.20,,395
34839,59,1631,,48,,30:16.20,,395
34840,59,1632,,48,,30:37.50,,395
34841,59,11367,,48,,30:55.60,,395
34842,59,11368,,48,,31:07.30,,395
34843,59,11369,,48,,31:42.10,,395
34844,59,11370,,48,,31:47.80,,395
34845,59,1638,,48,,32:24.30,,395
34846,59,11371,,48,,33:01.50,,395
34847,59,11372,,48,,33:27.40,,395
34848,59,11373,,48,,34:53.00,,395
34849,59,1647,,48,,36:07.80,,395
34850,59,11374,,48,,37:22.20,,395
34851,59,2788,,48,,38:00.40,,395
34852,59,4081,,48,,51:26.80,,395
111266,76,28516,,48,,27:20.12,,1328
34854,59,11376,,47,,25:57.60,,395
34855,59,1671,,47,,27:24.20,,395
34856,59,2061,,47,,27:32.10,,395
34857,59,2062,,47,,29:24.80,,395
34858,59,11377,,47,,31:39.40,,395
34859,59,2064,,47,,32:01.40,,395
34860,59,1674,,47,,36:14.70,,395
34861,60,3386,,17,,15:41.00,,396
34862,60,3393,,17,,16:22.00,,396
34863,60,3407,,17,,16:38.00,,396
34864,60,2905,,17,,17:47.00,,396
34865,60,7966,,17,,18:50.00,,396
34866,60,4900,,17,,19:19.00,,396
34867,60,3477,,17,,19:54.00,,396
34868,60,7971,,17,,20:13.00,,396
34869,60,7970,,17,,20:29.00,,396
34870,60,7967,,17,,20:41.00,,396
34871,60,3360,,17,,21:11.00,,396
34872,60,3379,,17,,23:38.00,,396
34873,60,3460,,17,,24:13.00,,396
34874,60,3369,,17,,26:19.00,,396
34875,60,4799,,17,,27:08.00,,396
34876,60,4763,,17,,27:20.00,,396
34877,60,3461,,17,,27:49.00,,396
34878,60,7974,,17,,31:21.00,,396
76736,146,1415,,48,,36:53.10,,655
34883,146,11380,,48,,27:13.85,,397
76737,158,4665,,47,,25:11.10,,655
34888,146,1219,,48,,28:04.98,,397
34890,146,11381,,48,,28:24.46,,397
76738,158,16156,,47,,25:43.30,,655
34893,146,1208,,48,,28:33.97,,397
34881,146,1201,Sr,48,,26:57.88,0.0,397
34897,146,11385,,48,,28:43.62,,397
34898,146,11386,,48,,28:50.27,,397
34886,146,1195,,48,,27:56.92,,397
34892,171,11382,Fr,48,,28:27.01,0.0,397
34887,131,1231,Gr,48,,27:59.72,0.0,397
34889,146,1236,So,48,,28:20.30,0.0,397
34880,146,11379,Fr,48,,26:43.33,0.0,397
34894,146,11383,Fr,48,,28:35.36,0.0,397
34884,146,1188,Sr,48,,27:35.33,0.0,397
34826,162,1122,,47,,29:26.60,,394
111267,142,18982,,48,,27:59.55,,1328
34901,146,11387,,48,,28:57.58,,397
76739,158,16160,,47,,26:41.50,,655
34908,160,2445,,48,,29:19.04,,397
34909,160,1214,,48,,29:38.26,,397
76740,158,2400,,47,,27:09.20,,655
34916,171,11393,,48,,30:23.30,,397
34919,171,11395,,48,,30:42.71,,397
34920,146,11396,,48,,30:43.82,,397
76741,158,16164,,47,,27:45.80,,655
34928,146,1306,,48,,31:25.64,,397
76742,158,2406,,47,,27:53.70,,655
76743,158,2403,,47,,28:57.30,,655
34934,153,11403,,48,,31:57.63,,397
34937,146,6841,,48,,32:35.66,,397
34927,146,1225,So,48,,31:25.56,0.0,397
34941,160,11406,,48,,32:53.02,,397
34942,153,11407,,48,,33:10.71,,397
34943,160,11408,,48,,33:12.31,,397
34903,146,1254,So,48,,29:01.00,0.0,397
34948,160,4722,,48,,33:29.37,,397
34952,160,1304,,48,,33:53.71,,397
34953,146,1325,,48,,34:00.80,,397
34954,146,1395,,48,,34:01.99,,397
34955,146,11412,,48,,34:03.25,,397
34960,160,11414,,48,,34:52.02,,397
34961,146,5271,,48,,35:03.30,,397
34962,146,1364,,48,,35:12.02,,397
34963,146,11415,,48,,36:06.30,,397
34964,153,11416,,48,,36:12.77,,397
34970,171,11420,,48,,38:27.72,,397
34971,160,11421,,48,,38:46.29,,397
34977,160,4723,,48,,41:22.93,,397
34978,160,11422,,48,,41:37.11,,397
34979,146,1273,,48,,42:33.78,,397
34981,146,1437,,48,,44:40.76,,397
34982,160,1435,,48,,45:36.92,,397
34983,153,11423,,48,,50:39.77,,397
34984,146,994,,47,,24:20.57,,397
34985,171,1011,,47,,24:38.64,,397
34986,146,1020,,47,,25:11.39,,397
34987,146,1033,,47,,25:12.87,,397
34988,146,11424,,47,,25:16.44,,397
34989,146,11425,,47,,25:18.80,,397
34990,146,11426,,47,,25:29.02,,397
34991,146,996,,47,,25:38.32,,397
34992,146,992,,47,,25:54.04,,397
34993,146,1071,,47,,25:56.93,,397
34994,146,1096,,47,,26:00.53,,397
34995,146,1060,,47,,26:08.07,,397
34996,146,1004,,47,,26:14.04,,397
34997,146,11427,,47,,26:14.55,,397
34998,146,11428,,47,,26:17.81,,397
34999,171,1044,,47,,26:21.81,,397
35000,146,1017,,47,,26:24.43,,397
35001,146,1687,,47,,26:24.91,,397
35002,146,11429,,47,,26:25.51,,397
35003,146,1043,,47,,26:56.80,,397
35004,146,11430,,47,,27:01.57,,397
34938,171,1283,Jr,48,,32:35.71,0.0,397
34912,146,11391,Fr,48,,29:56.46,0.0,397
34917,146,1251,Jr,48,,30:37.75,0.0,397
34918,146,11394,Fr,48,,30:40.82,0.0,397
34907,171,11389,Fr,48,,29:15.46,0.0,397
34921,131,11397,Fr,48,,30:50.61,0.0,397
34922,131,11398,Fr,48,,30:53.58,0.0,397
34899,171,1222,Jr,48,,28:56.46,0.0,397
34902,171,1218,Gr,48,,29:00.34,0.0,397
34923,171,2354,Jr,48,,30:58.73,0.0,397
34926,171,1261,Sr,48,,31:18.91,0.0,397
34940,131,2693,Jr,48,,32:51.45,0.0,397
34976,131,4320,Gr,48,,40:37.45,0.0,397
34915,146,1278,Jr,48,,30:22.54,0.0,397
34935,146,11404,Fr,48,,32:06.28,0.0,397
34925,146,1341,Jr,48,,31:14.96,0.0,397
34974,146,1694,Jr,48,,39:37.09,0.0,397
34945,146,11409,Sr,48,,33:21.83,0.0,397
34914,146,11392,Fr,48,,30:11.53,0.0,397
34951,146,11411,Fr,48,,33:49.25,0.0,397
34956,146,1321,Sr,48,,34:12.39,0.0,397
34958,146,1697,Sr,48,,34:20.12,0.0,397
34950,146,1301,Gr,48,,33:49.24,0.0,397
34932,146,1275,Fr,48,,31:49.42,0.0,397
34980,146,1403,So,48,,42:51.44,0.0,397
34905,146,1203,Sr,48,,29:06.78,0.0,397
34910,146,11390,Fr,48,,29:46.23,0.0,397
34930,146,11400,Fr,48,,31:40.85,0.0,397
34936,146,11405,Fr,48,,32:16.53,0.0,397
34911,146,1257,Jr,48,,29:55.78,0.0,397
34969,146,1427,Sr,48,,37:06.91,0.0,397
34972,146,1415,Jr,48,,38:53.07,0.0,397
34904,146,11388,Fr,48,,29:03.28,0.0,397
34933,146,11402,Fr,48,,31:53.71,0.0,397
34944,146,1334,Jr,48,,33:18.68,0.0,397
34946,146,11410,Fr,48,,33:23.46,0.0,397
35005,146,11431,,47,,27:07.64,,397
35006,146,1053,,47,,27:16.68,,397
35007,146,11432,,47,,27:29.87,,397
35008,171,11433,,47,,27:41.48,,397
35009,146,11434,,47,,27:48.66,,397
35010,146,1075,,47,,27:54.32,,397
35011,171,11435,,47,,28:05.75,,397
35012,146,11436,,47,,28:24.43,,397
35013,146,1081,,47,,28:35.42,,397
35014,146,11437,,47,,28:40.94,,397
35015,146,11438,,47,,28:45.80,,397
35016,171,1067,,47,,28:51.58,,397
35017,171,11439,,47,,28:54.78,,397
35018,146,11440,,47,,29:03.85,,397
35019,146,1112,,47,,29:08.94,,397
35020,146,11441,,47,,29:24.94,,397
35021,146,1050,,47,,29:27.02,,397
35022,146,11442,,47,,29:33.37,,397
35023,146,1046,,47,,29:37.98,,397
35024,171,11443,,47,,29:55.39,,397
35025,146,1110,,47,,30:07.56,,397
35026,146,11444,,47,,30:17.48,,397
35027,146,11445,,47,,30:22.04,,397
35028,146,11446,,47,,30:22.05,,397
35029,171,11447,,47,,30:54.50,,397
35030,146,11448,,47,,31:04.61,,397
35031,146,1102,,47,,32:01.91,,397
35032,146,1063,,47,,32:52.88,,397
35033,171,2337,,47,,32:53.10,,397
35034,153,11449,,47,,33:22.63,,397
35035,146,11450,,47,,34:21.71,,397
35036,146,11451,,47,,34:45.59,,397
35037,171,11452,,47,,35:49.03,,397
35038,146,11453,,47,,36:02.37,,397
35039,146,1155,,47,,36:13.36,,397
35040,146,1134,,47,,36:20.52,,397
35041,146,11454,,47,,37:46.91,,397
35042,146,1144,,47,,37:51.49,,397
76744,158,2401,,47,,28:59.30,,655
76745,158,21481,,47,,29:25.10,,655
76746,158,2894,,47,,29:33.80,,655
76747,158,2404,,47,,31:19.30,,655
76748,158,16168,,47,,31:20.50,,655
76749,158,5344,,47,,32:32.50,,655
76750,158,16173,,47,,33:10.50,,655
76751,158,2416,,47,,35:34.80,,655
76752,158,16167,,47,,35:34.90,,655
76753,158,2428,,47,,35:35.00,,655
76754,158,2437,,48,,26:31.50,,655
76755,158,2896,,48,,28:06.80,,655
76756,158,16124,,48,,28:16.20,,655
76757,158,16114,,48,,29:17.10,,655
76758,158,2899,,48,,29:59.30,,655
76759,158,2897,,48,,30:01.30,,655
76760,158,2438,,48,,30:02.70,,655
76761,158,2456,,48,,30:10.00,,655
76762,158,2473,,48,,31:44.70,,655
76763,158,16123,,48,,32:03.90,,655
111268,76,28517,,48,,28:08.71,,1328
76765,158,2474,,48,,32:39.40,,655
76766,158,2469,,48,,32:41.10,,655
76767,158,2900,,48,,32:52.80,,655
76768,158,16132,,48,,33:02.20,,655
76769,158,2467,,48,,33:08.20,,655
76770,158,21482,,48,,33:34.30,,655
76771,158,2463,,48,,33:53.00,,655
111269,76,28518,,48,,28:17.74,,1328
66915,1,18725,Fr,17,,19:05.80,,554
66916,1,18726,Jr,17,,20:44.40,,554
66917,1,66,Sr,17,,20:46.50,,554
66918,1,18727,Fr,17,,20:51.20,,554
66919,1,71,Jr,17,,23:37.30,,554
66920,1,86,Jr,17,,23:51.00,,554
66921,1,2,Jr,48,,24:34.00,,554
66922,1,7,Jr,48,,26:25.30,,554
66923,1,8,So,48,,26:47.60,,554
66924,1,18728,So,48,,27:05.80,,554
66925,1,9,Jr,48,,27:45.50,,554
66926,1,471,So,48,,28:01.20,,554
66927,1,27,So,48,,28:20.00,,554
76772,158,16141,,48,,34:42.60,,655
66929,1,18730,Fr,48,,28:36.70,,554
66930,1,18731,Fr,48,,28:44.70,,554
66931,1,18732,Fr,48,,29:00.40,,554
66932,1,18733,Fr,48,,30:01.60,,554
111270,164,26999,,48,,28:18.20,,1328
66934,1,150,Jr,48,,30:31.00,,554
66935,1,18735,Fr,48,,30:36.40,,554
66936,1,18736,Fr,48,,31:03.00,,554
66937,1,18737,Fr,48,,32:45.50,,554
76773,158,21483,,48,,35:30.10,,655
76774,158,2487,,48,,43:51.20,,655
76775,60,3386,,48,,25:37.67,,656
76776,60,19364,,48,,27:17.43,,656
76777,60,3393,,48,,27:36.22,,656
76778,60,18919,,48,,29:34.59,,656
76779,60,7965,,48,,31:01.95,,656
76780,60,18773,,48,,31:54.16,,656
76781,60,21484,,48,,38:48.07,,656
76782,60,7971,,17,,20:02.44,,656
76783,60,7970,,17,,20:56.57,,656
76784,60,3360,,17,,21:17.06,,656
76785,60,21485,,17,,23:01.25,,656
76786,60,3369,,17,,23:01.53,,656
76787,60,3379,,17,,23:12.81,,656
76788,60,3375,,17,,23:18.98,,656
76789,60,3460,,17,,23:32.77,,656
76790,60,3463,,17,,25:27.06,,656
111271,139,26835,,48,,28:45.33,,1328
111272,164,689,,48,,28:58.56,,1328
111273,76,28519,,48,,29:06.74,,1328
111274,139,1584,,48,,29:22.26,,1328
111275,142,26180,,48,,29:24.80,,1328
111276,139,1557,,48,,29:34.42,,1328
111277,166,27014,,48,,29:53.03,,1328
111278,166,27016,,48,,30:42.59,,1328
111279,139,28520,,48,,30:43.67,,1328
111280,166,28521,,48,,30:44.64,,1328
111281,166,19390,,48,,31:17.98,,1328
111282,139,19010,,48,,31:22.94,,1328
111283,139,1589,,48,,31:43.80,,1328
111284,139,7697,,48,,32:12.93,,1328
111285,164,28522,,48,,32:42.48,,1328
111286,76,26097,,48,,32:44.83,,1328
111287,139,26837,,48,,33:11.47,,1328
111288,76,557,,48,,33:12.86,,1328
111289,76,26112,,48,,33:53.69,,1328
111290,139,11517,,48,,37:22.30,,1328
111291,139,7701,,48,,37:55.21,,1328
111292,139,28523,,48,,37:59.72,,1328
111293,139,1615,,48,,41:38.20,,1328
111294,139,28524,,48,,42:24.91,,1328
111295,139,11520,,48,,44:24.43,,1328
111296,164,731,,48,,44:24.58,,1328
111297,139,4347,,48,,52:55.10,,1328
111299,139,25876,,48,,56:53.11,,1328
66933,1,4603,So,48,,30:14.00,,554
66928,1,19,So,48,,28:33.00,,554
53089,138,2471,,48,,28:00.00,,479
53093,130,2458,,48,,28:37.60,,479
53094,138,703,,48,,28:39.50,,479
53096,138,730,,48,,28:49.70,,479
53097,158,2437,,48,,29:07.90,,479
53099,130,16113,,48,,29:19.60,,479
53100,158,16114,,48,,29:52.60,,479
53102,158,2895,,48,,29:57.00,,479
53103,159,16115,,48,,29:57.90,,479
53104,158,2438,,48,,30:02.50,,479
53105,159,705,,48,,30:10.50,,479
53106,138,16116,,48,,30:28.70,,479
53107,159,674,,48,,30:33.60,,479
53108,159,5709,,48,,30:36.40,,479
53109,159,16117,,48,,30:37.00,,479
53110,159,16118,,48,,30:45.40,,479
53111,159,2173,,48,,30:51.00,,479
53112,159,2177,,48,,30:56.00,,479
53113,159,16119,,48,,31:29.70,,479
53114,159,16120,,48,,31:32.10,,479
53115,158,2456,,48,,31:33.90,,479
53116,137,735,,48,,31:35.60,,479
53117,138,16121,,48,,31:36.00,,479
53118,138,16122,,48,,31:57.40,,479
53119,158,16123,,48,,32:03.10,,479
53120,159,714,,48,,32:11.50,,479
53121,138,690,,48,,32:13.00,,479
53122,158,2899,,48,,32:13.90,,479
53123,158,2900,,48,,32:16.30,,479
53124,158,16124,,48,,32:16.40,,479
53125,159,16125,,48,,32:29.00,,479
53126,138,770,,48,,32:30.80,,479
53127,138,16126,,48,,32:32.00,,479
53128,137,4700,,48,,32:54.10,,479
53129,158,2473,,48,,33:04.10,,479
53130,138,16127,,48,,33:07.50,,479
53131,159,752,,48,,33:12.00,,479
53132,158,2467,,48,,33:12.00,,479
53133,138,16128,,48,,33:23.70,,479
53134,152,2465,,48,,33:26.40,,479
53135,130,16129,,48,,33:35.10,,479
53136,138,16130,,48,,33:41.40,,479
53137,159,16131,,48,,33:42.40,,479
53138,158,16132,,48,,33:45.10,,479
53139,158,2470,,48,,33:55.80,,479
53140,159,16133,,48,,33:57.50,,479
53141,138,16134,,48,,34:00.80,,479
53142,159,2184,,48,,34:03.00,,479
53143,158,2469,,48,,34:09.80,,479
53144,158,16135,,48,,34:32.00,,479
53145,138,16136,,48,,34:57.70,,479
53146,137,16137,,48,,35:03.50,,479
53147,159,16138,,48,,35:19.00,,479
53148,137,2462,,48,,35:21.30,,479
53149,152,16139,,48,,35:21.70,,479
53150,137,5408,,48,,35:46.40,,479
53151,137,787,,48,,35:48.60,,479
53152,137,784,,48,,35:52.90,,479
53153,159,16140,,48,,36:06.30,,479
53154,158,16141,,48,,36:17.60,,479
53155,152,16142,,48,,36:21.10,,479
53156,159,781,,48,,36:24.50,,479
53157,137,16143,,48,,36:50.60,,479
53158,130,16144,,48,,36:51.10,,479
53159,159,761,,48,,37:05.50,,479
53160,159,2750,,48,,37:26.30,,479
53161,159,4369,,48,,37:28.10,,479
53162,137,16145,,48,,37:45.00,,479
53163,138,802,,48,,37:47.00,,479
53164,130,6849,,48,,37:55.70,,479
53165,130,2453,,48,,37:55.90,,479
53166,158,4692,,48,,38:01.50,,479
53167,158,2463,,48,,38:02.80,,479
53168,159,16146,,48,,38:26.20,,479
53169,130,2450,,48,,38:32.80,,479
53170,130,5306,,48,,38:35.40,,479
53171,137,799,,48,,39:03.10,,479
53172,159,16147,,48,,39:28.80,,479
53173,152,16148,,48,,39:56.20,,479
53174,130,16149,,48,,40:17.70,,479
53175,159,16150,,48,,40:59.10,,479
53176,130,2476,,48,,41:34.30,,479
53177,130,2478,,48,,41:48.60,,479
53178,152,2448,,48,,43:25.90,,479
53179,130,2468,,48,,43:49.60,,479
53180,130,16151,,48,,45:24.40,,479
53181,130,2485,,48,,45:24.50,,479
53182,159,3175,,48,,46:13.10,,479
53183,159,16152,,48,,48:08.20,,479
53184,158,2491,,48,,50:55.50,,479
53185,152,2490,,48,,54:33.90,,479
53186,138,2380,,47,,23:11.70,,479
53187,159,16153,,47,,23:55.60,,479
53188,130,4231,,47,,24:04.90,,479
53189,138,16154,,47,,24:17.10,,479
53190,138,607,,47,,24:23.00,,479
53191,138,16155,,47,,24:28.60,,479
53192,159,583,,47,,24:44.30,,479
53193,138,2386,,47,,25:03.20,,479
53101,159,5708,,48,,29:53.10,,479
53095,159,16112,Sr,48,,28:41.80,,479
53098,159,2176,So,48,,29:15.50,,479
83458,188,18879,,48,,30:24.45,,776
83459,196,913,,48,,30:29.35,,776
83460,204,18565,,48,,30:31.23,,776
83461,188,3547,,48,,30:31.69,,776
83462,204,18564,,48,,30:34.52,,776
83463,171,4315,,48,,30:35.65,,776
83208,204,18596,,47,,24:29.93,,776
83209,172,18821,,47,,24:30.10,,776
83210,174,2083,,47,,24:32.18,,776
2507,188,811,,17,,20:35.00,,26
2508,188,813,,17,,21:33.70,,26
2509,188,846,,17,,23:37.10,,26
2510,188,2091,,47,,29:13.87,,32
2511,201,2092,,47,,29:15.82,,32
2512,203,1777,,47,,29:24.46,,32
2513,204,841,,47,,29:26.16,,32
2514,180,2093,,47,,29:30.40,,32
2515,203,1792,,47,,29:40.94,,32
2516,203,2094,,47,,29:42.46,,32
2517,199,1771,,47,,29:43.05,,32
2518,203,2095,,47,,29:54.49,,32
2519,204,1788,,47,,29:55.82,,32
2520,203,2096,,47,,29:57.22,,32
2521,191,2097,,47,,30:07.82,,32
2522,180,2098,,47,,30:10.66,,32
2523,203,1783,,47,,30:14.89,,32
2524,174,2099,,47,,31:00.92,,32
2525,174,2100,,47,,31:01.15,,32
2526,203,1796,,47,,31:07.85,,32
2527,188,1791,,47,,31:13.86,,32
2528,204,2101,,47,,31:37.50,,32
2529,199,1795,,47,,31:45.92,,32
2530,203,2102,,47,,32:04.10,,32
2531,201,2103,,47,,32:41.37,,32
2532,188,1804,,47,,33:06.81,,32
2533,203,2104,,47,,33:48.95,,32
2534,180,2105,,47,,34:28.03,,32
2535,204,2106,,47,,34:41.64,,32
2536,205,2107,,47,,37:45.70,,32
2537,188,863,,48,,25:22.37,,32
2538,203,1809,,48,,26:45.55,,32
2539,204,870,,48,,26:59.62,,32
2540,188,867,,48,,27:09.31,,32
2541,204,868,,48,,27:17.33,,32
2543,174,1819,,48,,27:21.64,,32
2544,203,1822,,48,,27:25.34,,32
2545,203,2108,,48,,27:27.16,,32
2546,203,2109,,48,,27:27.70,,32
2547,188,877,,48,,27:44.10,,32
2548,203,1841,,48,,27:53.05,,32
2549,188,1823,,48,,27:55.36,,32
2550,204,1834,,48,,27:58.44,,32
2551,204,874,,48,,28:11.11,,32
2552,188,882,,48,,28:13.70,,32
2553,204,904,,48,,28:18.44,,32
2554,203,1832,,48,,28:19.80,,32
2555,180,2110,,48,,28:22.19,,32
2556,188,881,,48,,28:22.91,,32
2557,174,2111,,48,,28:25.00,,32
2558,188,878,,48,,28:30.97,,32
2559,188,2112,,48,,28:31.68,,32
2560,203,2113,,48,,28:37.72,,32
2561,203,1827,,48,,28:40.87,,32
2562,204,900,,48,,28:42.44,,32
2563,176,2114,,48,,28:42.99,,32
2564,203,1835,,48,,28:45.41,,32
2565,205,2115,,48,,28:47.69,,32
2566,188,1848,,48,,28:49.75,,32
2567,188,889,,48,,28:51.27,,32
2568,174,2116,,48,,28:51.70,,32
2569,203,1849,,48,,28:51.96,,32
2570,176,2117,,48,,28:55.03,,32
2571,174,1856,,48,,29:01.61,,32
2572,203,1855,,48,,29:02.46,,32
2573,203,1844,,48,,29:03.79,,32
2574,188,887,,48,,29:04.82,,32
2575,174,1847,,48,,29:05.44,,32
2576,204,894,,48,,29:09.52,,32
2577,199,1839,,48,,29:12.74,,32
2578,204,890,,48,,29:15.28,,32
2579,176,2118,,48,,29:15.54,,32
2580,203,1857,,48,,29:34.09,,32
2581,188,1843,,48,,29:44.41,,32
2582,203,2119,,48,,29:45.97,,32
2583,188,1863,,48,,29:47.68,,32
2584,174,1836,,48,,29:50.49,,32
2585,174,1866,,48,,29:55.75,,32
2586,204,2120,,48,,30:10.50,,32
2587,188,918,,48,,30:12.17,,32
2588,188,2121,,48,,30:16.07,,32
2589,204,906,,48,,30:17.70,,32
2590,204,931,,48,,30:21.55,,32
2591,188,2122,,48,,30:22.79,,32
2592,188,910,,48,,30:23.17,,32
2593,203,2123,,48,,30:35.90,,32
2594,188,1868,,48,,30:39.38,,32
2595,188,1877,,48,,30:49.83,,32
2596,203,2124,,48,,30:51.10,,32
2597,201,2125,,48,,30:51.38,,32
2598,203,2126,,48,,30:58.87,,32
2599,204,1876,,48,,31:00.88,,32
2600,204,912,,48,,31:04.73,,32
2601,204,898,,48,,31:08.19,,32
2602,204,924,,48,,31:08.46,,32
2603,188,1879,,48,,31:21.86,,32
2604,188,2127,,48,,31:23.52,,32
2605,203,1881,,48,,31:27.08,,32
2606,174,2128,,48,,31:27.91,,32
2607,174,1882,,48,,31:28.84,,32
2608,203,1888,,48,,31:30.38,,32
2609,188,2129,,48,,31:33.46,,32
2610,188,1861,,48,,31:34.44,,32
2611,180,2130,,48,,31:35.96,,32
2612,204,1871,,48,,31:39.78,,32
2613,203,1883,,48,,31:54.85,,32
2614,188,928,,48,,31:57.60,,32
2615,174,2131,,48,,31:58.29,,32
2616,204,934,,48,,32:04.39,,32
2617,188,2132,,48,,32:05.94,,32
2618,199,1890,,48,,32:10.54,,32
2619,188,944,,48,,32:14.14,,32
2620,204,922,,48,,32:19.78,,32
2621,199,1880,,48,,32:42.50,,32
2622,203,1884,,48,,32:44.10,,32
2623,204,2133,,48,,32:46.40,,32
2624,174,1886,,48,,32:47.45,,32
2625,203,2134,,48,,32:49.64,,32
2626,188,941,,48,,33:03.11,,32
2627,205,2135,,48,,33:10.57,,32
2628,204,932,,48,,33:21.75,,32
2629,204,1899,,48,,33:27.32,,32
2630,201,2136,,48,,33:51.02,,32
2631,203,2137,,48,,33:55.94,,32
2632,203,2138,,48,,33:57.62,,32
2633,188,953,,48,,34:04.18,,32
2634,199,2139,,48,,34:09.95,,32
2635,204,1914,,48,,34:12.77,,32
2636,188,2140,,48,,34:18.10,,32
2637,188,939,,48,,34:25.61,,32
2638,203,2141,,48,,34:40.02,,32
2639,188,951,,48,,34:55.22,,32
2640,204,2142,,48,,35:10.44,,32
2641,201,2143,,48,,35:37.45,,32
2642,203,1905,,48,,35:54.38,,32
2643,205,2144,,48,,35:55.91,,32
2644,205,2145,,48,,36:10.38,,32
2645,176,2146,,48,,36:23.42,,32
2646,199,1920,,48,,36:26.58,,32
2647,191,2147,,48,,36:28.50,,32
2648,205,2148,,48,,36:30.70,,32
2649,188,1919,,48,,36:33.91,,32
2650,201,2149,,48,,36:53.14,,32
2651,201,2150,,48,,36:54.35,,32
2652,199,2151,,48,,37:19.11,,32
2653,176,2152,,48,,37:29.15,,32
2654,204,963,,48,,37:55.70,,32
2655,204,2153,,48,,38:02.36,,32
2656,204,2154,,48,,38:31.26,,32
2657,201,2155,,48,,39:03.08,,32
2658,176,2156,,48,,39:47.00,,32
2659,204,964,,48,,39:57.77,,32
2660,174,2157,,48,,40:07.88,,32
2661,188,967,,48,,40:08.94,,32
2662,174,2158,,48,,40:32.27,,32
2663,191,2159,,48,,41:19.91,,32
2664,162,1675,,47,,23:43.90,,33
2665,165,384,,47,,24:26.40,,33
2666,159,2160,,47,,25:12.10,,33
2667,141,1018,,47,,25:40.00,,33
2668,159,576,,47,,25:50.90,,33
2669,165,386,,47,,26:09.60,,33
2670,141,2161,,47,,26:15.50,,33
2671,159,591,,47,,26:18.80,,33
2672,159,590,,47,,26:19.80,,33
2673,145,2162,,47,,26:43.30,,33
2674,146,1057,,47,,27:48.40,,33
2675,159,2163,,47,,28:17.50,,33
2676,159,2164,,47,,28:19.50,,33
2677,165,2165,,47,,28:46.80,,33
2678,141,2166,,47,,28:51.80,,33
2679,159,646,,47,,30:42.50,,33
2680,159,643,,47,,31:45.00,,33
2681,159,668,,48,,26:49.50,,33
2682,159,677,,48,,27:16.50,,33
2683,165,2167,,48,,27:18.20,,33
2684,165,394,,48,,27:34.60,,33
2685,159,676,,48,,27:36.80,,33
2686,159,674,,48,,27:44.70,,33
2687,141,1200,,48,,27:46.20,,33
2688,165,395,,48,,27:52.00,,33
2689,165,396,,48,,28:21.40,,33
2690,159,2168,,48,,28:24.80,,33
2691,165,399,,48,,28:39.40,,33
2692,159,2169,,48,,28:47.90,,33
2694,165,2170,,48,,29:04.50,,33
2695,159,2171,,48,,29:19.90,,33
2696,159,2172,,48,,29:21.80,,33
2697,159,706,,48,,29:32.90,,33
2698,159,714,,48,,29:40.00,,33
2700,159,705,,48,,29:49.50,,33
2701,159,2173,,48,,29:54.80,,33
2702,165,2174,,48,,30:10.00,,33
2703,141,2175,,48,,30:13.70,,33
2704,159,2176,,48,,30:18.70,,33
2705,159,733,,48,,30:24.40,,33
2706,178,1811,,48,,30:25.60,,33
2707,165,398,,48,,30:42.30,,33
2708,165,400,,48,,30:42.40,,33
2709,159,744,,48,,30:44.00,,33
2710,159,2177,,48,,30:57.10,,33
2711,141,2178,,48,,30:57.20,,33
2712,165,2179,,48,,31:10.60,,33
2713,159,745,,48,,31:29.50,,33
2714,159,752,,48,,31:59.50,,33
2715,159,762,,48,,32:27.80,,33
2716,165,2180,,48,,32:40.30,,33
2717,141,2181,,48,,32:51.70,,33
2718,165,402,,48,,32:57.90,,33
2719,141,1367,,48,,33:03.70,,33
2720,159,2182,,48,,33:36.90,,33
2721,159,764,,48,,34:19.40,,33
2722,165,401,,48,,34:27.00,,33
2723,141,2183,,48,,34:30.80,,33
2724,159,2184,,48,,34:34.80,,33
2725,159,781,,48,,35:04.40,,33
2726,141,1401,,48,,39:37.50,,33
2727,159,806,,48,,40:30.70,,33
2728,159,2185,,48,,46:47.00,,33
2729,159,2186,,48,,1:07:27.00,,33
2730,56,2187,,47,,23:42.90,,34
2731,56,233,,47,,25:27.90,,34
2732,56,240,,47,,26:37.20,,34
2733,56,235,,47,,26:42.30,,34
2734,56,246,,47,,27:32.40,,34
2735,56,2188,,47,,28:49.90,,34
2736,56,247,,47,,28:53.80,,34
2737,56,2189,,47,,29:38.00,,34
2738,56,2190,,47,,30:47.80,,34
2739,56,253,,47,,30:56.70,,34
2740,56,258,,47,,31:24.10,,34
2741,56,2191,,47,,31:58.70,,34
2742,56,2192,,48,,26:51.50,,34
2743,56,127,,48,,27:11.70,,34
2744,56,2193,,48,,27:16.00,,34
2745,56,138,,48,,28:12.80,,34
2746,56,123,,48,,28:30.00,,34
2747,56,129,,48,,28:57.10,,34
2748,56,2194,,48,,29:26.20,,34
2749,56,2195,,48,,29:35.30,,34
2750,56,2196,,48,,30:02.80,,34
2751,56,2197,,48,,30:07.80,,34
2752,56,2198,,48,,30:15.70,,34
2753,56,2199,,48,,30:19.30,,34
2754,56,128,,48,,30:21.60,,34
2755,56,130,,48,,31:30.60,,34
2756,56,148,,48,,32:00.40,,34
2757,56,2200,,48,,32:24.80,,34
2758,56,177,,48,,32:26.90,,34
2759,56,2201,,48,,33:17.80,,34
2760,56,2202,,48,,40:57.00,,34
2761,44,2203,,47,,25:40.10,,35
2762,44,2204,,47,,27:22.30,,35
2763,58,2205,,47,,28:19.70,,35
2764,44,2206,,47,,30:50.70,,35
2765,44,2207,,47,,31:18.10,,35
2766,44,2208,,47,,33:02.40,,35
2767,44,2209,,47,,35:18.90,,35
2768,58,2210,,48,,27:16.40,,35
2769,58,131,,48,,27:21.00,,35
2770,58,2211,,48,,27:58.80,,35
2771,58,134,,48,,28:07.70,,35
2772,44,2212,,48,,28:51.70,,35
2773,44,2213,,48,,29:22.00,,35
2774,44,2214,,48,,29:27.70,,35
2775,44,2215,,48,,29:31.50,,35
2776,44,2216,,48,,30:29.80,,35
2777,44,2217,,48,,30:44.10,,35
2778,58,165,,48,,30:54.10,,35
2779,58,170,,48,,31:10.90,,35
2693,146,1195,,48,,28:51.30,,33
2780,44,2218,,48,,31:28.40,,35
2781,58,2219,,48,,31:46.40,,35
2782,44,2220,,48,,31:51.70,,35
2783,44,2221,,48,,32:03.50,,35
2784,58,179,,48,,32:40.90,,35
2785,44,2222,,48,,32:45.20,,35
2786,44,2223,,48,,33:50.20,,35
2787,44,2224,,48,,35:45.00,,35
2788,44,2225,,48,,36:48.10,,35
2789,44,2226,,48,,37:31.90,,35
2790,44,2227,,48,,40:08.40,,35
2791,44,2228,,48,,40:16.80,,35
2792,108,2229,,17,,19:59.20,,36
2793,108,2230,,17,,21:56.80,,36
2794,108,74,,17,,22:32.50,,36
2795,108,2231,,17,,22:34.70,,36
2796,108,250,,17,,22:49.50,,36
2797,108,2232,,17,,23:19.90,,36
2798,108,2233,,17,,23:34.20,,36
2799,108,254,,17,,23:58.70,,36
2800,108,278,,17,,25:33.80,,36
2801,108,2234,,17,,28:25.40,,36
2802,108,124,,48,,26:51.20,,36
2803,108,10,,48,,27:21.60,,36
2804,108,16,,48,,28:43.50,,36
2805,108,141,,48,,29:00.80,,36
2806,108,2235,,48,,29:12.40,,36
2807,108,2236,,48,,29:16.80,,36
2808,108,2237,,48,,29:30.80,,36
2809,108,151,,48,,30:24.00,,36
2810,108,181,,48,,30:52.10,,36
2811,61,2238,,47,,22:33.60,,37
2812,61,1617,,47,,23:24.60,,37
2813,61,2239,,47,,24:36.90,,37
2814,61,2240,,47,,25:29.80,,37
2815,61,2241,,47,,25:44.00,,37
2816,61,2242,,47,,26:19.70,,37
2817,61,2243,,47,,26:32.80,,37
2818,61,2244,,47,,26:58.60,,37
2819,61,2245,,47,,27:09.20,,37
2820,61,1618,,47,,27:12.40,,37
2821,49,2246,,47,,27:20.50,,37
2822,61,2247,,47,,27:44.10,,37
2823,61,1619,,47,,27:49.50,,37
2824,61,2248,,47,,27:56.60,,37
2825,61,2249,,47,,27:59.40,,37
2826,61,2250,,47,,29:02.60,,37
2827,61,2251,,47,,29:23.10,,37
2829,49,2253,,47,,29:32.50,,37
2830,61,2254,,47,,29:41.40,,37
2831,61,2255,,47,,29:44.30,,37
2832,61,2256,,47,,32:03.70,,37
2833,49,2257,,47,,32:51.00,,37
2834,61,1621,,47,,34:14.60,,37
2835,49,5,,48,,27:04.40,,37
2836,61,1655,,48,,27:18.50,,37
2837,49,2258,,48,,27:26.00,,37
2838,61,2259,,48,,27:29.90,,37
2839,49,2260,,48,,27:45.90,,37
2840,61,2261,,48,,27:57.30,,37
2841,61,2262,,48,,28:06.90,,37
2842,49,2263,,48,,28:29.70,,37
2843,61,2264,,48,,28:37.10,,37
2844,61,2265,,48,,29:08.60,,37
2845,61,2266,,48,,29:42.80,,37
2846,61,2267,,48,,30:10.80,,37
2847,61,1656,,48,,30:17.30,,37
2848,49,2268,,48,,30:19.20,,37
2849,49,22,,48,,30:23.50,,37
2850,61,2269,,48,,30:24.10,,37
2851,49,2270,,48,,30:24.80,,37
2852,61,1660,,48,,30:39.10,,37
2853,61,2271,,48,,30:49.50,,37
2854,49,33,,48,,30:53.00,,37
2855,61,2272,,48,,31:19.30,,37
2856,61,1661,,48,,31:47.70,,37
2857,49,18,,48,,31:50.60,,37
2858,61,2273,,48,,31:57.80,,37
2859,61,2274,,48,,31:59.70,,37
2860,61,2275,,48,,32:14.00,,37
2861,61,2276,,48,,32:27.50,,37
2862,49,39,,48,,32:33.10,,37
2863,49,24,,48,,32:38.50,,37
2864,61,2277,,48,,32:54.90,,37
2865,61,1664,,48,,33:16.30,,37
2866,49,2278,,48,,34:21.70,,37
2867,61,2279,,48,,34:25.50,,37
2868,61,2280,,48,,34:32.50,,37
2869,61,1665,,48,,34:40.10,,37
2870,61,2281,,48,,34:51.90,,37
2871,61,2282,,48,,35:38.50,,37
2872,49,2283,,48,,36:25.80,,37
2873,61,2284,,48,,36:34.80,,37
2874,61,2285,,48,,36:48.80,,37
2875,61,2286,,48,,38:14.50,,37
2876,61,2287,,48,,39:58.20,,37
2877,61,2288,,48,,40:51.00,,37
2878,61,2289,,48,,41:45.80,,37
2879,10,2290,,17,,18:55.80,,38
2880,19,2291,,17,,19:28.80,,38
2881,10,2292,,17,,19:30.10,,38
2883,19,2294,,17,,19:34.50,,38
2884,19,2295,,17,,19:40.70,,38
2885,19,2296,,17,,19:44.20,,38
2886,19,2297,,17,,19:53.40,,38
2887,19,2298,,17,,19:54.50,,38
2888,19,2299,,17,,20:09.30,,38
2889,10,2300,,17,,21:20.00,,38
2890,19,2301,,17,,22:49.10,,38
2891,10,1666,,48,,25:27.80,,38
2892,10,2302,,48,,26:58.80,,38
2893,19,2303,,48,,27:11.90,,38
2895,188,927,,48,,31:23.40,,26
2896,188,936,,48,,34:27.40,,26
2898,188,886,,48,,29:04.82,,32
2899,141,1199,,48,,27:46.20,,33
2900,19,2305,,48,,27:14.90,,38
2901,19,2306,,48,,27:47.70,,38
2902,19,2307,,48,,28:03.70,,38
2903,19,2308,,48,,28:17.40,,38
2904,19,2309,,48,,28:56.20,,38
2905,10,2310,,48,,29:35.90,,38
2906,10,2311,,48,,29:55.70,,38
2907,10,2312,,48,,30:20.70,,38
2908,10,2314,,48,,30:23.20,,38
2909,10,2315,,48,,31:03.90,,38
2910,19,2316,,48,,32:55.30,,38
2911,147,2317,,47,,23:30.90,,39
2912,147,1676,,47,,24:09.60,,39
2913,147,2318,,47,,24:24.10,,39
2914,161,2319,,47,,24:53.20,,39
2915,147,2320,,47,,24:56.70,,39
2916,161,2321,,47,,24:57.90,,39
2917,196,820,,47,,25:03.90,,39
2918,161,2322,,47,,25:29.00,,39
2919,147,2323,,47,,25:37.40,,39
2920,171,1044,,47,,25:42.20,,39
2921,196,825,,47,,25:55.00,,39
2922,150,2324,,47,,26:08.80,,39
2923,171,1011,,47,,26:11.90,,39
2924,171,1026,,47,,26:19.20,,39
2925,147,2325,,47,,26:37.00,,39
2926,147,1680,,47,,26:53.20,,39
2927,171,1035,,47,,26:58.10,,39
2928,156,2326,,47,,26:59.00,,39
2929,196,833,,47,,27:43.70,,39
2930,171,1066,,47,,27:55.80,,39
2931,147,1679,,47,,27:57.90,,39
2932,171,1073,,47,,28:02.50,,39
2933,150,2327,,47,,28:06.30,,39
2934,147,1683,,47,,28:07.10,,39
2935,147,1678,,47,,28:07.40,,39
2936,156,2328,,47,,28:45.60,,39
2937,150,2329,,47,,28:52.80,,39
2938,150,2330,,47,,28:54.40,,39
2939,171,2331,,47,,29:05.50,,39
2940,147,1681,,47,,29:58.60,,39
2941,147,2332,,47,,29:58.90,,39
2942,161,2333,,47,,30:04.50,,39
2943,156,2334,,47,,30:07.30,,39
2944,161,2335,,47,,30:11.00,,39
2945,147,2336,,47,,30:12.90,,39
2946,171,2337,,47,,30:56.60,,39
2947,196,2338,,47,,30:58.60,,39
2948,156,2339,,47,,30:59.20,,39
2949,156,2340,,47,,31:23.30,,39
2950,156,2341,,47,,32:42.20,,39
2951,196,862,,47,,34:52.90,,39
2952,171,1149,,47,,35:06.60,,39
2953,196,860,,47,,36:31.30,,39
2954,150,2342,,47,,37:23.00,,39
2955,150,1194,,48,,27:54.20,,39
2956,196,866,,48,,27:54.80,,39
2957,161,2343,,48,,28:03.30,,39
2958,161,2344,,48,,28:38.60,,39
2959,171,1217,,48,,28:42.40,,39
2960,171,1184,,48,,28:44.20,,39
2961,150,2345,,48,,29:06.60,,39
2962,150,1330,,48,,29:15.80,,39
2963,150,1248,,48,,29:17.40,,39
2964,147,2346,,48,,29:18.40,,39
2965,171,1223,,48,,29:19.30,,39
2966,147,1702,,48,,29:28.00,,39
2967,196,2347,,48,,29:36.60,,39
2968,171,1221,,48,,29:41.80,,39
2969,147,1699,,48,,29:51.60,,39
2970,171,1228,,48,,29:59.40,,39
2971,196,892,,48,,30:00.00,,39
2972,196,2348,,48,,30:28.90,,39
2973,171,1264,,48,,30:30.70,,39
2974,161,2349,,48,,30:34.30,,39
2975,171,1239,,48,,30:36.50,,39
2976,156,2350,,48,,30:41.60,,39
2977,161,2351,,48,,30:49.10,,39
2978,150,2352,,48,,30:56.20,,39
2979,150,1293,,48,,31:13.40,,39
2980,150,2353,,48,,31:38.00,,39
2981,196,895,,48,,31:45.30,,39
2982,171,2354,,48,,31:54.50,,39
2983,147,2355,,48,,31:56.40,,39
2984,171,1261,,48,,32:10.30,,39
2985,196,2356,,48,,32:17.00,,39
2986,150,1269,,48,,32:28.70,,39
2987,147,2357,,48,,32:36.00,,39
2988,150,1291,,48,,32:39.00,,39
2989,171,1298,,48,,32:44.60,,39
2990,156,2358,,48,,32:45.10,,39
2991,196,2359,,48,,33:06.00,,39
2992,161,2360,,48,,33:07.90,,39
2993,171,1280,,48,,33:14.50,,39
2994,171,1312,,48,,33:30.00,,39
2995,147,1705,,48,,33:34.70,,39
2996,150,2361,,48,,33:41.80,,39
2997,161,2362,,48,,33:48.30,,39
2998,171,1314,,48,,33:48.70,,39
2999,156,2363,,48,,33:51.60,,39
3000,147,2364,,48,,34:21.80,,39
3001,150,1286,,48,,34:27.10,,39
3002,171,2365,,48,,34:32.30,,39
3003,150,2366,,48,,34:39.30,,39
3004,161,2367,,48,,34:48.60,,39
3005,196,947,,48,,34:54.30,,39
3006,156,2368,,48,,35:00.80,,39
3007,196,948,,48,,35:35.60,,39
3008,161,2369,,48,,35:46.60,,39
3009,150,2370,,48,,35:53.30,,39
3010,196,2371,,48,,36:29.00,,39
3011,196,955,,48,,36:29.30,,39
3012,171,2372,,48,,36:41.20,,39
3013,196,2373,,48,,37:31.50,,39
3014,171,2374,,48,,38:03.70,,39
3015,196,2375,,48,,38:10.50,,39
3016,196,2376,,48,,38:28.60,,39
3017,196,961,,48,,38:57.70,,39
3018,156,2377,,48,,39:31.90,,39
3019,147,2378,,48,,39:33.80,,39
3020,171,2379,,48,,42:23.40,,39
3021,138,2380,,47,,23:36.77,,40
3022,138,607,,47,,23:46.86,,40
3023,137,2381,,47,,24:35.45,,40
3024,138,2382,,47,,24:40.64,,40
3025,130,2383,,47,,25:17.29,,40
3026,137,2384,,47,,25:21.14,,40
3027,137,589,,47,,25:21.90,,40
3028,130,2385,,47,,25:33.15,,40
3029,138,2386,,47,,25:33.96,,40
3030,138,598,,47,,25:37.04,,40
3031,130,2387,,47,,25:39.10,,40
3032,158,2388,,47,,26:09.07,,40
3033,158,2389,,47,,26:11.64,,40
3034,158,2390,,47,,26:14.40,,40
3035,158,2391,,47,,26:15.50,,40
3036,137,588,,47,,26:21.64,,40
3037,138,599,,47,,26:30.14,,40
3038,168,2392,,47,,26:39.87,,40
3039,158,2393,,47,,26:42.04,,40
3040,130,2394,,47,,26:43.46,,40
3041,160,1023,,47,,26:55.92,,40
3042,138,601,,47,,26:56.94,,40
3043,168,2395,,47,,26:58.70,,40
3044,138,2396,,47,,27:08.59,,40
3045,137,623,,47,,27:15.30,,40
3046,158,2397,,47,,27:19.23,,40
3047,137,2398,,47,,27:21.12,,40
3048,169,2399,,47,,27:25.05,,40
3049,158,2400,,47,,27:27.24,,40
3050,138,630,,47,,27:28.89,,40
3051,158,2401,,47,,27:29.95,,40
3052,138,604,,47,,27:33.12,,40
3053,158,2402,,47,,27:46.98,,40
3054,158,2403,,47,,28:09.22,,40
3055,158,2404,,47,,28:09.78,,40
3056,137,2405,,47,,28:36.08,,40
3057,168,634,,47,,28:39.13,,40
3058,158,2406,,47,,28:44.60,,40
3059,138,644,,47,,28:57.61,,40
3060,158,2407,,47,,29:07.52,,40
3061,158,2408,,47,,29:09.78,,40
3062,130,2409,,47,,29:17.22,,40
3063,158,2410,,47,,29:19.79,,40
3064,138,2411,,47,,29:26.00,,40
3065,158,2412,,47,,29:32.36,,40
3066,138,2413,,47,,29:56.43,,40
3067,130,2414,,47,,30:06.40,,40
3068,152,2415,,47,,30:12.81,,40
3069,158,2416,,47,,30:17.15,,40
3070,137,2417,,47,,30:23.04,,40
3071,152,2418,,47,,30:37.45,,40
3072,138,645,,47,,30:41.73,,40
3073,130,2419,,47,,31:13.78,,40
3074,169,2420,,47,,31:40.04,,40
3075,158,2421,,47,,31:40.82,,40
3076,158,2422,,47,,31:41.20,,40
3077,152,2423,,47,,31:57.41,,40
3078,138,2424,,47,,32:09.70,,40
3079,138,2425,,47,,32:09.81,,40
3080,169,2426,,47,,32:13.14,,40
3081,152,2427,,47,,32:15.74,,40
3082,158,2428,,47,,32:39.99,,40
3083,138,2429,,47,,32:59.09,,40
3084,158,2430,,47,,33:08.25,,40
3086,152,2431,,47,,34:30.28,,40
3087,138,2432,,47,,34:47.83,,40
3088,137,2433,,47,,36:24.35,,40
3089,137,2434,,47,,36:24.74,,40
3090,152,2435,,47,,38:00.42,,40
3091,152,2436,,47,,39:36.41,,40
3092,158,2437,,48,,26:02.30,,40
3093,158,2438,,48,,26:02.50,,40
83211,208,23543,,47,,24:36.70,,776
3095,158,2439,,48,,26:43.15,,40
3096,168,701,,48,,27:01.00,,40
3097,168,715,,48,,27:15.32,,40
3098,158,2440,,48,,27:26.35,,40
3099,158,2441,,48,,27:56.19,,40
3100,169,2442,,48,,28:11.79,,40
3101,158,2443,,48,,28:16.05,,40
3102,137,2444,,48,,28:20.38,,40
3103,160,2445,,48,,28:35.31,,40
3104,166,2446,,48,,28:35.84,,40
3105,130,2447,,48,,28:56.32,,40
3106,138,730,,48,,29:02.98,,40
3107,152,2448,,48,,29:06.52,,40
3108,158,2449,,48,,29:06.98,,40
3109,130,2450,,48,,29:11.62,,40
3110,158,2451,,48,,29:17.52,,40
3111,158,2452,,48,,29:18.18,,40
3112,137,735,,48,,29:20.19,,40
3113,130,2453,,48,,29:31.20,,40
3114,158,2454,,48,,29:34.42,,40
3115,130,2455,,48,,29:34.96,,40
3116,158,2456,,48,,29:46.00,,40
3117,169,2457,,48,,29:47.82,,40
3118,138,770,,48,,30:39.00,,40
3119,130,2458,,48,,30:11.23,,40
3120,130,2459,,48,,30:23.04,,40
3121,160,2460,,48,,30:23.26,,40
3122,130,2461,,48,,30:23.59,,40
3123,137,2462,,48,,30:27.71,,40
3124,158,2463,,48,,30:27.94,,40
3125,130,2464,,48,,30:39.02,,40
3126,152,2465,,48,,30:57.91,,40
3127,158,2466,,48,,30:58.48,,40
3128,158,2467,,48,,31:02.49,,40
3129,130,2468,,48,,31:17.80,,40
3130,137,718,,48,,31:20.08,,40
3131,137,784,,48,,31:22.83,,40
3132,158,2469,,48,,31:42.45,,40
3133,158,2470,,48,,31:50.81,,40
3134,138,2471,,48,,31:51.60,,40
3135,169,2472,,48,,31:52.05,,40
3136,137,787,,48,,32:00.24,,40
3137,158,2473,,48,,32:24.47,,40
3138,158,2474,,48,,32:25.87,,40
3139,169,1294,,48,,32:27.45,,40
3140,137,2475,,48,,32:27.69,,40
3141,160,1357,,48,,32:51.30,,40
3142,138,802,,48,,34:24.62,,40
3143,160,1393,,48,,34:30.49,,40
3144,130,2476,,48,,34:34.78,,40
3146,130,2478,,48,,34:44.03,,40
3147,169,2479,,48,,34:52.81,,40
3148,169,1380,,48,,35:00.83,,40
3149,160,1320,,48,,35:10.58,,40
3150,137,2480,,48,,35:39.64,,40
3151,158,2481,,48,,35:40.97,,40
3152,152,2482,,48,,36:50.64,,40
3153,137,2483,,48,,37:12.66,,40
3154,130,2484,,48,,37:17.19,,40
3155,130,2485,,48,,37:25.27,,40
3156,137,2486,,48,,38:20.31,,40
3157,137,804,,48,,38:39.26,,40
3158,158,2487,,48,,39:27.87,,40
3159,160,1434,,48,,39:56.83,,40
3160,138,2488,,48,,41:18.09,,40
3161,152,2489,,48,,41:55.78,,40
3162,152,2490,,48,,42:27.62,,40
3163,160,1439,,48,,42:45.43,,40
3164,158,2491,,48,,46:54.47,,40
3165,96,355,,47,,25:22.90,,41
3166,96,356,,47,,26:04.60,,41
3167,96,357,,47,,27:09.00,,41
3168,96,1488,,47,,28:03.70,,41
3169,96,358,,47,,28:34.70,,41
3170,96,1491,,47,,29:22.40,,41
3171,96,1468,,47,,29:53.70,,41
3172,96,361,,47,,31:24.10,,41
3173,96,362,,47,,34:17.70,,41
3174,96,364,,48,,28:11.20,,41
3175,96,366,,48,,29:06.00,,41
3176,96,363,,48,,29:13.60,,41
3177,96,365,,48,,29:21.50,,41
3178,96,1552,,48,,29:27.70,,41
3179,96,2492,,48,,29:56.50,,41
3180,96,1605,,48,,30:17.00,,41
3181,96,368,,48,,30:41.90,,41
3182,96,370,,48,,30:42.00,,41
3183,96,2493,,48,,30:52.00,,41
3184,96,369,,48,,31:08.00,,41
3185,96,2494,,48,,31:39.70,,41
3186,96,372,,48,,33:13.40,,41
3187,96,371,,48,,33:46.50,,41
3188,96,375,,48,,35:30.20,,41
3189,96,378,,48,,36:25.40,,41
3190,96,376,,48,,40:09.30,,41
3191,77,1466,,47,,26:56.80,,42
3192,77,1492,,47,,29:43.50,,42
3193,77,2495,,48,,34:17.60,,42
3194,77,2496,,48,,40:28.40,,42
3195,77,1592,,48,,31:58.10,,42
3196,77,2497,,48,,29:14.30,,42
3197,77,2498,,48,,36:57.50,,42
3198,77,1548,,48,,29:23.40,,42
3199,77,1543,,48,,31:42.70,,42
3200,77,1587,,48,,31:16.50,,42
3201,77,1567,,48,,30:40.20,,42
3203,167,2499,,17,,18:51.50,,43
3204,90,476,,17,,19:37.50,,43
3205,167,2500,,17,,19:43.50,,43
3207,167,581,,17,,20:04.20,,43
3208,167,570,,17,,20:07.90,,43
3209,167,580,,17,,20:16.20,,43
3210,167,577,,17,,20:17.20,,43
3211,94,480,,17,,20:19.50,,43
3212,86,1450,,17,,20:32.90,,43
3213,94,2502,,17,,20:37.20,,43
3214,94,2503,,17,,20:40.20,,43
3216,69,5264,,17,,20:52.50,,43
3217,86,2505,,17,,20:57.90,,43
3218,90,2506,,17,,21:04.20,,43
3220,86,1478,,17,,21:07.50,,43
3222,167,586,,17,,21:20.90,,43
3223,94,2507,,17,,21:25.90,,43
3224,86,1456,,17,,21:34.50,,43
3225,79,490,,17,,21:52.70,,43
3226,167,621,,17,,21:54.20,,43
3227,79,483,,17,,21:57.90,,43
3228,94,2508,,17,,22:02.50,,43
3282,167,667,Jr,17,,15:50.10,,43
3230,75,2510,,17,,22:08.20,,43
3231,167,2511,,17,,22:13.40,,43
3278,167,466,So,17,,15:39.60,,43
3233,167,2512,,17,,22:35.00,,43
3234,167,622,,17,,22:41.00,,43
3235,86,1486,,17,,22:46.40,,43
3236,79,2513,,17,,22:48.40,,43
3238,63,489,,17,,23:01.40,,43
3239,94,495,,17,,23:06.90,,43
3240,167,627,,17,,23:09.00,,43
3241,69,2515,,17,,23:15.00,,43
3242,75,2516,,17,,23:17.20,,43
3244,90,493,,17,,23:25.20,,43
3245,75,1480,,17,,23:27.70,,43
3246,94,2518,,17,,23:30.00,,43
3247,75,2519,,17,,23:30.50,,43
3249,167,616,,17,,23:36.90,,43
3250,94,2521,,17,,23:46.00,,43
3251,90,497,,17,,23:47.20,,43
3252,79,2522,,17,,23:50.70,,43
3253,86,2523,,17,,23:52.20,,43
3254,69,2524,,17,,23:56.50,,43
3255,63,2525,,17,,24:06.90,,43
3256,75,1494,,17,,24:08.90,,43
3257,86,2526,,17,,24:31.20,,43
3258,86,1506,,17,,24:49.70,,43
3259,167,647,,17,,24:55.00,,43
3260,69,2527,,17,,25:01.50,,43
3261,90,2528,,17,,25:04.20,,43
3262,167,642,,17,,25:08.00,,43
3263,86,2529,,17,,25:12.40,,43
3264,79,498,,17,,25:13.20,,43
3265,94,2530,,17,,25:23.90,,43
3266,167,652,,17,,25:31.90,,43
3267,69,2531,,17,,25:48.00,,43
3268,90,500,,17,,25:54.20,,43
3269,167,632,,17,,26:04.90,,43
3270,88,2532,,17,,26:21.20,,43
3271,94,2533,,17,,26:57.70,,43
3272,167,2534,,17,,26:59.70,,43
3273,69,2535,,17,,28:23.70,,43
3274,86,1512,,17,,28:24.20,,43
3275,69,2536,,17,,30:28.20,,43
3276,79,503,,17,,31:37.90,,43
3279,88,504,Fr,17,,15:41.20,0.0,43
3281,167,666,,17,,15:45.20,,43
3283,167,670,,17,,15:53.00,,43
3284,167,673,,17,,16:01.00,,43
3285,167,2540,,17,,16:02.80,,43
3286,86,1526,,17,,16:10.20,,43
3287,167,680,,17,,16:11.50,,43
3288,79,508,,17,,16:14.10,,43
3290,167,669,,17,,16:18.20,,43
3291,86,2541,,17,,16:20.20,,43
3292,79,2542,,17,,16:28.00,,43
3293,79,510,,17,,16:31.70,,43
3294,79,2543,,17,,16:34.00,,43
3296,79,506,,17,,16:39.70,,43
3297,86,1559,,17,,16:40.20,,43
3298,167,685,,17,,16:42.10,,43
3299,167,684,,17,,16:44.60,,43
3300,86,2544,,17,,16:46.70,,43
3301,79,2545,,17,,16:49.00,,43
3302,79,2546,,17,,16:49.60,,43
3303,75,1534,,17,,16:51.60,,43
3304,167,681,,17,,16:52.20,,43
3305,167,704,,17,,16:55.10,,43
3306,90,525,,17,,16:55.70,,43
3308,75,2547,,17,,16:57.20,,43
3309,90,2548,,17,,16:58.30,,43
3310,167,695,,17,,17:01.10,,43
3311,79,2549,,17,,17:01.50,,43
3312,75,1560,,17,,17:01.80,,43
3314,79,512,,17,,17:05.50,,43
3280,88,2538,Fr,17,,15:43.20,0.0,43
3289,88,507,Fr,17,,16:15.70,0.0,43
3295,88,516,Jr,17,,16:37.70,0.0,43
3313,86,1539,,17,,17:05.20,,43
3221,88,487,So,17,,21:15.00,0.0,43
3316,167,717,,17,,17:07.50,,43
3317,75,2550,,17,,17:10.50,,43
3319,167,707,,17,,17:15.50,,43
3320,69,2551,,17,,17:17.00,,43
3323,86,2552,,17,,17:22.20,,43
3324,75,1546,,17,,17:23.70,,43
3325,167,708,,17,,17:24.50,,43
3326,63,528,,17,,17:25.20,,43
3328,79,526,,17,,17:26.70,,43
3329,167,688,,17,,17:27.40,,43
3332,79,515,,17,,17:30.40,,43
3333,86,2555,,17,,17:34.50,,43
3334,167,702,,17,,17:35.10,,43
3335,79,523,,17,,17:40.60,,43
3337,167,720,,17,,17:48.80,,43
3338,69,2556,,17,,17:49.20,,43
3340,63,527,,17,,17:50.70,,43
3341,75,2557,,17,,17:51.20,,43
3342,79,2558,,17,,17:52.40,,43
3343,86,1575,,17,,17:55.20,,43
3344,79,2559,,17,,17:55.80,,43
3345,75,1562,,17,,17:57.50,,43
3347,75,2561,,17,,18:00.20,,43
3348,90,531,,17,,18:01.40,,43
3349,86,2562,,17,,18:01.90,,43
3350,94,532,,17,,18:07.50,,43
3351,90,543,,17,,18:09.20,,43
3352,75,2563,,17,,18:10.50,,43
3353,86,2564,,17,,18:12.30,,43
3354,69,2565,,17,,18:14.70,,43
3355,90,2566,,17,,18:15.00,,43
3356,79,535,,17,,18:16.90,,43
3357,79,509,,17,,18:21.90,,43
3358,79,537,,17,,18:23.00,,43
3362,167,740,,17,,18:28.70,,43
3363,63,541,,17,,18:29.20,,43
3364,86,2569,,17,,18:29.50,,43
3365,167,2570,,17,,18:29.90,,43
3366,94,2571,,17,,18:30.50,,43
3367,167,2572,,17,,18:30.70,,43
3368,94,2573,,17,,18:32.50,,43
3369,86,2574,,17,,18:37.00,,43
3370,79,2575,,17,,18:37.50,,43
3371,167,2576,,17,,18:38.00,,43
3372,167,736,,17,,18:39.50,,43
3373,75,2577,,17,,18:46.70,,43
3374,75,2578,,17,,18:47.30,,43
3375,75,2579,,17,,18:47.50,,43
3376,79,544,,17,,18:47.70,,43
3377,167,743,,17,,18:48.20,,43
3378,167,734,,17,,18:48.50,,43
3380,69,2580,,17,,18:50.40,,43
3381,86,2581,,17,,18:51.90,,43
3382,167,754,,17,,18:53.50,,43
3383,167,742,,17,,18:53.90,,43
3384,75,2582,,17,,18:55.20,,43
3385,167,726,,17,,18:55.50,,43
83212,191,2079,,47,,24:41.95,,776
3388,167,2584,,17,,19:00.90,,43
3390,86,1573,,17,,19:06.50,,43
3318,86,1536,,17,,17:13.50,,43
3393,86,1590,,17,,19:12.20,,43
3394,167,760,,17,,19:14.70,,43
3395,86,2586,,17,,19:16.30,,43
3396,86,1577,,17,,19:17.00,,43
3397,167,757,,17,,19:18.50,,43
3398,90,545,,17,,19:20.10,,43
3399,79,538,,17,,19:27.20,,43
3400,63,554,,17,,19:27.50,,43
3401,63,2587,,17,,19:29.60,,43
3402,75,2588,,17,,19:29.80,,43
3403,90,552,,17,,19:31.20,,43
3404,94,565,,17,,19:31.90,,43
3405,86,2589,,17,,19:32.70,,43
3406,69,2590,,17,,19:33.40,,43
3407,90,2591,,17,,19:33.70,,43
3409,86,1597,,17,,19:37.00,,43
3410,90,2593,,17,,19:37.50,,43
3411,90,2594,,17,,19:43.70,,43
3413,86,2595,,17,,19:46.00,,43
3415,90,2597,,17,,19:54.20,,43
3416,94,553,,17,,19:59.20,,43
3417,63,2598,,17,,19:59.70,,43
3418,86,1594,,17,,20:00.70,,43
3419,167,796,,17,,20:02.00,,43
3420,167,782,,17,,20:03.20,,43
3421,63,566,,17,,20:06.50,,43
3422,75,2599,,17,,20:08.70,,43
3360,79,5050,,17,,18:25.70,,43
3408,79,4580,,17,,19:36.70,,43
3336,88,539,Fr,17,,17:44.30,0.0,43
3339,88,529,So,17,,17:50.50,0.0,43
3346,88,2560,Jr,17,,17:58.00,0.0,43
3423,75,2600,,17,,20:10.20,,43
3424,86,2601,,17,,20:11.50,,43
3425,94,2602,,17,,20:19.70,,43
3426,94,2603,,17,,20:22.20,,43
3428,86,1598,,17,,20:28.70,,43
3429,90,2605,,17,,20:36.20,,43
3430,86,1609,,17,,20:36.70,,43
3431,79,2606,,17,,20:39.70,,43
3432,75,1606,,17,,20:41.50,,43
3433,167,2607,,17,,20:42.00,,43
3434,94,549,,17,,20:44.70,,43
3435,167,2608,,17,,20:46.90,,43
3436,75,2609,,17,,21:03.20,,43
3437,88,2610,,17,,21:05.70,,43
3438,167,2611,,17,,21:12.20,,43
3439,79,2612,,17,,21:12.50,,43
3440,63,2613,,17,,21:21.40,,43
3441,63,563,,17,,21:46.50,,43
3443,75,1607,,17,,21:52.50,,43
3444,167,790,,17,,22:16.50,,43
3445,63,2614,,17,,22:18.50,,43
3446,63,2615,,17,,22:25.70,,43
3447,69,2616,,17,,22:30.20,,43
3449,90,2618,,17,,23:31.20,,43
3450,86,2619,,17,,23:34.20,,43
3451,86,1613,,17,,23:40.00,,43
3452,86,2620,,17,,23:41.20,,43
3453,69,2621,,17,,24:07.00,,43
3454,94,2622,,17,,24:22.70,,43
3455,86,2623,,17,,24:27.50,,43
3456,86,2624,,17,,24:48.90,,43
3457,79,2625,,17,,25:01.20,,43
3458,167,2626,,17,,25:01.50,,43
3459,75,1541,,17,,26:25.40,,43
3460,84,2627,So,17,,16:13.70,,44
3462,84,2629,Fr,17,,16:36.40,,44
3463,84,2630,Sr,17,,16:38.40,,44
3464,85,2631,Fr,17,,16:51.20,,44
3465,85,2632,Sr,17,,16:53.40,,44
3466,84,2633,Jr,17,,16:54.90,,44
3467,85,2634,Sr,17,,17:07.50,,44
3468,84,2635,So,17,,17:11.60,,44
3469,84,2636,Jr,17,,17:21.20,,44
3470,85,2637,So,17,,17:27.00,,44
3471,85,2638,Fr,17,,17:44.00,,44
3472,85,2639,,17,,17:51.90,,44
3473,84,2640,Fr,17,,17:53.20,,44
3474,85,2641,,17,,17:58.90,,44
3475,85,2642,So,17,,18:16.00,,44
3476,85,2643,So,17,,18:24.70,,44
3477,85,2644,Jr,17,,18:26.80,,44
3478,84,2645,So,17,,18:39.00,,44
3479,84,2646,Jr,17,,18:41.20,,44
3480,84,2647,Sr,17,,18:53.80,,44
3481,85,2648,,17,,18:56.70,,44
3482,85,2649,Fr,17,,18:58.90,,44
3483,84,2650,Jr,17,,19:01.00,,44
3484,85,2651,Sr,17,,19:13.00,,44
3485,85,2652,Jr,17,,19:35.00,,44
3486,85,2653,Jr,17,,19:42.90,,44
3487,84,2654,Jr,17,,19:51.50,,44
3488,84,2655,Jr,17,,19:53.90,,44
3489,84,2656,So,17,,21:11.90,,44
3490,85,2657,Jr,17,,22:20.00,,44
3491,85,2658,Sr,17,,22:38.70,,44
3492,85,2659,Jr,17,,25:12.20,,44
3493,84,2660,Fr,17,,19:26.11,,44
3494,84,2661,So,17,,19:32.23,,44
3495,85,2662,,17,,20:42.81,,44
3496,84,2663,Sr,17,,20:59.43,,44
3497,84,2664,Fr,17,,21:30.88,,44
3498,84,2665,Fr,17,,21:38.13,,44
3499,85,2666,Fr,17,,21:48.65,,44
3500,85,2667,,17,,21:52.14,,44
3501,85,2668,So,17,,22:07.41,,44
3502,85,2669,So,17,,22:41.22,,44
3503,85,2670,So,17,,22:58.89,,44
3504,84,2671,Fr,17,,23:01.39,,44
3505,85,2672,Jr,17,,23:11.07,,44
3506,85,2673,So,17,,23:34.57,,44
3507,85,2674,Fr,17,,24:03.74,,44
3508,85,2675,Fr,17,,24:27.98,,44
3509,146,991,,47,,22:43.00,,45
3510,146,994,,47,,23:43.00,,45
3511,131,1000,,47,,24:11.00,,45
3512,146,2676,,47,,24:25.00,,45
3513,146,1046,,47,,24:47.00,,45
3461,84,5297,Fr,17,,16:25.60,,44
3515,146,992,,47,,25:10.00,,45
3516,146,1032,,47,,25:22.00,,45
3517,146,2677,,47,,25:29.00,,45
3518,146,996,,47,,25:32.00,,45
3519,146,1687,,47,,25:46.00,,45
3520,146,1061,,47,,26:16.00,,45
3521,162,1028,,47,,26:20.00,,45
3522,146,1037,,47,,26:52.00,,45
3523,146,1024,,47,,26:54.00,,45
3524,146,2678,,47,,26:56.00,,45
3442,88,561,Sr,17,,21:48.00,0.0,43
3525,146,1050,,47,,27:11.00,,45
3526,146,1070,,47,,27:12.00,,45
3527,162,1015,,47,,27:12.00,,45
3528,162,1098,,47,,27:44.00,,45
3529,146,1054,,47,,27:45.00,,45
3530,162,2679,,47,,27:48.00,,45
3531,146,1063,,47,,27:53.00,,45
3532,146,1053,,47,,28:06.00,,45
3533,162,2680,,47,,28:17.00,,45
3534,162,1079,,47,,28:20.00,,45
3535,146,1081,,47,,28:28.00,,45
3536,162,1682,,47,,28:28.00,,45
3537,146,1096,,47,,28:53.00,,45
3538,162,1101,,47,,28:54.00,,45
3539,146,1111,,47,,29:00.00,,45
3540,146,1075,,47,,29:02.00,,45
3541,162,2681,,47,,29:11.00,,45
3542,146,1113,,47,,29:16.00,,45
3543,162,1116,,47,,29:31.00,,45
3544,146,1095,,47,,29:46.00,,45
3545,162,1130,,47,,30:09.00,,45
3546,162,1161,,47,,30:53.00,,45
3547,146,2682,,47,,31:05.00,,45
3548,146,1086,,47,,31:06.00,,45
3549,162,1124,,47,,31:52.00,,45
3550,146,1138,,47,,32:35.00,,45
3551,146,1128,,47,,32:50.00,,45
3552,162,2683,,47,,34:20.00,,45
3553,162,2684,,47,,34:45.00,,45
3554,146,1145,,47,,34:49.00,,45
3555,146,2685,,47,,36:27.00,,45
3556,146,1155,,47,,37:18.00,,45
3557,146,2686,,47,,40:58.00,,45
3558,162,1173,,48,,26:37.00,,45
3559,162,1180,,48,,27:12.00,,45
3560,162,1175,,48,,27:43.00,,45
3561,146,1181,,48,,28:00.00,,45
3562,146,1201,,48,,28:03.00,,45
3563,146,1216,,48,,28:07.00,,45
3564,146,1208,,48,,28:24.00,,45
3565,162,2687,,48,,28:28.00,,45
3566,146,1703,,48,,28:31.00,,45
3567,146,2688,,48,,28:38.00,,45
3568,146,1243,,48,,28:41.00,,45
3569,162,1209,,48,,28:56.00,,45
3570,131,2689,,48,,29:03.00,,45
3571,146,1246,,48,,29:13.00,,45
3572,131,1241,,48,,29:20.00,,45
3573,131,1231,,48,,29:21.00,,45
3575,146,1254,,48,,29:25.00,,45
3576,146,1300,,48,,29:35.00,,45
3577,162,1288,,48,,29:53.00,,45
3578,146,1258,,48,,30:34.00,,45
3579,162,1267,,48,,30:51.00,,45
3581,146,1692,,48,,31:01.00,,45
3582,162,2690,,48,,31:11.00,,45
3583,146,1325,,48,,31:22.00,,45
3584,146,1278,,48,,31:35.00,,45
3585,146,1305,,48,,31:55.00,,45
3586,146,1333,,48,,31:59.00,,45
3587,146,1373,,48,,32:00.00,,45
3588,146,1356,,48,,32:11.00,,45
3589,146,1309,,48,,32:16.00,,45
3590,162,1348,,48,,32:18.00,,45
3591,146,1301,,48,,32:36.00,,45
3592,146,1694,,48,,32:39.00,,45
3593,131,1372,,48,,32:41.00,,45
3594,146,1340,,48,,32:42.00,,45
3595,146,2691,,48,,32:43.00,,45
3596,131,1351,,48,,32:45.00,,45
3597,146,1697,,48,,32:59.00,,45
3598,146,1277,,48,,33:06.00,,45
3599,162,1696,,48,,33:10.00,,45
3600,162,2692,,48,,33:12.00,,45
3601,131,2693,,48,,33:40.00,,45
3602,131,1369,,48,,33:46.00,,45
3603,146,1381,,48,,33:49.00,,45
3604,146,1693,,48,,34:04.00,,45
3605,162,2694,,48,,34:07.00,,45
3606,162,1377,,48,,34:13.00,,45
3607,146,1341,,48,,34:26.00,,45
3608,146,2695,,48,,34:37.00,,45
3609,146,1395,,48,,35:18.00,,45
3610,146,1376,,48,,35:37.00,,45
3611,146,2696,,48,,36:34.00,,45
3612,146,1403,,48,,37:03.00,,45
3613,146,1426,,48,,37:33.00,,45
3614,146,1425,,48,,37:55.00,,45
3615,146,1419,,48,,39:41.00,,45
3616,162,1411,,48,,39:57.00,,45
3617,146,1437,,48,,42:48.00,,45
3618,162,2697,,48,,43:13.00,,45
3619,132,572,,47,,22:48.01,,46
3620,164,568,,47,,23:03.35,,46
3621,130,2698,,47,,23:04.86,,46
3622,132,2699,,47,,23:30.83,,46
3623,164,574,,47,,23:38.45,,46
3624,132,569,,47,,23:42.80,,46
3625,164,575,,47,,23:46.99,,46
3626,164,567,,47,,23:49.97,,46
3627,159,2700,,47,,23:51.15,,46
3628,164,573,,47,,23:53.37,,46
3631,139,2702,,47,,24:37.51,,46
3630,139,1462,,47,,24:17.25,,46
3580,146,1273,,48,,30:55.00,,45
3632,130,2383,,47,,24:43.88,,46
3633,130,2387,,47,,24:48.60,,46
3634,164,579,,47,,24:57.87,,46
3635,159,591,,47,,25:03.03,,46
3636,139,2703,,47,,25:20.46,,46
3637,159,590,,47,,25:20.77,,46
3638,160,1023,,47,,25:27.40,,46
3640,164,613,,47,,25:35.60,,46
3644,139,2704,,47,,26:10.08,,46
3645,132,612,,47,,26:22.48,,46
3646,164,620,,47,,26:35.50,,46
3647,132,625,,47,,26:43.60,,46
3649,164,626,,47,,26:47.53,,46
3650,142,615,,47,,27:06.55,,46
3651,132,2705,,47,,27:35.02,,46
3652,159,2706,,47,,27:55.18,,46
3653,130,2409,,47,,28:13.21,,46
3654,159,646,,47,,28:16.53,,46
3655,139,1498,,47,,28:23.14,,46
3656,159,643,,47,,28:26.02,,46
3657,164,2707,,47,,28:34.83,,46
3658,132,636,,47,,28:36.31,,46
3659,130,2708,,47,,28:38.95,,46
3660,132,635,,47,,28:55.72,,46
3661,164,2709,,47,,28:56.48,,46
3662,159,2710,,47,,29:03.37,,46
3663,139,2711,,47,,29:08.35,,46
3664,159,650,,47,,29:08.95,,46
3665,159,2712,,47,,29:16.01,,46
3666,132,2713,,47,,29:54.67,,46
3667,132,649,,47,,29:59.49,,46
3668,142,2714,,47,,31:14.13,,46
3669,130,2715,,47,,31:17.77,,46
3670,142,658,,47,,31:44.06,,46
3671,139,2716,,47,,32:15.53,,46
3673,142,661,,47,,32:46.31,,46
3674,130,2718,,47,,35:00.33,,46
3675,139,2719,,47,,35:11.57,,46
3676,139,2720,,47,,35:11.93,,46
3677,139,2721,,47,,35:11.93,,46
3678,130,2722,,47,,35:15.17,,46
3679,164,2723,,48,,26:04.31,,46
3680,164,689,,48,,26:25.89,,46
3681,159,668,,48,,26:34.77,,46
3682,159,677,,48,,26:35.34,,46
3683,139,2724,,48,,26:38.52,,46
3684,159,674,,48,,26:45.07,,46
3685,159,2168,,48,,26:50.90,,46
3686,164,675,,48,,26:53.10,,46
3687,132,682,,48,,26:57.68,,46
3689,132,687,,48,,27:01.72,,46
3690,164,683,,48,,27:02.02,,46
3691,159,676,,48,,27:17.21,,46
3692,132,2725,,48,,27:19.60,,46
3693,164,750,,48,,27:19.75,,46
3694,159,2169,,48,,27:22.54,,46
3696,132,699,,48,,27:52.17,,46
3697,139,2726,,48,,27:56.57,,46
3698,164,691,,48,,27:59.36,,46
3699,132,692,,48,,28:02.20,,46
3700,159,2173,,48,,28:03.66,,46
3701,132,678,,48,,28:04.39,,46
3702,159,706,,48,,28:07.37,,46
3703,159,2171,,48,,28:11.10,,46
3704,160,1214,,48,,28:16.44,,46
3705,159,714,,48,,28:19.76,,46
3706,164,2727,,48,,28:22.24,,46
3707,159,2172,,48,,28:25.62,,46
3709,132,2728,,48,,28:31.62,,46
3710,164,721,,48,,28:39.27,,46
3711,159,2176,,48,,28:47.54,,46
3712,159,2729,,48,,28:53.85,,46
3713,139,1583,,48,,29:01.03,,46
3714,164,723,,48,,29:09.41,,46
3716,159,724,,48,,29:12.50,,46
3717,159,745,,48,,29:38.71,,46
3718,164,2730,,48,,29:39.81,,46
3719,139,2731,,48,,29:41.73,,46
3720,164,709,,48,,29:42.45,,46
3721,130,2447,,48,,29:45.36,,46
3722,132,2732,,48,,29:46.51,,46
3723,139,1551,,48,,29:46.95,,46
3724,142,2733,,48,,29:47.74,,46
3725,159,705,,48,,29:48.35,,46
3726,142,737,,48,,29:50.09,,46
3727,164,748,,48,,29:57.40,,46
3728,159,733,,48,,30:06.59,,46
3729,139,1589,,48,,30:08.31,,46
3730,159,2177,,48,,30:09.80,,46
3731,132,2734,,48,,30:11.90,,46
3732,164,2735,,48,,30:16.30,,46
3733,142,2736,,48,,30:16.40,,46
3734,130,2453,,48,,30:17.20,,46
3735,132,2737,,48,,30:17.30,,46
3736,132,739,,48,,30:21.00,,46
3738,139,1595,,48,,30:29.00,,46
3672,139,4681,,47,,32:40.41,,46
3641,139,6458,,47,,25:49.88,,46
3648,139,1484,,47,,26:46.85,,46
3639,139,1497,,47,,25:33.20,,46
3715,139,1584,,48,,29:11.85,,46
3688,139,1533,,48,,26:59.57,,46
3737,139,1581,,48,,30:25.70,,46
3695,139,1529,,48,,27:47.95,,46
3642,139,5298,,47,,25:53.62,,46
3739,164,731,,48,,30:30.60,,46
3740,159,762,,48,,30:36.90,,46
3741,160,2738,,48,,30:37.70,,46
3742,132,769,,48,,30:45.80,,46
3743,130,2455,,48,,30:52.50,,46
3744,132,758,,48,,30:58.00,,46
3745,164,738,,48,,30:58.90,,46
3746,159,2182,,48,,30:59.00,,46
3747,159,752,,48,,31:05.40,,46
3748,160,2460,,48,,31:08.80,,46
3749,142,756,,48,,31:23.10,,46
3750,130,2739,,48,,31:23.30,,46
3751,139,2740,,48,,31:27.60,,46
3752,142,765,,48,,31:30.40,,46
3753,130,2459,,48,,31:31.00,,46
3754,160,1320,,48,,31:39.00,,46
3755,160,2741,,48,,31:53.00,,46
3756,164,2742,,48,,32:03.00,,46
3757,159,2184,,48,,32:05.30,,46
3758,130,2464,,48,,32:06.60,,46
3759,164,786,,48,,32:07.00,,46
3760,164,2743,,48,,32:21.50,,46
3761,160,2744,,48,,32:33.40,,46
3762,160,2745,,48,,32:34.20,,46
3763,159,2746,,48,,32:35.00,,46
3764,139,2747,,48,,32:35.60,,46
3765,160,2748,,48,,32:38.60,,46
3766,164,2749,,48,,32:40.70,,46
3767,142,771,,48,,32:41.70,,46
3768,159,764,,48,,32:46.20,,46
3769,132,725,,48,,32:46.80,,46
3770,159,2750,,48,,32:57.10,,46
3771,139,2751,,48,,32:57.90,,46
3772,132,2752,,48,,32:58.20,,46
3773,139,1599,,48,,33:01.40,,46
3774,164,2753,,48,,33:01.60,,46
3775,132,2754,,48,,33:29.50,,46
3776,164,772,,48,,33:35.00,,46
3777,130,2476,,48,,33:51.60,,46
3778,130,2468,,48,,33:52.80,,46
3779,159,781,,48,,33:57.50,,46
3780,132,2755,,48,,34:09.00,,46
3781,160,1393,,48,,34:09.30,,46
3782,139,2756,,48,,34:12.80,,46
3783,164,727,,48,,34:41.10,,46
3784,139,1604,,48,,35:16.20,,46
3786,139,2758,,48,,35:28.70,,46
3787,130,2478,,48,,35:31.30,,46
3788,159,2759,,48,,36:15.20,,46
3789,132,2760,,48,,36:21.10,,46
3790,139,1608,,48,,36:30.10,,46
3791,164,801,,48,,36:54.60,,46
3792,130,2484,,48,,36:57.40,,46
3793,139,1611,,48,,37:10.00,,46
3794,139,2761,,48,,39:29.30,,46
3795,139,1615,,48,,39:41.40,,46
3796,159,2762,,48,,40:01.20,,46
3797,139,2763,,48,,40:40.80,,46
3799,139,2765,,48,,40:43.40,,46
3802,139,2768,,48,,41:32.50,,46
3803,160,1439,,48,,44:00.90,,46
3804,139,2769,,48,,46:46.20,,46
3805,160,2770,,48,,47:07.30,,46
3806,139,2771,,48,,47:23.90,,46
3807,61,2238,,47,,21:45.40,,47
3808,61,1617,,47,,22:29.30,,47
3809,61,2241,,47,,23:17.20,,47
3810,61,2239,,47,,23:31.80,,47
3811,59,1667,,47,,23:42.70,,47
3812,61,2240,,47,,23:55.50,,47
3813,59,2061,,47,,24:45.70,,47
3814,59,2772,,47,,25:52.40,,47
3815,59,1671,,47,,27:10.50,,47
3816,61,2252,,47,,27:18.00,,47
3817,59,2773,,47,,27:28.20,,47
3818,61,2774,,47,,27:43.90,,47
3819,59,1620,,47,,28:21.00,,47
3820,59,2062,,47,,29:06.10,,47
3821,59,1674,,47,,29:34.10,,47
3822,59,1673,,47,,30:19.90,,47
3823,59,2064,,47,,30:46.30,,47
3824,59,2775,,47,,32:03.70,,47
3825,61,380,,48,,25:02.00,,47
3826,61,2776,,48,,26:00.90,,47
3827,61,382,,48,,26:04.50,,47
3828,61,2259,,48,,26:07.40,,47
3829,61,1653,,48,,26:12.60,,47
3830,61,1655,,48,,26:16.70,,47
3831,59,1623,,48,,26:18.70,,47
3832,61,2261,,48,,26:26.00,,47
3833,59,1625,,48,,26:41.40,,47
3834,61,1657,,48,,26:57.70,,47
3835,61,1654,,48,,27:07.60,,47
3836,61,1656,,48,,27:30.50,,47
3837,61,1658,,48,,27:42.20,,47
3838,59,1631,,48,,27:44.60,,47
3839,59,1632,,48,,27:57.20,,47
3840,61,2777,,48,,28:05.70,,47
3841,61,2778,,48,,28:08.70,,47
3842,61,2265,,48,,28:12.30,,47
3843,61,2273,,48,,28:15.40,,47
3844,61,2779,,48,,28:26.90,,47
3845,61,2780,,48,,28:29.10,,47
3785,139,6824,,48,,35:28.70,,46
3798,139,5312,,48,,40:42.60,,46
3800,139,4347,,48,,40:49.60,,46
3846,61,2781,,48,,28:39.10,,47
3847,59,2782,,48,,28:42.00,,47
3848,59,1639,,48,,28:53.20,,47
3849,61,2269,,48,,28:59.30,,47
3850,59,1635,,48,,29:02.30,,47
3851,59,2783,,48,,29:02.30,,47
3852,61,1660,,48,,29:15.40,,47
3853,61,2784,,48,,29:16.60,,47
3854,61,2785,,48,,29:23.90,,47
3855,61,2272,,48,,29:31.70,,47
3856,59,1643,,48,,29:42.30,,47
3857,59,1638,,48,,29:54.80,,47
3858,61,2786,,48,,30:01.60,,47
3859,61,2275,,48,,30:29.40,,47
3860,59,1641,,48,,30:49.90,,47
3861,61,1663,,48,,30:54.10,,47
3862,61,2276,,48,,30:54.30,,47
3863,59,1651,,48,,31:00.10,,47
3864,61,2279,,48,,31:03.70,,47
3865,61,2267,,48,,31:03.70,,47
3866,61,1664,,48,,31:14.10,,47
3867,59,2067,,48,,31:31.30,,47
3868,59,1647,,48,,32:34.50,,47
3869,59,1649,,48,,33:00.00,,47
3870,59,2787,,48,,33:33.70,,47
3871,61,2285,,48,,33:41.80,,47
3872,59,1652,,48,,33:48.20,,47
3873,61,379,,48,,34:12.50,,47
3874,59,1650,,48,,35:51.20,,47
3875,59,2788,,48,,36:00.80,,47
3876,61,2289,,48,,37:34.10,,47
3877,122,1715,,48,,28:47.20,,48
3878,121,2789,,17,,22:15.60,,48
3879,122,1707,,17,,22:18.40,,48
3880,121,2790,,17,,23:45.40,,48
3881,121,2791,,17,,24:49.60,,48
3882,121,2792,,17,,25:46.10,,48
3883,121,2793,,17,,26:17.80,,48
3884,121,2794,,17,,26:42.90,,48
3885,121,2795,,48,,29:15.50,,48
3886,122,2796,,48,,29:31.00,,48
3887,122,1718,,48,,30:11.90,,48
3888,122,1716,,48,,30:48.20,,48
3889,122,1714,,48,,31:19.20,,48
3890,121,2797,,48,,31:20.00,,48
3891,121,2798,,48,,31:29.70,,48
3892,121,2799,,48,,31:32.70,,48
3893,121,2800,,48,,31:38.30,,48
3894,121,2801,,48,,31:46.50,,48
3895,121,2802,,48,,32:38.30,,48
3896,122,2803,,48,,32:41.50,,48
3897,121,2804,,48,,32:41.80,,48
3898,121,2805,,48,,33:00.40,,48
3899,121,2806,,48,,34:05.40,,48
3900,121,2807,,48,,36:03.60,,48
3901,121,2808,,48,,36:28.60,,48
3902,122,1722,,48,,39:22.20,,48
3903,176,2075,,17,,22:32.40,,49
3904,171,1034,,17,,22:40.90,,49
3905,171,1044,,17,,22:50.50,,49
3906,171,1073,,17,,24:09.00,,49
3907,171,1067,,17,,25:24.20,,49
3908,171,2331,,17,,26:46.20,,49
3909,171,2809,,17,,29:22.60,,49
3910,171,2810,,17,,29:22.80,,49
3911,171,1149,,17,,29:35.70,,49
3912,171,2811,,17,,36:25.10,,49
3913,171,1172,,48,,27:36.00,,49
3914,171,1217,,48,,29:10.40,,49
3915,171,1183,,48,,29:17.80,,49
3916,171,1222,,48,,29:37.00,,49
3917,171,1228,,48,,29:41.90,,49
3918,171,1224,,48,,29:59.80,,49
3919,171,1261,,48,,30:44.00,,49
3920,171,1239,,48,,31:08.60,,49
3921,171,1265,,48,,31:14.00,,49
3922,171,2812,,48,,31:36.80,,49
3923,171,2354,,48,,32:12.60,,49
3924,171,1283,,48,,32:21.80,,49
3925,171,1298,,48,,32:23.30,,49
3926,171,1280,,48,,33:03.90,,49
3927,171,1312,,48,,33:07.60,,49
3928,171,2813,,48,,33:15.60,,49
3929,171,2814,,48,,34:41.30,,49
3930,171,1314,,48,,34:46.60,,49
3931,171,2365,,48,,36:15.00,,49
3932,171,1388,,48,,36:31.10,,49
3933,171,2815,,48,,36:52.30,,49
3934,171,2816,,48,,37:43.70,,49
3935,171,2817,,48,,38:06.10,,49
3936,171,2818,,48,,38:45.90,,49
3937,171,2819,,48,,53:28.00,,49
3938,150,2329,,47,,28:39.69,,50
3939,150,2327,,47,,29:05.90,,50
3940,150,2820,,47,,31:03.50,,50
3941,150,2342,,47,,33:23.50,,50
3942,150,1039,,47,,36:55.30,,50
3943,150,1248,,48,,29:14.00,,50
3944,150,1234,,48,,29:30.10,,50
3945,150,2345,,48,,29:53.30,,50
3946,150,1291,,48,,30:03.00,,50
3947,150,1293,,48,,31:28.80,,50
3948,150,1286,,48,,33:30.30,,50
3949,150,2821,,48,,33:48.00,,50
3950,150,2822,,48,,34:42.70,,50
3951,150,2366,,48,,35:29.30,,50
3952,150,1330,,48,,35:31.70,,50
3953,150,2823,,48,,36:44.00,,50
3954,112,404,,47,,23:28.24,,51
3955,124,1926,,47,,23:39.82,,51
3956,124,2824,,47,,23:43.45,,51
3957,124,1929,,47,,23:48.88,,51
3958,124,1930,,47,,24:18.59,,51
3959,124,1931,,47,,24:20.67,,51
3960,112,1934,,47,,24:46.22,,51
3961,112,406,,47,,24:49.79,,51
3962,124,1933,,47,,24:54.44,,51
3963,107,1936,,47,,25:05.78,,51
3964,107,1935,,47,,25:10.24,,51
3965,107,1942,,47,,25:22.38,,51
3966,124,2825,,47,,25:32.10,,51
3967,124,2826,,47,,25:41.51,,51
3968,124,1937,,47,,25:46.69,,51
3969,112,2827,,47,,25:53.31,,51
3970,112,408,,47,,25:56.67,,51
3971,124,1967,,47,,25:58.00,,51
3972,107,1949,,47,,25:59.78,,51
3973,124,1943,,47,,26:10.61,,51
3974,124,1946,,47,,26:13.76,,51
3975,124,2828,,47,,26:19.39,,51
3976,124,1951,,47,,26:23.00,,51
3977,124,1955,,47,,26:30.20,,51
3978,124,1948,,47,,26:30.71,,51
3979,124,2829,,47,,26:31.17,,51
3980,107,2830,,47,,26:33.58,,51
3981,119,2831,,47,,26:48.46,,51
3982,124,1953,,47,,26:57.34,,51
3983,124,1947,,47,,27:00.02,,51
3984,104,2832,,47,,27:01.10,,51
3985,124,1939,,47,,27:18.56,,51
3986,112,2833,,47,,27:20.93,,51
3987,124,1952,,47,,27:28.09,,51
3988,112,1950,,47,,27:38.12,,51
3989,124,1954,,47,,27:45.77,,51
3990,124,2834,,47,,27:49.00,,51
3991,124,1962,,47,,27:55.58,,51
3992,124,1965,,47,,28:04.44,,51
3993,112,2835,,47,,28:16.09,,51
3994,107,2836,,47,,28:19.53,,51
3995,124,2837,,47,,28:27.31,,51
3996,112,412,,47,,28:29.75,,51
3997,112,1963,,47,,28:33.03,,51
3998,124,2838,,47,,28:45.55,,51
3999,124,2839,,47,,28:50.25,,51
4000,112,2840,,47,,29:02.74,,51
4001,107,2841,,47,,29:14.27,,51
4002,124,2842,,47,,29:15.13,,51
4003,115,1968,,47,,29:24.32,,51
4004,124,1971,,47,,29:28.57,,51
4005,107,2843,,47,,29:44.23,,51
4006,104,1983,,47,,29:45.54,,51
4007,107,2844,,47,,29:48.06,,51
4008,107,1981,,47,,30:06.95,,51
4009,124,1975,,47,,30:07.53,,51
4010,115,1976,,47,,30:14.00,,51
4011,112,1973,,47,,30:34.70,,51
4012,124,1961,,47,,30:48.51,,51
4013,112,1979,,47,,30:48.68,,51
4014,112,2845,,47,,30:57.34,,51
4015,124,2846,,47,,31:01.01,,51
4016,124,2847,,47,,31:02.00,,51
4017,107,1986,,47,,32:50.93,,51
4018,119,2848,,47,,34:19.04,,51
4019,112,2849,,47,,34:57.64,,51
4020,104,1987,,47,,35:30.76,,51
4021,124,2850,,47,,36:31.96,,51
4022,124,1990,,48,,25:22.21,,51
4023,124,1989,,48,,25:32.53,,51
4024,112,2851,,48,,25:39.05,,51
4025,124,1992,,48,,25:44.45,,51
4026,124,1991,,48,,25:46.76,,51
4027,124,1996,,48,,25:49.28,,51
4028,124,1999,,48,,25:51.75,,51
4029,124,1993,,48,,25:54.77,,51
4030,112,414,,48,,26:07.06,,51
4031,124,1997,,48,,26:14.52,,51
4032,124,2852,,48,,26:21.45,,51
4033,124,2853,,48,,26:32.29,,51
4034,107,2854,,48,,26:33.46,,51
4035,124,1998,,48,,26:36.90,,51
4036,124,2855,,48,,26:37.84,,51
4038,107,2002,,48,,26:48.77,,51
4039,107,2857,,48,,26:52.09,,51
4040,124,2858,,48,,27:02.25,,51
4041,112,419,,48,,27:10.39,,51
4042,119,463,,48,,27:20.98,,51
4043,112,418,,48,,27:25.33,,51
4044,107,2008,,48,,27:29.25,,51
4045,124,2003,,48,,27:32.04,,51
4046,124,2859,,48,,27:35.71,,51
4047,124,2860,,48,,27:40.00,,51
4048,112,415,,48,,27:41.87,,51
4049,112,417,,48,,27:44.96,,51
4050,104,2006,,48,,27:46.39,,51
4051,124,2005,,48,,27:49.67,,51
4052,124,2013,,48,,27:53.15,,51
4053,112,420,,48,,27:56.26,,51
4054,112,416,,48,,27:57.46,,51
4055,124,2004,,48,,28:16.00,,51
4056,104,2020,,48,,28:26.25,,51
4057,124,2861,,48,,28:31.57,,51
4058,112,2862,,48,,28:32.22,,51
4059,112,421,,48,,28:34.20,,51
4060,112,422,,48,,28:35.15,,51
4061,107,2032,,48,,28:42.34,,51
4062,124,2863,,48,,28:45.42,,51
4063,112,426,,48,,28:48.68,,51
4064,119,2864,,48,,29:00.40,,51
4065,112,435,,48,,29:01.56,,51
4066,124,2021,,48,,29:02.54,,51
4067,112,2865,,48,,29:10.30,,51
4068,112,424,,48,,29:15.58,,51
4069,124,2000,,48,,29:25.92,,51
4070,112,2866,,48,,29:32.50,,51
4071,124,2867,,48,,29:34.95,,51
4072,119,2868,,48,,29:38.56,,51
4073,124,2869,,48,,29:39.87,,51
4074,112,423,,48,,29:40.44,,51
4075,112,427,,48,,29:44.29,,51
4076,124,2022,,48,,29:44.95,,51
4077,104,2023,,48,,29:52.35,,51
4078,112,2870,,48,,29:56.02,,51
4079,124,2871,,48,,30:08.88,,51
4080,112,2872,,48,,30:09.64,,51
4081,124,2011,,48,,30:34.78,,51
4082,112,2873,,48,,30:35.63,,51
4083,112,433,,48,,30:42.48,,51
4084,124,2033,,48,,30:45.36,,51
4085,115,2035,,48,,30:47.06,,51
4086,104,2029,,48,,30:52.34,,51
4087,124,2034,,48,,30:53.62,,51
4088,124,2874,,48,,30:53.71,,51
4089,124,2045,,48,,30:58.17,,51
4090,112,436,,48,,32:07.86,,51
4091,112,438,,48,,32:08.33,,51
4092,112,437,,48,,32:08.45,,51
4093,112,2043,,48,,32:16.80,,51
4094,112,428,,48,,32:22.01,,51
4095,124,2042,,48,,32:24.96,,51
4096,124,2044,,48,,32:40.42,,51
4097,104,2040,,48,,32:42.70,,51
4098,104,2875,,48,,32:44.94,,51
4099,107,2876,,48,,33:28.25,,51
4100,112,2877,,48,,34:12.77,,51
4101,119,2878,,48,,34:50.99,,51
4102,112,2879,,48,,35:07.96,,51
4103,104,2051,,48,,35:42.25,,51
4104,119,2880,,48,,35:52.36,,51
4105,112,2881,,48,,36:16.54,,51
4106,119,2882,,48,,36:20.88,,51
4107,124,2883,,48,,36:32.00,,51
4108,119,2884,,48,,36:33.93,,51
4109,112,2885,,48,,37:15.42,,51
4110,112,440,,48,,37:59.40,,51
4111,112,2886,,48,,38:11.00,,51
4112,119,2887,,48,,38:45.74,,51
4113,124,2888,,48,,39:44.67,,51
4114,119,2889,,48,,41:13.93,,51
4115,115,2890,,48,,42:47.81,,51
4116,124,2054,,48,,58:15.18,,51
4117,158,2891,,47,,27:26.60,,52
4118,158,2390,,47,,27:41.70,,52
4119,158,2393,,47,,28:18.70,,52
4120,158,2400,,47,,28:47.20,,52
4121,158,2892,,47,,28:52.80,,52
4122,158,2408,,47,,28:59.00,,52
4123,158,2404,,47,,29:59.20,,52
4124,158,2402,,47,,30:01.90,,52
4125,158,2406,,47,,31:00.50,,52
4126,158,2893,,47,,31:24.10,,52
4127,158,2894,,47,,32:39.20,,52
4128,158,2421,,47,,34:51.90,,52
4129,158,2422,,47,,34:52.00,,52
4130,158,2430,,47,,37:15.70,,52
4131,158,2438,,48,,28:11.40,,52
4132,158,2895,,48,,28:21.40,,52
4133,158,2896,,48,,30:15.50,,52
4134,158,2454,,48,,30:29.20,,52
4135,158,2443,,48,,30:44.00,,52
4136,158,2456,,48,,30:59.70,,52
4137,158,2449,,48,,31:11.40,,52
4138,158,2897,,48,,31:39.80,,52
4139,158,2898,,48,,31:42.00,,52
4140,158,2441,,48,,31:58.00,,52
4141,158,2899,,48,,32:00.20,,52
4142,158,2463,,48,,32:52.60,,52
4143,158,2900,,48,,33:23.40,,52
4144,158,2466,,48,,34:00.70,,52
4145,158,2467,,48,,34:23.00,,52
4146,158,2901,,48,,34:24.00,,52
4147,158,2474,,48,,34:51.60,,52
4148,158,2469,,48,,35:06.10,,52
4149,158,2902,,48,,35:57.70,,52
4150,158,2903,,48,,36:40.80,,52
4151,158,2904,,48,,37:27.30,,52
4152,158,2481,,48,,38:45.90,,52
4153,158,2487,,48,,47:30.90,,52
4154,158,2491,,48,,51:43.00,,52
4155,61,2238,,47,,22:29.80,,53
4156,61,1617,,47,,23:27.70,,53
4157,61,379,,48,,26:39.80,,53
4158,61,380,,48,,27:12.20,,53
4159,61,381,,48,,27:39.30,,53
4160,61,382,,48,,27:42.20,,53
4161,61,2259,,48,,28:22.20,,53
4162,61,1653,,48,,29:05.30,,53
4163,1,7,So,48,,26:25.30,,54
4164,60,2905,,48,,29:47.10,,54
4165,60,2906,,48,,32:07.20,,54
4166,1,1,Sr,48,,32:56.80,,54
4167,202,2907,,48,,28:00.50,,55
4168,202,2908,,48,,28:28.10,,55
4169,202,2909,,48,,29:07.20,,55
4170,202,2910,,48,,29:38.80,,55
4171,202,2911,,48,,29:40.30,,55
4172,202,2912,,48,,30:25.70,,55
4173,202,2913,,48,,30:44.00,,55
4174,202,2914,,48,,30:48.60,,55
4175,202,2915,,48,,32:40.70,,55
4176,202,2916,,48,,33:15.50,,55
4177,202,2917,,48,,33:27.30,,55
4178,202,2918,,48,,33:57.00,,55
4179,202,2919,,48,,33:57.10,,55
4180,11,2920,,47,,22:13.50,,56
4181,4,2921,,47,,23:27.90,,56
4182,4,2922,,47,,24:02.50,,56
4183,11,2923,,47,,24:15.90,,56
4184,11,2924,,47,,24:47.30,,56
4185,4,2925,,47,,24:54.00,,56
4186,11,2926,,47,,24:59.60,,56
4187,4,2927,,47,,25:13.90,,56
4188,4,2928,,47,,25:20.00,,56
4189,4,2929,,47,,25:31.80,,56
4190,4,2930,,47,,25:42.90,,56
4191,11,2931,,47,,25:48.40,,56
4192,4,2932,,47,,26:06.90,,56
4193,11,2933,,47,,26:18.50,,56
4194,4,2934,,47,,26:19.60,,56
4195,4,112,,47,,26:26.70,,56
4196,4,2935,,47,,26:54.00,,56
4197,4,2936,,47,,27:30.50,,56
4198,4,2937,,47,,27:42.60,,56
4199,4,2938,,47,,27:51.40,,56
4200,4,2939,,47,,27:59.90,,56
4201,4,2940,,47,,28:22.20,,56
4202,11,2941,,47,,29:13.80,,56
4203,4,2942,,47,,32:42.80,,56
4204,4,2943,,47,,34:21.90,,56
4205,4,2944,,48,,24:58.30,,56
4206,4,89,,48,,25:03.00,,56
4207,4,90,,48,,25:15.70,,56
4208,4,2945,,48,,25:19.30,,56
4209,4,2946,,48,,25:43.90,,56
4210,11,2947,,48,,25:59.90,,56
4211,4,91,,48,,26:04.50,,56
4212,4,93,,48,,26:12.50,,56
4213,11,2948,,48,,26:13.10,,56
4214,11,2949,,48,,26:14.80,,56
4215,11,2950,,48,,26:20.20,,56
4216,4,2951,,48,,26:23.00,,56
4217,4,95,,48,,26:24.40,,56
4218,4,2952,,48,,26:27.50,,56
4219,11,2953,,48,,26:34.10,,56
4220,4,2954,,48,,26:42.00,,56
4221,4,98,,48,,26:42.10,,56
4222,4,94,,48,,26:42.20,,56
4223,4,96,,48,,26:47.70,,56
4224,11,2955,,48,,26:53.10,,56
4225,4,2956,,48,,27:03.60,,56
4226,4,102,,48,,27:12.90,,56
4227,4,2957,,48,,27:25.80,,56
4229,4,2959,,48,,27:40.40,,56
4230,4,100,,48,,27:47.50,,56
4231,11,2960,,48,,27:56.30,,56
4232,11,2961,,48,,27:59.50,,56
4233,4,99,,48,,28:01.00,,56
4234,11,2962,,48,,28:01.90,,56
4235,4,2963,,48,,28:02.20,,56
4236,11,2964,,48,,28:03.90,,56
4237,4,2965,,48,,28:07.40,,56
4238,11,2966,,48,,28:07.80,,56
4239,11,2967,,48,,28:20.30,,56
4240,4,2968,,48,,28:25.00,,56
4241,11,2969,,48,,28:27.10,,56
4242,4,103,,48,,28:27.30,,56
4243,4,2970,,48,,28:38.20,,56
4244,4,2971,,48,,28:52.20,,56
4245,11,2972,,48,,29:06.00,,56
4246,11,2973,,48,,29:12.00,,56
4247,4,2974,,48,,29:13.20,,56
4248,4,106,,48,,29:25.10,,56
4249,11,2975,,48,,29:31.20,,56
4250,4,2976,,48,,29:43.00,,56
4251,4,105,,48,,29:59.50,,56
4252,4,2977,,48,,30:13.20,,56
4253,4,2978,,48,,30:28.70,,56
4254,4,2979,,48,,30:30.10,,56
4255,11,2980,,48,,30:39.30,,56
4256,4,2981,,48,,30:50.20,,56
4257,11,2982,,48,,30:57.30,,56
4258,4,2983,,48,,31:02.20,,56
4259,4,2984,,48,,31:13.10,,56
4260,4,2985,,48,,31:20.10,,56
4261,4,2986,,48,,31:31.70,,56
4262,11,2987,,48,,33:33.00,,56
4263,4,2988,,48,,33:43.00,,56
4264,11,2989,,48,,33:59.20,,56
4265,4,2990,,48,,35:58.90,,56
4266,4,2991,,48,,37:44.80,,56
4267,58,2205,,47,,27:54.50,,57
4268,58,2992,,47,,28:17.70,,57
4269,58,263,,47,,29:32.80,,57
4270,49,2993,,47,,31:24.70,,57
4271,58,2210,,48,,26:40.60,,57
4272,49,2258,,48,,26:20.50,,57
4273,49,2260,,48,,26:57.60,,57
4274,58,131,,48,,27:12.60,,57
4275,58,134,,48,,27:18.50,,57
4276,49,2263,,48,,27:45.80,,57
4277,49,18,,48,,28:51.60,,57
4278,49,33,,48,,29:02.00,,57
4279,49,2268,,48,,29:06.30,,57
4280,49,24,,48,,29:37.90,,57
4281,49,32,,48,,29:41.80,,57
4282,58,2219,,48,,30:03.60,,57
4283,49,2994,,48,,30:06.60,,57
4284,58,162,,48,,30:07.80,,57
4285,58,170,,48,,31:04.40,,57
4286,58,165,,48,,31:24.10,,57
4287,49,2995,,48,,31:50.30,,57
4288,58,179,,48,,32:20.30,,57
4289,49,39,,48,,32:26.80,,57
4290,58,178,,48,,33:29.10,,57
4291,167,2499,,47,,23:47.30,,58
4292,167,570,,47,,24:14.50,,58
4293,167,2500,,47,,24:17.40,,58
4294,86,1449,,47,,24:24.00,,58
4295,167,581,,47,,24:44.50,,58
4296,164,575,,47,,24:47.50,,58
4297,164,573,,47,,24:50.00,,58
4298,167,2996,,47,,24:51.30,,58
4299,167,571,,47,,24:56.00,,58
4300,86,1450,,47,,25:40.00,,58
83213,188,18825,,47,,24:43.24,,776
4302,167,582,,47,,25:49.30,,58
4303,167,586,,47,,25:53.60,,58
4304,167,577,,47,,26:11.20,,58
4306,167,580,,47,,26:17.20,,58
4307,86,1478,,47,,26:25.30,,58
4308,86,1456,,47,,26:41.00,,58
4309,168,2395,,47,,27:14.70,,58
4310,167,621,,47,,27:28.30,,58
4311,86,1472,,47,,27:51.60,,58
4312,164,624,,47,,28:04.60,,58
4313,160,1023,,47,,28:08.00,,58
4314,167,2511,,47,,28:17.80,,58
4315,167,627,,47,,28:22.10,,58
4316,167,2997,,47,,28:23.40,,58
4317,69,2998,,47,,28:26.50,,58
4318,167,616,,47,,28:32.20,,58
4319,86,1486,,47,,28:40.10,,58
4320,69,2515,,47,,28:42.10,,58
4321,167,617,,47,,29:08.40,,58
4322,164,618,,47,,29:21.40,,58
4323,69,2524,,47,,29:28.30,,58
4324,142,2999,,47,,29:32.50,,58
4325,167,622,,47,,29:34.20,,58
4326,167,3000,,47,,29:36.90,,58
4327,69,2527,,47,,29:46.30,,58
4328,86,3001,,47,,29:52.10,,58
4329,164,3002,,47,,30:09.10,,58
4330,167,647,,47,,30:30.30,,58
4331,69,3003,,47,,30:43.70,,58
4332,167,655,,47,,30:56.60,,58
4333,160,3004,,47,,31:01.70,,58
4334,167,638,,47,,31:09.60,,58
4335,167,632,,47,,32:05.90,,58
4336,86,3005,,47,,32:45.20,,58
4337,167,652,,47,,33:44.80,,58
4338,69,3006,,47,,33:53.60,,58
4339,167,3007,,47,,34:24.70,,58
4340,167,2534,,47,,34:26.10,,58
4341,167,3008,,47,,36:45.60,,58
4342,86,1512,,47,,36:53.70,,58
4343,86,1514,,47,,41:59.70,,58
4344,167,665,,47,,51:24.60,,58
4345,86,1526,,48,,27:13.10,,58
4346,167,673,,48,,27:27.60,,58
4347,167,467,,48,,27:34.60,,58
4348,168,671,,48,,27:41.20,,58
4349,167,468,,48,,27:47.10,,58
4350,86,2541,,48,,27:49.20,,58
4351,167,670,,48,,27:55.30,,58
4352,164,689,,48,,28:11.50,,58
4353,86,1558,,48,,28:16.70,,58
4354,167,672,,48,,28:24.20,,58
4356,164,675,,48,,28:37.40,,58
4357,167,685,,48,,28:51.40,,58
4358,168,715,,48,,28:57.10,,58
4359,164,691,,48,,29:00.10,,58
4360,167,680,,48,,29:07.80,,58
4361,167,3009,,48,,29:19.30,,58
4362,167,695,,48,,29:25.70,,58
4363,168,701,,48,,29:27.90,,58
4364,167,707,,48,,29:29.80,,58
4365,86,1536,,48,,29:38.70,,58
4366,167,3010,,48,,29:45.20,,58
4367,167,712,,48,,29:47.00,,58
4368,167,708,,48,,29:48.80,,58
4369,167,710,,48,,29:53.80,,58
4370,164,721,,48,,29:55.90,,58
4371,167,720,,48,,29:58.10,,58
4372,160,1214,,48,,30:06.00,,58
4373,86,2544,,48,,30:15.70,,58
4374,86,2555,,48,,30:18.10,,58
4375,167,696,,48,,30:23.40,,58
4376,167,711,,48,,30:29.80,,58
4377,167,734,,48,,30:43.80,,58
4378,168,732,,48,,30:44.60,,58
4379,167,3011,,48,,30:48.40,,58
4380,167,667,,48,,30:58.10,,58
4305,69,5264,,47,,26:16.90,,58
4381,69,2556,,48,,30:58.20,,58
4382,167,704,,48,,31:05.50,,58
4383,164,728,,48,,31:14.80,,58
4384,160,2738,,48,,31:21.50,,58
4385,167,754,,48,,31:25.60,,58
4386,142,737,,48,,31:25.80,,58
4387,167,740,,48,,31:37.40,,58
4388,167,2572,,48,,31:38.50,,58
4389,167,2570,,48,,31:49.80,,58
4390,167,2576,,48,,31:54.00,,58
4391,86,1575,,48,,32:01.00,,58
4392,167,717,,48,,32:05.80,,58
4393,86,2564,,48,,32:05.90,,58
4394,167,751,,48,,32:07.20,,58
4395,86,2569,,48,,32:08.30,,58
4396,167,736,,48,,32:10.00,,58
83214,188,1752,,47,,24:45.70,,776
4398,69,2580,,48,,32:25.60,,58
4399,69,2590,,48,,32:36.10,,58
4400,86,3012,,48,,32:37.20,,58
4401,142,3013,,48,,33:02.30,,58
4402,167,743,,48,,33:06.40,,58
4403,167,2584,,48,,33:10.10,,58
4404,86,1576,,48,,33:15.90,,58
4405,86,2589,,48,,33:18.70,,58
4406,167,3014,,48,,33:26.20,,58
4407,167,760,,48,,33:26.50,,58
4408,160,1320,,48,,33:33.80,,58
4409,167,669,,48,,33:45.10,,58
4410,167,3015,,48,,34:00.60,,58
4411,160,2745,,48,,34:02.30,,58
4412,167,778,,48,,34:11.80,,58
4413,164,2749,,48,,34:36.20,,58
4414,167,742,,48,,34:38.50,,58
4415,86,3016,,48,,34:39.20,,58
4416,142,746,,48,,34:47.30,,58
4417,69,3017,,48,,34:50.60,,58
4418,167,3018,,48,,34:53.30,,58
4419,138,2471,,48,,35:08.30,,58
4420,167,794,,48,,35:19.80,,58
4421,167,2607,,48,,35:23.20,,58
4422,167,2608,,48,,35:25.60,,58
4423,138,3019,,48,,35:27.10,,58
4424,86,1598,,48,,35:29.50,,58
4425,86,1609,,48,,35:58.00,,58
4426,167,792,,48,,36:28.00,,58
4427,138,802,,48,,36:35.80,,58
4428,160,3020,,48,,36:59.20,,58
4429,167,790,,48,,37:10.00,,58
4430,86,1612,,48,,38:17.10,,58
4431,164,801,,48,,38:55.10,,58
4432,69,3021,,48,,39:07.70,,58
4433,86,1594,,48,,39:16.60,,58
4434,167,3022,,48,,39:56.40,,58
4435,69,2616,,48,,40:08.90,,58
4436,160,1304,,48,,40:27.30,,58
4437,167,3023,,48,,41:09.70,,58
4438,69,2621,,48,,42:52.10,,58
4439,138,3024,,48,,43:29.80,,58
4440,138,3025,,48,,43:30.10,,58
4441,160,3026,,48,,43:59.20,,58
4442,160,1439,,48,,49:41.80,,58
4443,160,2770,,48,,51:10.10,,58
4444,188,3027,,47,,24:42.00,,59
4445,188,1724,,47,,25:19.00,,59
4446,199,1728,,47,,25:22.00,,59
4447,172,1735,,47,,25:48.00,,59
4448,172,3028,,47,,25:56.00,,59
4449,196,820,,47,,26:03.00,,59
4450,172,1736,,47,,26:06.00,,59
4451,178,1739,,47,,26:18.00,,59
4452,209,3029,,47,,26:23.00,,59
4453,172,1734,,47,,26:27.00,,59
4454,196,3030,,47,,26:36.00,,59
4455,172,1750,,47,,26:36.00,,59
4456,172,1740,,47,,26:36.00,,59
4457,196,826,,47,,27:06.00,,59
4458,203,1741,,47,,27:13.00,,59
4459,203,1732,,47,,27:17.00,,59
4460,178,1746,,47,,27:22.00,,59
4461,188,822,,47,,27:28.00,,59
4462,209,3031,,47,,27:39.00,,59
4463,172,1747,,47,,27:40.00,,59
4464,178,3032,,47,,27:41.00,,59
4465,203,1763,,47,,27:54.00,,59
4466,178,3033,,47,,27:56.00,,59
4467,178,1754,,47,,28:05.00,,59
4468,174,1759,,47,,28:05.00,,59
4469,203,1749,,47,,28:09.00,,59
4470,209,3034,,47,,28:09.00,,59
4471,203,3035,,47,,28:12.00,,59
4472,174,1767,,47,,28:13.00,,59
4473,203,3036,,47,,28:18.00,,59
4474,188,829,,47,,28:21.00,,59
4475,196,833,,47,,28:24.00,,59
4476,203,1751,,47,,28:30.00,,59
4477,174,1762,,47,,28:36.00,,59
4478,188,3037,,47,,28:44.00,,59
4479,188,1782,,47,,28:49.00,,59
4480,180,3038,,47,,28:51.00,,59
4481,203,1765,,47,,28:55.00,,59
4482,203,1769,,47,,29:03.00,,59
4483,209,3039,,47,,29:04.00,,59
4484,178,3040,,47,,29:15.00,,59
4485,199,1776,,47,,29:22.00,,59
4486,188,3041,,47,,29:27.00,,59
4487,172,1760,,47,,29:41.00,,59
4488,203,1783,,47,,29:44.00,,59
4489,209,3042,,47,,29:51.00,,59
4490,180,1785,,47,,29:53.00,,59
4491,188,3043,,47,,29:55.00,,59
4492,188,846,,47,,29:57.00,,59
4493,178,1780,,47,,29:59.00,,59
4494,209,3044,,47,,30:09.00,,59
4495,203,1781,,47,,30:13.00,,59
4496,203,2094,,47,,30:22.00,,59
4497,203,1793,,47,,30:25.00,,59
4498,188,1791,,47,,30:29.00,,59
4499,203,2096,,47,,30:50.00,,59
4500,172,1799,,47,,30:54.00,,59
4501,209,3045,,47,,30:56.00,,59
4502,209,3046,,47,,31:04.00,,59
4503,172,1797,,47,,31:07.00,,59
4504,188,3047,,47,,31:08.00,,59
4505,172,3048,,47,,31:13.00,,59
4506,203,1798,,47,,31:14.00,,59
4507,203,1796,,47,,31:24.00,,59
4508,172,1800,,47,,31:29.00,,59
4509,199,1795,,47,,31:32.00,,59
4510,188,1804,,47,,31:37.00,,59
4511,203,1777,,47,,33:53.00,,59
4512,203,3049,,47,,36:38.00,,59
4513,203,1809,,48,,26:20.00,,59
4514,188,863,,48,,26:36.00,,59
4515,188,867,,48,,26:43.00,,59
4516,172,1814,,48,,26:45.00,,59
4517,203,2108,,48,,26:47.00,,59
4518,178,1815,,48,,27:07.00,,59
4519,178,1818,,48,,27:30.00,,59
4520,209,3050,,48,,27:49.00,,59
4521,172,1817,,48,,27:56.00,,59
4522,188,1838,,48,,27:59.00,,59
4523,203,1827,,48,,27:59.00,,59
4524,203,2113,,48,,28:01.00,,59
4525,178,1829,,48,,28:03.00,,59
4526,203,1832,,48,,28:11.00,,59
4527,188,885,,48,,28:19.00,,59
4528,172,1828,,48,,28:26.00,,59
4529,203,1835,,48,,28:32.00,,59
4530,196,866,,48,,28:35.00,,59
4531,209,3051,,48,,28:39.00,,59
4532,174,1819,,48,,28:46.00,,59
4533,203,1822,,48,,28:46.00,,59
4534,172,1826,,48,,28:55.00,,59
4535,188,882,,48,,28:55.00,,59
4536,178,3052,,48,,29:09.00,,59
4537,203,3053,,48,,29:15.00,,59
4538,196,892,,48,,29:20.00,,59
4539,180,1831,,48,,29:24.00,,59
4540,178,3054,,48,,29:28.00,,59
4541,196,895,,48,,29:29.00,,59
4542,199,1839,,48,,29:34.00,,59
4543,172,1852,,48,,29:38.00,,59
4544,188,1865,,48,,29:42.00,,59
4545,209,3055,,48,,29:43.00,,59
4546,188,910,,48,,29:44.00,,59
4547,203,3056,,48,,29:44.00,,59
4548,174,2116,,48,,29:57.00,,59
4549,174,1847,,48,,29:57.00,,59
4550,174,1856,,48,,29:57.00,,59
4551,203,2119,,48,,30:06.00,,59
4552,203,3057,,48,,30:06.00,,59
4553,203,3058,,48,,30:09.00,,59
4554,188,886,,48,,30:11.00,,59
4555,188,2122,,48,,30:14.00,,59
4556,203,1849,,48,,30:16.00,,59
4557,188,918,,48,,30:23.00,,59
4558,172,1846,,48,,30:30.00,,59
4559,172,1875,,48,,30:38.00,,59
4560,203,1858,,48,,30:38.00,,59
4561,209,3059,,48,,30:49.00,,59
4562,203,2123,,48,,30:51.00,,59
4563,203,1841,,48,,30:51.00,,59
4564,172,1851,,48,,30:58.00,,59
4565,209,3060,,48,,31:03.00,,59
4566,188,2129,,48,,31:06.00,,59
4567,178,3061,,48,,31:16.00,,59
4568,178,1870,,48,,31:24.00,,59
4569,188,2127,,48,,31:35.00,,59
4570,188,3062,,48,,31:41.00,,59
4571,174,2128,,48,,31:47.00,,59
4572,178,1869,,48,,31:50.00,,59
4573,209,3063,,48,,31:53.00,,59
4574,203,1883,,48,,31:54.00,,59
4575,188,927,,48,,31:57.00,,59
4576,203,3064,,48,,32:00.00,,59
4577,203,2134,,48,,32:04.00,,59
4578,188,3065,,48,,32:05.00,,59
4579,196,3066,,48,,32:05.00,,59
4580,172,1878,,48,,32:17.00,,59
4581,174,1873,,48,,32:17.00,,59
4582,188,1863,,48,,32:22.00,,59
4583,172,1867,,48,,32:23.00,,59
4584,209,3067,,48,,32:23.00,,59
4585,199,1887,,48,,32:37.00,,59
4586,209,3068,,48,,32:49.00,,59
4587,203,1894,,48,,32:53.00,,59
4588,188,3069,,48,,32:55.00,,59
4589,196,947,,48,,32:56.00,,59
4590,172,1891,,48,,32:57.00,,59
4591,199,1895,,48,,33:02.00,,59
4592,188,941,,48,,33:05.00,,59
4593,196,3070,,48,,33:08.00,,59
4594,203,2138,,48,,33:09.00,,59
4595,178,3071,,48,,33:12.00,,59
4596,199,1880,,48,,33:12.00,,59
4597,209,3072,,48,,33:15.00,,59
4598,203,1892,,48,,33:16.00,,59
4599,203,1900,,48,,33:18.00,,59
4600,172,1901,,48,,33:22.00,,59
4601,203,3073,,48,,33:23.00,,59
4602,199,3074,,48,,33:25.00,,59
4603,188,1877,,48,,33:32.00,,59
4604,209,3075,,48,,33:32.00,,59
4605,203,3076,,48,,33:39.00,,59
4606,203,1908,,48,,33:43.00,,59
4607,203,2141,,48,,33:44.00,,59
4608,172,3077,,48,,33:47.00,,59
4609,188,2140,,48,,33:49.00,,59
4610,172,3078,,48,,33:58.00,,59
4611,196,948,,48,,34:08.00,,59
4612,172,1911,,48,,34:12.00,,59
4613,172,1910,,48,,34:16.00,,59
4614,174,1889,,48,,34:26.00,,59
4615,203,3079,,48,,34:26.00,,59
4616,196,2371,,48,,34:46.00,,59
4617,203,1905,,48,,34:50.00,,59
4618,172,1917,,48,,34:53.00,,59
4619,172,1906,,48,,35:10.00,,59
4620,196,955,,48,,35:24.00,,59
4621,188,951,,48,,35:45.00,,59
4622,172,3080,,48,,35:51.00,,59
4623,188,1919,,48,,36:22.00,,59
4624,196,2373,,48,,37:05.00,,59
4625,178,3081,,48,,37:14.00,,59
4626,178,3082,,48,,37:30.00,,59
4627,203,3083,,48,,37:31.00,,59
4628,174,1886,,48,,37:59.00,,59
4629,196,3084,,48,,39:21.00,,59
4630,188,3085,,48,,39:55.00,,59
4631,203,1855,,48,,43:44.00,,59
4632,196,969,,48,,44:09.00,,59
4633,88,474,,47,,23:18.20,,60
4634,90,476,,47,,23:56.20,,60
83215,188,19603,,47,,24:45.72,,776
4636,79,477,,47,,24:38.50,,60
4637,94,480,,47,,25:25.00,,60
4638,79,483,,47,,25:25.60,,60
83216,188,829,,47,,24:46.65,,776
4640,94,2503,,47,,26:52.00,,60
4641,94,2508,,47,,27:10.80,,60
4642,90,2506,,47,,27:17.70,,60
4643,88,2509,,47,,28:16.60,,60
4644,79,490,,47,,28:33.70,,60
4645,88,3086,,47,,29:26.60,,60
4646,90,497,,47,,29:31.50,,60
4647,79,2522,,47,,29:35.70,,60
83217,196,819,,47,,24:47.68,,776
4649,79,486,,47,,29:51.50,,60
4650,88,3087,,47,,30:32.10,,60
4651,88,3088,,47,,30:53.20,,60
4652,88,2532,,47,,33:03.90,,60
4653,94,2533,,47,,33:33.10,,60
83218,174,18820,,47,,24:50.90,,776
4655,75,1522,,48,,26:23.90,,60
4657,79,2542,,48,,27:29.30,,60
4658,79,2543,,48,,27:33.20,,60
4659,79,506,,48,,27:50.90,,60
4660,79,2545,,48,,27:54.70,,60
4664,79,510,,48,,28:12.00,,60
4665,79,3089,,48,,28:18.40,,60
4666,79,2546,,48,,28:18.70,,60
4667,88,516,,48,,28:27.20,,60
4668,79,511,,48,,28:35.90,,60
4669,79,512,,48,,28:42.00,,60
4670,79,2549,,48,,29:17.10,,60
4671,88,2554,,48,,29:31.50,,60
4672,88,517,,48,,29:32.70,,60
4673,77,2497,,48,,29:40.60,,60
83219,188,1744,,47,,24:51.74,,776
4675,90,525,,48,,29:47.40,,60
4676,88,513,,48,,29:51.90,,60
4677,90,531,,48,,29:55.10,,60
4678,77,1548,,48,,29:55.80,,60
4679,79,3090,,48,,29:58.30,,60
4680,79,515,,48,,30:09.00,,60
4681,79,3091,,48,,30:25.00,,60
4683,79,523,,48,,30:44.30,,60
4684,79,526,,48,,30:47.10,,60
4686,90,2566,,48,,30:48.40,,60
4687,69,2565,,48,,30:49.10,,60
4688,88,534,,48,,30:52.50,,60
4691,79,509,,48,,30:59.70,,60
4692,77,1554,,48,,31:04.30,,60
4693,77,1543,,48,,31:06.30,,60
4694,79,2559,,48,,31:13.20,,60
4695,79,537,,48,,31:19.70,,60
4696,77,1587,,48,,31:28.70,,60
4697,88,551,,48,,31:49.00,,60
4698,94,536,,48,,31:55.90,,60
4699,79,542,,48,,31:58.60,,60
4700,88,2585,,48,,32:01.10,,60
4701,79,538,,48,,32:10.10,,60
4690,88,556,So,48,,30:56.90,0.0,60
4689,88,529,So,48,,30:53.10,,60
4656,88,505,Sr,48,,26:48.20,0.0,60
4702,94,532,,48,,32:11.10,,60
4703,94,565,,48,,32:11.40,,60
4705,90,2593,,48,,32:47.70,,60
4706,77,1567,,48,,33:02.80,,60
4707,94,549,,48,,33:10.50,,60
4708,77,1592,,48,,33:11.40,,60
4709,90,552,,48,,34:30.60,,60
83220,178,3032,,47,,24:57.11,,776
4712,79,2606,,48,,35:05.90,,60
4713,94,2602,,48,,35:44.90,,60
4714,79,2625,,48,,35:48.20,,60
4715,88,2604,,48,,36:06.20,,60
4716,79,3093,,48,,36:26.10,,60
4717,88,561,,48,,36:38.50,,60
4718,94,3094,,48,,36:54.60,,60
4719,79,2612,,48,,37:14.10,,60
4720,79,3095,,48,,37:15.20,,60
4721,79,3096,,48,,42:44.80,,60
4722,77,2496,,48,,44:42.70,,60
4723,167,2499,,47,,22:44.40,,61
4724,146,991,,47,,22:57.20,,61
4725,138,2380,,47,,23:10.90,,61
4726,146,1686,,47,,23:19.30,,61
4727,167,2500,,47,,23:21.10,,61
4728,167,570,,47,,23:29.60,,61
4729,130,2698,,47,,23:30.70,,61
4730,146,994,,47,,23:31.50,,61
4731,164,568,,47,,23:33.10,,61
4732,132,572,,47,,23:38.20,,61
4733,162,1675,,47,,23:49.40,,61
4734,147,1676,,47,,23:53.40,,61
4735,146,996,,47,,23:54.90,,61
4736,146,1046,,47,,24:03.10,,61
4738,165,384,,47,,24:05.70,,61
4739,132,2699,,47,,24:06.00,,61
4740,164,574,,47,,24:06.10,,61
4741,167,2996,,47,,24:07.40,,61
4742,146,998,,47,,24:07.80,,61
4743,159,583,,47,,24:11.40,,61
4744,159,2700,,47,,24:12.80,,61
4745,167,581,,47,,24:17.30,,61
4746,146,992,,47,,24:26.70,,61
4747,167,577,,47,,24:31.50,,61
4748,159,2160,,47,,24:37.20,,61
4749,161,2321,,47,,24:37.80,,61
4750,132,569,,47,,24:38.60,,61
83221,188,824,,47,,25:02.06,,776
4752,167,586,,47,,24:49.50,,61
4753,167,582,,47,,24:51.20,,61
4754,167,580,,47,,24:54.40,,61
4755,132,584,,47,,24:56.20,,61
4756,130,2387,,47,,25:03.30,,61
4757,146,1687,,47,,25:06.70,,61
4758,141,1018,,47,,25:12.00,,61
4759,146,2677,,47,,25:15.10,,61
4760,165,386,,47,,25:20.80,,61
4761,150,2324,,47,,25:22.40,,61
4762,164,578,,47,,25:22.50,,61
4763,164,600,,47,,25:23.40,,61
4764,164,594,,47,,25:24.60,,61
4765,160,1023,,47,,25:24.90,,61
4766,146,1032,,47,,25:25.90,,61
4767,158,2389,,47,,25:26.00,,61
4768,159,590,,47,,25:28.40,,61
4769,130,2385,,47,,25:29.50,,61
4770,162,1028,,47,,25:30.80,,61
4771,147,3097,,47,,25:33.30,,61
4772,147,1677,,47,,25:33.90,,61
4773,164,606,,47,,25:36.40,,61
4774,132,587,,47,,25:37.80,,61
4775,158,2388,,47,,25:39.10,,61
4776,159,591,,47,,25:39.30,,61
4777,141,2161,,47,,25:45.50,,61
4778,138,2386,,47,,25:46.50,,61
4779,164,3098,,47,,25:47.40,,61
4780,146,1021,,47,,25:54.30,,61
4781,162,3099,,47,,25:58.40,,61
4782,138,3100,,47,,25:59.40,,61
4783,146,1061,,47,,26:00.60,,61
4784,158,2390,,47,,26:07.20,,61
4785,146,1004,,47,,26:08.50,,61
4786,158,2891,,47,,26:13.00,,61
4787,156,3101,,47,,26:13.30,,61
4788,165,385,,47,,26:13.80,,61
4789,130,2383,,47,,26:15.00,,61
4790,167,617,,47,,26:15.30,,61
4791,158,2391,,47,,26:19.40,,61
4792,164,624,,47,,26:21.30,,61
4793,147,3102,,47,,26:22.80,,61
4794,161,2322,,47,,26:26.10,,61
4795,152,3103,,47,,26:26.60,,61
4796,147,1680,,47,,26:30.10,,61
4797,156,2326,,47,,26:30.70,,61
4798,146,1024,,47,,26:31.10,,61
4799,169,3104,,47,,26:32.30,,61
4800,164,620,,47,,26:33.90,,61
4801,167,621,,47,,26:38.10,,61
4802,159,3105,,47,,26:39.20,,61
4803,167,2512,,47,,26:43.00,,61
4804,164,626,,47,,26:44.50,,61
4805,146,1050,,47,,26:45.40,,61
4806,156,2328,,47,,26:46.90,,61
4807,146,1070,,47,,26:47.70,,61
4808,164,613,,47,,26:48.70,,61
4737,162,1008,,47,,24:04.10,,61
4704,88,3092,So,48,,32:37.40,,60
4809,159,3106,,47,,26:51.40,,61
4810,162,1015,,47,,26:52.10,,61
4811,167,627,,47,,26:53.40,,61
4812,146,1063,,47,,26:56.00,,61
4814,162,1048,,47,,27:04.90,,61
4815,147,1679,,47,,27:10.60,,61
4816,150,2327,,47,,27:12.50,,61
4817,167,616,,47,,27:14.60,,61
4818,146,1037,,47,,27:16.70,,61
4819,165,3108,,47,,27:18.50,,61
4820,146,1054,,47,,27:21.20,,61
4821,138,3109,,47,,27:22.30,,61
4822,132,603,,47,,27:24.50,,61
4823,167,2511,,47,,27:27.00,,61
4824,169,2399,,47,,27:30.70,,61
4825,142,615,,47,,27:36.30,,61
4826,146,1043,,47,,27:37.00,,61
4827,158,2892,,47,,27:37.00,,61
4828,162,2679,,47,,27:40.20,,61
4829,138,3110,,47,,27:43.40,,61
4830,132,2705,,47,,27:46.60,,61
4831,165,2165,,47,,27:48.20,,61
4832,158,2393,,47,,27:51.40,,61
4833,167,647,,47,,27:51.70,,61
4834,158,2403,,47,,27:54.40,,61
4835,158,2404,,47,,27:55.30,,61
4836,158,2402,,47,,27:57.60,,61
4837,158,2408,,47,,27:57.80,,61
4838,138,3111,,47,,27:58.00,,61
4839,142,2999,,47,,28:00.60,,61
4840,146,1057,,47,,28:04.50,,61
4841,156,2334,,47,,28:06.80,,61
4842,146,1016,,47,,28:10.30,,61
4843,167,3000,,47,,28:10.50,,61
4844,147,1678,,47,,28:12.80,,61
4845,162,1058,,47,,28:13.50,,61
4846,156,3112,,47,,28:14.70,,61
4847,146,1081,,47,,28:16.60,,61
4848,158,2416,,47,,28:18.90,,61
4849,146,1053,,47,,28:23.60,,61
4850,165,3113,,47,,28:23.90,,61
4851,156,2339,,47,,28:29.90,,61
4852,165,387,,47,,28:31.90,,61
4853,146,1075,,47,,28:35.20,,61
4854,159,3114,,47,,28:36.30,,61
4855,162,1101,,47,,28:39.50,,61
4857,158,2406,,47,,28:43.10,,61
4858,159,646,,47,,28:46.70,,61
4859,162,1084,,47,,28:47.90,,61
4860,146,1095,,47,,28:53.30,,61
4861,146,1104,,47,,28:57.10,,61
4862,165,388,,47,,29:00.30,,61
4863,146,1113,,47,,29:04.00,,61
4864,146,1096,,47,,29:06.60,,61
4865,150,2330,,47,,29:11.90,,61
4866,156,2340,,47,,29:13.00,,61
4867,167,642,,47,,29:14.80,,61
4868,167,638,,47,,29:15.10,,61
4869,162,3115,,47,,29:16.70,,61
4870,130,2409,,47,,29:21.70,,61
4871,164,3116,,47,,29:25.40,,61
4872,165,3117,,47,,29:25.80,,61
4873,141,3118,,47,,29:32.40,,61
4874,162,1116,,47,,29:37.40,,61
4875,165,3119,,47,,29:39.20,,61
4876,161,2335,,47,,29:39.40,,61
4877,159,643,,47,,29:46.90,,61
4878,167,652,,47,,29:54.30,,61
4879,141,3120,,47,,29:56.90,,61
4880,162,1130,,47,,29:57.00,,61
4881,142,639,,47,,29:58.70,,61
4882,146,1690,,47,,29:59.60,,61
4883,152,2415,,47,,30:00.60,,61
4884,161,2333,,47,,30:01.90,,61
4885,164,3002,,47,,30:07.30,,61
4886,167,632,,47,,30:07.90,,61
4887,146,1128,,47,,30:09.50,,61
4888,162,1108,,47,,30:11.30,,61
4889,159,2712,,47,,30:16.40,,61
4890,161,3121,,47,,30:18.10,,61
4891,162,1142,,47,,30:36.80,,61
4892,164,2709,,47,,30:45.50,,61
4893,146,2682,,47,,30:45.80,,61
4894,152,2427,,47,,30:58.90,,61
4895,159,648,,47,,31:01.20,,61
4896,169,2420,,47,,31:05.20,,61
4897,132,635,,47,,31:13.90,,61
4898,159,3122,,47,,31:25.80,,61
4899,132,3123,,47,,31:51.70,,61
4900,162,1684,,47,,31:57.90,,61
4901,167,655,,47,,31:59.30,,61
4902,146,1138,,47,,32:07.10,,61
4903,169,2426,,47,,32:07.50,,61
4904,169,1153,,47,,32:11.00,,61
4905,130,3124,,47,,32:12.90,,61
4906,150,2342,,47,,32:15.10,,61
4907,138,3125,,47,,32:15.60,,61
4908,162,1685,,47,,32:15.70,,61
4909,152,2423,,47,,32:25.50,,61
4910,146,1136,,47,,32:37.00,,61
4911,158,2428,,47,,33:05.00,,61
4912,146,1134,,47,,33:07.60,,61
4913,152,3126,,47,,33:09.00,,61
4914,152,2431,,47,,33:12.70,,61
4915,162,1158,,47,,33:17.10,,61
4856,162,1122,,47,,28:39.60,,61
4916,158,2421,,47,,33:20.00,,61
4917,167,2534,,47,,33:27.80,,61
4918,165,391,,47,,33:36.70,,61
4919,167,3008,,47,,33:38.30,,61
4920,146,1145,,47,,33:58.80,,61
4921,142,658,,47,,34:01.40,,61
4922,162,3127,,47,,34:09.10,,61
4923,146,1163,,47,,34:09.20,,61
4924,146,2685,,47,,34:11.90,,61
4925,169,3128,,47,,34:18.80,,61
4926,158,2430,,47,,34:22.90,,61
4927,162,1156,,47,,34:24.00,,61
4928,162,2684,,47,,34:41.70,,61
4929,130,3129,,47,,35:12.70,,61
4930,142,661,,47,,35:15.60,,61
4931,146,1155,,47,,35:51.80,,61
4932,150,3130,,47,,36:56.60,,61
4933,138,3131,,47,,37:15.80,,61
4934,167,466,,48,,25:52.30,,61
4935,167,667,,48,,26:01.50,,61
4936,167,670,,48,,26:03.10,,61
4937,132,3132,,48,,26:14.20,,61
4938,167,2584,,48,,26:21.50,,61
4939,167,467,,48,,26:33.60,,61
4940,167,2540,,48,,26:35.00,,61
4941,167,673,,48,,26:36.90,,61
4942,159,668,,48,,26:37.10,,61
4943,165,393,,48,,26:41.60,,61
4944,162,1173,,48,,26:47.50,,61
4945,167,669,,48,,26:48.40,,61
4946,159,676,,48,,26:51.80,,61
4947,164,689,,48,,26:56.50,,61
4949,159,674,,48,,26:57.70,,61
4950,159,677,,48,,26:58.70,,61
4951,168,671,,48,,26:59.00,,61
4952,167,468,,48,,27:04.00,,61
4953,167,672,,48,,27:08.40,,61
4954,164,675,,48,,27:09.30,,61
4955,138,690,,48,,27:10.90,,61
4956,158,2895,,48,,27:13.10,,61
4957,165,395,,48,,27:13.40,,61
4958,132,693,,48,,27:15.90,,61
4959,165,399,,48,,27:18.20,,61
4960,158,2438,,48,,27:22.10,,61
4961,164,683,,48,,27:25.90,,61
4962,161,2343,,48,,27:27.50,,61
4963,150,1194,,48,,27:28.50,,61
4964,164,686,,48,,27:29.00,,61
4965,167,3015,,48,,27:29.20,,61
4966,158,2437,,48,,27:33.20,,61
4967,162,1180,,48,,27:34.50,,61
4968,165,394,,48,,27:39.40,,61
4969,167,681,,48,,27:41.10,,61
4970,167,685,,48,,27:41.20,,61
4971,147,1702,,48,,27:41.60,,61
4972,165,2170,,48,,27:41.90,,61
4973,161,2344,,48,,27:47.00,,61
4974,141,1199,,48,,27:47.90,,61
4975,132,699,,48,,27:48.80,,61
4976,158,3133,,48,,27:51.40,,61
4977,150,1248,,48,,27:57.20,,61
4978,162,1192,,48,,28:01.10,,61
4979,167,707,,48,,28:04.50,,61
4980,146,1201,,48,,28:04.90,,61
4981,167,680,,48,,28:05.60,,61
4982,169,1190,,48,,28:06.10,,61
4983,164,709,,48,,28:07.00,,61
4984,167,695,,48,,28:09.20,,61
4985,146,1181,,48,,28:10.90,,61
4987,167,688,,48,,28:13.00,,61
4988,147,1699,,48,,28:14.00,,61
4989,161,3134,,48,,28:16.70,,61
4990,158,2439,,48,,28:18.70,,61
4991,162,3135,,48,,28:19.50,,61
4992,164,691,,48,,28:19.50,,61
4993,150,2345,,48,,28:21.30,,61
4994,159,2168,,48,,28:24.50,,61
4995,159,706,,48,,28:28.00,,61
4996,167,684,,48,,28:28.10,,61
4997,162,3136,,48,,28:31.30,,61
4998,164,750,,48,,28:33.50,,61
5000,162,1209,,48,,28:33.80,,61
5001,168,715,,48,,28:36.30,,61
5002,146,2688,,48,,28:38.80,,61
5003,167,717,,48,,28:39.80,,61
5004,167,704,,48,,28:41.30,,61
5005,146,1208,,48,,28:42.60,,61
5006,165,396,,48,,28:43.80,,61
5007,132,687,,48,,28:44.50,,61
5008,146,1243,,48,,28:47.50,,61
5009,158,2454,,48,,28:48.70,,61
5010,147,1701,,48,,28:49.00,,61
5011,158,2440,,48,,28:49.50,,61
5012,158,2443,,48,,28:50.50,,61
5013,169,2442,,48,,28:52.00,,61
5014,132,3137,,48,,28:56.10,,61
5015,146,1703,,48,,28:56.60,,61
5016,150,2370,,48,,28:57.10,,61
5017,159,705,,48,,28:57.50,,61
5018,167,702,,48,,28:58.60,,61
5019,167,712,,48,,29:00.80,,61
5020,167,711,,48,,29:00.80,,61
5021,146,1204,,48,,29:02.10,,61
5022,165,2174,,48,,29:04.80,,61
4999,146,1205,,48,,28:33.70,,61
5023,158,2896,,48,,29:05.80,,61
5024,167,696,,48,,29:10.70,,61
5025,150,3138,,48,,29:11.70,,61
5026,168,701,,48,,29:11.80,,61
5027,164,697,,48,,29:15.00,,61
5028,147,1700,,48,,29:15.50,,61
5029,141,3139,,48,,29:16.00,,61
5030,168,732,,48,,29:20.10,,61
83222,172,3028,,47,,25:02.75,,776
5032,146,1300,,48,,29:21.70,,61
5033,146,1254,,48,,29:22.10,,61
5034,159,694,,48,,29:22.40,,61
5035,150,3140,,48,,29:23.70,,61
5036,132,692,,48,,29:24.90,,61
5037,160,1214,,48,,29:26.10,,61
5038,158,3141,,48,,29:26.30,,61
5039,164,727,,48,,29:26.70,,61
5040,164,2727,,48,,29:29.80,,61
5041,130,3142,,48,,29:29.90,,61
5042,159,2176,,48,,29:30.80,,61
5044,150,1293,,48,,29:35.30,,61
5045,164,723,,48,,29:37.10,,61
5046,159,2172,,48,,29:37.70,,61
5047,158,2456,,48,,29:39.60,,61
5048,162,1704,,48,,29:39.90,,61
5049,167,3011,,48,,29:39.90,,61
5050,132,2728,,48,,29:45.30,,61
5051,164,731,,48,,29:45.90,,61
5052,161,2351,,48,,29:46.50,,61
5053,138,722,,48,,29:47.90,,61
5054,161,2349,,48,,29:51.10,,61
5055,167,734,,48,,29:51.60,,61
5056,158,2449,,48,,29:51.90,,61
5057,138,730,,48,,29:52.40,,61
5058,165,397,,48,,29:54.40,,61
5059,147,3143,,48,,29:54.70,,61
5060,146,1229,,48,,29:54.90,,61
5061,152,3144,,48,,29:56.50,,61
5062,167,751,,48,,29:56.60,,61
5063,167,2576,,48,,29:57.30,,61
5064,164,2730,,48,,29:57.30,,61
5065,146,1236,,48,,29:58.10,,61
5066,141,2175,,48,,30:00.50,,61
5067,146,1246,,48,,30:02.80,,61
5068,164,3145,,48,,30:06.20,,61
5069,160,2445,,48,,30:07.90,,61
5070,156,2350,,48,,30:08.50,,61
5071,150,2352,,48,,30:09.30,,61
5072,165,400,,48,,30:11.10,,61
5073,165,3146,,48,,30:14.50,,61
5074,131,1241,,48,,30:17.60,,61
5075,164,2735,,48,,30:18.50,,61
5076,158,2899,,48,,30:20.20,,61
5077,147,3147,,48,,30:21.00,,61
5078,164,728,,48,,30:21.20,,61
5079,162,1288,,48,,30:22.70,,61
5080,159,2173,,48,,30:25.90,,61
5081,159,2177,,48,,30:27.10,,61
5082,167,2572,,48,,30:27.20,,61
5083,167,708,,48,,30:29.40,,61
5084,152,3148,,48,,30:31.20,,61
5085,164,3149,,48,,30:33.80,,61
5086,165,2179,,48,,30:36.50,,61
5087,130,2453,,48,,30:36.90,,61
5088,142,737,,48,,30:38.80,,61
5089,130,2447,,48,,30:39.20,,61
5090,164,748,,48,,30:42.10,,61
5091,147,3150,,48,,30:43.20,,61
5092,146,1219,,48,,30:45.00,,61
5093,146,1255,,48,,30:45.90,,61
5094,167,726,,48,,30:48.00,,61
5095,167,740,,48,,30:49.30,,61
5096,159,752,,48,,30:50.80,,61
5097,162,1267,,48,,30:52.60,,61
5098,167,720,,48,,30:54.40,,61
5099,152,2448,,48,,30:54.60,,61
5100,146,1257,,48,,30:57.40,,61
5101,130,2455,,48,,30:57.60,,61
5102,150,2361,,48,,30:59.50,,61
5103,150,1234,,48,,31:01.40,,61
5104,160,2745,,48,,31:06.50,,61
5105,167,754,,48,,31:08.70,,61
5106,141,2181,,48,,31:08.90,,61
5107,167,743,,48,,31:11.40,,61
5108,156,3151,,48,,31:14.60,,61
5109,150,2822,,48,,31:17.80,,61
5110,150,1269,,48,,31:19.40,,61
5112,138,2471,,48,,31:21.80,,61
5113,146,1263,,48,,31:27.50,,61
5114,168,3152,,48,,31:34.70,,61
5115,146,1692,,48,,31:38.60,,61
5116,138,755,,48,,31:43.20,,61
5117,146,1305,,48,,31:44.90,,61
5118,167,757,,48,,31:46.30,,61
5119,164,2743,,48,,31:47.20,,61
5120,132,3153,,48,,31:50.50,,61
5121,167,760,,48,,31:54.50,,61
5122,160,2460,,48,,31:55.80,,61
5123,146,1309,,48,,31:57.00,,61
5124,167,3014,,48,,32:00.30,,61
5125,164,772,,48,,32:00.50,,61
5126,158,2466,,48,,32:00.70,,61
5127,132,758,,48,,32:01.00,,61
5128,159,762,,48,,32:01.20,,61
5129,150,2353,,48,,32:03.90,,61
5111,146,1273,,48,,31:20.30,,61
5130,130,2459,,48,,32:05.40,,61
5131,132,769,,48,,32:06.10,,61
5132,164,2742,,48,,32:06.30,,61
5133,162,2694,,48,,32:06.60,,61
5134,158,2463,,48,,32:08.40,,61
5135,152,3154,,48,,32:09.90,,61
5136,141,1367,,48,,32:12.90,,61
5137,146,1278,,48,,32:13.50,,61
5138,146,1373,,48,,32:17.10,,61
5139,160,1320,,48,,32:18.70,,61
5140,165,401,,48,,32:18.90,,61
5141,146,1301,,48,,32:22.40,,61
5142,130,2464,,48,,32:27.00,,61
5143,159,2750,,48,,32:27.10,,61
5144,150,2366,,48,,32:28.80,,61
5145,158,2900,,48,,32:32.00,,61
5146,156,2363,,48,,32:33.60,,61
5147,146,1252,,48,,32:34.90,,61
5148,162,1323,,48,,32:35.50,,61
5149,146,1270,,48,,32:36.40,,61
5150,142,756,,48,,32:41.10,,61
5151,159,2184,,48,,32:44.10,,61
5152,167,778,,48,,32:47.70,,61
5153,162,1348,,48,,32:51.10,,61
5154,130,2468,,48,,32:52.80,,61
5155,130,3155,,48,,32:53.20,,61
5156,169,1294,,48,,32:54.90,,61
5157,165,402,,48,,32:57.80,,61
5158,164,741,,48,,32:59.00,,61
5159,164,2749,,48,,33:05.80,,61
5160,138,3156,,48,,33:07.40,,61
5161,159,764,,48,,33:09.60,,61
5162,167,2608,,48,,33:10.20,,61
5163,164,2753,,48,,33:10.60,,61
5164,142,767,,48,,33:13.20,,61
5165,146,1356,,48,,33:13.70,,61
5166,164,763,,48,,33:14.00,,61
5167,142,746,,48,,33:15.20,,61
5168,146,1406,,48,,33:16.80,,61
5169,160,1357,,48,,33:17.60,,61
5170,167,794,,48,,33:19.10,,61
5171,162,1695,,48,,33:20.20,,61
5172,158,2467,,48,,33:22.50,,61
5173,156,2368,,48,,33:23.50,,61
5174,159,753,,48,,33:25.70,,61
5175,130,2450,,48,,33:27.40,,61
5176,146,1322,,48,,33:29.00,,61
5177,146,1277,,48,,33:31.40,,61
5178,146,1307,,48,,33:32.00,,61
5179,161,3157,,48,,33:34.30,,61
5180,160,1304,,48,,33:36.50,,61
5181,158,2470,,48,,33:36.60,,61
5182,162,3158,,48,,33:37.80,,61
5183,146,1341,,48,,33:40.60,,61
5184,164,786,,48,,33:42.80,,61
5185,152,3159,,48,,33:43.80,,61
5186,146,1697,,48,,33:44.40,,61
5187,167,2607,,48,,33:44.70,,61
5188,141,3160,,48,,33:46.20,,61
5189,159,3161,,48,,33:47.30,,61
5190,159,781,,48,,33:47.70,,61
5191,161,2367,,48,,33:54.20,,61
5192,150,1330,,48,,33:57.30,,61
5193,152,3162,,48,,33:58.00,,61
5194,142,771,,48,,33:58.00,,61
5195,161,2369,,48,,34:00.70,,61
5196,162,1366,,48,,34:03.20,,61
5197,150,3163,,48,,34:04.10,,61
5198,150,1286,,48,,34:05.40,,61
5199,165,3164,,48,,34:06.60,,61
5200,152,2465,,48,,34:18.30,,61
5201,160,1393,,48,,34:20.20,,61
5202,158,2469,,48,,34:24.50,,61
5203,132,2752,,48,,34:24.70,,61
5204,162,2692,,48,,34:25.80,,61
5205,150,3165,,48,,34:27.10,,61
5206,169,3166,,48,,34:36.10,,61
5207,138,802,,48,,34:42.10,,61
5208,146,1395,,48,,34:45.50,,61
5209,150,1291,,48,,34:45.70,,61
5210,147,3167,,48,,34:53.20,,61
5211,165,3168,,48,,34:58.40,,61
5212,162,3169,,48,,35:02.90,,61
5213,146,1693,,48,,35:09.70,,61
5214,167,775,,48,,35:11.00,,61
5215,165,2180,,48,,35:11.20,,61
5216,146,1399,,48,,35:18.30,,61
5217,162,1696,,48,,35:19.40,,61
5218,158,2474,,48,,35:26.80,,61
5219,158,2473,,48,,35:40.20,,61
5220,158,3170,,48,,35:40.30,,61
5221,141,1401,,48,,35:47.80,,61
5222,167,792,,48,,35:52.80,,61
5223,130,2476,,48,,35:53.50,,61
5224,130,2478,,48,,35:58.50,,61
5225,146,1364,,48,,36:04.00,,61
5226,152,3171,,48,,36:22.00,,61
5227,160,3172,,48,,36:30.00,,61
5228,165,403,,48,,36:45.40,,61
5229,132,3173,,48,,36:46.70,,61
5230,167,796,,48,,37:08.80,,61
5231,167,790,,48,,37:13.80,,61
5232,146,3174,,48,,37:15.80,,61
5233,162,1386,,48,,37:23.40,,61
5234,159,3175,,48,,37:45.60,,61
5235,146,1403,,48,,38:01.70,,61
5236,158,2481,,48,,38:01.70,,61
5237,130,2484,,48,,38:13.10,,61
5238,152,2482,,48,,38:13.50,,61
5239,164,801,,48,,39:08.70,,61
5240,146,1426,,48,,39:12.90,,61
5241,162,3176,,48,,39:26.60,,61
5242,164,795,,48,,39:39.20,,61
5243,146,1419,,48,,40:23.30,,61
5244,160,1435,,48,,40:43.90,,61
5245,152,3177,,48,,41:42.00,,61
5246,162,1429,,48,,41:53.80,,61
5247,158,2487,,48,,42:02.80,,61
5248,138,3024,,48,,42:29.90,,61
5249,146,1437,,48,,42:43.50,,61
5250,160,1439,,48,,44:26.20,,61
5251,152,2489,,48,,45:53.00,,61
5252,162,1441,,48,,45:54.20,,61
5253,162,2697,,48,,46:12.10,,61
5254,160,2770,,48,,47:22.40,,61
5255,152,3178,,48,,48:17.60,,61
5256,188,807,,47,,23:51.47,,62
5257,204,809,,47,,24:13.82,,62
5258,199,1728,,47,,24:55.38,,62
5259,178,3179,,47,,24:58.07,,62
5260,188,1724,,47,,25:01.79,,62
5261,172,1727,,47,,25:12.82,,62
5262,174,2073,,47,,25:14.75,,62
5263,172,1740,,47,,25:16.26,,62
5264,172,3028,,47,,25:23.45,,62
5265,172,1736,,47,,25:23.75,,62
5266,188,1729,,47,,25:28.36,,62
5267,204,1726,,47,,25:29.17,,62
5268,196,820,,47,,25:30.59,,62
5269,178,3180,,47,,25:31.94,,62
5270,180,3181,,47,,25:34.49,,62
5271,178,1739,,47,,25:35.70,,62
5272,188,811,,47,,25:40.07,,62
5273,172,1735,,47,,25:41.73,,62
5274,188,1733,,47,,25:46.39,,62
5275,172,1734,,47,,25:51.78,,62
5276,188,810,,47,,26:00.25,,62
5277,188,824,,47,,26:01.09,,62
5278,188,816,,47,,26:02.65,,62
5279,176,2075,,47,,26:07.46,,62
5280,174,2082,,47,,26:08.57,,62
5281,172,1761,,47,,26:09.90,,62
5282,174,1762,,47,,26:16.32,,62
5283,171,1011,,47,,26:26.88,,62
5284,199,1731,,47,,26:32.61,,62
5285,188,817,,47,,26:32.79,,62
5286,196,826,,47,,26:38.77,,62
5287,178,1730,,47,,26:41.64,,62
5288,188,813,,47,,26:43.94,,62
5289,191,2079,,47,,26:44.66,,62
5290,174,3182,,47,,26:55.06,,62
5291,208,3183,,47,,27:03.65,,62
5292,174,1759,,47,,27:07.37,,62
5293,186,3184,,47,,27:08.84,,62
5294,208,3185,,47,,27:10.24,,62
5295,188,1744,,47,,27:10.40,,62
5296,172,1750,,47,,27:13.78,,62
5297,199,1738,,47,,27:15.07,,62
5298,199,1742,,47,,27:16.12,,62
5299,171,1044,,47,,27:18.98,,62
5300,178,3032,,47,,27:25.06,,62
5301,204,831,,47,,27:26.91,,62
5302,171,1034,,47,,27:36.15,,62
5303,203,1763,,47,,27:37.20,,62
5304,188,829,,47,,27:37.29,,62
5305,199,1756,,47,,27:38.01,,62
5306,188,3037,,47,,27:38.56,,62
5307,204,1757,,47,,27:39.64,,62
5308,174,2083,,47,,27:41.31,,62
5309,204,2074,,47,,27:44.70,,62
5310,178,1743,,47,,27:47.06,,62
5311,178,3033,,47,,27:54.68,,62
5312,204,844,,47,,27:58.31,,62
5313,178,1764,,47,,27:58.74,,62
5314,203,1732,,47,,27:59.78,,62
5315,174,1767,,47,,28:00.88,,62
5316,174,3186,,47,,28:05.17,,62
5317,172,1760,,47,,28:05.27,,62
5318,180,1766,,47,,28:11.70,,62
5319,188,1752,,47,,28:19.62,,62
5320,178,1746,,47,,28:20.52,,62
5321,203,1741,,47,,28:27.58,,62
5322,178,3187,,47,,28:30.18,,62
5323,171,1073,,47,,28:30.75,,62
5324,208,3188,,47,,28:31.48,,62
5325,203,1751,,47,,28:32.33,,62
5326,199,1771,,47,,28:33.06,,62
5327,208,3189,,47,,28:37.64,,62
5328,208,3190,,47,,28:46.50,,62
5329,188,1773,,47,,28:49.25,,62
5330,199,1776,,47,,28:51.22,,62
5331,188,853,,47,,28:55.46,,62
5332,208,3191,,47,,28:57.83,,62
5333,203,1765,,47,,29:01.10,,62
5334,178,1725,,47,,29:02.68,,62
5335,178,1754,,47,,29:02.76,,62
5336,203,3035,,47,,29:04.45,,62
5337,208,3192,,47,,29:07.93,,62
5338,204,850,,47,,29:15.25,,62
5339,191,3193,,47,,29:18.66,,62
5340,171,1067,,47,,29:24.08,,62
5341,204,839,,47,,29:28.26,,62
5342,199,1772,,47,,29:36.54,,62
5343,204,841,,47,,29:38.01,,62
5344,203,1769,,47,,29:39.29,,62
5345,188,855,,47,,29:44.01,,62
5346,188,3041,,47,,29:45.60,,62
5347,199,1784,,47,,29:50.33,,62
5348,203,1777,,47,,29:50.79,,62
5349,204,3194,,47,,29:51.48,,62
5350,208,3195,,47,,29:54.73,,62
5351,188,1791,,47,,29:58.42,,62
5352,199,1778,,47,,30:03.74,,62
5353,172,3196,,47,,30:22.16,,62
5354,203,2094,,47,,30:25.42,,62
5355,180,1779,,47,,30:31.94,,62
5356,203,2096,,47,,30:32.57,,62
5357,172,1797,,47,,30:36.55,,62
5358,180,2093,,47,,30:41.12,,62
5359,172,1800,,47,,30:44.70,,62
5360,191,2097,,47,,30:47.67,,62
5361,203,1798,,47,,30:48.76,,62
5362,180,3197,,47,,30:49.99,,62
5363,204,848,,47,,30:53.91,,62
5364,196,3030,,47,,30:56.16,,62
5365,203,1783,,47,,31:04.36,,62
5366,203,3036,,47,,31:18.12,,62
5367,191,3198,,47,,31:20.53,,62
5368,180,3038,,47,,31:24.00,,62
5369,204,2106,,47,,31:25.91,,62
5370,188,852,,47,,31:30.32,,62
5371,188,1804,,47,,31:42.08,,62
5372,199,1795,,47,,32:00.68,,62
5373,203,1796,,47,,32:15.79,,62
5374,172,1799,,47,,32:18.36,,62
5375,208,3199,,47,,32:32.89,,62
5376,208,3200,,47,,32:32.96,,62
5377,191,3201,,47,,32:43.27,,62
5378,196,2338,,47,,32:52.24,,62
5379,174,3202,,47,,32:58.45,,62
5380,196,861,,47,,34:38.71,,62
5381,196,860,,47,,35:52.46,,62
5382,204,3203,,47,,36:51.50,,62
111300,1,18726,Sr,17,,19:21.60,,1329
5384,188,867,,48,,26:26.36,,62
5385,203,2108,,48,,26:35.49,,62
5386,178,1813,,48,,26:43.58,,62
5387,174,3204,,48,,26:49.05,,62
5388,178,1811,,48,,26:50.87,,62
5389,180,1812,,48,,26:52.31,,62
5390,203,1809,,48,,26:59.42,,62
5391,172,1814,,48,,27:05.45,,62
5392,188,2112,,48,,27:09.51,,62
5393,204,870,,48,,27:14.12,,62
5394,188,885,,48,,27:20.78,,62
5395,196,866,,48,,27:23.42,,62
5396,172,1810,,48,,27:25.74,,62
5397,178,1815,,48,,27:28.23,,62
5398,174,1819,,48,,27:29.49,,62
5399,203,3053,,48,,27:30.71,,62
5400,204,868,,48,,27:33.33,,62
5401,188,1838,,48,,27:33.36,,62
5402,178,1818,,48,,27:41.65,,62
5403,172,1817,,48,,27:43.49,,62
5404,172,1816,,48,,27:47.76,,62
5405,204,873,,48,,27:54.11,,62
5406,203,2113,,48,,27:55.41,,62
5407,203,1822,,48,,27:59.55,,62
5408,178,3205,,48,,28:04.61,,62
5409,178,1824,,48,,28:06.20,,62
5410,178,1825,,48,,28:10.05,,62
5411,180,2110,,48,,28:11.18,,62
5412,178,3206,,48,,28:13.44,,62
5413,188,882,,48,,28:16.39,,62
5414,208,3207,,48,,28:20.40,,62
5415,199,3208,,48,,28:21.30,,62
5416,174,2116,,48,,28:25.21,,62
5417,176,2114,,48,,28:27.04,,62
5418,171,1183,,48,,28:28.12,,62
5419,172,1828,,48,,28:36.25,,62
5420,171,1217,,48,,28:39.57,,62
5421,174,1856,,48,,28:41.70,,62
5422,188,886,,48,,28:42.09,,62
5423,178,3052,,48,,28:44.18,,62
5424,178,3209,,48,,28:46.38,,62
5425,172,1826,,48,,28:51.66,,62
5426,174,1847,,48,,28:53.66,,62
5427,208,3210,,48,,28:55.52,,62
5428,171,1224,,48,,28:56.22,,62
5429,196,2348,,48,,28:59.09,,62
5430,196,892,,48,,28:59.54,,62
5431,171,1222,,48,,29:01.33,,62
5432,188,877,,48,,29:01.81,,62
5433,172,1837,,48,,29:03.88,,62
5434,180,3211,,48,,29:09.08,,62
5435,199,1839,,48,,29:09.16,,62
5436,188,1823,,48,,29:11.35,,62
5437,188,1865,,48,,29:12.26,,62
5438,203,1827,,48,,29:14.55,,62
5439,205,2115,,48,,29:14.57,,62
5440,178,3054,,48,,29:15.67,,62
5441,203,1849,,48,,29:18.66,,62
5442,204,874,,48,,29:23.85,,62
5443,203,1841,,48,,29:24.29,,62
5444,188,881,,48,,29:24.93,,62
5445,196,913,,48,,29:27.47,,62
5446,188,1863,,48,,29:27.91,,62
5447,204,900,,48,,29:28.72,,62
5448,203,1832,,48,,29:29.26,,62
5449,172,3212,,48,,29:29.84,,62
5450,188,878,,48,,29:30.56,,62
5451,208,3213,,48,,29:30.86,,62
5452,203,3056,,48,,29:31.18,,62
5453,178,1850,,48,,29:37.51,,62
5454,204,1834,,48,,29:41.13,,62
5455,188,2122,,48,,29:45.37,,62
5456,188,918,,48,,29:46.26,,62
5457,174,1836,,48,,29:47.07,,62
5458,204,894,,48,,29:47.84,,62
5459,176,2117,,48,,29:52.03,,62
5460,196,895,,48,,29:53.89,,62
5461,178,1853,,48,,29:54.62,,62
5462,171,1265,,48,,29:56.83,,62
5463,204,890,,48,,29:58.25,,62
5464,188,910,,48,,29:58.56,,62
5465,171,1239,,48,,30:00.63,,62
5466,188,2127,,48,,30:05.95,,62
5467,172,1851,,48,,30:10.27,,62
5468,203,3058,,48,,30:12.78,,62
5469,208,3214,,48,,30:15.88,,62
5470,203,1835,,48,,30:16.29,,62
5471,203,1858,,48,,30:28.82,,62
5472,188,3215,,48,,30:30.01,,62
5473,191,3216,,48,,30:35.36,,62
5474,208,3217,,48,,30:36.90,,62
5475,196,2347,,48,,30:38.88,,62
5476,172,1875,,48,,30:42.86,,62
5477,171,1228,,48,,30:44.34,,62
5478,204,906,,48,,30:46.55,,62
5479,203,3057,,48,,30:49.82,,62
5480,203,2123,,48,,30:52.50,,62
5481,174,2128,,48,,30:52.97,,62
5482,208,3218,,48,,30:54.38,,62
5483,204,912,,48,,30:57.63,,62
5484,178,1869,,48,,31:01.12,,62
5485,203,3079,,48,,31:02.30,,62
5486,172,3219,,48,,31:07.16,,62
5487,204,3220,,48,,31:08.24,,62
5488,188,917,,48,,31:09.63,,62
5489,188,1868,,48,,31:13.11,,62
5490,203,3064,,48,,31:14.21,,62
5491,203,1855,,48,,31:14.45,,62
5492,188,2129,,48,,31:17.91,,62
5493,208,3221,,48,,31:24.27,,62
5494,196,3066,,48,,31:25.97,,62
5495,208,3222,,48,,31:32.73,,62
5496,174,1873,,48,,31:33.68,,62
5497,172,1867,,48,,31:38.24,,62
5498,208,3223,,48,,31:39.78,,62
5499,196,3224,,48,,31:41.74,,62
5500,171,1312,,48,,31:45.20,,62
5501,204,922,,48,,31:49.97,,62
5502,188,1877,,48,,31:52.06,,62
5503,171,1261,,48,,31:55.40,,62
5504,203,1881,,48,,31:57.55,,62
5505,204,934,,48,,31:59.40,,62
5506,208,3225,,48,,31:59.66,,62
5507,203,1883,,48,,32:01.39,,62
5508,208,3226,,48,,32:14.79,,62
5509,204,924,,48,,32:15.33,,62
5510,172,1878,,48,,32:15.75,,62
5511,199,1880,,48,,32:28.30,,62
5512,199,1907,,48,,32:30.92,,62
5513,174,1886,,48,,32:35.02,,62
5514,204,2142,,48,,32:36.27,,62
5515,178,1870,,48,,32:38.69,,62
5516,203,1894,,48,,32:38.70,,62
5517,199,1895,,48,,32:40.69,,62
5518,174,1889,,48,,32:48.13,,62
5519,171,2354,,48,,32:54.78,,62
5520,188,927,,48,,33:11.62,,62
5521,204,932,,48,,33:12.62,,62
5522,204,1876,,48,,33:16.13,,62
5523,174,1882,,48,,33:18.42,,62
5524,204,1899,,48,,33:19.31,,62
5525,203,2141,,48,,33:28.33,,62
5526,196,948,,48,,33:33.69,,62
5527,203,1900,,48,,33:40.91,,62
5528,178,1896,,48,,33:42.37,,62
5529,188,941,,48,,33:44.94,,62
5530,188,944,,48,,33:47.11,,62
5531,172,1901,,48,,33:51.58,,62
5532,196,947,,48,,33:59.74,,62
5533,203,1892,,48,,34:00.35,,62
5534,204,1914,,48,,34:01.25,,62
5535,203,2138,,48,,34:01.99,,62
5536,188,953,,48,,34:03.78,,62
5537,203,1905,,48,,34:06.13,,62
5538,203,3083,,48,,34:19.03,,62
5539,188,2140,,48,,34:32.91,,62
5540,188,2132,,48,,34:51.88,,62
5541,172,1864,,48,,35:13.97,,62
5542,205,3227,,48,,35:21.87,,62
5543,203,2134,,48,,36:17.35,,62
5544,203,1908,,48,,36:18.38,,62
5545,196,2375,,48,,36:30.82,,62
5546,208,3228,,48,,36:38.71,,62
5547,172,1917,,48,,36:43.38,,62
5548,205,2144,,48,,36:49.61,,62
5549,191,3229,,48,,36:53.61,,62
5550,174,3230,,48,,36:54.42,,62
5551,199,1920,,48,,36:56.86,,62
5552,196,2373,,48,,37:09.15,,62
5553,172,1906,,48,,37:09.20,,62
5554,188,1912,,48,,37:48.28,,62
5555,188,928,,48,,37:50.18,,62
5556,188,966,,48,,37:52.70,,62
5557,180,1922,,48,,38:27.23,,62
5558,188,1919,,48,,38:33.18,,62
5559,188,3085,,48,,39:28.21,,62
5560,204,1874,,48,,39:32.71,,62
5561,174,2157,,48,,40:16.29,,62
5562,204,963,,48,,40:34.49,,62
5563,191,2159,,48,,41:42.34,,62
5564,203,3231,,48,,41:59.31,,62
5565,204,964,,48,,42:19.57,,62
5566,191,3232,,48,,48:05.32,,62
5567,196,969,,48,,48:12.13,,62
5568,4,3233,,17,,20:38.63,,63
5569,4,2922,,17,,21:00.37,,63
5570,16,3234,,17,,21:07.92,,63
5571,16,3235,,17,,21:23.01,,63
5572,16,3236,,17,,21:29.64,,63
5573,4,2927,,17,,21:34.97,,63
5574,11,2924,,17,,21:42.77,,63
5575,15,3237,,17,,21:45.31,,63
5576,4,2929,,17,,21:49.75,,63
5577,15,3238,,17,,21:50.83,,63
5578,15,3239,,17,,21:51.90,,63
5579,4,2921,,17,,22:12.75,,63
5580,15,3240,,17,,22:15.33,,63
5581,4,2925,,17,,22:23.82,,63
5582,4,2930,,17,,22:24.53,,63
5583,15,3241,,17,,22:25.68,,63
5584,11,2933,,17,,22:34.55,,63
5585,11,2931,,17,,22:36.19,,63
5586,17,3242,,17,,22:52.35,,63
5587,4,2928,,17,,22:58.04,,63
5588,11,3243,,17,,23:03.38,,63
5589,4,2932,,17,,23:06.63,,63
5590,4,2934,,17,,23:07.63,,63
5591,20,3244,,17,,23:19.97,,63
5592,16,3245,,17,,23:39.53,,63
5593,16,3246,,17,,23:45.52,,63
5594,17,3247,,17,,23:52.74,,63
5595,4,112,,17,,23:52.82,,63
5596,20,3248,,17,,24:04.43,,63
5597,4,2936,,17,,24:10.52,,63
5598,20,3249,,17,,24:14.12,,63
5599,4,2935,,17,,24:15.02,,63
5600,4,2939,,17,,24:16.22,,63
5601,15,3250,,17,,24:18.16,,63
5602,16,3251,,17,,24:21.55,,63
5603,4,2938,,17,,24:22.44,,63
5604,11,3252,,17,,24:37.81,,63
5605,20,3253,,17,,24:39.91,,63
5606,4,2940,,17,,25:41.02,,63
5607,20,3254,,17,,25:52.76,,63
5608,16,3255,,17,,26:02.11,,63
5609,11,3256,,17,,26:14.51,,63
5610,16,3257,,17,,28:08.59,,63
5611,4,2942,,17,,28:18.89,,63
5612,15,3258,,17,,28:36.02,,63
5613,20,3259,,17,,28:46.10,,63
5614,4,2943,,17,,29:07.09,,63
5615,16,3260,,17,,30:32.82,,63
5616,16,3261,,17,,32:14.98,,63
5617,16,3262,,17,,35:16.84,,63
5618,17,3263,,49,,21:34.79,,63
5619,4,2944,,49,,21:40.40,,63
5620,4,89,,49,,21:55.44,,63
5621,4,2946,,49,,22:00.87,,63
5622,17,3264,,49,,22:05.67,,63
5623,4,2945,,49,,22:08.27,,63
5624,4,91,,49,,22:08.76,,63
5625,4,93,,49,,22:09.37,,63
5626,11,2947,,49,,22:20.94,,63
5627,11,2949,,49,,22:22.03,,63
5628,11,2955,,49,,22:32.62,,63
5629,11,3265,,49,,22:42.30,,63
5630,4,2952,,49,,22:43.54,,63
5631,4,98,,49,,22:45.33,,63
5632,17,3266,,49,,22:48.72,,63
5633,4,2954,,49,,22:55.12,,63
5634,17,3267,,49,,22:56.02,,63
5635,15,3268,,49,,22:56.44,,63
5636,4,102,,49,,23:03.05,,63
5637,4,2951,,49,,23:08.12,,63
5638,17,3269,,49,,23:09.98,,63
5639,4,94,,49,,23:10.44,,63
5640,17,3270,,49,,23:11.76,,63
5641,11,2962,,49,,23:11.80,,63
5642,4,90,,49,,23:11.98,,63
5643,17,3271,,49,,23:14.30,,63
5644,4,95,,49,,23:16.03,,63
5645,4,96,,49,,23:16.44,,63
5646,4,2956,,49,,23:17.20,,63
5647,15,3272,,49,,23:18.05,,63
5648,11,2953,,49,,23:22.12,,63
5649,15,3273,,49,,23:28.17,,63
5650,4,2963,,49,,23:33.53,,63
5651,17,3274,,49,,23:33.89,,63
5652,4,2965,,49,,23:38.81,,63
5653,16,3275,,49,,23:40.82,,63
5654,4,2959,,49,,23:41.69,,63
5656,15,3276,,49,,23:42.45,,63
5657,4,2968,,49,,23:44.11,,63
5658,15,3277,,49,,23:44.68,,63
5659,16,3278,,49,,23:45.45,,63
5660,4,100,,49,,23:49.20,,63
5661,11,2961,,49,,23:56.39,,63
5662,11,2969,,49,,23:58.72,,63
5663,15,3279,,49,,24:04.22,,63
5664,16,3280,,49,,24:07.09,,63
5665,4,3281,,49,,24:07.31,,63
5666,11,2964,,49,,24:12.33,,63
5667,11,2967,,49,,24:16.63,,63
5668,15,3282,,49,,24:24.13,,63
5669,4,103,,49,,24:26.39,,63
5670,16,3283,,49,,24:27.99,,63
5671,16,3284,,49,,24:29.27,,63
5672,11,2972,,49,,24:36.76,,63
5673,4,2970,,49,,24:39.56,,63
5674,15,3285,,49,,24:41.56,,63
5675,15,3286,,49,,24:44.32,,63
5676,4,2971,,49,,24:50.17,,63
5677,11,3287,,49,,24:56.84,,63
5678,16,3288,,49,,25:16.82,,63
5679,4,2976,,49,,25:20.49,,63
5680,11,2973,,49,,25:23.31,,63
5681,4,2977,,49,,25:49.31,,63
5682,4,3289,,49,,26:03.78,,63
5683,16,3290,,49,,26:09.40,,63
5684,16,3291,,49,,26:11.22,,63
5685,16,3292,,49,,26:18.23,,63
5686,11,2982,,49,,26:18.70,,63
5687,4,2986,,49,,26:20.00,,63
5688,4,105,,49,,26:20.46,,63
5689,4,2979,,49,,26:28.99,,63
5690,16,3293,,49,,26:30.03,,63
5691,11,3294,,49,,26:34.12,,63
5692,4,2981,,49,,26:38.65,,63
5693,16,3295,,49,,26:47.26,,63
5694,17,3296,,49,,27:13.16,,63
5695,16,3297,,49,,27:20.01,,63
5696,15,3298,,49,,27:30.79,,63
5697,16,3299,,49,,27:34.46,,63
5698,4,2988,,49,,27:46.28,,63
5699,11,2987,,49,,27:53.62,,63
5700,4,2985,,49,,27:55.23,,63
5701,16,3300,,49,,27:56.18,,63
5702,16,3301,,49,,27:57.63,,63
5703,17,3302,,49,,28:22.07,,63
5704,15,3303,,49,,28:32.84,,63
5705,4,3304,,49,,28:34.47,,63
5706,16,3305,,49,,28:41.01,,63
5707,15,3306,,49,,28:58.74,,63
5708,20,3307,,49,,29:05.95,,63
5709,11,2989,,49,,29:10.89,,63
5710,15,3308,,49,,29:18.69,,63
5711,4,2990,,49,,29:21.27,,63
5712,20,3309,,49,,29:52.48,,63
5713,15,3310,,49,,31:00.21,,63
5714,15,3311,,49,,33:04.50,,63
5715,4,2991,,49,,33:50.95,,63
5716,20,3312,,49,,34:22.66,,63
5717,117,232,,47,,22:53.90,,64
5718,112,404,,47,,22:54.20,,64
5719,117,63,,47,,23:09.80,,64
5720,124,1926,,47,,23:13.60,,64
5721,1,64,,47,,23:13.60,,64
5722,117,231,,47,,23:22.10,,64
5723,116,282,,47,,23:27.30,,64
5724,1,65,,47,,23:36.70,,64
5725,117,234,,47,,23:57.40,,64
5726,124,1931,,47,,23:59.80,,64
5727,124,2824,,47,,24:04.20,,64
5728,116,443,,47,,24:09.00,,64
5729,124,1930,,47,,24:15.20,,64
5730,124,1929,,47,,24:20.30,,64
5731,116,285,,47,,24:23.50,,64
5732,124,1933,,47,,24:24.40,,64
5733,117,237,,47,,24:25.40,,64
5734,116,284,,47,,24:33.00,,64
5735,1,66,,47,,24:34.20,,64
5736,1,70,,47,,24:35.20,,64
5737,124,3313,,47,,24:40.00,,64
5738,107,1936,,47,,24:42.70,,64
5739,124,1928,,47,,24:48.50,,64
5740,1,68,,47,,24:50.00,,64
5741,116,442,,47,,24:54.90,,64
5742,112,406,,47,,24:55.90,,64
5743,111,287,,47,,24:59.40,,64
5744,117,69,,47,,24:59.50,,64
5745,111,976,,47,,25:00.80,,64
5746,116,448,,47,,25:04.70,,64
5747,124,2825,,47,,25:09.20,,64
5748,116,283,,47,,25:11.20,,64
5749,101,241,,47,,25:14.40,,64
5750,124,1932,,47,,25:15.40,,64
5751,117,238,,47,,25:21.70,,64
5752,112,1934,,47,,25:42.30,,64
5753,108,74,,47,,25:44.10,,64
5754,1,71,,47,,25:46.20,,64
5755,107,1935,,47,,25:46.20,,64
5756,116,294,,47,,25:54.50,,64
5757,124,1946,,47,,25:56.90,,64
5758,112,408,,47,,25:57.00,,64
5759,116,297,,47,,25:57.40,,64
5760,111,295,,47,,26:02.50,,64
5761,124,1937,,47,,26:18.40,,64
5762,124,1948,,47,,26:19.90,,64
5763,120,293,,47,,26:23.80,,64
5764,124,1953,,47,,26:26.30,,64
5765,107,1942,,47,,26:38.70,,64
5766,116,445,,47,,26:42.50,,64
5767,124,1943,,47,,26:47.80,,64
5768,117,1956,,47,,26:50.60,,64
5769,111,3314,,47,,26:50.60,,64
5770,124,1952,,47,,26:54.40,,64
5771,107,1949,,47,,27:06.10,,64
5772,107,3315,,47,,27:12.00,,64
5773,104,2832,,47,,27:15.50,,64
5774,117,81,,47,,27:20.90,,64
5775,108,2233,,47,,27:23.10,,64
5776,124,1954,,47,,27:34.00,,64
5777,124,1947,,47,,27:35.50,,64
5778,107,2830,,47,,27:37.80,,64
5779,108,254,,47,,27:39.20,,64
5780,101,256,,47,,27:40.70,,64
5781,111,3316,,47,,28:06.70,,64
5782,124,3317,,47,,28:08.20,,64
5783,124,1939,,47,,28:15.10,,64
5784,116,303,,47,,28:22.70,,64
5785,124,1962,,47,,28:25.80,,64
5786,117,79,,47,,28:27.90,,64
5787,111,304,,47,,28:29.90,,64
5788,116,298,,47,,28:44.30,,64
5789,120,301,,47,,28:50.40,,64
5790,117,264,,47,,28:57.30,,64
5791,124,2838,,47,,29:11.70,,64
5792,111,302,,47,,29:13.10,,64
5793,120,306,,47,,29:17.80,,64
5794,107,2841,,47,,29:24.50,,64
5795,124,2850,,47,,29:37.10,,64
5796,103,979,,47,,29:41.10,,64
5797,101,971,,47,,29:45.30,,64
5798,112,2833,,47,,29:47.80,,64
5799,101,268,,47,,29:49.10,,64
5800,124,3318,,47,,29:51.70,,64
5801,111,305,,47,,29:53.60,,64
5802,117,262,,47,,29:55.10,,64
5803,124,1965,,47,,29:57.80,,64
5804,124,2837,,47,,29:58.00,,64
5805,124,2842,,47,,30:01.10,,64
5806,128,3319,,47,,30:01.20,,64
5807,124,1960,,47,,30:02.10,,64
5808,128,3320,,47,,30:08.90,,64
5809,128,3321,,47,,30:12.00,,64
5810,124,1975,,47,,30:15.50,,64
5811,112,409,,47,,30:33.00,,64
5812,107,2836,,47,,30:33.10,,64
5813,124,1971,,47,,30:38.10,,64
5814,101,274,,47,,30:46.00,,64
5815,104,1983,,47,,30:46.70,,64
5816,111,309,,47,,31:07.10,,64
5817,108,3322,,47,,31:14.50,,64
5818,120,307,,47,,31:51.50,,64
5819,124,1972,,47,,32:04.60,,64
5820,124,1985,,47,,32:58.00,,64
5821,128,3323,,47,,33:01.60,,64
5822,117,271,,47,,33:07.50,,64
5823,124,1961,,47,,33:42.10,,64
5824,101,275,,47,,34:33.30,,64
5825,103,3324,,47,,35:59.60,,64
5826,104,1987,,47,,35:59.80,,64
5827,124,1989,,48,,24:59.70,,64
5828,124,1990,,48,,25:17.90,,64
5829,112,2851,,48,,25:25.30,,64
5830,124,1991,,48,,25:34.80,,64
5831,124,2852,,48,,25:35.20,,64
5832,116,451,,48,,25:42.90,,64
5833,124,1993,,48,,25:43.70,,64
5834,124,1996,,48,,25:45.20,,64
5835,124,2007,,48,,25:57.60,,64
5836,112,414,,48,,26:01.30,,64
5837,117,115,,48,,26:05.00,,64
5838,116,2057,,48,,26:06.50,,64
5839,124,2853,,48,,26:07.90,,64
5840,124,1998,,48,,26:08.30,,64
5841,1,8,,48,,26:09.30,,64
5842,117,3,,48,,26:17.30,,64
5843,117,116,,48,,26:19.20,,64
5844,116,310,,48,,26:21.00,,64
5845,124,2855,,48,,26:23.70,,64
83223,208,23544,,47,,25:09.45,,776
5847,117,1994,,48,,26:26.70,,64
5848,124,1997,,48,,26:28.60,,64
5849,116,3325,,48,,26:29.10,,64
5850,122,3326,,48,,26:30.40,,64
5851,117,125,,48,,26:30.90,,64
5852,107,2854,,48,,26:31.50,,64
5853,117,121,,48,,26:31.70,,64
5854,117,117,,48,,26:34.30,,64
5855,124,1999,,48,,26:35.50,,64
5856,117,120,,48,,26:40.60,,64
5858,124,2001,,48,,26:47.80,,64
5859,108,124,,48,,26:52.60,,64
5860,111,311,,48,,26:55.10,,64
5861,124,2859,,48,,26:57.10,,64
5862,122,1712,,48,,26:57.80,,64
5863,116,453,,48,,27:01.70,,64
5864,119,463,,48,,27:08.10,,64
5865,117,3327,,48,,27:08.10,,64
5866,128,3328,,48,,27:13.20,,64
5867,119,464,,48,,27:16.80,,64
5868,120,331,,48,,27:18.70,,64
5869,107,2857,,48,,27:19.90,,64
5870,124,2871,,48,,27:21.40,,64
5871,124,1995,,48,,27:26.30,,64
5872,124,2009,,48,,27:26.40,,64
5873,117,140,,48,,27:27.80,,64
5874,112,417,,48,,27:30.30,,64
5875,101,133,,48,,27:30.80,,64
5876,107,2002,,48,,27:38.30,,64
5877,112,415,,48,,27:38.60,,64
5878,117,6,,48,,27:38.60,,64
5879,122,1715,,48,,27:40.70,,64
5880,104,2006,,48,,27:45.50,,64
5881,124,2860,,48,,27:45.60,,64
5882,120,314,,48,,27:46.50,,64
5883,111,313,,48,,27:49.60,,64
5884,124,2011,,48,,27:55.30,,64
5885,117,184,,48,,27:59.00,,64
5886,108,16,,48,,28:00.10,,64
5887,120,315,,48,,28:01.10,,64
5888,124,2004,,48,,28:01.20,,64
5889,119,465,,48,,28:04.00,,64
5890,107,2008,,48,,28:08.30,,64
5891,122,2796,,48,,28:09.50,,64
5892,119,3329,,48,,28:10.70,,64
5893,124,2005,,48,,28:10.90,,64
5894,119,2868,,48,,28:12.70,,64
5895,112,422,,48,,28:13.00,,64
5896,1,471,,48,,28:16.00,,64
5897,117,149,,48,,28:17.00,,64
5898,104,2020,,48,,28:22.30,,64
5899,124,2863,,48,,28:26.00,,64
5900,1,21,,48,,28:26.90,,64
5901,101,145,,48,,28:28.80,,64
5902,117,17,,48,,28:29.00,,64
5903,116,2014,,48,,28:29.00,,64
5904,117,142,,48,,28:30.40,,64
5905,108,2236,,48,,28:30.70,,64
5906,117,161,,48,,28:33.10,,64
5907,120,319,,48,,28:39.40,,64
5908,117,139,,48,,28:47.90,,64
5909,1,19,,48,,28:49.30,,64
5910,116,2059,,48,,28:49.60,,64
5911,124,2869,,48,,28:50.30,,64
83224,204,2074,,47,,25:13.19,,776
5913,111,320,,48,,28:54.00,,64
5914,112,423,,48,,28:58.20,,64
5915,128,3330,,48,,29:00.00,,64
5916,117,14,,48,,29:01.00,,64
5917,117,28,,48,,29:02.40,,64
5918,108,2235,,48,,29:04.90,,64
5919,122,1714,,48,,29:07.10,,64
5920,122,3331,,48,,29:08.40,,64
5921,112,435,,48,,29:08.80,,64
5922,104,2019,,48,,29:10.00,,64
5923,107,2032,,48,,29:12.90,,64
5924,117,160,,48,,29:13.20,,64
5925,117,153,,48,,29:13.30,,64
5926,117,155,,48,,29:14.40,,64
5927,117,12,,48,,29:17.10,,64
5928,108,181,,48,,29:20.30,,64
5929,120,327,,48,,29:22.80,,64
5930,117,158,,48,,29:26.50,,64
5931,122,1719,,48,,29:28.20,,64
5932,124,2022,,48,,29:30.90,,64
5933,119,3332,,48,,29:31.00,,64
5934,117,188,,48,,29:31.70,,64
5935,104,2023,,48,,29:32.50,,64
5936,112,3333,,48,,29:34.60,,64
5937,112,3334,,48,,29:36.30,,64
5938,108,141,,48,,29:36.80,,64
5939,1,3335,,48,,29:41.30,,64
5940,116,455,,48,,29:44.00,,64
5941,120,335,,48,,29:46.90,,64
5942,117,166,,48,,29:48.10,,64
5943,116,330,,48,,29:52.80,,64
5944,1,150,,48,,29:59.60,,64
5945,117,38,,48,,30:04.60,,64
5946,112,420,,48,,30:05.20,,64
5947,117,30,,48,,30:11.70,,64
5948,117,187,,48,,30:12.90,,64
5949,112,3336,,48,,30:14.40,,64
5950,108,159,,48,,30:14.90,,64
5951,116,3337,,48,,30:15.40,,64
5952,117,189,,48,,30:19.60,,64
5953,120,324,,48,,30:31.20,,64
5954,108,151,,48,,30:31.60,,64
5955,117,176,,48,,30:33.00,,64
5956,128,3338,,48,,30:34.40,,64
5957,122,1718,,48,,30:35.60,,64
5958,120,342,,48,,30:38.10,,64
5959,112,430,,48,,30:38.90,,64
5960,117,183,,48,,30:43.60,,64
5961,1,472,,48,,30:46.50,,64
5962,104,2031,,48,,30:51.60,,64
5963,117,3339,,48,,30:51.90,,64
5964,120,325,,48,,30:54.00,,64
5965,1,35,,48,,30:57.30,,64
5966,112,437,,48,,31:05.80,,64
5967,117,195,,48,,31:07.00,,64
5968,128,3340,,48,,31:07.30,,64
5969,124,2034,,48,,31:17.30,,64
5970,112,433,,48,,31:20.30,,64
5971,111,339,,48,,31:20.70,,64
5972,111,982,,48,,31:21.90,,64
5973,124,2874,,48,,31:25.60,,64
5974,117,2037,,48,,31:36.00,,64
5975,128,3341,,48,,31:41.30,,64
5976,117,3342,,48,,31:43.00,,64
5977,124,2044,,48,,31:49.00,,64
5978,111,333,,48,,31:53.30,,64
5979,117,191,,48,,31:55.20,,64
5980,117,43,,48,,32:03.90,,64
5981,124,2000,,48,,32:07.20,,64
5982,122,3343,,48,,32:20.90,,64
5983,112,2041,,48,,32:21.50,,64
5984,119,3344,,48,,32:28.80,,64
5985,107,2876,,48,,32:34.90,,64
5986,101,202,,48,,32:41.80,,64
5987,117,172,,48,,32:42.50,,64
5988,103,3345,,48,,32:44.00,,64
5989,120,344,,48,,32:50.80,,64
5990,116,350,,48,,32:51.30,,64
5991,104,2029,,48,,32:53.70,,64
5992,120,346,,48,,32:54.30,,64
5993,117,192,,48,,32:55.10,,64
5994,117,3346,,48,,32:59.00,,64
5995,117,210,,48,,33:00.80,,64
5996,128,3347,,48,,33:07.70,,64
5997,117,3348,,48,,33:08.40,,64
5998,122,1720,,48,,33:21.20,,64
5999,104,2875,,48,,33:24.90,,64
6000,1,1,,48,,33:25.00,,64
6001,107,2038,,48,,33:27.00,,64
6002,101,205,,48,,33:30.90,,64
6003,1,3349,,48,,33:40.10,,64
6004,111,3350,,48,,33:42.00,,64
6005,111,347,,48,,33:45.70,,64
6006,117,3351,,48,,34:05.80,,64
6007,101,221,,48,,34:09.60,,64
6008,101,209,,48,,34:29.30,,64
6009,117,3352,,48,,34:30.70,,64
6010,117,3353,,48,,34:39.80,,64
6011,112,440,,48,,34:43.10,,64
6012,117,197,,48,,34:44.70,,64
6013,104,2051,,48,,34:48.70,,64
6014,111,984,,48,,35:01.50,,64
6015,117,217,,48,,35:11.90,,64
6016,1,50,,48,,35:44.90,,64
6017,111,351,,48,,36:22.20,,64
6018,119,2880,,48,,36:31.80,,64
6019,119,2882,,48,,36:32.00,,64
6020,117,3354,,48,,37:17.90,,64
6021,101,225,,48,,37:24.10,,64
6022,117,3355,,48,,37:38.60,,64
6023,128,3356,,48,,37:41.80,,64
6024,128,3357,,48,,37:42.00,,64
6025,112,2885,,48,,38:26.10,,64
6026,104,2053,,48,,38:48.10,,64
6027,108,58,,48,,39:20.30,,64
6028,101,228,,48,,40:04.20,,64
6029,117,61,,48,,41:14.00,,64
6030,124,3358,,48,,42:21.30,,64
6031,124,2054,,48,,58:05.90,,64
6032,61,2238,,47,,21:01.98,,65
6033,56,230,,47,,22:27.37,,65
6034,56,2187,,47,,22:38.02,,65
6035,60,3359,,47,,22:39.54,,65
6036,61,2240,,47,,22:40.91,,65
6037,61,2239,,47,,23:01.01,,65
6038,59,1667,,47,,23:07.83,,65
6039,61,2241,,47,,23:14.23,,65
6040,60,3360,,47,,23:20.73,,65
6041,59,2061,,47,,23:27.66,,65
6042,44,2203,,47,,23:40.30,,65
6043,45,3361,,47,,23:47.90,,65
6044,56,240,,47,,23:48.78,,65
6045,49,3362,,47,,23:54.34,,65
6046,56,235,,47,,23:55.94,,65
6047,61,3363,,47,,23:57.10,,65
6048,56,3364,,47,,23:58.58,,65
6049,56,233,,47,,24:05.23,,65
6050,61,2247,,47,,24:23.63,,65
6051,56,246,,47,,24:36.43,,65
6052,56,3365,,47,,24:53.56,,65
6053,61,2244,,47,,24:54.91,,65
6054,59,2772,,47,,25:07.25,,65
6055,56,3366,,47,,25:13.83,,65
6056,60,3367,,47,,25:20.99,,65
6057,49,2246,,47,,25:24.06,,65
6058,56,247,,47,,25:46.42,,65
6059,56,253,,47,,26:12.46,,65
6060,56,3368,,47,,26:25.39,,65
6061,60,3369,,47,,26:28.80,,65
6062,56,3370,,47,,26:29.89,,65
6063,60,3371,,47,,26:39.78,,65
6064,49,2257,,47,,26:43.56,,65
6065,45,3372,,47,,26:46.36,,65
6066,37,3373,,47,,26:48.75,,65
6067,45,3374,,47,,26:59.02,,65
6068,59,1671,,47,,26:59.69,,65
6069,60,3375,,47,,27:02.64,,65
6070,60,3376,,47,,27:02.65,,65
6071,59,2773,,47,,27:03.79,,65
6072,61,2251,,47,,27:22.09,,65
6073,56,255,,47,,27:23.65,,65
6074,45,3377,,47,,27:29.30,,65
6075,44,2207,,47,,27:30.42,,65
6076,49,3378,,47,,27:32.11,,65
6077,60,3379,,47,,27:41.39,,65
6078,59,1674,,47,,27:47.50,,65
6079,56,258,,47,,28:03.95,,65
6080,59,2062,,47,,28:28.23,,65
6081,43,3380,,47,,29:06.60,,65
6082,45,3381,,47,,29:12.95,,65
6083,56,3382,,47,,29:24.87,,65
6084,56,267,,47,,30:24.75,,65
6085,56,273,,47,,31:15.98,,65
6086,59,3383,,47,,31:27.84,,65
6087,56,3384,,47,,32:23.89,,65
6088,61,1621,,47,,32:39.68,,65
6089,56,265,,47,,33:09.01,,65
6090,56,276,,47,,33:20.53,,65
6091,45,3385,,47,,43:27.90,,65
6092,44,114,,48,,27:04.61,,65
6093,61,379,,48,,27:09.66,,65
6094,59,1628,,48,,27:25.59,,65
6095,61,1655,,48,,27:36.00,,65
6096,56,127,,48,,27:37.56,,65
6097,61,382,,48,,27:38.98,,65
6098,58,2210,,48,,27:39.46,,65
6099,60,3386,,48,,27:40.10,,65
6100,61,2259,,48,,27:48.78,,65
6101,58,131,,48,,27:51.91,,65
6102,56,2193,,48,,27:54.04,,65
6103,61,1653,,48,,28:01.69,,65
6104,56,126,,48,,28:09.63,,65
6105,56,2195,,48,,28:10.09,,65
6106,56,123,,48,,28:13.05,,65
6107,49,2258,,48,,28:13.42,,65
6108,56,3387,,48,,28:19.27,,65
6109,56,132,,48,,28:22.14,,65
6110,49,5,,48,,28:26.44,,65
6111,61,2261,,48,,28:31.04,,65
6112,61,1657,,48,,28:32.05,,65
6113,49,2260,,48,,28:36.41,,65
6114,56,130,,48,,28:42.53,,65
6115,59,1625,,48,,28:45.30,,65
6116,61,381,,48,,28:49.05,,65
6117,37,3388,,48,,28:50.68,,65
6118,56,203,,48,,28:51.34,,65
6119,56,138,,48,,28:58.50,,65
6120,59,1623,,48,,29:04.37,,65
6121,58,3389,,48,,29:07.28,,65
6122,37,3390,,48,,29:07.42,,65
6123,58,134,,48,,29:08.10,,65
6124,59,2065,,48,,29:10.19,,65
6125,61,1654,,48,,29:14.01,,65
6126,61,1656,,48,,29:16.15,,65
6127,59,2782,,48,,29:29.03,,65
6128,61,1658,,48,,29:29.64,,65
6129,56,2194,,48,,29:35.08,,65
6130,43,13,,48,,29:35.67,,65
6131,56,128,,48,,29:40.76,,65
6132,59,1631,,48,,29:41.39,,65
6133,61,2780,,48,,29:42.75,,65
6134,61,2264,,48,,29:43.82,,65
6135,44,2215,,48,,29:47.62,,65
6136,61,2265,,48,,29:58.83,,65
6137,49,3391,,48,,30:03.10,,65
6138,61,2267,,48,,30:07.50,,65
6139,49,18,,48,,30:09.28,,65
6140,61,2779,,48,,30:12.67,,65
6141,44,2213,,48,,30:18.93,,65
6142,44,2214,,48,,30:20.70,,65
6143,58,178,,48,,30:28.21,,65
6144,60,2905,,48,,30:33.57,,65
6145,56,157,,48,,30:34.04,,65
6146,56,2199,,48,,30:34.09,,65
6147,49,2263,,48,,30:36.05,,65
6148,49,2994,,48,,30:41.01,,65
6149,56,2200,,48,,30:42.08,,65
6150,49,2268,,48,,30:43.46,,65
6152,60,3393,,48,,31:04.82,,65
6153,56,3394,,48,,31:12.43,,65
6154,56,3395,,48,,31:15.85,,65
6155,61,3396,,48,,31:17.58,,65
6156,59,1639,,48,,31:19.70,,65
6157,43,34,,48,,31:20.71,,65
6158,61,2276,,48,,31:26.09,,65
6159,49,33,,48,,31:27.62,,65
6160,58,2219,,48,,31:30.56,,65
6161,56,3397,,48,,31:32.88,,65
6162,60,3398,,48,,31:33.92,,65
6163,58,162,,48,,31:37.70,,65
6164,56,143,,48,,31:38.38,,65
6165,44,2218,,48,,31:44.51,,65
6166,58,170,,48,,32:00.71,,65
6167,56,2201,,48,,32:02.03,,65
6168,44,3399,,48,,32:06.81,,65
6169,61,2275,,48,,32:08.23,,65
6170,44,2220,,48,,32:09.19,,65
6171,59,1636,,48,,32:15.19,,65
6172,56,168,,48,,32:15.43,,65
6173,43,3400,,48,,32:15.90,,65
6174,56,177,,48,,32:16.37,,65
6175,59,1638,,48,,32:17.10,,65
6176,49,22,,48,,32:21.92,,65
6177,61,3401,,48,,32:26.17,,65
6178,37,3402,,48,,32:26.89,,65
6179,59,1641,,48,,32:38.69,,65
6180,59,1651,,48,,32:40.79,,65
6181,61,2279,,48,,32:42.63,,65
6182,43,40,,48,,32:54.98,,65
6183,49,3403,,48,,32:59.56,,65
6184,61,1663,,48,,33:03.94,,65
6185,59,1646,,48,,33:16.19,,65
6186,49,2995,,48,,33:20.33,,65
6187,49,39,,48,,33:21.78,,65
6188,44,3404,,48,,33:24.05,,65
6189,58,165,,48,,33:26.59,,65
6190,60,3405,,48,,33:33.65,,65
6191,37,3406,,48,,33:39.96,,65
6192,60,3407,,48,,33:42.64,,65
6193,43,26,,48,,33:48.24,,65
6194,61,2277,,48,,33:48.85,,65
6195,58,179,,48,,33:50.42,,65
6196,43,3408,,48,,33:51.61,,65
6197,44,2223,,48,,34:03.82,,65
6198,37,3409,,48,,34:05.30,,65
6199,43,42,,48,,34:19.80,,65
6200,37,3410,,48,,34:27.29,,65
6201,45,3411,,48,,34:39.54,,65
6202,56,3412,,48,,34:43.07,,65
6203,43,49,,48,,34:57.18,,65
6204,45,3413,,48,,34:58.72,,65
6205,43,53,,48,,35:07.15,,65
6206,61,2284,,48,,35:15.48,,65
6207,59,3414,,48,,35:15.55,,65
6208,56,3415,,48,,35:25.41,,65
6209,49,2270,,48,,35:28.01,,65
6210,56,207,,48,,35:32.13,,65
6211,59,1652,,48,,35:33.67,,65
6212,43,3416,,48,,35:36.83,,65
6213,56,3417,,48,,35:49.40,,65
6214,59,1650,,48,,35:57.51,,65
6215,56,2202,,48,,36:12.63,,65
6216,43,57,,48,,36:35.07,,65
6217,49,2283,,48,,36:42.42,,65
6218,43,55,,48,,37:19.89,,65
6219,43,3418,,48,,37:35.34,,65
6220,45,3419,,48,,39:15.62,,65
6221,61,2289,,48,,39:29.09,,65
6222,45,3420,,48,,39:49.60,,65
6223,56,211,,48,,40:12.75,,65
6224,44,3421,,48,,40:26.80,,65
6225,61,2288,,48,,41:47.87,,65
6226,56,3422,,48,,49:41.30,,65
6227,88,474,,47,,23:00.50,,66
6228,84,2660,,47,,24:02.40,,66
6229,86,1449,,47,,24:10.30,,66
6230,90,476,,47,,24:21.20,,66
6231,68,479,,47,,24:22.30,,66
6232,96,355,,47,,24:37.70,,66
6233,68,3423,,47,,25:09.00,,66
6234,84,2661,,47,,25:12.80,,66
6236,79,483,,47,,25:38.80,,66
6237,85,2662,,47,,25:43.80,,66
6238,96,357,,47,,25:45.70,,66
6239,85,2666,,47,,25:53.00,,66
6242,96,356,,47,,26:12.00,,66
6243,68,482,,47,,26:14.60,,66
6244,77,1466,,47,,26:22.10,,66
6245,86,1450,,47,,26:27.40,,66
6246,94,2503,,47,,26:30.10,,66
6247,84,2663,,47,,26:31.90,,66
6248,94,480,,47,,26:52.70,,66
6249,84,2665,,47,,26:59.90,,66
6250,94,3424,,47,,27:05.70,,66
6251,94,2508,,47,,27:23.50,,66
6252,96,1488,,47,,27:31.30,,66
6253,96,358,,47,,27:32.80,,66
6254,85,2667,,47,,27:33.10,,66
6255,79,2513,,47,,27:51.20,,66
6256,85,2672,,47,,27:53.40,,66
6257,88,3425,,47,,28:01.60,,66
6258,96,359,,47,,28:08.70,,66
6259,85,2669,,47,,28:10.60,,66
6260,75,1494,,47,,28:28.20,,66
6261,85,2674,,47,,28:40.30,,66
83225,180,1766,,47,,25:17.08,,776
6263,63,489,,47,,28:49.00,,66
6264,85,2668,,47,,29:01.70,,66
6265,77,3426,,47,,29:08.60,,66
6266,90,497,,47,,29:30.50,,66
6267,84,2664,,47,,29:40.30,,66
6268,79,490,,47,,29:47.20,,66
6269,69,2515,,47,,29:49.10,,66
6270,85,2670,,47,,29:53.10,,66
6271,94,2518,,47,,29:59.10,,66
6272,85,3427,,47,,30:09.30,,66
6273,88,3428,,47,,30:11.90,,66
6274,85,2673,,47,,30:23.00,,66
6275,96,1491,,47,,30:23.50,,66
6276,79,2522,,47,,30:48.50,,66
6277,79,498,,47,,30:56.20,,66
6278,77,1492,,47,,31:08.90,,66
6279,63,3429,,47,,31:19.10,,66
6280,94,2530,,47,,31:29.60,,66
6281,94,3430,,47,,31:29.80,,66
6282,96,3431,,47,,32:11.90,,66
6283,96,360,,47,,32:50.80,,66
6284,69,2527,,47,,32:57.80,,66
6285,69,2524,,47,,33:03.40,,66
6286,85,3432,,47,,33:46.30,,66
6287,77,1511,,47,,33:49.20,,66
6288,85,2675,,47,,33:51.60,,66
6289,96,362,,47,,34:57.60,,66
6290,86,1512,,47,,35:53.60,,66
6291,69,2535,,47,,37:13.10,,66
6292,69,3003,,47,,39:15.70,,66
6293,69,3006,,47,,41:09.50,,66
6294,86,1514,,47,,43:39.40,,66
83226,199,1742,,47,,25:20.76,,776
6296,96,3433,,47,,54:34.00,,66
6297,75,3434,,48,,26:40.50,,66
6235,75,1452,,47,,25:16.40,,66
6300,96,363,,48,,26:58.10,,66
6301,96,364,,48,,27:00.60,,66
6302,85,3435,,48,,27:08.50,,66
6303,79,2542,,48,,27:14.00,,66
6304,88,2538,,48,,27:15.80,,66
6305,75,2071,,48,,27:18.90,,66
111301,1,68,Jr,17,,21:06.20,,1329
6240,69,5264,,47,,25:58.00,,66
6299,88,504,Fr,48,,26:47.90,,66
6241,88,481,So,47,,26:02.10,,66
6307,79,2543,,48,,27:21.80,,66
6308,75,1525,,48,,27:34.00,,66
6309,96,2492,,48,,27:39.50,,66
6310,79,2545,,48,,27:39.90,,66
6312,96,365,,48,,27:44.20,,66
6314,84,2627,,48,,27:55.10,,66
6315,84,2629,,48,,28:01.10,,66
6316,88,516,,48,,28:01.90,,66
6317,96,3437,,48,,28:02.70,,66
6318,75,2069,,48,,28:03.20,,66
6319,79,506,,48,,28:03.70,,66
6320,88,524,,48,,28:04.40,,66
6321,79,508,,48,,28:09.60,,66
6322,79,2546,,48,,28:16.10,,66
6323,85,2631,,48,,28:18.60,,66
6324,86,2544,,48,,28:22.10,,66
6325,86,1558,,48,,28:23.60,,66
6326,85,2632,,48,,28:27.90,,66
6327,79,2549,,48,,28:29.40,,66
6328,68,3438,,48,,28:36.00,,66
6329,84,2635,,48,,28:36.30,,66
6330,94,3439,,48,,28:37.80,,66
6331,85,3440,,48,,28:40.20,,66
6332,85,3441,,48,,28:43.40,,66
6333,96,366,,48,,28:46.20,,66
6334,75,1534,,48,,28:46.80,,66
6335,84,2630,,48,,28:49.30,,66
6336,85,3442,,48,,28:54.80,,66
6337,86,2555,,48,,28:58.70,,66
6338,90,525,,48,,29:03.70,,66
6339,79,3089,,48,,29:05.20,,66
6340,84,2633,,48,,29:06.00,,66
6341,77,2497,,48,,29:06.40,,66
6342,96,367,,48,,29:07.30,,66
6343,90,3443,,48,,29:11.60,,66
6344,75,1546,,48,,29:14.30,,66
6345,85,2639,,48,,29:15.30,,66
6346,79,512,,48,,29:16.40,,66
6347,90,531,,48,,29:26.00,,66
6348,96,2493,,48,,29:26.90,,66
6349,94,3444,,48,,29:29.50,,66
6350,85,2637,,48,,29:30.00,,66
6351,88,517,,48,,29:31.20,,66
6352,77,1548,,48,,29:35.60,,66
6353,85,2648,,48,,29:38.40,,66
6354,79,526,,48,,29:39.90,,66
6355,79,520,,48,,29:40.00,,66
6356,88,2554,,48,,29:41.30,,66
6357,68,518,,48,,29:43.00,,66
6358,79,515,,48,,29:46.30,,66
6359,84,2636,,48,,29:48.10,,66
6360,90,2548,,48,,29:49.10,,66
6361,96,370,,48,,29:51.00,,66
6362,96,1605,,48,,29:54.00,,66
6363,84,2640,,48,,29:56.40,,66
111302,1,27188,,17,,21:36.70,,1329
83227,178,1725,,47,,25:32.71,,776
6366,85,3445,,48,,30:07.40,,66
6367,96,368,,48,,30:10.50,,66
6368,86,1536,,48,,30:10.60,,66
6369,69,2556,,48,,30:15.50,,66
6370,79,535,,48,,30:18.80,,66
6371,88,534,,48,,30:22.20,,66
6372,77,1543,,48,,30:24.30,,66
6313,75,1530,,48,,27:46.70,,66
6374,75,2563,,48,,30:34.20,,66
6375,84,3446,,48,,30:38.30,,66
6377,96,1552,,48,,30:39.10,,66
6378,85,2638,,48,,30:41.00,,66
6379,90,2566,,48,,30:42.60,,66
6380,94,532,,48,,30:43.50,,66
6381,77,1554,,48,,30:46.80,,66
6382,69,2551,,48,,30:50.80,,66
6383,75,2557,,48,,30:53.40,,66
6384,85,2642,,48,,30:56.50,,66
6385,77,1587,,48,,30:57.00,,66
6386,75,3447,,48,,30:58.20,,66
6387,75,2579,,48,,30:58.70,,66
6388,88,513,,48,,31:03.30,,66
6389,84,2645,,48,,31:04.10,,66
6390,79,523,,48,,31:07.30,,66
6391,69,2565,,48,,31:16.70,,66
6392,77,1567,,48,,31:17.90,,66
6393,79,533,,48,,31:23.20,,66
6394,69,2580,,48,,31:26.70,,66
6395,79,509,,48,,31:29.30,,66
6396,69,2590,,48,,31:29.50,,66
6397,85,2644,,48,,31:29.60,,66
6398,88,2585,,48,,31:33.00,,66
6399,84,2647,,48,,31:35.40,,66
6400,77,1592,,48,,31:37.90,,66
6401,85,2643,,48,,31:53.60,,66
6402,84,3448,,48,,31:54.80,,66
6403,96,372,,48,,31:58.40,,66
83228,174,1759,,47,,25:36.57,,776
6406,85,2649,,48,,32:01.80,,66
6407,94,2571,,48,,32:09.90,,66
6408,79,3449,,48,,32:11.70,,66
83229,208,5061,,47,,25:40.56,,776
6410,63,528,,48,,32:29.70,,66
6411,85,2652,,48,,32:37.50,,66
6412,63,527,,48,,32:58.20,,66
6413,94,565,,48,,33:00.50,,66
6404,79,5050,,48,,31:58.80,,66
6311,88,507,Fr,48,,27:42.60,,66
6414,86,1575,,48,,33:02.60,,66
6415,88,551,,48,,33:03.60,,66
6416,88,2568,,48,,33:06.90,,66
6417,85,2653,,48,,33:13.50,,66
6418,63,546,,48,,33:19.00,,66
6419,63,554,,48,,33:20.70,,66
6420,94,3450,,48,,33:21.20,,66
6421,90,552,,48,,33:33.40,,66
6422,86,2586,,48,,33:40.00,,66
6423,96,374,,48,,33:42.00,,66
6424,85,2651,,48,,33:48.70,,66
6425,75,3451,,48,,33:55.80,,66
6426,84,2655,,48,,34:05.20,,66
6427,96,371,,48,,34:07.10,,66
6428,79,538,,48,,34:07.70,,66
6429,84,2654,,48,,34:08.90,,66
6430,85,2641,,48,,34:09.90,,66
6431,88,2596,,48,,34:12.30,,66
6432,90,3452,,48,,34:16.00,,66
6433,85,3453,,48,,34:16.60,,66
6434,85,3454,,48,,34:20.80,,66
6435,75,1602,,48,,34:27.60,,66
6436,90,2605,,48,,34:35.10,,66
6437,96,375,,48,,34:35.80,,66
6438,63,563,,48,,34:37.10,,66
6439,69,3017,,48,,34:41.10,,66
6440,94,3455,,48,,34:54.40,,66
6441,77,2495,,48,,34:57.20,,66
6442,63,2587,,48,,34:57.70,,66
6443,75,1606,,48,,35:18.50,,66
6444,88,561,,48,,35:20.00,,66
6445,79,2606,,48,,35:24.50,,66
6446,84,3456,,48,,35:38.30,,66
6447,75,3457,,48,,35:44.20,,66
6448,90,3458,,48,,35:46.30,,66
6449,96,378,,48,,35:48.70,,66
6450,84,2656,,48,,36:13.20,,66
6451,86,1597,,48,,36:34.20,,66
6452,75,2599,,48,,36:36.80,,66
6453,63,2598,,48,,36:46.60,,66
6454,63,2615,,48,,36:52.00,,66
6455,94,549,,48,,37:17.80,,66
6456,85,2658,,48,,37:33.60,,66
6457,69,3021,,48,,37:56.90,,66
6458,79,2625,,48,,38:05.70,,66
6459,86,3016,,48,,38:11.90,,66
6460,90,2591,,48,,38:36.90,,66
6461,90,2593,,48,,38:37.20,,66
6462,85,2657,,48,,39:00.00,,66
6463,88,2617,,48,,39:06.20,,66
6464,94,3094,,48,,39:07.40,,66
6465,86,1612,,48,,39:34.10,,66
6466,94,2622,,48,,41:08.90,,66
6467,86,1594,,48,,42:02.20,,66
6468,85,2659,,48,,42:07.30,,66
6469,69,2616,,48,,42:07.40,,66
6470,77,2496,,48,,43:25.30,,66
6471,60,3360,,17,,20:30.44,,67
6472,60,3371,,17,,23:28.12,,67
6473,60,3379,,17,,24:51.87,,67
6474,60,3459,,17,,25:54.62,,67
6475,60,3460,,17,,26:31.52,,67
6476,60,3461,,17,,26:47.70,,67
6477,60,3462,,17,,27:05.25,,67
6478,60,3463,,17,,27:06.93,,67
6479,60,3464,,17,,27:57.94,,67
6480,60,3465,,17,,33:40.17,,67
6481,60,3386,,48,,27:24.83,,67
6482,60,3393,,48,,30:35.46,,67
6483,60,2905,,48,,32:23.95,,67
6484,60,2906,,48,,33:38.96,,67
6485,60,3466,,48,,34:11.33,,67
6486,60,3405,,48,,34:33.54,,67
6487,60,3407,,48,,36:11.08,,67
6488,37,3373,,17,,21:23.00,,68
6489,37,3467,,17,,22:26.80,,68
6490,37,3468,,17,,22:54.40,,68
6491,37,3469,,17,,26:02.30,,68
6492,37,3470,,17,,27:39.40,,68
6494,37,3390,,48,,28:21.20,,68
6495,37,3388,,48,,29:12.20,,68
6496,37,3409,,48,,30:36.50,,68
6497,37,3406,,48,,31:05.90,,68
6498,37,3472,,48,,31:29.80,,68
6499,37,3402,,48,,31:59.30,,68
6500,37,3473,,48,,32:09.60,,68
6501,37,3474,,48,,33:55.70,,68
6502,37,3475,,48,,39:57.50,,68
6503,37,3476,,48,,44:41.70,,68
6504,60,3359,,47,,24:41.90,,69
6505,60,3360,,47,,25:19.20,,69
6506,60,3461,,47,,33:22.00,,69
6507,60,3460,,47,,36:58.80,,69
6508,60,3386,,48,,27:25.10,,69
6509,60,2905,,48,,30:35.10,,69
6510,60,3405,,48,,34:30.60,,69
6511,60,3407,,48,,34:55.30,,69
6512,60,3477,,48,,37:19.30,,69
6513,84,2660,,47,,24:18.50,,70
6514,84,3478,,47,,28:45.00,,70
6515,84,3479,,47,,29:21.90,,70
6516,84,2671,,47,,31:47.20,,70
6517,84,3480,,47,,31:48.70,,70
6518,84,3481,,47,,36:19.10,,70
83230,172,18829,,47,,25:43.37,,776
6520,84,2635,,48,,28:45.30,,70
6521,84,2627,,48,,29:10.20,,70
6522,84,2636,,48,,29:36.50,,70
6523,84,2633,,48,,29:44.50,,70
6524,84,2630,,48,,30:22.60,,70
6525,84,3482,,48,,31:18.60,,70
6526,84,2640,,48,,31:19.30,,70
6527,84,3483,,48,,32:19.30,,70
6528,84,2647,,48,,32:20.60,,70
6529,84,3484,,48,,36:33.00,,70
6530,84,3485,,48,,37:35.00,,70
6531,84,3486,,48,,38:11.50,,70
6532,84,3456,,48,,39:55.00,,70
6534,124,1925,,47,Championship,21:04.10,,71
6535,61,2238,,47,Championship,21:21.10,,71
6536,88,474,,47,Championship,21:59.80,,71
6537,112,404,,47,Championship,22:27.00,,71
6538,61,1617,,47,Championship,22:29.10,,71
6539,167,2499,,47,Championship,22:33.30,,71
6540,40,3487,,47,Championship,22:33.50,,71
6541,146,991,,47,Championship,22:36.10,,71
6542,40,3488,,47,Championship,22:37.20,,71
6543,117,232,,47,Championship,22:39.20,,71
6544,138,2380,,47,Championship,22:48.10,,71
6545,124,1926,,47,Championship,22:53.40,,71
6546,84,2660,,47,Championship,22:54.10,,71
6547,61,2240,,47,Championship,22:54.30,,71
6548,116,282,,47,Championship,22:56.90,,71
6549,56,2187,,47,Championship,22:58.20,,71
6550,56,230,,47,Championship,23:05.20,,71
6551,124,1929,,47,Championship,23:08.50,,71
6552,1,64,,47,Championship,23:14.10,,71
6553,59,1667,,47,Championship,23:16.20,,71
6554,61,2239,,47,Championship,23:18.60,,71
6555,1,65,,47,Championship,23:19.70,,71
6556,162,1675,,47,Championship,23:20.80,,71
6557,117,231,,47,Championship,23:23.50,,71
6558,90,476,,47,Championship,23:26.90,,71
6559,164,568,,47,Championship,23:28.60,,71
6560,60,3359,,47,Championship,23:29.40,,71
6561,146,1686,,47,Championship,23:34.80,,71
6562,167,627,,47,Championship,23:35.00,,71
6563,147,1676,,47,Championship,23:36.40,,71
6564,167,570,,47,Championship,23:39.20,,71
6565,124,1931,,47,Championship,23:39.40,,71
6566,167,2500,,47,Championship,23:39.70,,71
6567,124,1928,,47,Championship,23:41.40,,71
6568,124,1930,,47,Championship,23:43.50,,71
6569,124,2824,,47,Championship,23:44.30,,71
6570,167,581,,47,Championship,23:45.90,,71
6571,159,2700,,47,Championship,23:47.00,,71
6572,146,998,,47,Championship,23:47.50,,71
6573,61,2241,,47,Championship,23:48.90,,71
6574,165,384,,47,Championship,23:51.20,,71
6575,59,2061,,47,Championship,23:56.60,,71
6576,188,810,,47,Championship,24:00.20,,71
6577,188,1724,,47,Championship,24:00.80,,71
6578,146,1046,,47,Championship,24:01.70,,71
83231,178,1754,,47,,25:45.49,,776
6580,159,583,,47,Championship,24:03.90,,71
6581,116,442,,47,Championship,24:04.10,,71
111303,1,245,Gr,17,,21:36.70,,1329
6583,96,357,,47,Championship,24:06.70,,71
6584,56,233,,47,Championship,24:07.40,,71
6585,116,443,,47,Championship,24:08.10,,71
6586,146,996,,47,Championship,24:09.30,,71
6587,178,3179,,47,Championship,24:10.50,,71
6588,167,577,,47,Championship,24:11.60,,71
6589,188,811,,47,Championship,24:12.00,,71
6590,40,3489,,47,Championship,24:13.20,,71
6591,167,2996,,47,Championship,24:13.70,,71
6592,164,573,,47,Championship,24:16.90,,71
6593,117,234,,47,Championship,24:18.80,,71
6594,116,285,,47,Championship,24:21.80,,71
6595,117,237,,47,Championship,24:22.00,,71
6596,188,1733,,47,Championship,24:24.40,,71
6597,40,3490,,47,Championship,24:27.10,,71
6598,146,992,,47,Championship,24:27.20,,71
6599,111,976,,47,Championship,24:27.60,,71
6600,1,70,,47,Championship,24:29.20,,71
6601,147,3097,,47,Championship,24:29.60,,71
6602,60,3360,,47,Championship,24:31.00,,71
6603,172,1727,,47,Championship,24:31.80,,71
6604,112,406,,47,Championship,24:34.40,,71
6605,164,578,,47,Championship,24:35.70,,71
6606,116,284,,47,Championship,24:36.60,,71
6607,172,1736,,47,Championship,24:36.80,,71
6608,159,590,,47,Championship,24:39.30,,71
6609,1,67,,47,Championship,24:39.50,,71
6610,111,287,,47,Championship,24:40.40,,71
6611,132,569,,47,Championship,24:41.70,,71
83232,178,18823,,47,,25:47.19,,776
6533,84,5297,,48,,45:34.90,,70
6612,56,240,,47,Championship,24:43.40,,71
6613,174,2073,,47,Championship,24:44.40,,71
6614,4,2921,,47,Championship,24:45.50,,71
6615,188,817,,47,Championship,24:46.90,,71
6616,204,1726,,47,Championship,24:48.40,,71
6617,117,69,,47,Championship,24:48.70,,71
6618,116,294,,47,Championship,24:49.90,,71
83233,203,1763,,47,,25:50.76,,776
6620,1,66,,47,Championship,24:55.20,,71
6621,164,594,,47,Championship,24:57.80,,71
6622,96,356,,47,Championship,24:57.90,,71
6623,164,606,,47,Championship,25:00.20,,71
6624,1,68,,47,Championship,25:00.70,,71
6625,188,816,,47,Championship,25:00.90,,71
6626,56,235,,47,Championship,25:01.70,,71
6627,11,2924,,47,Championship,25:07.90,,71
6628,146,1004,,47,Championship,25:09.10,,71
6629,4,2927,,47,Championship,25:09.50,,71
6630,188,1729,,47,Championship,25:10.00,,71
6631,172,1734,,47,Championship,25:12.60,,71
6632,59,2772,,47,Championship,25:15.30,,71
6633,116,283,,47,Championship,25:16.00,,71
6634,147,1677,,47,Championship,25:17.80,,71
6635,117,238,,47,Championship,25:17.90,,71
6636,61,3363,,47,Championship,25:18.10,,71
6637,61,2247,,47,Championship,25:18.30,,71
6638,147,1680,,47,Championship,25:23.30,,71
6639,138,607,,47,Championship,25:28.40,,71
6640,138,592,,47,Championship,25:28.64,,71
6641,4,2922,,47,Championship,25:28.90,,71
6642,164,3098,,47,Championship,25:29.20,,71
6643,56,3366,,47,Championship,25:35.50,,71
6644,204,809,,47,Championship,25:36.00,,71
6645,178,3032,,47,Championship,25:40.80,,71
6646,174,2082,,47,Championship,25:41.40,,71
6647,162,1028,,47,Championship,25:44.30,,71
6648,84,2665,,47,Championship,25:44.50,,71
6649,15,3237,,47,Championship,25:44.70,,71
6650,174,1759,,47,Championship,25:49.70,,71
6651,138,3100,,47,Championship,25:51.50,,71
6652,4,2928,,47,Championship,25:52.90,,71
6653,4,2929,,47,Championship,25:56.70,,71
6654,172,1747,,47,Championship,25:56.80,,71
6655,178,1739,,47,Championship,25:58.30,,71
6656,172,1740,,47,Championship,25:58.50,,71
6657,112,408,,47,Championship,25:59.00,,71
6658,174,3182,,47,Championship,25:59.90,,71
6659,162,3099,,47,Championship,26:00.70,,71
6660,138,598,,47,Championship,26:01.70,,71
6661,204,831,,47,Championship,26:04.60,,71
6662,11,2931,,47,Championship,26:05.50,,71
6663,111,295,,47,Championship,26:06.00,,71
6664,1,71,,47,Championship,26:06.00,,71
6665,15,3240,,47,Championship,26:06.50,,71
6666,96,1488,,47,Championship,26:07.40,,71
6667,178,1725,,47,Championship,26:07.50,,71
6668,172,1735,,47,Championship,26:08.30,,71
6669,4,2932,,47,Championship,26:11.40,,71
6670,159,591,,47,Championship,26:14.10,,71
6671,77,1466,,47,Championship,26:15.00,,71
6672,59,2773,,47,Championship,26:21.50,,71
6673,172,3028,,47,Championship,26:21.60,,71
6674,174,1762,,47,Championship,26:23.10,,71
6675,159,3106,,47,Championship,26:29.10,,71
6676,56,246,,47,Championship,26:29.20,,71
6677,174,2083,,47,Championship,26:29.70,,71
6678,96,358,,47,Championship,26:33.30,,71
6679,196,820,,47,Championship,26:33.60,,71
6680,204,839,,47,Championship,26:33.60,,71
6681,79,483,,47,Championship,26:36.00,,71
6682,11,2933,,47,Championship,26:37.30,,71
6683,164,620,,47,Championship,26:38.00,,71
6684,15,3241,,47,Championship,26:39.20,,71
6685,111,300,,47,Championship,26:40.40,,71
6686,11,3243,,47,Championship,26:42.90,,71
6687,204,1757,,47,Championship,26:48.30,,71
6688,147,1679,,47,Championship,26:48.80,,71
6689,159,3105,,47,Championship,26:51.90,,71
6690,59,1671,,47,Championship,26:52.50,,71
6691,111,3316,,47,Championship,27:00.50,,71
6692,178,1764,,47,Championship,27:01.60,,71
6693,96,360,,47,Championship,27:02.60,,71
6694,60,3371,,47,Championship,27:07.30,,71
6695,204,2074,,47,Championship,27:08.20,,71
6696,162,1015,,47,Championship,27:12.70,,71
6697,178,1746,,47,Championship,27:13.30,,71
6698,117,1956,,47,Championship,27:14.40,,71
6699,178,3033,,47,Championship,27:16.60,,71
83234,172,18818,,47,,25:50.84,,776
6700,111,3314,,47,Championship,27:23.10,,71
6701,79,490,,47,Championship,27:29.50,,71
6702,132,603,,47,Championship,27:35.40,,71
6703,162,1098,,47,Championship,27:46.80,,71
6704,159,646,,47,Championship,27:56.20,,71
6705,138,2411,,47,Championship,28:02.10,,71
6706,204,841,,47,Championship,28:02.60,,71
6707,60,3369,,47,Championship,28:03.00,,71
6708,174,1767,,47,Championship,28:03.10,,71
6709,60,3379,,47,Championship,28:25.20,,71
6710,147,2336,,47,Championship,28:37.60,,71
6711,112,409,,47,Championship,28:40.10,,71
6712,15,3250,,47,Championship,28:45.10,,71
6713,111,302,,47,Championship,28:48.50,,71
6714,79,498,,47,Championship,28:48.70,,71
6715,112,1950,,47,Championship,28:54.90,,71
6716,138,2386,,47,Championship,29:01.60,,71
6717,96,3431,,47,Championship,29:15.70,,71
6718,112,2835,,47,Championship,30:08.90,,71
6719,132,635,,47,Championship,30:46.60,,71
6720,40,3491,,47,Championship,30:49.30,,71
6721,11,3256,,47,Championship,30:51.10,,71
6722,15,3258,,47,Championship,32:05.90,,71
6723,124,1989,,48,Championship,24:54.40,,71
6724,61,379,,48,Championship,25:04.60,,71
111304,1,72,Sr,17,,21:40.20,,1329
6726,167,667,,48,Championship,25:10.90,,71
6727,124,1990,,48,Championship,25:16.10,,71
6728,112,2851,,48,Championship,25:20.10,,71
6729,167,466,,48,Championship,25:22.70,,71
83235,172,18600,,47,,25:51.27,,776
6731,4,91,,48,Championship,25:26.60,,71
6732,167,666,,48,Championship,25:30.30,,71
6733,116,451,,48,Championship,25:32.10,,71
6734,124,1991,,48,Championship,25:32.10,,71
6735,117,3,,48,Championship,25:34.80,,71
6736,167,2584,,48,Championship,25:37.20,,71
6738,75,1522,,48,Championship,25:38.40,,71
6739,4,93,,48,Championship,25:39.40,,71
6740,116,2057,,48,Championship,25:41.50,,71
6741,61,1653,,48,Championship,25:41.90,,71
6742,124,1993,,48,Championship,25:43.00,,71
6743,4,89,,48,Championship,25:43.60,,71
6744,203,2108,,48,Championship,25:44.40,,71
6745,116,3325,,48,Championship,25:47.10,,71
6746,11,2947,,48,Championship,25:47.50,,71
6747,124,1998,,48,Championship,25:47.90,,71
6748,4,2946,,48,Championship,25:52.10,,71
6749,75,2071,,48,Championship,25:52.70,,71
6750,4,2945,,48,Championship,25:52.90,,71
6751,75,3434,,48,Championship,25:53.60,,71
6752,58,2210,,48,Championship,25:55.80,,71
6753,56,127,,48,Championship,25:56.60,,71
6754,1,8,,48,Championship,25:57.90,,71
6755,172,1814,,48,Championship,26:01.70,,71
6756,159,674,,48,Championship,26:02.00,,71
6757,4,90,,48,Championship,26:04.10,,71
6758,112,414,,48,Championship,26:06.40,,71
6759,124,1996,,48,Championship,26:06.50,,71
6760,132,693,,48,Championship,26:07.20,,71
6761,96,363,,48,Championship,26:07.70,,71
6762,49,2258,,48,Championship,26:08.50,,71
6763,203,1809,,48,Championship,26:10.00,,71
6764,167,670,,48,Championship,26:12.30,,71
6765,188,867,,48,Championship,26:13.40,,71
6766,116,453,,48,Championship,26:14.50,,71
6767,122,3326,,48,Championship,26:15.40,,71
6768,56,2193,,48,Championship,26:15.60,,71
6769,61,382,,48,Championship,26:16.00,,71
6770,61,1655,,48,Championship,26:19.70,,71
6771,49,5,,48,Championship,26:20.00,,71
6772,174,3204,,48,Championship,26:20.40,,71
6773,116,310,,48,Championship,26:21.20,,71
6774,159,668,,48,Championship,26:21.60,,71
6775,178,1811,,48,Championship,26:24.10,,71
6776,167,2540,,48,Championship,26:26.00,,71
6777,159,677,,48,Championship,26:26.40,,71
6778,188,1838,,48,Championship,26:26.80,,71
6779,79,2542,,48,Championship,26:27.90,,71
6780,122,1712,,48,Championship,26:28.60,,71
6781,96,364,,48,Championship,26:29.30,,71
6782,61,2259,,48,Championship,26:30.00,,71
6783,162,1173,,48,Championship,26:31.80,,71
6784,196,866,,48,Championship,26:32.60,,71
6785,117,125,,48,Championship,26:34.70,,71
6786,56,123,,48,Championship,26:37.40,,71
6787,56,2195,,48,Championship,26:37.90,,71
111305,1,27189,,17,,22:31.50,,1329
6737,1,7,So,48,Championship,25:38.20,,71
6788,117,116,,48,Championship,26:38.50,,71
6789,11,2955,,48,Championship,26:39.40,,71
6790,84,2627,,48,Championship,26:40.30,,71
6791,79,2543,,48,Championship,26:40.60,,71
6792,172,1810,,48,Championship,26:41.40,,71
6793,158,2438,,48,Championship,26:42.70,,71
6794,178,1815,,48,Championship,26:42.80,,71
6795,56,126,,48,Championship,26:43.10,,71
6796,124,2852,,48,Championship,26:43.50,,71
6797,60,3386,,48,Championship,26:45.10,,71
6798,204,870,,48,Championship,26:45.50,,71
6799,164,689,,48,Championship,26:47.00,,71
6800,138,690,,48,Championship,26:48.10,,71
6801,158,2895,,48,Championship,26:48.70,,71
6802,117,117,,48,Championship,26:49.60,,71
6803,164,675,,48,Championship,26:50.00,,71
6804,203,3053,,48,Championship,26:50.40,,71
6805,79,506,,48,Championship,26:51.30,,71
6806,49,2260,,48,Championship,26:52.10,,71
6807,165,394,,48,Championship,26:53.30,,71
6808,56,3387,,48,Championship,26:53.40,,71
6809,188,885,,48,Championship,26:54.80,,71
6810,4,2951,,48,Championship,26:55.90,,71
6811,75,2069,,48,Championship,26:57.10,,71
6812,188,882,,48,Championship,26:57.10,,71
6813,61,2261,,48,Championship,26:57.10,,71
6814,159,676,,48,Championship,26:57.50,,71
6815,117,121,,48,Championship,26:58.10,,71
6816,117,3327,,48,Championship,26:59.00,,71
6817,165,2170,,48,Championship,26:59.30,,71
6818,11,3265,,48,Championship,27:00.20,,71
6820,172,1816,,48,Championship,27:02.10,,71
6821,79,508,,48,Championship,27:02.50,,71
6822,172,1817,,48,Championship,27:02.60,,71
6823,159,2168,,48,Championship,27:03.20,,71
6824,119,464,,48,Championship,27:04.60,,71
6825,164,683,,48,Championship,27:04.90,,71
6826,165,399,,48,Championship,27:05.40,,71
6827,58,3389,,48,Championship,27:05.70,,71
6828,61,1657,,48,Championship,27:06.20,,71
6830,49,2263,,48,Championship,27:06.80,,71
6831,164,686,,48,Championship,27:09.40,,71
6832,117,115,,48,Championship,27:11.70,,71
6833,162,1192,,48,Championship,27:12.60,,71
6834,112,418,,48,Championship,27:12.80,,71
6835,146,1181,,48,Championship,27:12.80,,71
6836,116,312,,48,Championship,27:13.10,,71
6837,204,868,,48,Championship,27:16.20,,71
6838,1,9,,48,Championship,27:16.80,,71
6839,15,3272,,48,Championship,27:18.90,,71
6840,79,2546,,48,Championship,27:21.60,,71
6841,165,396,,48,Championship,27:22.80,,71
6842,112,415,,48,Championship,27:23.10,,71
6843,178,1818,,48,Championship,27:23.70,,71
6844,90,525,,48,Championship,27:24.10,,71
6845,112,420,,48,Championship,27:24.20,,71
6846,122,1715,,48,Championship,27:27.80,,71
6847,178,3205,,48,Championship,27:27.90,,71
6848,79,2545,,48,Championship,27:28.80,,71
6849,164,750,,48,Championship,27:29.40,,71
6850,15,3276,,48,Championship,27:30.00,,71
6851,188,2112,,48,Championship,27:31.10,,71
6852,164,691,,48,Championship,27:31.70,,71
6853,150,1194,,48,Championship,27:33.00,,71
6854,84,2635,,48,Championship,27:34.70,,71
6855,119,463,,48,Championship,27:35.20,,71
6856,96,3437,,48,Championship,27:35.40,,71
6857,11,2949,,48,Championship,27:35.70,,71
6858,204,874,,48,Championship,27:36.60,,71
6859,79,2549,,48,Championship,27:37.90,,71
6860,116,454,,48,Championship,27:38.70,,71
6861,96,366,,48,Championship,27:38.70,,71
6862,56,132,,48,Championship,27:39.00,,71
111306,1,3975,Jr,17,,25:39.00,,1329
6864,132,699,,48,Championship,27:39.50,,71
6865,58,134,,48,Championship,27:39.50,,71
6866,11,2961,,48,Championship,27:40.50,,71
6867,58,131,,48,Championship,27:40.60,,71
6868,165,393,,48,Championship,27:40.80,,71
6869,150,1248,,48,Championship,27:41.70,,71
6870,49,3391,,48,Championship,27:42.00,,71
6871,40,3492,,48,Championship,27:42.80,,71
6872,75,1534,,48,Championship,27:45.60,,71
6873,59,2065,,48,Championship,27:46.40,,71
6874,59,1625,,48,Championship,27:48.20,,71
6875,162,1180,,48,Championship,27:48.60,,71
6819,84,5297,,48,Championship,27:01.20,,71
6876,15,3277,,48,Championship,27:49.70,,71
6877,204,1834,,48,Championship,27:50.50,,71
6878,188,877,,48,Championship,27:52.20,,71
6879,203,2113,,48,Championship,27:53.30,,71
6880,158,2439,,48,Championship,27:53.30,,71
6881,146,2688,,48,Championship,27:54.50,,71
6882,172,1826,,48,Championship,27:54.60,,71
6883,84,2630,,48,Championship,27:54.70,,71
6884,112,417,,48,Championship,27:55.50,,71
6885,203,1822,,48,Championship,27:55.50,,71
6886,11,2969,,48,Championship,27:56.20,,71
6887,158,2440,,48,Championship,27:57.00,,71
6888,146,1208,,48,Championship,27:57.20,,71
6889,172,1828,,48,Championship,27:57.40,,71
6890,204,873,,48,Championship,27:58.40,,71
6891,167,467,,48,Championship,27:58.40,,71
6892,150,3138,,48,Championship,27:59.10,,71
6893,203,1827,,48,Championship,27:59.20,,71
6894,132,687,,48,Championship,28:00.20,,71
6895,172,1837,,48,Championship,28:00.90,,71
6896,146,1243,,48,Championship,28:00.90,,71
6897,159,706,,48,Championship,28:02.50,,71
6898,84,2633,,48,Championship,28:04.50,,71
6900,162,1209,,48,Championship,28:06.50,,71
6901,15,3268,,48,Championship,28:06.70,,71
6902,132,3137,,48,Championship,28:07.30,,71
6903,88,513,,48,Championship,28:08.50,,71
6904,11,2962,,48,Championship,28:09.20,,71
6905,158,2437,,48,Championship,28:09.50,,71
6906,88,2554,,48,Championship,28:09.90,,71
6907,146,1703,,48,Championship,28:11.10,,71
6908,174,1856,,48,Championship,28:11.70,,71
6909,204,900,,48,Championship,28:13.30,,71
6910,174,1847,,48,Championship,28:13.90,,71
6911,162,1288,,48,Championship,28:14.30,,71
6912,162,3136,,48,Championship,28:15.60,,71
6913,1,21,,48,Championship,28:15.80,,71
6914,88,517,,48,Championship,28:19.80,,71
6915,164,2727,,48,Championship,28:21.20,,71
6916,1,19,,48,Championship,28:24.20,,71
6917,90,531,,48,Championship,28:25.50,,71
6918,174,2116,,48,Championship,28:27.00,,71
6919,75,1525,,48,Championship,28:27.60,,71
6920,15,3286,,48,Championship,28:27.80,,71
6921,204,894,,48,Championship,28:28.20,,71
6922,150,3140,,48,Championship,28:28.60,,71
6923,165,2174,,48,Championship,28:29.30,,71
6924,150,2370,,48,Championship,28:30.30,,71
6925,132,692,,48,Championship,28:33.40,,71
6926,1,471,,48,Championship,28:34.00,,71
6927,150,2345,,48,Championship,28:34.10,,71
6928,15,3279,,48,Championship,28:35.10,,71
6929,165,397,,48,Championship,28:37.70,,71
6930,90,3443,,48,Championship,28:39.20,,71
6931,119,465,,48,Championship,28:40.00,,71
6932,146,1254,,48,Championship,28:41.10,,71
6933,15,3285,,48,Championship,28:41.60,,71
6934,49,2994,,48,Championship,28:43.10,,71
6935,40,3493,,48,Championship,28:43.90,,71
6936,119,2868,,48,Championship,28:45.30,,71
6937,122,3331,,48,Championship,28:45.90,,71
6938,96,1552,,48,Championship,28:47.30,,71
6939,203,1832,,48,Championship,28:48.20,,71
6940,122,2796,,48,Championship,28:53.90,,71
6941,59,1631,,48,Championship,28:55.50,,71
6942,84,2629,,48,Championship,29:00.60,,71
6943,96,1605,,48,Championship,29:04.20,,71
6944,178,3052,,48,Championship,29:05.40,,71
6945,178,1825,,48,Championship,29:06.70,,71
6946,122,1719,,48,Championship,29:06.90,,71
6947,88,2568,,48,Championship,29:07.80,,71
6948,122,1714,,48,Championship,29:12.90,,71
111307,1,1,Gr,48,,34:47.70,,1329
6950,174,1836,,48,Championship,29:14.90,,71
6951,49,18,,48,Championship,29:18.20,,71
6952,84,2636,,48,Championship,29:20.30,,71
6953,119,2864,,48,Championship,29:21.30,,71
6954,59,1639,,48,Championship,29:21.90,,71
6955,40,3494,,48,Championship,29:23.00,,71
6956,119,3332,,48,Championship,29:31.80,,71
6957,162,1704,,48,Championship,29:32.80,,71
6958,40,3495,,48,Championship,29:37.10,,71
6959,132,2728,,48,Championship,29:37.40,,71
6960,178,1853,,48,Championship,29:43.00,,71
6961,40,3496,,48,Championship,29:48.50,,71
6962,40,3497,,48,Championship,29:51.00,,71
6963,90,2566,,48,Championship,29:58.30,,71
6899,159,5708,,48,Championship,28:05.40,,71
6964,88,534,,48,Championship,29:59.80,,71
6965,58,2219,,48,Championship,30:05.70,,71
6966,58,165,,48,Championship,30:30.70,,71
6967,150,1293,,48,Championship,30:34.30,,71
6968,90,3452,,48,Championship,31:03.40,,71
6969,59,1651,,48,Championship,31:09.30,,71
6970,132,3153,,48,Championship,31:33.50,,71
6971,174,1886,,48,Championship,31:44.50,,71
6972,40,3498,,48,Championship,31:49.70,,71
6973,119,3344,,48,Championship,31:50.60,,71
6974,90,552,,48,Championship,31:52.50,,71
6975,59,3414,,48,Championship,32:53.80,,71
6976,90,2605,,48,Championship,33:05.50,,71
6977,124,3313,,47,Freshman/Sophomore,24:04.77,,71
6978,124,1932,,47,Freshman/Sophomore,24:37.43,,71
6979,103,972,,47,Freshman/Sophomore,24:41.02,,71
6980,116,448,,47,Freshman/Sophomore,24:45.72,,71
6981,146,1687,,47,Freshman/Sophomore,24:56.46,,71
6982,116,291,,47,Freshman/Sophomore,25:08.21,,71
6983,167,580,,47,Freshman/Sophomore,25:14.09,,71
6984,124,2826,,47,Freshman/Sophomore,25:17.74,,71
6985,158,2388,,47,Freshman/Sophomore,25:18.55,,71
6986,203,1732,,47,Freshman/Sophomore,25:25.00,,71
6987,124,1941,,47,Freshman/Sophomore,25:29.04,,71
6988,111,289,,47,Freshman/Sophomore,25:30.08,,71
6989,158,2891,,47,Freshman/Sophomore,25:31.24,,71
6990,124,1948,,47,Freshman/Sophomore,25:31.85,,71
6991,146,1016,,47,Freshman/Sophomore,25:33.59,,71
6992,4,2934,,47,Freshman/Sophomore,25:33.79,,71
6993,104,2832,,47,Freshman/Sophomore,25:46.40,,71
6994,124,1955,,47,Freshman/Sophomore,25:51.57,,71
6995,124,1946,,47,Freshman/Sophomore,25:56.54,,71
6996,158,2391,,47,Freshman/Sophomore,26:01.91,,71
6997,124,1937,,47,Freshman/Sophomore,26:13.52,,71
6998,107,3315,,47,Freshman/Sophomore,26:14.05,,71
6999,203,1769,,47,Freshman/Sophomore,26:18.42,,71
7000,167,617,,47,Freshman/Sophomore,26:19.02,,71
7001,124,1953,,47,Freshman/Sophomore,26:19.95,,71
7002,203,1751,,47,Freshman/Sophomore,26:23.78,,71
7003,146,1032,,47,Freshman/Sophomore,26:28.51,,71
7004,88,2509,,47,Freshman/Sophomore,26:32.74,,71
7005,124,1954,,47,Freshman/Sophomore,26:34.51,,71
7006,4,112,,47,Freshman/Sophomore,26:38.86,,71
7007,146,1054,,47,Freshman/Sophomore,26:38.89,,71
7008,56,253,,47,Freshman/Sophomore,26:42.23,,71
7009,203,3036,,47,Freshman/Sophomore,26:43.16,,71
7010,124,1947,,47,Freshman/Sophomore,26:45.29,,71
7011,138,604,,47,Freshman/Sophomore,26:48.00,,71
7012,124,2829,,47,Freshman/Sophomore,26:52.11,,71
7013,56,2188,,47,Freshman/Sophomore,26:57.18,,71
7014,146,1070,,47,Freshman/Sophomore,26:59.33,,71
7015,103,80,,47,Freshman/Sophomore,26:59.89,,71
7016,167,647,,47,Freshman/Sophomore,27:00.48,,71
7017,167,621,,47,Freshman/Sophomore,27:00.87,,71
7018,158,2393,,47,Freshman/Sophomore,27:05.16,,71
7019,160,1023,,47,Freshman/Sophomore,27:08.30,,71
7020,138,3111,,47,Freshman/Sophomore,27:15.77,,71
7021,146,1057,,47,Freshman/Sophomore,27:23.63,,71
7022,158,2406,,47,Freshman/Sophomore,27:25.87,,71
7023,101,256,,47,Freshman/Sophomore,27:26.04,,71
7024,146,1063,,47,Freshman/Sophomore,27:28.64,,71
7025,167,2511,,47,Freshman/Sophomore,27:29.27,,71
7026,146,1111,,47,Freshman/Sophomore,27:30.65,,71
7027,158,2400,,47,Freshman/Sophomore,27:30.76,,71
7028,56,3368,,47,Freshman/Sophomore,27:32.59,,71
7029,162,3115,,47,Freshman/Sophomore,27:32.99,,71
7030,167,3000,,47,Freshman/Sophomore,27:35.25,,71
7031,203,1741,,47,Freshman/Sophomore,27:41.85,,71
7032,203,2094,,47,Freshman/Sophomore,27:48.39,,71
7033,124,2828,,47,Freshman/Sophomore,27:51.89,,71
7034,146,1050,,47,Freshman/Sophomore,27:52.49,,71
7035,158,2403,,47,Freshman/Sophomore,27:53.14,,71
7036,124,2834,,47,Freshman/Sophomore,27:54.35,,71
7037,146,1113,,47,Freshman/Sophomore,28:00.37,,71
7038,108,254,,47,Freshman/Sophomore,28:04.44,,71
7039,108,78,,47,Freshman/Sophomore,28:14.54,,71
7040,159,2712,,47,Freshman/Sophomore,28:16.27,,71
7041,1,86,,47,Freshman/Sophomore,28:19.51,,71
7042,146,1053,,47,Freshman/Sophomore,28:20.79,,71
7043,138,3109,,47,Freshman/Sophomore,28:21.59,,71
7044,146,1081,,47,Freshman/Sophomore,28:21.61,,71
7045,146,1075,,47,Freshman/Sophomore,28:25.44,,71
7046,124,1960,,47,Freshman/Sophomore,28:25.75,,71
7047,162,1101,,47,Freshman/Sophomore,28:28.21,,71
7048,164,3116,,47,Freshman/Sophomore,28:29.56,,71
7049,146,1096,,47,Freshman/Sophomore,28:31.93,,71
7050,158,2401,,47,Freshman/Sophomore,28:47.96,,71
7051,159,648,,47,Freshman/Sophomore,28:50.60,,71
7052,103,978,,47,Freshman/Sophomore,29:02.85,,71
7053,162,1108,,47,Freshman/Sophomore,29:04.34,,71
7054,167,652,,47,Freshman/Sophomore,29:16.60,,71
7055,124,1971,,47,Freshman/Sophomore,29:22.78,,71
7056,56,258,,47,Freshman/Sophomore,29:27.81,,71
7057,158,2412,,47,Freshman/Sophomore,29:33.19,,71
7058,104,1983,,47,Freshman/Sophomore,29:40.89,,71
7059,146,1128,,47,Freshman/Sophomore,29:59.27,,71
7060,162,1130,,47,Freshman/Sophomore,29:59.84,,71
7061,111,309,,47,Freshman/Sophomore,30:11.48,,71
7062,111,305,,47,Freshman/Sophomore,30:18.17,,71
7063,169,2420,,47,Freshman/Sophomore,30:22.38,,71
7064,120,306,,47,Freshman/Sophomore,30:30.86,,71
7065,101,971,,47,Freshman/Sophomore,30:36.22,,71
7066,203,1796,,47,Freshman/Sophomore,30:40.46,,71
7067,108,3322,,47,Freshman/Sophomore,30:52.55,,71
7068,167,655,,47,Freshman/Sophomore,31:02.65,,71
7069,162,1684,,47,Freshman/Sophomore,31:05.11,,71
7070,138,2413,,47,Freshman/Sophomore,31:20.48,,71
7071,169,2426,,47,Freshman/Sophomore,31:27.27,,71
7072,169,1153,,47,Freshman/Sophomore,31:48.03,,71
7073,43,87,,47,Freshman/Sophomore,31:51.25,,71
7074,138,660,,47,Freshman/Sophomore,32:07.73,,71
7075,61,1621,,47,Freshman/Sophomore,32:09.58,,71
7076,112,1979,,47,Freshman/Sophomore,32:13.84,,71
7077,101,275,,47,Freshman/Sophomore,32:49.50,,71
7078,112,413,,47,Freshman/Sophomore,33:04.41,,71
7079,165,391,,47,Freshman/Sophomore,33:37.06,,71
7080,146,2685,,47,Freshman/Sophomore,33:48.61,,71
7081,167,3008,,47,Freshman/Sophomore,33:57.04,,71
7082,56,276,,47,Freshman/Sophomore,34:00.34,,71
7083,167,632,,47,Freshman/Sophomore,36:55.64,,71
7084,146,1155,,47,Freshman/Sophomore,37:21.56,,71
7085,167,638,,47,Freshman/Sophomore,45:36.56,,71
7086,167,669,,48,Freshman/Sophomore,25:57.05,,71
7087,108,124,,48,Freshman/Sophomore,26:07.15,,71
7088,124,2853,,48,Freshman/Sophomore,26:16.21,,71
7089,124,2855,,48,Freshman/Sophomore,26:18.13,,71
7090,4,95,,48,Freshman/Sophomore,26:20.37,,71
7091,124,1999,,48,Freshman/Sophomore,26:30.29,,71
7092,128,3328,,48,Freshman/Sophomore,26:31.02,,71
7093,124,1995,,48,Freshman/Sophomore,26:38.91,,71
7094,4,2952,,48,Freshman/Sophomore,26:40.61,,71
7095,108,198,,48,Freshman/Sophomore,26:42.81,,71
7096,120,331,,48,Freshman/Sophomore,26:43.95,,71
7097,124,2001,,48,Freshman/Sophomore,26:44.99,,71
7098,167,684,,48,Freshman/Sophomore,26:50.44,,71
7099,101,133,,48,Freshman/Sophomore,26:53.89,,71
7100,108,141,,48,Freshman/Sophomore,26:54.91,,71
7101,167,468,,48,Freshman/Sophomore,26:56.18,,71
7102,124,1997,,48,Freshman/Sophomore,27:01.31,,71
7103,56,203,,48,Freshman/Sophomore,27:03.04,,71
7104,124,2860,,48,Freshman/Sophomore,27:03.91,,71
7105,124,2003,,48,Freshman/Sophomore,27:04.18,,71
7106,11,2950,,48,Freshman/Sophomore,27:10.16,,71
7107,167,685,,48,Freshman/Sophomore,27:12.12,,71
7108,147,1702,,48,Freshman/Sophomore,27:13.16,,71
7109,108,10,,48,Freshman/Sophomore,27:18.94,,71
83236,188,1791,,47,,25:51.69,,776
7111,79,511,,48,Freshman/Sophomore,27:29.64,,71
7112,124,2859,,48,Freshman/Sophomore,27:31.85,,71
7113,56,129,,48,Freshman/Sophomore,27:32.84,,71
7114,117,15,,48,Freshman/Sophomore,27:33.83,,71
7115,56,2194,,48,Freshman/Sophomore,27:35.48,,71
7116,4,98,,48,Freshman/Sophomore,27:36.45,,71
7118,124,2000,,48,Freshman/Sophomore,27:42.08,,71
7119,4,2954,,48,Freshman/Sophomore,27:43.03,,71
7120,117,146,,48,Freshman/Sophomore,27:43.07,,71
7121,61,1656,,48,Freshman/Sophomore,27:48.77,,71
7122,56,130,,48,Freshman/Sophomore,27:52.14,,71
7123,203,1841,,48,Freshman/Sophomore,27:54.64,,71
7124,120,315,,48,Freshman/Sophomore,27:55.54,,71
7125,56,128,,48,Freshman/Sophomore,27:57.47,,71
7126,75,1560,,48,Freshman/Sophomore,27:57.72,,71
83237,178,1764,,47,,25:53.66,,776
7127,117,142,,48,Freshman/Sophomore,27:58.22,,71
7128,167,711,,48,Freshman/Sophomore,27:59.08,,71
7129,124,2013,,48,Freshman/Sophomore,28:00.65,,71
7130,124,2005,,48,Freshman/Sophomore,28:01.54,,71
7131,188,886,,48,Freshman/Sophomore,28:02.00,,71
7132,116,2059,,48,Freshman/Sophomore,28:02.48,,71
7133,159,694,,48,Freshman/Sophomore,28:03.90,,71
7134,167,3011,,48,Freshman/Sophomore,28:04.82,,71
7135,117,135,,48,Freshman/Sophomore,28:05.45,,71
7136,75,1546,,48,Freshman/Sophomore,28:06.06,,71
7137,112,2872,,48,Freshman/Sophomore,28:07.61,,71
7138,108,2236,,48,Freshman/Sophomore,28:08.06,,71
7139,167,704,,48,Freshman/Sophomore,28:08.16,,71
7140,160,1214,,48,Freshman/Sophomore,28:08.35,,71
7141,138,703,,48,Freshman/Sophomore,28:09.38,,71
7142,167,695,,48,Freshman/Sophomore,28:10.03,,71
7143,117,158,,48,Freshman/Sophomore,28:10.43,,71
7144,128,3330,,48,Freshman/Sophomore,28:11.90,,71
7145,117,17,,48,Freshman/Sophomore,28:18.99,,71
7146,103,987,,48,Freshman/Sophomore,28:20.14,,71
7147,120,319,,48,Freshman/Sophomore,28:21.24,,71
7148,167,717,,48,Freshman/Sophomore,28:21.93,,71
7149,167,712,,48,Freshman/Sophomore,28:24.30,,71
7150,146,1300,,48,Freshman/Sophomore,28:27.69,,71
7151,167,3015,,48,Freshman/Sophomore,28:28.72,,71
7152,158,3141,,48,Freshman/Sophomore,28:30.11,,71
7153,56,2199,,48,Freshman/Sophomore,28:30.43,,71
7154,1,27,,48,Freshman/Sophomore,28:31.36,,71
7155,203,1855,,48,Freshman/Sophomore,28:33.06,,71
7156,112,423,,48,Freshman/Sophomore,28:33.98,,71
7157,117,153,,48,Freshman/Sophomore,28:35.55,,71
7158,159,705,,48,Freshman/Sophomore,28:36.27,,71
7159,167,708,,48,Freshman/Sophomore,28:36.40,,71
7160,96,370,,48,Freshman/Sophomore,28:36.69,,71
7161,1,150,,48,Freshman/Sophomore,28:37.44,,71
7162,1,23,,48,Freshman/Sophomore,28:38.78,,71
7163,61,1658,,48,Freshman/Sophomore,28:39.09,,71
7164,79,526,,48,Freshman/Sophomore,28:40.87,,71
7165,146,1258,,48,Freshman/Sophomore,28:42.91,,71
7166,203,1849,,48,Freshman/Sophomore,28:44.61,,71
7167,164,721,,48,Freshman/Sophomore,28:46.81,,71
7168,112,435,,48,Freshman/Sophomore,28:47.47,,71
7169,111,317,,48,Freshman/Sophomore,28:48.25,,71
7170,56,3395,,48,Freshman/Sophomore,28:48.48,,71
7171,120,314,,48,Freshman/Sophomore,28:48.84,,71
7172,56,2200,,48,Freshman/Sophomore,28:49.68,,71
7173,203,1835,,48,Freshman/Sophomore,28:50.27,,71
7174,117,28,,48,Freshman/Sophomore,28:53.77,,71
7175,79,522,,48,Freshman/Sophomore,28:53.89,,71
7176,159,2176,,48,Freshman/Sophomore,28:55.06,,71
7177,56,144,,48,Freshman/Sophomore,28:58.60,,71
7178,167,751,,48,Freshman/Sophomore,28:59.43,,71
7179,75,2563,,48,Freshman/Sophomore,28:59.50,,71
7180,96,368,,48,Freshman/Sophomore,28:59.52,,71
7181,203,1858,,48,Freshman/Sophomore,29:00.68,,71
7182,112,3336,,48,Freshman/Sophomore,29:03.44,,71
7183,61,2784,,48,Freshman/Sophomore,29:05.82,,71
7184,158,2456,,48,Freshman/Sophomore,29:07.54,,71
7185,117,155,,48,Freshman/Sophomore,29:09.79,,71
7186,169,2442,,48,Freshman/Sophomore,29:09.99,,71
7187,203,2119,,48,Freshman/Sophomore,29:10.93,,71
7188,108,181,,48,Freshman/Sophomore,29:12.49,,71
7189,11,2973,,48,Freshman/Sophomore,29:12.70,,71
7190,146,1236,,48,Freshman/Sophomore,29:16.18,,71
7191,117,187,,48,Freshman/Sophomore,29:19.80,,71
7192,167,2576,,48,Freshman/Sophomore,29:22.30,,71
7193,79,523,,48,Freshman/Sophomore,29:23.03,,71
7194,162,1267,,48,Freshman/Sophomore,29:23.65,,71
7195,75,1562,,48,Freshman/Sophomore,29:25.05,,71
7196,138,722,,48,Freshman/Sophomore,29:27.80,,71
7197,117,38,,48,Freshman/Sophomore,29:28.24,,71
7198,169,2457,,48,Freshman/Sophomore,29:30.22,,71
7199,167,672,,48,Freshman/Sophomore,29:32.34,,71
7200,43,26,,48,Freshman/Sophomore,29:33.30,,71
7201,164,727,,48,Freshman/Sophomore,29:34.23,,71
7202,167,707,,48,Freshman/Sophomore,29:35.11,,71
7203,79,535,,48,Freshman/Sophomore,29:35.70,,71
7204,112,424,,48,Freshman/Sophomore,29:38.87,,71
7205,164,731,,48,Freshman/Sophomore,29:42.04,,71
111309,1,3349,Gr,48,,42:51.50,,1329
7207,117,164,,48,Freshman/Sophomore,29:44.02,,71
7208,117,160,,48,Freshman/Sophomore,29:50.86,,71
7209,120,327,,48,Freshman/Sophomore,29:52.16,,71
7210,158,2899,,48,Freshman/Sophomore,29:55.85,,71
7211,108,159,,48,Freshman/Sophomore,29:56.47,,71
7212,146,1252,,48,Freshman/Sophomore,29:56.72,,71
7213,117,3339,,48,Freshman/Sophomore,29:57.45,,71
7214,117,31,,48,Freshman/Sophomore,30:02.61,,71
7215,61,3499,,48,Freshman/Sophomore,30:06.78,,71
7216,169,1294,,48,Freshman/Sophomore,30:10.62,,71
7217,188,917,,48,Freshman/Sophomore,30:11.65,,71
7218,167,726,,48,Freshman/Sophomore,30:18.85,,71
7219,146,1255,,48,Freshman/Sophomore,30:19.09,,71
7220,124,2034,,48,Freshman/Sophomore,30:22.02,,71
7221,112,437,,48,Freshman/Sophomore,30:23.58,,71
7222,43,3408,,48,Freshman/Sophomore,30:24.83,,71
7223,203,3057,,48,Freshman/Sophomore,30:26.58,,71
7224,61,2275,,48,Freshman/Sophomore,30:28.76,,71
7225,167,743,,48,Freshman/Sophomore,30:29.34,,71
7226,124,2867,,48,Freshman/Sophomore,30:33.98,,71
7227,112,3334,,48,Freshman/Sophomore,30:37.62,,71
7228,167,757,,48,Freshman/Sophomore,30:38.26,,71
7229,117,183,,48,Freshman/Sophomore,30:40.00,,71
7230,117,191,,48,Freshman/Sophomore,30:40.88,,71
7231,75,2561,,48,Freshman/Sophomore,30:46.55,,71
7232,61,1663,,48,Freshman/Sophomore,30:49.63,,71
7233,146,1278,,48,Freshman/Sophomore,30:52.54,,71
7234,203,2123,,48,Freshman/Sophomore,30:57.90,,71
7235,117,3342,,48,Freshman/Sophomore,30:58.65,,71
7236,159,752,,48,Freshman/Sophomore,31:02.85,,71
7237,167,736,,48,Freshman/Sophomore,31:04.08,,71
7238,162,3169,,48,Freshman/Sophomore,31:06.82,,71
7239,1,44,,48,Freshman/Sophomore,31:09.39,,71
7240,112,2036,,48,Freshman/Sophomore,31:10.08,,71
7241,88,551,,48,Freshman/Sophomore,31:12.12,,71
7242,112,433,,48,Freshman/Sophomore,31:13.22,,71
7243,146,1305,,48,Freshman/Sophomore,31:20.01,,71
7244,120,346,,48,Freshman/Sophomore,31:23.13,,71
7245,117,43,,48,Freshman/Sophomore,31:24.54,,71
7246,203,1883,,48,Freshman/Sophomore,31:25.35,,71
7247,104,2875,,48,Freshman/Sophomore,31:27.77,,71
7248,101,202,,48,Freshman/Sophomore,31:32.14,,71
7249,124,2044,,48,Freshman/Sophomore,31:33.39,,71
7250,159,753,,48,Freshman/Sophomore,31:33.97,,71
7251,158,2467,,48,Freshman/Sophomore,31:36.07,,71
7252,11,3294,,48,Freshman/Sophomore,31:37.86,,71
7253,167,778,,48,Freshman/Sophomore,31:41.95,,71
7254,15,3298,,48,Freshman/Sophomore,31:47.21,,71
7255,128,3341,,48,Freshman/Sophomore,31:51.52,,71
7256,111,334,,48,Freshman/Sophomore,31:53.01,,71
7257,167,2608,,48,Freshman/Sophomore,31:56.18,,71
7258,162,1323,,48,Freshman/Sophomore,32:00.93,,71
7259,138,755,,48,Freshman/Sophomore,32:01.46,,71
7260,159,2184,,48,Freshman/Sophomore,32:06.23,,71
7261,112,2043,,48,Freshman/Sophomore,32:07.43,,71
7262,158,2463,,48,Freshman/Sophomore,32:09.29,,71
7263,203,1894,,48,Freshman/Sophomore,32:10.48,,71
7264,75,2588,,48,Freshman/Sophomore,32:13.41,,71
7265,75,2600,,48,Freshman/Sophomore,32:16.37,,71
7266,160,1304,,48,Freshman/Sophomore,32:18.67,,71
7267,119,2878,,48,Freshman/Sophomore,32:20.72,,71
7268,96,371,,48,Freshman/Sophomore,32:21.52,,71
7269,162,2694,,48,Freshman/Sophomore,32:23.47,,71
7270,124,2045,,48,Freshman/Sophomore,32:25.57,,71
7271,158,2470,,48,Freshman/Sophomore,32:26.69,,71
7272,111,313,,48,Freshman/Sophomore,32:28.62,,71
7273,43,49,,48,Freshman/Sophomore,32:30.88,,71
7274,159,2173,,48,Freshman/Sophomore,32:32.29,,71
7275,120,335,,48,Freshman/Sophomore,32:33.06,,71
7276,203,1892,,48,Freshman/Sophomore,32:36.82,,71
7277,117,45,,48,Freshman/Sophomore,32:37.25,,71
7278,203,1900,,48,Freshman/Sophomore,32:41.43,,71
7279,138,776,,48,Freshman/Sophomore,32:42.21,,71
7280,165,401,,48,Freshman/Sophomore,32:42.59,,71
7281,61,2284,,48,Freshman/Sophomore,32:43.53,,71
7282,146,1309,,48,Freshman/Sophomore,32:44.97,,71
7283,128,3340,,48,Freshman/Sophomore,32:50.17,,71
7284,117,2037,,48,Freshman/Sophomore,32:50.88,,71
7285,59,1650,,48,Freshman/Sophomore,32:51.24,,71
7286,146,1277,,48,Freshman/Sophomore,32:51.29,,71
7287,146,1341,,48,Freshman/Sophomore,32:55.78,,71
7288,56,3412,,48,Freshman/Sophomore,32:58.23,,71
7289,117,210,,48,Freshman/Sophomore,33:01.29,,71
7290,162,3158,,48,Freshman/Sophomore,33:09.69,,71
7291,158,2469,,48,Freshman/Sophomore,33:11.19,,71
7292,138,770,,48,Freshman/Sophomore,33:13.25,,71
7293,146,1331,,48,Freshman/Sophomore,33:14.50,,71
7294,146,1395,,48,Freshman/Sophomore,33:15.09,,71
7295,56,3417,,48,Freshman/Sophomore,33:17.65,,71
7296,169,3166,,48,Freshman/Sophomore,33:18.97,,71
7297,167,782,,48,Freshman/Sophomore,33:33.96,,71
7298,158,2473,,48,Freshman/Sophomore,33:35.71,,71
7299,59,1652,,48,Freshman/Sophomore,33:46.35,,71
7300,158,2474,,48,Freshman/Sophomore,33:51.27,,71
7301,117,188,,48,Freshman/Sophomore,33:57.96,,71
7302,138,802,,48,Freshman/Sophomore,34:00.28,,71
7303,108,206,,48,Freshman/Sophomore,34:00.95,,71
7304,117,217,,48,Freshman/Sophomore,34:03.55,,71
7305,203,3083,,48,Freshman/Sophomore,34:07.40,,71
7306,101,221,,48,Freshman/Sophomore,34:13.46,,71
7307,111,984,,48,Freshman/Sophomore,34:15.70,,71
7308,117,3353,,48,Freshman/Sophomore,34:20.81,,71
7309,158,2466,,48,Freshman/Sophomore,34:26.88,,71
7310,104,2051,,48,Freshman/Sophomore,34:27.97,,71
7311,117,208,,48,Freshman/Sophomore,34:30.89,,71
7312,56,218,,48,Freshman/Sophomore,34:37.23,,71
7313,101,214,,48,Freshman/Sophomore,34:41.38,,71
7314,162,1695,,48,Freshman/Sophomore,34:45.80,,71
7315,167,796,,48,Freshman/Sophomore,34:54.88,,71
7316,162,3176,,48,Freshman/Sophomore,34:55.96,,71
7317,119,2880,,48,Freshman/Sophomore,35:02.75,,71
7318,159,781,,48,Freshman/Sophomore,35:09.43,,71
7319,138,3156,,48,Freshman/Sophomore,35:21.66,,71
7320,112,2877,,48,Freshman/Sophomore,35:41.97,,71
7321,117,3355,,48,Freshman/Sophomore,35:58.93,,71
7322,119,2882,,48,Freshman/Sophomore,36:36.01,,71
7323,146,1415,,48,Freshman/Sophomore,37:17.69,,71
7324,101,225,,48,Freshman/Sophomore,37:26.50,,71
7325,101,228,,48,Freshman/Sophomore,38:18.42,,71
7326,138,3024,,48,Freshman/Sophomore,38:36.01,,71
7327,138,2488,,48,Freshman/Sophomore,39:24.23,,71
7328,162,3500,,48,Freshman/Sophomore,40:08.52,,71
7329,158,2487,,48,Freshman/Sophomore,45:50.76,,71
7330,117,239,,47,Junior/Senior/Grad,24:11.67,,71
7331,45,3361,,47,Junior/Senior/Grad,24:27.64,,71
7332,101,241,,47,Junior/Senior/Grad,24:45.47,,71
7333,167,586,,47,Junior/Senior/Grad,24:47.44,,71
83238,208,23545,,47,,25:54.57,,776
7335,188,813,,47,Junior/Senior/Grad,24:57.60,,71
7336,188,824,,47,Junior/Senior/Grad,25:10.73,,71
7337,165,386,,47,Junior/Senior/Grad,25:15.99,,71
7338,108,74,,47,Junior/Senior/Grad,25:31.57,,71
7339,116,297,,47,Junior/Senior/Grad,25:44.73,,71
7340,124,1967,,47,Junior/Senior/Grad,25:47.06,,71
7341,49,2246,,47,Junior/Senior/Grad,25:57.42,,71
7342,61,2244,,47,Junior/Senior/Grad,26:00.69,,71
7343,172,1750,,47,Junior/Senior/Grad,26:04.50,,71
7344,124,1943,,47,Junior/Senior/Grad,26:05.23,,71
7345,188,829,,47,Junior/Senior/Grad,26:09.43,,71
7346,167,2512,,47,Junior/Senior/Grad,26:17.22,,71
7347,138,593,,47,Junior/Senior/Grad,26:20.28,,71
7348,203,3035,,47,Junior/Senior/Grad,26:22.91,,71
7349,169,3104,,47,Junior/Senior/Grad,26:28.10,,71
7350,1,245,,47,Junior/Senior/Grad,26:29.80,,71
7351,203,1765,,47,Junior/Senior/Grad,26:42.94,,71
7352,45,3374,,47,Junior/Senior/Grad,26:46.69,,71
7353,138,601,,47,Junior/Senior/Grad,26:47.28,,71
7354,60,3375,,47,Junior/Senior/Grad,26:53.19,,71
7355,158,2408,,47,Junior/Senior/Grad,26:54.52,,71
7356,196,833,,47,Junior/Senior/Grad,26:55.04,,71
7357,88,3428,,47,Junior/Senior/Grad,26:56.46,,71
7358,164,626,,47,Junior/Senior/Grad,26:56.71,,71
7359,56,3370,,47,Junior/Senior/Grad,26:56.91,,71
7360,108,2233,,47,Junior/Senior/Grad,26:58.24,,71
7361,107,1949,,47,Junior/Senior/Grad,27:01.86,,71
7362,164,618,,47,Junior/Senior/Grad,27:04.29,,71
7363,117,79,,47,Junior/Senior/Grad,27:07.67,,71
7364,116,298,,47,Junior/Senior/Grad,27:12.93,,71
7365,4,2935,,47,Junior/Senior/Grad,27:16.38,,71
7366,1,75,,47,Junior/Senior/Grad,27:19.93,,71
7367,124,1952,,47,Junior/Senior/Grad,27:20.29,,71
7368,203,1749,,47,Junior/Senior/Grad,27:22.57,,71
7369,119,2831,,47,Junior/Senior/Grad,27:24.76,,71
83239,178,1746,,47,,26:00.33,,776
7370,124,1962,,47,Junior/Senior/Grad,27:25.26,,71
7371,45,3372,,47,Junior/Senior/Grad,27:30.53,,71
7372,4,2936,,47,Junior/Senior/Grad,27:30.79,,71
7373,138,2396,,47,Junior/Senior/Grad,27:33.78,,71
7374,158,2892,,47,Junior/Senior/Grad,27:37.86,,71
7375,178,1754,,47,Junior/Senior/Grad,27:42.27,,71
7376,167,582,,47,Junior/Senior/Grad,27:43.55,,71
7377,49,2257,,47,Junior/Senior/Grad,27:49.45,,71
7378,167,616,,47,Junior/Senior/Grad,27:52.58,,71
7379,138,599,,47,Junior/Senior/Grad,27:52.75,,71
7380,167,622,,47,Junior/Senior/Grad,27:58.33,,71
7381,49,3378,,47,Junior/Senior/Grad,28:03.70,,71
7382,203,1781,,47,Junior/Senior/Grad,28:07.63,,71
7383,90,497,,47,Junior/Senior/Grad,28:13.97,,71
7384,45,3377,,47,Junior/Senior/Grad,28:14.99,,71
7385,60,3459,,47,Junior/Senior/Grad,28:15.25,,71
7386,158,2402,,47,Junior/Senior/Grad,28:17.47,,71
7387,203,1777,,47,Junior/Senior/Grad,28:22.80,,71
7388,61,2251,,47,Junior/Senior/Grad,28:28.59,,71
7389,203,1783,,47,Junior/Senior/Grad,28:32.35,,71
7390,124,2850,,47,Junior/Senior/Grad,28:35.29,,71
7391,124,2842,,47,Junior/Senior/Grad,28:54.18,,71
7392,162,1142,,47,Junior/Senior/Grad,28:54.45,,71
7393,167,642,,47,Junior/Senior/Grad,28:58.61,,71
7394,101,268,,47,Junior/Senior/Grad,29:11.98,,71
7396,101,274,,47,Junior/Senior/Grad,29:42.98,,71
7397,45,3381,,47,Junior/Senior/Grad,30:07.15,,71
7398,112,412,,47,Junior/Senior/Grad,30:15.70,,71
7399,138,644,,47,Junior/Senior/Grad,30:16.85,,71
7400,138,645,,47,Junior/Senior/Grad,30:27.62,,71
7401,188,1804,,47,Junior/Senior/Grad,30:35.86,,71
7402,146,1091,,47,Junior/Senior/Grad,31:02.78,,71
7403,146,1138,,47,Junior/Senior/Grad,31:02.85,,71
7404,43,3380,,47,Junior/Senior/Grad,31:07.05,,71
7405,124,1972,,47,Junior/Senior/Grad,31:25.62,,71
7406,124,1961,,47,Junior/Senior/Grad,31:27.87,,71
7407,124,1975,,47,Junior/Senior/Grad,31:30.11,,71
7408,124,1939,,47,Junior/Senior/Grad,31:30.36,,71
7409,138,631,,47,Junior/Senior/Grad,31:30.62,,71
7410,117,262,,47,Junior/Senior/Grad,31:37.54,,71
7411,158,2416,,47,Junior/Senior/Grad,32:01.73,,71
7412,162,1124,,47,Junior/Senior/Grad,32:13.58,,71
7413,11,3501,,47,Junior/Senior/Grad,32:28.56,,71
7414,112,2840,,47,Junior/Senior/Grad,32:51.16,,71
7415,138,2424,,47,Junior/Senior/Grad,32:55.32,,71
7416,162,1682,,47,Junior/Senior/Grad,33:11.94,,71
7417,167,2534,,47,Junior/Senior/Grad,33:13.14,,71
7418,196,860,,47,Junior/Senior/Grad,34:17.63,,71
7419,119,2848,,47,Junior/Senior/Grad,34:44.49,,71
7420,138,3110,,47,Junior/Senior/Grad,35:03.60,,71
7421,104,1987,,47,Junior/Senior/Grad,35:17.14,,71
7422,196,861,,47,Junior/Senior/Grad,36:03.53,,71
7423,60,3465,,47,Junior/Senior/Grad,37:31.92,,71
7424,138,3131,,47,Junior/Senior/Grad,37:35.35,,71
7425,138,3125,,47,Junior/Senior/Grad,37:52.12,,71
7426,56,3384,,47,Junior/Senior/Grad,44:47.07,,71
7427,138,609,,47,Junior/Senior/Grad,44:59.88,,71
7428,56,265,,47,Junior/Senior/Grad,45:18.18,,71
7429,45,3385,,47,Junior/Senior/Grad,46:05.27,,71
7430,124,2007,,48,Junior/Senior/Grad,26:18.72,,71
7431,111,311,,48,Junior/Senior/Grad,26:40.44,,71
7432,167,673,,48,Junior/Senior/Grad,26:47.12,,71
7433,107,2854,,48,Junior/Senior/Grad,26:54.70,,71
7434,4,94,,48,Junior/Senior/Grad,26:59.75,,71
7435,56,138,,48,Junior/Senior/Grad,27:00.47,,71
7436,117,140,,48,Junior/Senior/Grad,27:07.48,,71
7437,101,145,,48,Junior/Senior/Grad,27:16.60,,71
7438,61,2264,,48,Junior/Senior/Grad,27:17.19,,71
7439,104,2006,,48,Junior/Senior/Grad,27:26.35,,71
7440,147,1699,,48,Junior/Senior/Grad,27:31.22,,71
7441,117,12,,48,Junior/Senior/Grad,27:36.48,,71
7442,117,161,,48,Junior/Senior/Grad,27:39.69,,71
7443,124,2004,,48,Junior/Senior/Grad,27:40.10,,71
7444,124,2863,,48,Junior/Senior/Grad,27:44.24,,71
7445,147,1700,,48,Junior/Senior/Grad,27:46.44,,71
7446,61,2266,,48,Junior/Senior/Grad,27:50.94,,71
7447,147,1701,,48,Junior/Senior/Grad,27:53.57,,71
7448,61,381,,48,Junior/Senior/Grad,27:58.40,,71
7449,43,13,,48,Junior/Senior/Grad,28:00.86,,71
7450,117,139,,48,Junior/Senior/Grad,28:04.23,,71
111308,1,27960,Fr,48,,35:26.80,,1329
7451,60,3393,,48,Junior/Senior/Grad,28:06.77,,71
7452,188,1823,,48,Junior/Senior/Grad,28:09.27,,71
7453,117,149,,48,Junior/Senior/Grad,28:14.84,,71
7454,204,890,,48,Junior/Senior/Grad,28:16.78,,71
7455,188,878,,48,Junior/Senior/Grad,28:19.14,,71
7456,61,2779,,48,Junior/Senior/Grad,28:21.12,,71
7457,112,422,,48,Junior/Senior/Grad,28:23.22,,71
7458,117,14,,48,Junior/Senior/Grad,28:24.90,,71
7459,196,913,,48,Junior/Senior/Grad,28:24.99,,71
7460,167,702,,48,Junior/Senior/Grad,28:25.49,,71
7461,196,895,,48,Junior/Senior/Grad,28:31.25,,71
7462,111,320,,48,Junior/Senior/Grad,28:33.76,,71
7463,196,2347,,48,Junior/Senior/Grad,28:35.59,,71
7464,49,2268,,48,Junior/Senior/Grad,28:37.33,,71
7465,1,20,,48,Junior/Senior/Grad,28:38.98,,71
7466,196,2348,,48,Junior/Senior/Grad,28:40.23,,71
7467,146,1219,,48,Junior/Senior/Grad,28:43.23,,71
7468,61,2267,,48,Junior/Senior/Grad,28:49.41,,71
7469,116,2014,,48,Junior/Senior/Grad,28:52.54,,71
7470,196,892,,48,Junior/Senior/Grad,28:53.01,,71
7471,104,2020,,48,Junior/Senior/Grad,28:54.03,,71
7472,188,881,,48,Junior/Senior/Grad,28:57.94,,71
7473,159,2177,,48,Junior/Senior/Grad,28:58.85,,71
7474,150,1286,,48,Junior/Senior/Grad,29:02.67,,71
7475,150,1269,,48,Junior/Senior/Grad,29:02.79,,71
7476,167,720,,48,Junior/Senior/Grad,29:03.84,,71
7477,79,515,,48,Junior/Senior/Grad,29:06.04,,71
7478,61,3396,,48,Junior/Senior/Grad,29:09.41,,71
7479,56,147,,48,Junior/Senior/Grad,29:09.61,,71
7480,11,2967,,48,Junior/Senior/Grad,29:10.74,,71
7481,43,34,,48,Junior/Senior/Grad,29:17.67,,71
7482,49,32,,48,Junior/Senior/Grad,29:17.73,,71
7483,60,2905,,48,Junior/Senior/Grad,29:18.96,,71
7484,117,176,,48,Junior/Senior/Grad,29:20.31,,71
7485,124,2022,,48,Junior/Senior/Grad,29:23.17,,71
7486,147,3150,,48,Junior/Senior/Grad,29:24.99,,71
7487,147,3143,,48,Junior/Senior/Grad,29:28.03,,71
7488,79,509,,48,Junior/Senior/Grad,29:28.58,,71
7489,79,2575,,48,Junior/Senior/Grad,29:29.59,,71
7490,117,175,,48,Junior/Senior/Grad,29:30.35,,71
7491,11,2964,,48,Junior/Senior/Grad,29:32.12,,71
7492,61,2273,,48,Junior/Senior/Grad,29:33.23,,71
7494,108,2235,,48,Junior/Senior/Grad,29:37.43,,71
7495,60,3398,,48,Junior/Senior/Grad,29:37.52,,71
7496,1,3335,,48,Junior/Senior/Grad,29:40.82,,71
7497,158,2449,,48,Junior/Senior/Grad,29:46.99,,71
7498,120,324,,48,Junior/Senior/Grad,29:48.18,,71
7499,75,3447,,48,Junior/Senior/Grad,29:49.89,,71
7500,120,342,,48,Junior/Senior/Grad,29:50.55,,71
7501,75,2579,,48,Junior/Senior/Grad,29:54.46,,71
7502,172,1864,,48,Junior/Senior/Grad,29:55.28,,71
7503,1,37,,48,Junior/Senior/Grad,29:56.50,,71
7504,116,332,,48,Junior/Senior/Grad,30:06.33,,71
7505,49,22,,48,Junior/Senior/Grad,30:07.73,,71
7506,158,2451,,48,Junior/Senior/Grad,30:10.05,,71
7507,104,2023,,48,Junior/Senior/Grad,30:11.38,,71
7508,56,177,,48,Junior/Senior/Grad,30:11.52,,71
7509,117,189,,48,Junior/Senior/Grad,30:12.21,,71
7510,167,754,,48,Junior/Senior/Grad,30:15.49,,71
7511,196,3224,,48,Junior/Senior/Grad,30:17.09,,71
7512,43,40,,48,Junior/Senior/Grad,30:27.66,,71
7513,147,2355,,48,Junior/Senior/Grad,30:28.13,,71
7514,164,2743,,48,Junior/Senior/Grad,30:30.86,,71
7515,196,2359,,48,Junior/Senior/Grad,30:37.17,,71
7516,79,542,,48,Junior/Senior/Grad,30:40.74,,71
7517,11,2982,,48,Junior/Senior/Grad,30:41.56,,71
7518,165,3146,,48,Junior/Senior/Grad,30:42.30,,71
7519,159,2750,,48,Junior/Senior/Grad,30:49.38,,71
7520,96,372,,48,Junior/Senior/Grad,30:50.07,,71
7521,150,2361,,48,Junior/Senior/Grad,30:50.50,,71
7522,147,1705,,48,Junior/Senior/Grad,30:52.93,,71
7523,56,168,,48,Junior/Senior/Grad,30:52.99,,71
7524,146,1692,,48,Junior/Senior/Grad,30:59.67,,71
7525,164,2742,,48,Junior/Senior/Grad,30:59.84,,71
7526,49,2995,,48,Junior/Senior/Grad,31:06.28,,71
7527,159,762,,48,Junior/Senior/Grad,31:07.45,,71
7528,61,1662,,48,Junior/Senior/Grad,31:07.66,,71
7529,138,2471,,48,Junior/Senior/Grad,31:08.59,,71
7530,49,39,,48,Junior/Senior/Grad,31:09.84,,71
7531,104,2031,,48,Junior/Senior/Grad,31:10.37,,71
7532,112,430,,48,Junior/Senior/Grad,31:16.20,,71
7533,43,42,,48,Junior/Senior/Grad,31:16.21,,71
7534,167,680,,48,Junior/Senior/Grad,31:23.39,,71
7535,172,3212,,48,Junior/Senior/Grad,31:32.55,,71
7536,146,1317,,48,Junior/Senior/Grad,31:35.68,,71
7537,146,1301,,48,Junior/Senior/Grad,31:36.59,,71
7538,111,988,,48,Junior/Senior/Grad,31:39.57,,71
7539,120,323,,48,Junior/Senior/Grad,31:40.65,,71
7540,60,3407,,48,Junior/Senior/Grad,31:43.87,,71
7541,49,3403,,48,Junior/Senior/Grad,31:51.94,,71
7542,120,325,,48,Junior/Senior/Grad,31:56.38,,71
7543,196,948,,48,Junior/Senior/Grad,32:02.43,,71
7544,43,53,,48,Junior/Senior/Grad,32:06.35,,71
7545,103,3345,,48,Junior/Senior/Grad,32:11.30,,71
7546,112,2041,,48,Junior/Senior/Grad,32:12.59,,71
7547,90,3458,,48,Junior/Senior/Grad,32:14.17,,71
7548,60,3405,,48,Junior/Senior/Grad,32:15.34,,71
7549,160,1320,,48,Junior/Senior/Grad,32:17.11,,71
7550,1,1,,48,Junior/Senior/Grad,32:18.07,,71
7551,164,2749,,48,Junior/Senior/Grad,32:24.46,,71
7552,167,760,,48,Junior/Senior/Grad,32:26.15,,71
7553,160,1357,,48,Junior/Senior/Grad,32:28.46,,71
7554,116,350,,48,Junior/Senior/Grad,32:32.32,,71
7555,124,2874,,48,Junior/Senior/Grad,32:35.96,,71
7556,49,33,,48,Junior/Senior/Grad,32:39.71,,71
7557,96,374,,48,Junior/Senior/Grad,32:40.33,,71
7558,196,2373,,48,Junior/Senior/Grad,32:41.35,,71
7559,117,3346,,48,Junior/Senior/Grad,32:42.78,,71
7560,56,3415,,48,Junior/Senior/Grad,32:45.35,,71
7561,107,2876,,48,Junior/Senior/Grad,32:49.28,,71
7562,159,764,,48,Junior/Senior/Grad,32:51.77,,71
7563,1,3349,,48,Junior/Senior/Grad,32:53.17,,71
7564,124,2042,,48,Junior/Senior/Grad,32:54.65,,71
7565,146,1697,,48,Junior/Senior/Grad,33:00.60,,71
7566,146,1356,,48,Junior/Senior/Grad,33:04.92,,71
7567,61,1665,,48,Junior/Senior/Grad,33:07.58,,71
7568,104,2029,,48,Junior/Senior/Grad,33:08.67,,71
7569,203,1881,,48,Junior/Senior/Grad,33:09.16,,71
7570,167,794,,48,Junior/Senior/Grad,33:11.32,,71
7571,75,1602,,48,Junior/Senior/Grad,33:12.70,,71
7572,15,3303,,48,Junior/Senior/Grad,33:18.26,,71
7573,196,947,,48,Junior/Senior/Grad,33:20.73,,71
7574,43,57,,48,Junior/Senior/Grad,33:26.57,,71
7575,88,561,,48,Junior/Senior/Grad,33:29.99,,71
7576,96,375,,48,Junior/Senior/Grad,33:31.00,,71
7577,172,1906,,48,Junior/Senior/Grad,33:37.81,,71
7578,75,1606,,48,Junior/Senior/Grad,33:39.10,,71
7579,196,2375,,48,Junior/Senior/Grad,33:41.11,,71
7580,49,2283,,48,Junior/Senior/Grad,33:43.51,,71
7581,172,1910,,48,Junior/Senior/Grad,33:46.07,,71
7582,203,1905,,48,Junior/Senior/Grad,33:53.83,,71
7583,203,2134,,48,Junior/Senior/Grad,33:54.05,,71
7584,203,2138,,48,Junior/Senior/Grad,33:54.17,,71
7585,196,2371,,48,Junior/Senior/Grad,34:00.30,,71
7586,117,54,,48,Junior/Senior/Grad,34:07.80,,71
7587,203,1908,,48,Junior/Senior/Grad,34:08.40,,71
7588,196,955,,48,Junior/Senior/Grad,34:26.23,,71
7589,56,2202,,48,Junior/Senior/Grad,34:28.75,,71
7590,43,3418,,48,Junior/Senior/Grad,34:36.99,,71
7591,43,55,,48,Junior/Senior/Grad,34:41.90,,71
7592,159,3175,,48,Junior/Senior/Grad,35:09.71,,71
7593,111,349,,48,Junior/Senior/Grad,35:16.28,,71
7594,111,347,,48,Junior/Senior/Grad,35:17.02,,71
7595,158,3170,,48,Junior/Senior/Grad,35:22.88,,71
7596,112,2885,,48,Junior/Senior/Grad,35:31.98,,71
7597,111,351,,48,Junior/Senior/Grad,35:46.06,,71
7598,169,1380,,48,Junior/Senior/Grad,35:51.34,,71
7599,146,1426,,48,Junior/Senior/Grad,35:53.27,,71
7600,112,2879,,48,Junior/Senior/Grad,35:59.31,,71
7601,45,3419,,48,Junior/Senior/Grad,36:14.43,,71
7602,61,3401,,48,Junior/Senior/Grad,36:34.57,,71
7603,61,2289,,48,Junior/Senior/Grad,36:43.32,,71
7604,167,790,,48,Junior/Senior/Grad,36:56.24,,71
7605,203,3231,,48,Junior/Senior/Grad,37:17.35,,71
7606,40,3502,,48,Junior/Senior/Grad,37:18.25,,71
7607,61,2288,,48,Junior/Senior/Grad,37:25.36,,71
7608,119,2884,,48,Junior/Senior/Grad,37:47.08,,71
7609,162,1386,,48,Junior/Senior/Grad,38:02.32,,71
7610,75,3457,,48,Junior/Senior/Grad,38:07.35,,71
7611,119,2887,,48,Junior/Senior/Grad,38:18.77,,71
7612,15,3311,,48,Junior/Senior/Grad,38:59.77,,71
7613,146,1425,,48,Junior/Senior/Grad,41:11.66,,71
7614,160,1439,,48,Junior/Senior/Grad,41:15.35,,71
7615,119,3329,,48,Junior/Senior/Grad,41:16.60,,71
7616,196,969,,48,Junior/Senior/Grad,47:50.65,,71
7617,124,2054,,48,Junior/Senior/Grad,57:20.91,,71
83240,172,18828,,47,,26:01.46,,776
83241,203,18831,,47,,26:03.71,,776
83242,188,3037,,47,,26:05.60,,776
83243,203,18863,,47,,26:10.16,,776
83244,208,23546,,47,,26:10.33,,776
83245,203,3035,,47,,26:12.36,,776
83246,178,3033,,47,,26:14.99,,776
83247,209,23547,,47,,26:16.00,,776
83248,209,23548,,47,,26:17.00,,776
83249,203,18826,,47,,26:17.69,,776
83250,188,18832,,47,,26:23.33,,776
83251,203,1741,,47,,26:24.31,,776
83252,174,1762,,47,,26:24.45,,776
83253,196,18601,,47,,26:30.22,,776
83254,178,23549,,47,,26:35.61,,776
83255,199,1756,,47,,26:40.32,,776
83256,204,842,,47,,26:41.09,,776
83257,204,832,,47,,26:41.22,,776
83258,204,18603,,47,,26:41.52,,776
83259,204,18609,,47,,26:43.71,,776
83260,171,23550,,47,,26:47.17,,776
83261,191,3193,,47,,26:49.96,,776
83262,178,3040,,47,,26:50.94,,776
83263,209,23551,,47,,26:51.00,,776
83264,203,1765,,47,,26:52.29,,776
83265,208,3185,,47,,26:57.02,,776
83266,178,23552,,47,,26:59.03,,776
83267,209,22577,,47,,27:06.00,,776
83268,180,2086,,47,,27:07.56,,776
83269,199,1775,,47,,27:09.17,,776
83270,203,18836,,47,,27:11.07,,776
83271,203,18835,,47,,27:19.97,,776
83272,204,23553,,47,,27:21.54,,776
111310,150,27422,,47,,27:32.03,,1330
83273,178,23554,,47,,27:24.43,,776
111311,150,28526,,47,,28:46.02,,1330
111312,150,27427,,47,,29:10.15,,1330
111313,150,28527,,47,,29:34.95,,1330
111314,150,2820,,47,,29:41.40,,1330
111315,150,27439,,47,,35:00.81,,1330
111316,150,27446,,48,,28:33.26,,1330
111317,150,28528,,48,,28:54.75,,1330
111318,150,27445,,48,,29:12.58,,1330
111319,150,2345,,48,,29:23.49,,1330
111320,150,3140,,48,,30:21.25,,1330
111321,150,28529,,48,,30:35.72,,1330
111322,150,27460,,48,,31:20.76,,1330
111323,150,27476,,48,,31:21.18,,1330
111324,150,1234,,48,,31:50.03,,1330
111325,150,1290,,48,,32:04.22,,1330
111326,150,28530,,48,,32:46.05,,1330
111327,150,27459,,48,,32:50.92,,1330
111328,150,27468,,48,,33:16.30,,1330
111329,150,1287,,48,,34:48.24,,1330
83274,172,1750,,47,,27:25.53,,776
111330,150,1269,,48,,35:42.22,,1330
111331,150,27482,,48,,42:18.08,,1330
83275,171,23555,,47,,27:26.00,,776
83276,203,18851,,47,,27:26.83,,776
83277,203,18839,,47,,27:29.98,,776
83278,172,1800,,47,,27:30.01,,776
83279,204,18610,,47,,27:33.44,,776
83280,172,18607,,47,,27:36.48,,776
83281,180,23556,,47,,27:37.92,,776
83282,204,836,,47,,27:38.53,,776
83283,180,23557,,47,,27:39.97,,776
83284,209,22581,,47,,27:40.00,,776
83285,203,1769,,47,,27:42.17,,776
53228,137,628,,47,,29:55.20,,479
53229,137,633,,47,,29:55.40,,479
53230,158,16167,,47,,30:02.40,,479
53231,158,2401,,47,,30:08.70,,479
53232,158,16168,,47,,30:10.60,,479
53233,159,5683,,47,,30:13.60,,479
53234,152,2415,,47,,30:16.00,,479
53236,158,2404,,47,,30:27.40,,479
53237,152,2418,,47,,30:31.50,,479
53238,138,631,,47,,31:04.60,,479
53239,158,5344,,47,,31:08.30,,479
53240,130,4673,,47,,31:16.60,,479
53241,137,16169,,47,,31:17.70,,479
53242,159,16170,,47,,31:17.90,,479
53243,152,16171,,47,,31:47.90,,479
53244,159,643,,47,,31:53.70,,479
53245,159,16172,,47,,32:00.60,,479
53246,158,16173,,47,,32:02.40,,479
53247,130,4230,,47,,32:03.50,,479
53248,159,5766,,47,,32:04.00,,479
53249,130,4249,,47,,32:04.20,,479
53250,158,2412,,47,,32:10.20,,479
53251,159,16174,,47,,32:30.70,,479
53252,152,2423,,47,,32:32.80,,479
53253,137,662,,47,,32:49.20,,479
53254,158,2430,,47,,33:10.70,,479
53255,130,16175,,47,,33:18.90,,479
53256,158,4251,,47,,34:01.00,,479
53257,152,16176,,47,,34:11.60,,479
53258,152,16177,,47,,34:41.50,,479
53259,158,2428,,47,,35:05.00,,479
83286,208,23558,,47,,27:43.27,,776
83287,171,11447,,47,,28:06.32,,776
83288,199,17562,,47,,28:08.80,,776
83289,187,23559,,47,,28:13.61,,776
83290,171,23560,,47,,28:15.72,,776
83291,188,855,,47,,28:25.03,,776
83292,208,23561,,47,,28:29.57,,776
83293,188,1804,,47,,28:29.99,,776
83294,203,1796,,47,,28:36.42,,776
83295,203,22580,,47,,28:37.63,,776
83296,188,846,,47,,28:38.21,,776
83297,172,6870,,47,,28:40.31,,776
83298,178,18837,,47,,28:42.48,,776
83299,196,861,,47,,28:48.07,,776
83300,208,23562,,47,,28:48.77,,776
83301,188,19610,,47,,28:53.10,,776
83302,209,3046,,47,,28:59.00,,776
83303,191,3198,,47,,29:01.33,,776
83304,203,1783,,47,,29:02.71,,776
83305,203,1781,,47,,29:03.82,,776
83306,172,18271,,47,,29:04.19,,776
83307,196,23563,,47,,29:04.72,,776
83308,172,1760,,47,,29:19.86,,776
83309,178,23564,,47,,29:20.80,,776
83310,203,18844,,47,,29:21.80,,776
83311,172,18849,,47,,29:21.82,,776
83312,188,6867,,47,,29:54.35,,776
83313,187,23565,,47,,30:22.60,,776
83314,188,18854,,47,,30:31.86,,776
83315,174,18860,,47,,30:31.89,,776
83316,203,2085,,47,,30:44.47,,776
83317,203,3036,,47,,30:48.47,,776
83318,172,1797,,47,,30:48.64,,776
83319,203,5512,,47,,31:06.66,,776
83320,191,18856,,47,,31:14.77,,776
83321,204,18612,,47,,31:17.48,,776
83322,171,23566,,47,,31:17.85,,776
83323,199,3537,,47,,31:20.74,,776
83324,204,839,,47,,31:28.74,,776
83325,220,18613,,47,,31:42.01,,776
83326,204,23567,,47,,34:30.00,,776
83327,188,867,,48,,25:20.29,,776
53235,138,5691,,47,,30:23.90,,479
53194,158,4665,,47,,25:05.20,,479
53195,158,16156,,47,,25:28.40,,479
53196,137,4660,,47,,25:42.10,,479
53197,159,16157,,47,,25:47.50,,479
53198,159,591,,47,,25:52.50,,479
53199,138,3100,,47,,26:04.00,,479
53200,152,3103,,47,,26:04.30,,479
53201,158,2390,,47,,26:18.50,,479
53202,137,589,,47,,26:23.40,,479
53203,138,598,,47,,26:35.80,,479
53204,138,16158,,47,,26:43.50,,479
53205,138,604,,47,,26:43.60,,479
53206,137,588,,47,,26:47.20,,479
53207,159,16159,,47,,26:58.30,,479
53208,158,16160,,47,,27:03.50,,479
53209,159,576,,47,,27:07.60,,479
53210,159,619,,47,,27:16.10,,479
53211,130,2387,,47,,27:20.30,,479
53212,138,5685,,47,,27:21.00,,479
53213,159,16161,,47,,27:34.90,,479
53214,158,2400,,47,,27:35.80,,479
53215,138,3109,,47,,27:36.80,,479
53216,159,648,,47,,27:47.80,,479
53217,159,16162,,47,,27:54.10,,479
53218,138,4233,,47,,28:05.50,,479
53219,137,16163,,47,,28:20.20,,479
53220,158,16164,,47,,28:21.20,,479
53221,158,2403,,47,,28:24.90,,479
53222,158,2406,,47,,29:11.20,,479
53223,130,2409,,47,,29:15.40,,479
53224,158,16165,,47,,29:18.20,,479
53225,158,2408,,47,,29:30.40,,479
53226,158,2894,,47,,29:41.50,,479
53227,137,16166,,47,,29:41.60,,479
83329,203,1809,,48,,25:26.78,,776
83330,178,1815,,48,,26:08.07,,776
83331,204,868,,48,,26:16.20,,776
83332,188,885,,48,,26:17.23,,776
83333,178,18865,,48,,26:19.67,,776
83334,196,866,,48,,26:20.39,,776
83335,178,1813,,48,,26:24.52,,776
83336,174,3204,,48,,26:33.35,,776
83337,172,1817,,48,,26:33.81,,776
83338,209,22565,,48,,26:36.00,,776
83339,203,2113,,48,,26:40.67,,776
83340,203,18869,,48,,26:41.16,,776
83341,172,1814,,48,,26:42.74,,776
83342,203,3053,,48,,26:45.54,,776
83343,188,877,,48,,26:47.65,,776
83344,188,882,,48,,26:48.24,,776
83345,188,881,,48,,26:53.68,,776
83346,196,891,,48,,26:56.09,,776
83347,204,4482,,48,,26:56.94,,776
83348,196,5025,,48,,26:57.16,,776
83349,188,879,,48,,26:58.22,,776
83350,174,1847,,48,,26:58.69,,776
83351,178,3205,,48,,27:01.21,,776
83352,180,2110,,48,,27:02.82,,776
83353,188,5013,,48,,27:04.86,,776
83354,188,18555,,48,,27:04.91,,776
83355,174,2111,,48,,27:08.29,,776
83356,180,23568,,48,,27:15.53,,776
83357,178,18867,,48,,27:17.11,,776
83358,188,3543,,48,,27:20.81,,776
83359,176,2114,,48,,27:21.40,,776
83360,203,1835,,48,,27:23.32,,776
83361,178,1818,,48,,27:25.01,,776
83362,188,919,,48,,27:29.37,,776
83363,188,1863,,48,,27:30.41,,776
83364,204,873,,48,,27:34.30,,776
83365,188,2112,,48,,27:34.59,,776
83366,209,23569,,48,,27:35.00,,776
83367,188,910,,48,,27:35.42,,776
83368,202,23570,,48,,27:36.20,,776
83369,209,22566,,48,,27:38.00,,776
83370,188,2122,,48,,27:39.84,,776
83371,178,1824,,48,,27:46.05,,776
83372,208,3210,,48,,27:47.28,,776
83373,188,23571,,48,,27:48.55,,776
83374,209,3051,,48,,27:50.00,,776
83375,204,23572,,48,,27:52.01,,776
83376,209,23573,,48,,27:54.00,,776
83377,204,23574,,48,,27:55.00,,776
83378,174,2116,,48,,27:56.30,,776
83379,171,1184,,48,,27:56.92,,776
83380,174,18870,,48,,27:57.44,,776
83381,220,18566,,48,,27:57.49,,776
83382,204,18559,,48,,27:58.32,,776
83383,204,931,,48,,27:58.84,,776
83384,203,1827,,48,,28:00.24,,776
83385,178,1825,,48,,28:02.70,,776
83386,204,18561,,48,,28:03.33,,776
83387,203,3056,,48,,28:04.37,,776
83388,174,1856,,48,,28:08.35,,776
83389,208,3213,,48,,28:15.57,,776
83390,172,18873,,48,,28:18.64,,776
83391,199,19635,,48,,28:19.17,,776
83392,208,23575,,48,,28:19.74,,776
83393,176,18568,,48,,28:20.84,,776
83394,208,3207,,48,,28:21.97,,776
83395,204,18562,,48,,28:22.48,,776
83396,199,18872,,48,,28:25.41,,776
83397,188,887,,48,,28:28.78,,776
83398,204,1871,,48,,28:31.13,,776
83399,208,23576,,48,,28:32.08,,776
83400,203,1844,,48,,28:35.32,,776
83401,204,890,,48,,28:37.88,,776
83402,188,3062,,48,,28:40.52,,776
83403,203,18877,,48,,28:43.49,,776
83404,208,23577,,48,,28:44.04,,776
83405,171,11382,,48,,28:45.81,,776
83406,204,874,,48,,28:48.34,,776
83407,196,19624,,48,,28:55.81,,776
83408,172,1837,,48,,28:56.79,,776
83409,174,18876,,48,,28:59.66,,776
83410,203,3057,,48,,29:01.01,,776
83411,188,18878,,48,,29:05.85,,776
83412,188,18882,,48,,29:05.98,,776
83413,171,11389,,48,,29:06.44,,776
83414,208,3218,,48,,29:07.75,,776
83415,178,23578,,48,,29:08.58,,776
83416,203,1858,,48,,29:09.72,,776
83417,178,1850,,48,,29:11.51,,776
83418,203,18874,,48,,29:12.40,,776
83419,196,2359,,48,,29:15.42,,776
83420,209,23579,,48,,29:16.00,,776
83421,188,916,,48,,29:16.82,,776
83422,178,1870,,48,,29:17.26,,776
83423,202,2908,,48,,29:18.14,,776
83424,220,18571,,48,,29:18.90,,776
83425,204,900,,48,,29:19.85,,776
83426,188,1823,,48,,29:21.79,,776
83427,188,936,,48,,29:23.82,,776
83428,178,1872,,48,,29:29.31,,776
83429,172,1852,,48,,29:30.39,,776
83430,171,1239,,48,,29:31.90,,776
83431,204,1876,,48,,29:35.64,,776
83432,174,23580,,48,,29:38.17,,776
83433,178,1853,,48,,29:38.77,,776
83434,204,19627,,48,,29:39.20,,776
83435,178,3052,,48,,29:39.77,,776
83436,172,18889,,48,,29:40.25,,776
83437,204,1874,,48,,29:40.79,,776
83438,203,2119,,48,,29:43.73,,776
83439,203,19626,,48,,29:44.69,,776
83440,174,1836,,48,,29:47.50,,776
83441,202,23581,,48,,29:47.51,,776
83442,174,4997,,48,,29:49.00,,776
83443,203,2124,,48,,29:50.70,,776
83444,203,18887,,48,,29:50.85,,776
83445,204,18563,,48,,29:51.98,,776
83446,204,18581,,48,,29:52.33,,776
83447,172,18883,,48,,29:53.03,,776
83448,220,18573,,48,,29:55.37,,776
83449,178,1811,,48,,30:03.24,,776
83450,204,2120,,48,,30:07.15,,776
83451,188,5735,,48,,30:07.28,,776
83452,209,23582,,48,,30:08.00,,776
83453,204,19628,,48,,30:08.27,,776
83454,220,23583,,48,,30:08.97,,776
83455,180,18884,,48,,30:09.85,,776
83456,209,23584,,48,,30:17.00,,776
83457,171,11395,,48,,30:18.95,,776
83464,209,23585,,48,,30:36.00,,776
83465,178,1869,,48,,30:37.56,,776
83466,188,19634,,48,,30:42.09,,776
83467,171,11399,,48,,30:43.16,,776
83468,220,18583,,48,,30:46.20,,776
83469,203,19637,,48,,30:46.65,,776
83470,209,3067,,48,,30:47.00,,776
83471,208,23586,,48,,30:47.33,,776
83472,209,23587,,48,,30:48.00,,776
83473,204,924,,48,,30:54.85,,776
83474,188,1877,,48,,30:57.27,,776
83475,174,19638,,48,,30:59.33,,776
83476,174,5732,,48,,31:00.77,,776
83477,171,19640,,48,,31:05.72,,776
83478,199,23588,,48,,31:05.93,,776
83479,203,1894,,48,,31:06.99,,776
83480,196,18569,,48,,31:08.04,,776
83481,204,902,,48,,31:08.73,,776
83482,172,18899,,48,,31:13.57,,776
83483,171,23589,,48,,31:17.12,,776
83484,171,4314,,48,,31:17.19,,776
83485,208,3226,,48,,31:21.79,,776
83486,191,3216,,48,,31:24.30,,776
83487,196,23590,,48,,31:25.95,,776
83488,172,18885,,48,,31:29.38,,776
83489,196,2373,,48,,31:33.05,,776
83490,172,18888,,48,,31:34.41,,776
83491,204,23591,,48,,31:40.46,,776
83492,205,18115,,48,,31:40.49,,776
83493,220,19636,,48,,31:44.50,,776
83494,203,1883,,48,,32:00.62,,776
83495,204,19653,,48,,32:02.43,,776
83496,203,2141,,48,,32:04.90,,776
83497,204,18577,,48,,32:08.34,,776
83498,220,18585,,48,,32:10.29,,776
83499,205,19641,,48,,32:12.31,,776
83500,172,1901,,48,,32:14.01,,776
83501,208,5135,,48,,32:28.22,,776
83502,196,19648,,48,,32:30.90,,776
83503,174,18894,,48,,32:30.98,,776
83504,199,1895,,48,,32:42.02,,776
83505,220,18578,,48,,32:50.53,,776
83506,188,926,,48,,32:50.97,,776
83507,203,3073,,48,,32:51.71,,776
83508,202,23592,,48,,33:00.20,,776
83509,187,22573,,48,,33:02.25,,776
83510,203,18895,,48,,33:03.77,,776
83511,196,946,,48,,33:05.40,,776
83512,205,19649,,48,,33:11.38,,776
83513,188,951,,48,,33:13.29,,776
83514,199,19644,,48,,33:19.00,,776
83515,220,18570,,48,,33:20.63,,776
83516,178,3082,,48,,33:21.30,,776
83517,204,23593,,48,,33:25.18,,776
83518,203,3231,,48,,33:31.29,,776
83519,203,1908,,48,,33:51.74,,776
83520,196,895,,48,,34:32.34,,776
83521,196,2375,,48,,34:43.81,,776
83522,220,18579,,48,,34:46.71,,776
83523,205,19656,,48,,34:54.70,,776
83524,178,23594,,48,,35:04.71,,776
83525,196,3084,,48,,35:16.08,,776
83526,188,938,,48,,35:18.71,,776
83527,208,5132,,48,,35:20.31,,776
83528,174,18910,,48,,35:27.58,,776
83529,205,17373,,48,,35:32.54,,776
83530,191,23595,,48,,35:55.73,,776
83531,175,5006,,48,,35:58.84,,776
83532,175,5001,,48,,35:58.88,,776
83533,175,4999,,48,,36:01.88,,776
83534,199,23596,,48,,36:21.20,,776
83535,204,964,,48,,36:33.62,,776
83536,203,1881,,48,,36:56.21,,776
83537,172,1906,,48,,36:59.03,,776
83538,203,19657,,48,,37:04.36,,776
83539,180,23597,,48,,38:20.38,,776
83540,220,18590,,48,,38:25.28,,776
83541,205,3559,,48,,38:27.60,,776
83542,204,23598,,48,,38:29.93,,776
83543,196,23599,,48,,38:44.29,,776
83544,203,23600,,48,,42:28.00,,776
83545,196,19662,,48,,42:56.00,,776
83546,196,23601,,48,,45:45.00,,776
83547,205,19666,,48,,54:09.00,,776
111382,59,4082,,48,,27:29.60,,1331
111383,59,21472,,48,,27:31.80,,1331
111332,61,2238,,47,,21:49.50,,1331
111333,61,2245,,47,,23:37.40,,1331
111334,61,28018,,47,,23:48.30,,1331
111335,61,2243,,47,,23:54.80,,1331
111336,61,28021,,47,,25:15.20,,1331
111337,61,20763,,47,,25:58.00,,1331
111338,61,28531,,47,,26:15.60,,1331
111339,61,4794,,47,,28:17.20,,1331
111340,61,28414,,47,,29:32.00,,1331
111341,61,28532,,47,,30:49.50,,1331
111342,49,19504,,47,,24:30.10,,1331
111343,49,28376,,47,,24:31.90,,1331
111344,49,7115,,47,,24:32.00,,1331
111345,49,28377,,47,,26:11.40,,1331
111346,49,28533,,47,,26:23.70,,1331
111347,49,28534,,47,,29:14.20,,1331
111348,59,19506,,47,,23:19.90,,1331
111349,59,19360,,47,,23:36.70,,1331
111350,59,19524,,47,,24:47.20,,1331
111351,59,2061,,47,,26:22.20,,1331
111352,59,1671,,47,,26:28.10,,1331
111353,59,2064,,47,,29:51.60,,1331
111354,59,28029,,47,,30:06.70,,1331
111355,59,28535,,47,,33:08.20,,1331
111356,59,27226,,47,,36:58.20,,1331
111357,61,8146,,48,,25:04.20,,1331
111358,61,27989,,48,,25:08.30,,1331
111359,61,2259,,48,,25:42.10,,1331
111360,61,1657,,48,,25:54.40,,1331
111361,61,8147,,48,,25:56.30,,1331
111362,61,2261,,48,,26:02.60,,1331
111363,61,25550,,48,,26:03.30,,1331
111364,61,1656,,48,,26:13.00,,1331
111365,61,27212,,48,,26:49.70,,1331
111366,61,2275,,48,,27:07.60,,1331
111367,61,1663,,48,,27:51.50,,1331
111368,61,27996,,48,,28:09.70,,1331
111369,61,28536,,48,,28:10.70,,1331
111370,61,28411,,48,,28:16.60,,1331
111371,61,26865,,48,,28:39.40,,1331
111372,49,2268,,48,,26:01.80,,1331
111373,49,2260,,48,,26:22.70,,1331
111374,49,2263,,48,,26:39.70,,1331
111375,49,19502,,48,,27:31.60,,1331
111376,59,11367,,48,,26:29.50,,1331
111377,59,2783,,48,,26:41.70,,1331
111378,59,27215,,48,,26:44.60,,1331
111379,59,1631,,48,,26:46.70,,1331
111380,59,1632,,48,,27:02.60,,1331
111381,59,1625,,48,,27:08.30,,1331
111384,60,26867,,17,,21:06.55,,1332
111385,60,7971,,17,,21:57.50,,1332
111386,60,3379,,17,,23:23.23,,1332
111387,60,28244,,17,,23:46.05,,1332
111388,60,3371,,17,,24:03.41,,1332
111389,60,28537,,17,,26:37.27,,1332
111390,60,3407,,48,,29:18.80,,1332
111391,60,7965,,48,,29:30.05,,1332
70050,117,19455,,47,,26:56.99,,587
70051,124,1954,,47,,26:58.46,,587
70052,117,8125,,47,,27:00.32,,587
70053,117,8122,,47,,27:01.57,,587
70054,124,11344,,47,,27:03.51,,587
70055,112,19456,,47,,27:04.29,,587
70056,112,19457,,47,,27:06.46,,587
70057,117,8124,,47,,27:07.38,,587
70058,118,3869,,47,,27:07.80,,587
70059,112,19458,,47,,27:09.71,,587
70060,101,256,,47,,27:11.67,,587
70061,117,8119,,47,,27:12.04,,587
70062,112,11343,,47,,27:12.22,,587
70063,116,294,,47,,27:13.39,,587
70064,112,19459,,47,,27:14.80,,587
70065,124,11345,,47,,27:15.05,,587
70066,124,17734,,47,,27:16.05,,587
70067,124,19460,,47,,27:16.52,,587
69686,86,19366,,47,,24:39.90,,586
69687,167,18922,,47,,25:26.90,,586
69688,166,3586,,47,,25:29.40,,586
69689,167,18921,,47,,26:26.80,,586
69690,139,7704,,47,,26:31.50,,586
69691,167,577,,47,,26:46.20,,586
69692,167,3000,,47,,26:55.50,,586
69693,164,620,,47,,26:58.40,,586
69694,167,19367,,47,,27:01.40,,586
69695,167,18929,,47,,27:23.30,,586
69696,164,578,,47,,27:34.30,,586
69697,86,18763,,47,,27:40.60,,586
69698,167,18931,,47,,28:55.70,,586
69699,139,1484,,47,,29:02.40,,586
69700,167,2511,,47,,29:21.00,,586
69701,167,5202,,47,,29:25.70,,586
69702,167,5277,,47,,29:29.80,,586
69703,166,19368,,47,,29:43.60,,586
69704,167,621,,47,,29:44.60,,586
69705,167,18939,,47,,29:48.30,,586
69708,139,2703,,47,,30:36.70,,586
69709,167,18948,,47,,31:39.10,,586
69710,167,655,,47,,32:24.40,,586
69711,167,638,,47,,33:42.10,,586
69712,167,647,,47,,34:13.80,,586
69713,168,19369,,47,,34:47.80,,586
69714,167,632,,47,,35:08.60,,586
69715,167,19370,,47,,35:15.00,,586
69716,167,18954,,47,,35:22.60,,586
69717,86,19371,,47,,35:52.00,,586
69718,86,18768,,47,,35:53.90,,586
69719,164,19372,,47,,36:10.00,,586
69721,167,3008,,47,,38:19.70,,586
69722,164,19373,,47,,38:41.70,,586
69723,139,17937,,47,,39:22.70,,586
69724,167,652,,47,,39:48.70,,586
69725,167,2534,,47,,40:39.70,,586
69729,142,19374,,48,,27:27.50,,586
69731,167,19375,,48,,27:39.00,,586
69733,167,673,,48,,27:45.20,,586
69737,167,685,,48,,28:33.70,,586
69738,167,2584,,48,,28:50.70,,586
69739,164,689,,48,,28:58.30,,586
69742,167,19376,,48,,29:21.80,,586
69743,142,19377,,48,,29:33.60,,586
69744,166,19378,,48,,29:49.90,,586
69745,167,18971,,48,,29:51.10,,586
69746,167,712,,48,,29:51.10,,586
69747,142,19379,,48,,29:56.70,,586
69748,167,704,,48,,30:06.00,,586
69749,167,19380,,48,,30:13.80,,586
69751,167,19381,,48,,30:24.90,,586
69752,166,3596,,48,,30:25.10,,586
69753,167,19382,,48,,30:33.70,,586
69754,139,1584,,48,,30:53.10,,586
69756,142,5314,,48,,30:58.70,,586
69757,142,18988,,48,,31:00.40,,586
69758,167,5230,,48,,31:00.50,,586
69759,164,18970,,48,,31:06.70,,586
69760,142,737,,48,,31:11.80,,586
69761,86,18745,,48,,31:21.90,,586
69762,167,717,,48,,31:24.00,,586
69763,167,18986,,48,,31:27.40,,586
69764,167,19383,,48,,31:31.40,,586
69765,167,18977,,48,,31:40.60,,586
69766,167,19384,,48,,31:45.00,,586
69767,167,19385,,48,,31:57.30,,586
69768,167,19386,,48,,32:14.60,,586
69769,139,19010,,48,,32:22.40,,586
69770,167,19387,,48,,32:26.30,,586
69771,63,19388,,48,,32:34.30,,586
69772,167,3011,,48,,32:38.70,,586
69773,167,2539,,48,,32:56.70,,586
69774,164,19007,,48,,32:58.30,,586
69777,167,19002,,48,,33:26.90,,586
69778,167,742,,48,,33:46.70,,586
69779,167,734,,48,,33:49.30,,586
69780,142,19389,,48,,33:51.60,,586
69781,167,19011,,48,,33:52.00,,586
69782,166,19390,,48,,34:08.20,,586
69784,86,1597,,48,,34:30.30,,586
69785,166,4726,,48,,34:36.90,,586
69786,166,19391,,48,,34:39.30,,586
69736,86,1558,Jr,48,,28:23.10,,586
69728,167,8108,Fr,48,,27:23.60,,586
69732,167,667,Sr,48,,27:45.10,,586
69706,86,11458,Fr,47,,29:54.80,,586
69707,86,11470,Fr,47,,30:20.40,,586
69720,86,1513,So,47,,37:59.40,,586
69726,86,1514,Jr,47,,51:18.10,,586
69776,139,7696,Fr,48,,33:14.00,,586
69740,167,669,So,48,,29:06.70,,586
69734,167,466,Jr,48,,27:45.30,,586
69735,168,671,Sr,48,,27:58.70,,586
69730,167,680,Sr,48,,27:29.80,,586
69750,167,5236,Sr,48,,30:23.70,,586
69755,167,5220,Sr,48,,30:53.50,,586
69788,166,19392,,48,,34:57.20,,586
69789,167,778,,48,,34:57.40,,586
69790,167,19006,,48,,35:03.00,,586
69792,166,19393,,48,,35:18.00,,586
69793,167,6276,,48,,35:55.00,,586
69794,167,19394,,48,,36:09.00,,586
69795,86,19395,,48,,36:15.60,,586
69796,142,771,,48,,36:28.50,,586
69797,142,756,,48,,36:48.00,,586
69799,167,19396,,48,,36:54.70,,586
69800,86,19397,,48,,37:05.90,,586
69801,166,19398,,48,,37:15.30,,586
69802,166,3595,,48,,37:15.90,,586
69804,167,19013,,48,,39:28.40,,586
69805,167,19012,,48,,39:58.50,,586
69808,142,19399,,48,,40:50.60,,586
69809,166,19400,,48,,40:51.10,,586
69810,142,19018,,48,,41:07.10,,586
69811,167,790,,48,,42:15.70,,586
69814,139,1615,,48,,44:59.00,,586
69817,167,10999,,48,,49:46.10,,586
69818,166,19401,,48,,49:47.90,,586
69821,124,2007,,48,,25:31.11,,587
69822,117,115,,48,,25:35.41,,587
69823,124,1991,,48,,25:41.61,,587
69825,116,310,,48,,26:05.87,,587
69826,116,7975,,48,,26:08.23,,587
69828,116,454,,48,,26:17.76,,587
69829,117,120,,48,,26:19.29,,587
69831,116,7976,,48,,26:31.85,,587
69833,117,8037,,48,,26:37.64,,587
69834,124,19403,,48,,26:40.06,,587
69836,112,11300,,48,,26:43.52,,587
69837,124,2871,,48,,26:44.79,,587
69838,124,2853,,48,,26:45.27,,587
69839,124,2003,,48,,26:52.43,,587
69840,124,11302,,48,,26:52.95,,587
69842,101,8004,,48,,27:03.14,,587
69843,112,419,,48,,27:03.31,,587
69844,117,140,,48,,27:05.97,,587
69845,1,19404,,48,,27:06.20,,587
69846,112,421,,48,,27:06.91,,587
69847,116,4910,,48,,27:09.88,,587
69848,124,3828,,48,,27:12.94,,587
69853,112,19405,,48,,27:34.65,,587
69851,124,2005,Jr,48,,27:30.95,,587
69841,1,7,Jr,48,,27:00.43,,587
69830,1,8,So,48,,26:31.21,,587
69832,124,2001,So,48,,26:33.63,,587
69791,139,7697,Fr,48,,35:05.40,,586
69787,86,1609,So,48,,34:47.10,,586
69803,86,11512,Fr,48,,38:09.10,,586
69819,124,2855,Jr,48,,25:25.92,,587
69807,86,11516,Fr,48,,40:50.50,,586
69813,139,2751,So,48,,44:46.10,,586
69806,86,1612,So,48,,40:47.00,,586
69812,139,11520,Fr,48,,42:37.70,,586
69816,86,11524,Jr,48,,46:04.40,,586
69815,86,11525,Fr,48,,45:36.20,,586
69798,167,708,Jr,48,,36:53.20,,586
69854,107,2002,,48,,27:35.28,,587
69855,112,19406,,48,,27:35.71,,587
69857,117,6,,48,,27:36.84,,587
69859,112,11301,,48,,27:39.57,,587
69860,117,8038,,48,,27:43.14,,587
69861,118,11303,,48,,27:45.39,,587
69862,107,19407,,48,,27:47.04,,587
69863,124,19408,,48,,27:50.59,,587
69864,116,2059,,48,,27:50.63,,587
69865,112,420,,48,,27:54.88,,587
69866,127,11,,48,,27:57.86,,587
69867,112,415,,48,,28:00.28,,587
69868,117,142,,48,,28:03.79,,587
69869,118,3884,,48,,28:07.22,,587
69870,112,435,,48,,28:08.11,,587
69871,124,2000,,48,,28:13.40,,587
69872,124,5500,,48,,28:14.30,,587
69873,124,11307,,48,,28:16.16,,587
69874,112,11305,,48,,28:17.59,,587
69875,104,2020,,48,,28:22.91,,587
69876,117,161,,48,,28:23.70,,587
69877,116,7978,,48,,28:24.70,,587
69878,117,8046,,48,,28:26.08,,587
69879,116,18786,,48,,28:26.28,,587
69880,104,19409,,48,,28:27.62,,587
69881,117,158,,48,,28:28.87,,587
69882,112,2865,,48,,28:30.71,,587
69883,104,19410,,48,,28:30.89,,587
69884,124,2045,,48,,28:35.45,,587
69885,124,19411,,48,,28:38.10,,587
69886,124,19412,,48,,28:44.64,,587
69887,101,8014,,48,,28:44.95,,587
69888,118,11309,,48,,28:45.83,,587
69889,112,11316,,48,,28:45.90,,587
69890,107,2032,,48,,28:47.90,,587
69891,118,11312,,48,,28:49.41,,587
69892,112,414,,48,,28:50.70,,587
69893,112,11315,,48,,28:52.77,,587
69894,124,11308,,48,,28:57.23,,587
69895,124,11306,,48,,29:03.27,,587
69896,117,188,,48,,29:06.30,,587
69897,117,8057,,48,,29:10.96,,587
69898,116,18784,,48,,29:17.14,,587
69899,117,19413,,48,,29:20.21,,587
69900,1,150,,48,,29:20.83,,587
69901,1,19414,,48,,29:21.20,,587
69902,117,156,,48,,29:21.86,,587
69903,124,2861,,48,,29:22.79,,587
69904,117,8068,,48,,29:23.07,,587
69905,118,3887,,48,,29:25.21,,587
69906,124,2011,,48,,29:26.69,,587
69907,116,458,,48,,29:28.83,,587
69908,117,19415,,48,,29:36.00,,587
69909,124,2022,,48,,29:40.68,,587
69910,117,19416,,48,,29:45.30,,587
69911,104,2006,,48,,29:45.95,,587
69912,117,8062,,48,,29:55.59,,587
69913,112,437,,48,,29:57.64,,587
69914,124,19417,,48,,30:04.70,,587
69915,124,19418,,48,,30:05.19,,587
69916,116,7981,,48,,30:09.32,,587
69917,117,8061,,48,,30:12.58,,587
69918,117,8067,,48,,30:15.12,,587
69919,117,153,,48,,30:16.39,,587
69920,107,2876,,48,,30:23.26,,587
69921,117,15,,48,,30:24.70,,587
69922,127,19419,,48,,30:26.20,,587
69923,112,5645,,48,,30:32.20,,587
69924,107,4841,,48,,30:38.70,,587
69925,124,5577,,48,,30:48.09,,587
69926,112,19420,,48,,30:53.32,,587
69927,117,8064,,48,,30:59.63,,587
69928,112,19421,,48,,31:02.42,,587
69929,118,19422,,48,,31:03.11,,587
69930,117,31,,48,,31:07.36,,587
69931,118,11325,,48,,31:14.52,,587
69932,117,160,,48,,31:16.89,,587
69933,117,38,,48,,31:20.12,,587
69934,116,7983,,48,,31:22.38,,587
69935,112,3336,,48,,31:30.14,,587
69936,124,19423,,48,,31:30.51,,587
69937,117,3353,,48,,31:34.46,,587
69938,124,19424,,48,,31:35.98,,587
69939,112,19425,,48,,31:36.43,,587
69940,124,19426,,48,,31:38.38,,587
69941,112,433,,48,,31:39.72,,587
69942,118,19427,,48,,31:40.83,,587
69943,117,192,,48,,31:46.91,,587
69944,117,30,,48,,31:50.77,,587
69945,118,11323,,48,,31:50.79,,587
69946,117,8073,,48,,31:51.18,,587
69947,124,11324,,48,,31:53.90,,587
69948,112,19428,,48,,31:54.08,,587
69949,112,2036,,48,,32:14.39,,587
69950,112,11322,,48,,32:18.95,,587
69951,117,8071,,48,,32:19.04,,587
69952,1,3349,,48,,32:29.98,,587
69953,117,8079,,48,,32:33.46,,587
69954,127,52,,48,,32:45.11,,587
69955,127,19429,,48,,32:48.08,,587
69956,117,182,,48,,32:49.08,,587
69957,124,2874,,48,,32:49.99,,587
69958,118,19430,,48,,32:50.64,,587
69959,1,35,,48,,32:55.22,,587
69960,112,19431,,48,,32:58.48,,587
69961,124,2044,,48,,32:59.71,,587
69962,104,2029,,48,,33:20.74,,587
69963,112,5662,,48,,33:28.53,,587
69964,127,19432,,48,,33:35.96,,587
69965,124,2034,,48,,33:40.10,,587
69966,116,7982,,48,,33:51.74,,587
69967,117,2037,,48,,33:56.45,,587
69968,1,1,,48,,34:06.49,,587
69969,116,18789,,48,,34:09.48,,587
69970,117,19433,,48,,34:11.82,,587
69971,124,11317,,48,,34:20.80,,587
69972,124,2042,,48,,34:23.74,,587
69973,124,19434,,48,,34:40.09,,587
69974,124,19435,,48,,35:02.53,,587
69975,101,8022,,48,,35:03.42,,587
69976,1,50,,48,,35:17.65,,587
69977,104,2040,,48,,35:21.88,,587
69978,104,19436,,48,,35:25.95,,587
69979,124,2883,,48,,35:59.90,,587
69980,107,19437,,48,,36:00.96,,587
69981,117,4006,,48,,36:36.48,,587
69982,118,11330,,48,,36:56.69,,587
69983,118,19438,,48,,36:57.12,,587
69992,124,23462,,47,,22:22.58,,587
69984,112,19439,,48,,37:44.10,,587
69985,112,2877,,48,,38:50.64,,587
69986,117,3355,,48,,40:27.62,,587
69987,107,19440,,48,,40:27.62,,587
69988,124,19441,,48,,40:29.19,,587
69989,101,221,,48,,41:47.93,,587
69990,107,19442,,48,,41:49.54,,587
69991,115,19443,,48,,45:24.47,,587
69993,116,282,,47,,22:46.45,,587
69997,117,231,,47,,23:20.17,,587
69998,117,63,,47,,23:38.05,,587
69999,116,7990,,47,,23:47.43,,587
70000,124,19445,,47,,23:53.18,,587
70001,116,7989,,47,,23:54.73,,587
70002,124,19446,,47,,23:57.89,,587
70003,124,1930,,47,,24:00.32,,587
70004,124,19447,,47,,24:05.48,,587
70005,116,7988,,47,,24:08.05,,587
70006,112,11336,,47,,24:09.63,,587
70008,116,291,,47,,24:26.08,,587
70009,124,11338,,47,,24:31.57,,587
70010,124,1946,,47,,24:40.05,,587
70011,1,64,,47,,24:45.49,,587
70012,124,1928,,47,,24:54.07,,587
70013,124,19448,,47,,24:56.00,,587
70014,116,297,,47,,25:04.42,,587
70015,107,1935,,47,,25:05.54,,587
70016,112,11337,,47,,25:05.92,,587
70017,107,1936,,47,,25:07.71,,587
70018,116,445,,47,,25:10.49,,587
70019,124,1941,,47,,25:11.82,,587
70020,117,8112,,47,,25:16.87,,587
70021,117,237,,47,,25:17.57,,587
70022,118,11339,,47,,25:19.19,,587
70023,112,19449,,47,,25:21.07,,587
70024,112,11340,,47,,25:27.93,,587
70025,117,19450,,47,,25:31.24,,587
70026,124,1953,,47,,25:31.75,,587
70027,117,234,,47,,25:34.37,,587
70028,117,8113,,47,,25:34.63,,587
70029,124,1955,,47,,25:35.57,,587
70030,124,1948,,47,,25:42.69,,587
70031,1,245,,47,,25:53.06,,587
70032,112,19451,,47,,26:00.16,,587
70033,124,2826,,47,,26:00.58,,587
70034,117,236,,47,,26:01.59,,587
70035,124,1937,,47,,26:01.93,,587
70036,117,8118,,47,,26:04.39,,587
70037,116,7991,,47,,26:04.93,,587
70038,112,408,,47,,26:05.32,,587
70039,124,1947,,47,,26:06.36,,587
70040,117,19452,,47,,26:07.59,,587
70041,117,19453,,47,,26:07.81,,587
70042,112,11341,,47,,26:09.60,,587
70043,117,8117,,47,,26:26.97,,587
70044,116,7993,,47,,26:31.44,,587
70045,124,1933,,47,,26:33.52,,587
70046,112,19454,,47,,26:35.43,,587
70047,112,409,,47,,26:36.99,,587
70048,116,448,,47,,26:38.05,,587
70049,117,4092,,47,,26:55.67,,587
70068,118,3866,,47,,27:34.52,,587
70069,124,1943,,47,,27:37.50,,587
70070,124,19461,,47,,27:37.50,,587
70071,117,81,,47,,27:41.74,,587
70072,124,1962,,47,,27:45.76,,587
70073,117,19462,,47,,27:52.72,,587
70074,104,19463,,47,,28:01.11,,587
70075,124,19464,,47,,28:02.21,,587
70076,112,19465,,47,,28:20.36,,587
70077,1,86,,47,,28:36.16,,587
70078,124,5520,,47,,28:39.29,,587
70079,124,3823,,47,,28:40.74,,587
70080,116,19466,,47,,28:44.55,,587
70081,117,82,,47,,29:02.04,,587
70082,124,1966,,47,,29:05.38,,587
70083,124,1945,,47,,29:05.46,,587
70084,112,18037,,47,,29:08.80,,587
70085,112,11347,,47,,29:21.57,,587
70086,118,11348,,47,,29:22.51,,587
70087,101,18740,,47,,29:36.39,,587
70088,101,268,,47,,29:36.46,,587
70089,124,1971,,47,,29:55.81,,587
70090,124,19467,,47,,30:03.00,,587
69995,1,18725,Fr,47,,22:50.45,,587
70007,124,1929,Jr,47,,24:25.91,,587
34896,146,11384,Fr,48,,28:41.82,0.0,397
69994,112,404,Jr,47,,22:46.63,,587
70091,124,1961,,47,,30:05.47,,587
70092,118,19468,,47,,30:08.53,,587
70093,112,19469,,47,,30:08.62,,587
70094,124,19470,,47,,30:18.95,,587
70095,117,4778,,47,,30:40.27,,587
70096,117,19471,,47,,30:43.72,,587
70097,116,19472,,47,,31:07.62,,587
70098,104,1983,,47,,31:38.06,,587
70099,127,19473,,47,,31:38.82,,587
70100,124,19474,,47,,32:04.43,,587
70101,101,8034,,47,,32:18.48,,587
70102,124,3318,,47,,32:19.48,,587
70103,101,275,,47,,32:52.24,,587
70104,101,18741,,47,,33:05.33,,587
70105,117,271,,47,,33:08.51,,587
70106,124,1985,,47,,33:54.52,,587
70107,115,19475,,47,,34:50.69,,587
70108,112,11352,,47,,34:59.28,,587
70109,118,19476,,47,,36:08.83,,587
70110,19,2303,,48,,26:38.50,,588
70111,19,5158,,48,,26:58.20,,588
70112,19,2306,,48,,28:10.70,,588
70113,19,2308,,48,,28:55.80,,588
70114,19,5171,,48,,30:33.60,,588
70115,19,2316,,48,,33:49.70,,588
70117,19,2299,,47,,24:18.60,,588
70118,19,19477,,47,,25:01.50,,588
70123,146,11380,,48,,27:15.50,,589
70125,146,1188,,48,,28:40.70,,589
70130,146,11383,,48,,28:44.10,,589
70132,146,1203,,48,,29:00.30,,589
70134,146,11386,,48,,29:19.60,,589
70135,146,19480,,48,,29:26.80,,589
70137,146,1278,,48,,29:31.90,,589
70140,146,11392,,48,,29:55.20,,589
70142,146,11390,,48,,30:42.90,,589
70144,146,11400,,48,,30:59.50,,589
70147,146,1341,,48,,32:00.80,,589
70149,146,1395,,48,,32:59.40,,589
70152,146,1334,,48,,33:33.20,,589
70154,146,1697,,48,,34:18.60,,589
70156,146,11417,,48,,35:50.00,,589
70157,146,19484,,48,,36:42.90,,589
70160,146,1021,,47,,24:12.10,,589
70162,146,1033,,47,,24:57.60,,589
70164,146,1046,,47,,25:38.70,,589
70166,146,1071,,47,,25:45.70,,589
70167,147,19485,,48,,25:55.70,,589
70171,147,1702,,48,,28:32.30,,589
70172,147,19488,,48,,29:53.80,,589
70173,147,19489,,48,,31:15.30,,589
70177,147,2323,,47,,24:58.30,,589
70179,146,1016,,47,,26:01.20,,589
70181,146,1075,,47,,26:35.50,,589
70183,146,11432,,47,,26:46.20,,589
70185,146,11437,,47,,27:11.00,,589
70186,146,19492,,47,,27:35.40,,589
70188,146,1057,,47,,27:58.10,,589
70191,146,1097,,47,,29:02.50,,589
70192,146,19494,,47,,29:50.40,,589
70194,146,11448,,47,,30:05.50,,589
70196,146,1102,,47,,31:19.80,,589
70197,146,19495,,47,,31:50.30,,589
70227,49,2263,,48,,28:48.10,,590
70230,49,18,,48,,32:09.60,,590
70232,49,39,,48,,34:15.60,,590
70233,49,19503,,48,,39:56.90,,590
70127,146,1205,,48,,27:45.40,,589
70121,146,1195,,48,,26:43.50,,589
70119,146,26627,,48,,26:13.90,,589
70122,146,1216,,48,,26:56.90,,589
70124,146,11381,,48,,27:41.30,,589
70116,19,23523,So,47,,22:09.60,,588
70120,146,11379,Fr,48,,26:21.30,,589
70226,49,2260,,48,,28:32.70,,590
70228,49,2994,,48,,29:13.00,,590
70229,49,19502,,48,,29:57.80,,590
70231,49,32,,48,,32:40.60,,590
70234,49,19504,,47,,24:28.10,,590
70126,146,1208,,48,,29:06.50,,589
70128,146,11385,,48,,28:08.10,,589
70129,146,19479,,48,,28:41.00,,589
70131,146,11394,,48,,28:58.60,,589
70133,146,1703,,48,,29:03.20,,589
70136,146,1257,,48,,29:31.70,,589
70138,146,11388,,48,,29:35.00,,589
70139,146,19481,,48,,29:51.60,,589
70141,146,4394,,48,,30:05.50,,589
70145,146,1275,,48,,31:36.60,,589
70146,146,19482,,48,,31:41.50,,589
70148,146,1306,,48,,32:20.60,,589
70150,146,11387,,48,,33:10.90,,589
70151,146,19483,,48,,33:22.20,,589
70153,146,1382,,48,,33:36.30,,589
70155,146,1309,,48,,35:34.80,,589
70158,146,1437,,48,,45:44.40,,589
70159,146,11424,,47,,24:00.20,,589
70161,146,996,,47,,24:20.70,,589
70163,146,1004,,47,,25:35.90,,589
70165,146,1060,,47,,25:41.30,,589
70168,147,1701,,48,,26:22.40,,589
70169,147,19486,,48,,28:16.90,,589
70170,147,19487,,48,,28:21.30,,589
70174,147,3097,,47,,21:41.10,,589
70175,147,19490,,47,,22:51.60,,589
70176,147,19491,,47,,23:08.20,,589
70178,146,11428,,47,,25:48.50,,589
70180,146,1052,,47,,26:21.20,,589
70182,146,11431,,47,,26:41.80,,589
70184,146,2678,,47,,26:50.30,,589
70187,146,11441,,47,,27:56.90,,589
70189,146,1036,,47,,28:34.10,,589
70190,146,19493,,47,,28:37.60,,589
70193,146,1091,,47,,29:54.40,,589
70195,146,11446,,47,,30:35.30,,589
70198,146,1128,,47,,32:13.20,,589
70199,146,1154,,47,,36:52.30,,589
70200,162,3789,,48,,26:36.30,,589
70201,162,3169,,48,,27:43.40,,589
70202,162,3787,,48,,27:50.00,,589
70203,162,4397,,48,,28:30.60,,589
70204,162,1704,,48,,29:16.80,,589
70205,162,19496,,48,,29:35.50,,589
70206,162,2687,,48,,29:43.50,,589
70207,162,1323,,48,,30:13.80,,589
70208,162,1266,,48,,30:34.90,,589
70209,162,1284,,48,,31:19.70,,589
70210,162,19497,,48,,33:33.70,,589
70211,162,19498,,48,,47:45.40,,589
70212,162,1008,,47,,22:52.60,,589
70213,162,1049,,47,,25:08.30,,589
70215,162,1078,,47,,29:11.20,,589
70216,162,1684,,47,,29:19.10,,589
70217,162,1117,,47,,29:41.60,,589
70218,162,1108,,47,,29:50.60,,589
70219,162,11365,,47,,29:58.50,,589
70220,162,11364,,47,,30:03.20,,589
70221,162,3115,,47,,27:08.00,,589
70222,162,19499,,47,,32:39.10,,589
70223,162,1685,,47,,33:47.40,,589
70224,162,19500,,47,,33:59.40,,589
70225,162,19501,,47,,35:03.10,,589
70214,162,1122,,47,,28:57.40,,589
69852,107,3714,,48,,27:32.09,,587
75526,107,19437,,48,,34:05.40,,650
75527,104,2040,,48,,34:28.30,,650
75528,124,21241,,48,,34:37.00,,650
75529,112,2877,,48,,35:28.00,,650
75530,112,11328,,48,,35:54.00,,650
75531,115,21242,,48,,35:57.10,,650
75532,124,2883,,48,,35:57.70,,650
75533,162,21243,,48,,35:59.70,,650
75534,118,19438,,48,,36:02.70,,650
75535,112,2043,,48,,37:06.60,,650
75536,104,2051,,48,,37:11.40,,650
75537,107,19442,,48,,38:06.80,,650
75538,119,2880,,48,,38:15.10,,650
75539,162,21244,,48,,38:44.70,,650
75540,124,21245,,48,,38:49.30,,650
75369,112,11336,,47,,24:48.70,,650
75370,124,21214,,47,,24:53.20,,650
75371,112,406,,47,,24:54.80,,650
75372,112,19449,,47,,24:59.90,,650
75373,124,1948,,47,,25:06.70,,650
75374,118,21215,,47,,25:06.80,,650
75375,124,21216,,47,,25:08.30,,650
75376,124,1953,,47,,25:08.90,,650
75377,124,21217,,47,,25:12.20,,650
75378,124,19447,,47,,25:13.00,,650
75379,124,19448,,47,,25:14.20,,650
75380,124,1946,,47,,25:15.20,,650
75381,124,11338,,47,,25:17.30,,650
75382,124,1937,,47,,25:18.10,,650
75383,124,1954,,47,,25:23.80,,650
75384,112,19456,,47,,25:24.20,,650
75385,112,19458,,47,,25:38.20,,650
75386,112,409,,47,,25:42.00,,650
75387,112,11340,,47,,25:46.40,,650
75388,112,408,,47,,25:47.10,,650
75389,112,11337,,47,,26:01.20,,650
75390,112,11343,,47,,26:06.00,,650
75391,112,11341,,47,,26:13.00,,650
75392,107,21218,,47,,26:16.60,,650
75393,162,21219,,47,,26:17.00,,650
75394,118,3869,,47,,26:21.10,,650
75395,162,1028,,47,,26:25.80,,650
75396,112,19459,,47,,26:27.10,,650
75397,112,19454,,47,,26:30.30,,650
75398,124,21220,,47,,26:48.40,,650
75399,162,1122,,47,,26:52.70,,650
75400,112,11342,,47,,26:56.20,,650
75401,124,1957,,47,,26:59.90,,650
75402,118,3866,,47,,27:14.30,,650
75403,112,19465,,47,,27:14.90,,650
75404,112,3864,,47,,27:19.10,,650
75405,124,21221,,47,,27:32.50,,650
75406,124,11345,,47,,27:34.80,,650
75407,112,2840,,47,,27:36.20,,650
75408,124,2838,,47,,27:43.80,,650
75409,124,21222,,47,,27:46.60,,650
75410,107,21223,,47,,28:34.20,,650
75411,162,1101,,47,,28:36.80,,650
75412,118,19468,,47,,28:43.40,,650
75413,124,1962,,47,,28:43.70,,650
75414,118,11348,,47,,28:44.90,,650
75415,112,18037,,47,,28:47.00,,650
75416,112,19469,,47,,28:49.50,,650
75417,112,11347,,47,,28:58.30,,650
75418,112,21224,,47,,29:33.60,,650
75419,118,3865,,47,,29:41.60,,650
75420,124,2842,,47,,29:47.70,,650
75421,112,3755,,47,,29:51.60,,650
75422,124,1961,,47,,29:57.00,,650
75423,115,1968,,47,,30:13.40,,650
70290,58,2210,,48,,27:52.60,,591
70291,61,19530,,48,,28:02.80,,591
70292,44,2214,,48,,28:28.90,,591
70293,61,19531,,48,,28:30.90,,591
70294,61,19532,,48,,28:34.10,,591
70295,61,19533,,48,,28:49.70,,591
70296,59,2065,,48,,28:58.10,,591
70297,58,19534,,48,,29:03.40,,591
70298,61,19535,,48,,29:04.40,,591
70299,59,2066,,48,,29:05.10,,591
70300,44,19536,,48,,29:10.10,,591
70302,61,2269,,48,,29:16.70,,591
70303,44,3399,,48,,29:18.00,,591
70304,59,2783,,48,,29:18.00,,591
70305,59,1631,,48,,29:23.60,,591
70306,58,19538,,48,,29:26.50,,591
70307,61,19539,,48,,29:35.30,,591
70308,44,4138,,48,,29:37.80,,591
70309,58,170,,48,,29:38.30,,591
70310,59,19540,,48,,29:45.30,,591
70311,44,19541,,48,,29:48.60,,591
70312,61,19542,,48,,29:53.90,,591
70313,59,1632,,48,,30:21.00,,591
70314,59,1639,,48,,30:25.30,,591
70315,44,19543,,48,,30:26.50,,591
70316,59,19363,,48,,30:28.10,,591
70317,59,11367,,48,,30:37.00,,591
70318,61,19544,,48,,30:39.10,,591
70319,61,19545,,48,,30:43.70,,591
70320,44,19546,,48,,30:50.60,,591
70321,61,1663,,48,,30:51.50,,591
75424,162,21225,,47,,30:27.30,,650
75425,104,1983,,47,,30:30.10,,650
75426,112,11346,,47,,30:57.30,,650
75427,124,18040,,47,,31:15.10,,650
75428,162,1130,,47,,31:16.40,,650
75429,162,21226,,47,,31:28.70,,650
75430,115,21227,,47,,31:39.70,,650
75431,115,21228,,47,,32:16.90,,650
75432,112,11352,,47,,32:27.50,,650
75433,104,1987,,47,,32:46.70,,650
75434,124,7311,,47,,34:52.40,,650
70301,44,25549,,48,,29:13.20,,591
75435,119,2882,,48,,42:47.30,,650
75436,112,21229,,48,,45:02.30,,650
75437,162,3500,,48,,45:21.40,,650
75438,162,1428,,48,,46:30.60,,650
75439,162,21230,,48,,47:29.00,,650
75440,119,2887,,48,,48:42.60,,650
75442,124,2007,,48,,25:48.10,,650
75446,162,3789,,48,,26:21.50,,650
75447,124,2003,,48,,26:32.10,,650
75448,124,11302,,48,,26:33.40,,650
75449,112,421,,48,,26:34.10,,650
75451,124,2853,,48,,26:35.90,,650
75452,112,11301,,48,,26:56.00,,650
75453,162,3169,,48,,26:59.70,,650
75454,112,426,,48,,27:00.20,,650
75457,112,435,,48,,27:12.00,,650
75458,124,21231,,48,,27:29.40,,650
75460,124,5500,,48,,27:33.10,,650
75461,104,2020,,48,,27:42.50,,650
75462,124,21232,,48,,27:46.30,,650
75463,118,11303,,48,,27:47.30,,650
75464,112,11315,,48,,27:55.10,,650
75465,107,19407,,48,,27:55.90,,650
75466,124,3835,,48,,27:56.90,,650
75467,162,3787,,48,,27:58.40,,650
75468,112,420,,48,,28:01.10,,650
75469,124,11307,,48,,28:01.50,,650
75470,118,3884,,48,,28:03.70,,650
75471,112,19405,,48,,28:05.30,,650
75472,124,11308,,48,,28:09.70,,650
75473,112,3333,,48,,28:26.60,,650
75474,112,11305,,48,,28:28.80,,650
75475,107,2032,,48,,28:29.60,,650
75476,112,2872,,48,,28:35.20,,650
75477,112,414,,48,,28:40.10,,650
75478,112,11319,,48,,28:42.90,,650
70323,44,19548,,48,,30:55.70,,591
70324,44,19549,,48,,31:02.80,,591
70325,44,19550,,48,,31:04.00,,591
70326,44,19551,,48,,31:05.60,,591
70327,59,19362,,48,,31:08.10,,591
70328,58,19552,,48,,31:11.70,,591
70329,59,3914,,48,,31:15.00,,591
75479,112,5645,,48,,28:50.50,,650
75480,162,1289,,48,,28:54.30,,650
75481,112,11316,,48,,29:06.40,,650
75482,112,2870,,48,,29:12.20,,650
75483,124,19418,,48,,29:22.60,,650
75484,124,11310,,48,,29:23.00,,650
75485,124,19417,,48,,29:27.80,,650
75441,124,19402,Gr,48,,25:28.10,,650
75456,124,2005,Jr,48,,27:10.30,,650
75455,124,2013,,48,,27:01.70,,650
75443,124,2855,Jr,48,,26:02.00,,650
75444,124,1990,Sr,48,,26:08.90,,650
75445,124,1997,Jr,48,,26:19.90,,650
75450,112,417,So,48,,26:35.00,,650
70235,61,2238,,47,,20:51.40,,591
70236,61,1617,,47,,21:16.60,,591
70237,61,19505,,47,,23:01.40,,591
70238,59,19506,,47,,23:06.50,,591
70239,44,19507,,47,,23:15.80,,591
70240,59,19360,,47,,23:18.00,,591
70241,44,19508,,47,,23:48.10,,591
70242,45,3361,,47,,23:56.70,,591
70243,45,19509,,47,,23:59.50,,591
70244,61,19510,,47,,24:00.20,,591
70245,61,2240,,47,,24:34.60,,591
70246,58,19511,,47,,24:39.40,,591
70247,61,2245,,47,,24:52.80,,591
70248,61,1621,,47,,25:05.70,,591
70249,61,19512,,47,,25:14.40,,591
70250,61,19513,,47,,25:34.70,,591
70251,61,2241,,47,,25:51.10,,591
70252,59,4520,,47,,25:55.60,,591
70253,58,19514,,47,,26:02.20,,591
70254,61,2243,,47,,26:08.10,,591
70255,61,19515,,47,,26:22.10,,591
70256,44,19516,,47,,26:38.80,,591
70257,61,19517,,47,,26:42.60,,591
70258,61,4791,,47,,26:49.10,,591
70259,45,3377,,47,,26:52.10,,591
70260,58,19518,,47,,26:57.60,,591
70261,61,2244,,47,,26:58.00,,591
70262,45,3381,,47,,27:03.70,,591
70263,58,19519,,47,,27:03.80,,591
70264,61,8183,,47,,27:10.60,,591
70265,61,19520,,47,,27:11.30,,591
70266,61,2249,,47,,27:19.80,,591
70267,61,19521,,47,,27:21.90,,591
70268,61,19522,,47,,27:30.60,,591
70269,61,19523,,47,,27:35.70,,591
70270,59,2775,,47,,30:07.40,,591
70271,59,19361,,47,,30:16.40,,591
70272,59,2061,,47,,30:16.90,,591
70273,59,1671,,47,,30:17.00,,591
70274,59,19524,,47,,30:17.00,,591
70275,59,2064,,47,,30:17.10,,591
70276,59,2062,,47,,30:17.30,,591
70277,58,263,,47,,30:21.30,,591
70278,44,2207,,47,,30:24.90,,591
70279,59,19525,,47,,30:30.60,,591
70280,59,11377,,47,,30:50.40,,591
70281,59,1674,,47,,31:39.20,,591
70282,61,19526,,47,,34:10.00,,591
70283,61,19527,,47,,34:31.60,,591
70284,44,19528,,48,,27:01.00,,591
70285,61,2259,,48,,27:06.50,,591
70286,61,1656,,48,,27:11.70,,591
70287,61,19529,,48,,27:20.00,,591
70288,44,2217,,48,,27:44.00,,591
70289,59,1625,,48,,27:47.80,,591
70322,221,19547,,48,,30:54.90,,591
70330,58,134,,48,,31:29.50,,591
70331,61,2275,,48,,31:43.50,,591
70332,61,19553,,48,,32:07.10,,591
70333,58,131,,48,,32:17.40,,591
70334,58,4468,,48,,32:17.50,,591
70335,58,11354,,48,,32:17.60,,591
70336,58,19554,,48,,32:17.60,,591
70337,61,19555,,48,,32:24.00,,591
70338,59,1641,,48,,32:28.50,,591
70339,61,1660,,48,,32:28.90,,591
70340,58,19556,,48,,32:31.50,,591
70341,61,2265,,48,,32:47.60,,591
70342,59,19557,,48,,32:50.90,,591
70343,59,11372,,48,,32:56.50,,591
70344,61,2279,,48,,32:58.50,,591
70345,59,11371,,48,,32:58.80,,591
70346,44,19558,,48,,33:00.60,,591
70347,61,19559,,48,,33:12.70,,591
70348,61,19560,,48,,33:13.70,,591
70349,61,2276,,48,,33:34.10,,591
70350,59,1638,,48,,33:34.50,,591
70351,58,162,,48,,33:36.40,,591
70352,61,2284,,48,,33:40.50,,591
70353,58,179,,48,,33:42.30,,591
70354,44,19561,,48,,33:55.50,,591
70355,58,2219,,48,,34:08.80,,591
70356,61,2277,,48,,34:09.00,,591
70357,61,19562,,48,,34:38.10,,591
70358,61,1662,,48,,34:53.60,,591
70359,61,19563,,48,,34:55.00,,591
70360,58,193,,48,,35:03.30,,591
70361,61,19564,,48,,35:19.90,,591
70362,59,1647,,48,,35:30.90,,591
70363,59,19565,,48,,35:31.70,,591
70364,59,1646,,48,,35:54.60,,591
70365,61,19566,,48,,35:58.60,,591
70366,61,19567,,48,,36:13.80,,591
70367,59,2788,,48,,36:15.30,,591
70368,61,4044,,48,,36:19.70,,591
70369,44,4136,,48,,36:36.50,,591
70370,44,19568,,48,,37:50.70,,591
70371,61,19569,,48,,39:15.40,,591
70372,45,19570,,48,,39:25.40,,591
70373,59,4081,,48,,39:28.20,,591
70374,44,19571,,48,,39:32.30,,591
70375,58,165,,48,,40:03.40,,591
70376,58,19572,,48,,40:04.60,,591
70377,59,19573,,48,,41:50.00,,591
70378,58,19574,,48,,43:14.90,,591
70379,44,2227,,48,,44:30.40,,591
75486,118,3887,,48,,29:27.80,,650
75487,118,19422,,48,,29:30.90,,650
75488,124,21233,,48,,29:40.70,,650
75489,112,437,,48,,29:47.40,,650
75490,107,2038,,48,,29:47.40,,650
75491,162,1266,,48,,29:57.80,,650
75492,162,21234,,48,,30:01.40,,650
75493,107,4841,,48,,30:12.90,,650
75494,112,21235,,48,,30:13.50,,650
75495,112,434,,48,,30:16.00,,650
75496,124,2022,,48,,30:16.70,,650
75497,104,2006,,48,,30:23.80,,650
75498,124,3832,,48,,30:28.40,,650
75499,107,2876,,48,,30:38.90,,650
75500,162,11358,,48,,30:40.70,,650
75501,124,21236,,48,,30:54.20,,650
70380,32,18769,,48,,27:01.10,,592
70381,32,19575,,48,,28:40.70,,592
70382,36,19576,,48,,28:42.90,,592
70383,36,19577,,48,,28:58.30,,592
70384,36,4877,,48,,29:02.80,,592
70385,36,4889,,48,,29:39.70,,592
70386,36,19578,,48,,29:49.20,,592
70387,36,19579,,48,,30:35.70,,592
70388,36,4879,,48,,30:58.40,,592
70389,32,19580,,48,,30:59.40,,592
70390,32,18771,,48,,31:06.90,,592
70391,32,19581,,48,,31:22.60,,592
70392,32,18772,,48,,31:50.70,,592
70393,36,4881,,48,,32:18.30,,592
70394,36,19582,,48,,32:48.90,,592
70395,36,4883,,48,,33:42.30,,592
70396,32,19583,,48,,34:19.50,,592
70397,36,19584,,48,,35:22.50,,592
70398,36,4878,,48,,35:47.40,,592
70399,36,4884,,48,,36:29.80,,592
70400,36,19585,,48,,37:59.00,,592
70401,36,19586,,48,,39:48.20,,592
70402,32,18777,,17,,17:45.90,,592
70403,36,4786,,17,,20:44.70,,592
70404,32,19587,,17,,21:27.30,,592
70405,32,19588,,17,,22:43.80,,592
70406,36,19589,,17,,23:00.80,,592
70407,32,18778,,17,,23:05.30,,592
70408,32,19590,,17,,23:41.00,,592
70409,36,19591,,17,,23:42.70,,592
70410,36,19592,,17,,24:06.80,,592
70411,36,19593,,17,,24:18.00,,592
70412,36,4785,,17,,25:08.70,,592
70413,36,4821,,17,,26:10.00,,592
70414,36,4787,,17,,26:35.70,,592
75502,124,21237,,48,,30:57.30,,650
75503,112,3336,,48,,31:03.40,,650
75504,112,433,,48,,31:05.10,,650
75505,162,1338,,48,,31:30.30,,650
75506,124,3875,,48,,31:30.60,,650
75507,119,21238,,48,,31:31.70,,650
75508,124,2874,,48,,31:33.40,,650
75509,112,436,,48,,31:48.60,,650
75510,162,19497,,48,,31:49.10,,650
75511,118,11323,,48,,31:55.50,,650
75512,112,11322,,48,,31:56.90,,650
75513,162,3158,,48,,32:06.10,,650
75514,104,19409,,48,,32:08.50,,650
75515,104,2029,,48,,32:14.40,,650
75516,112,2036,,48,,32:15.30,,650
75517,112,19431,,48,,32:23.10,,650
75518,112,19425,,48,,32:45.10,,650
75519,118,11325,,48,,32:53.80,,650
75520,124,2034,,48,,33:08.80,,650
75521,112,21239,,48,,33:16.90,,650
75522,112,2886,,48,,33:21.30,,650
75523,119,21240,,48,,33:31.30,,650
75524,112,18085,,48,,33:54.60,,650
75525,118,19430,,48,,34:03.70,,650
70415,32,18779,,17,,29:17.20,,592
70416,36,19594,,17,,29:25.80,,592
70417,56,233,,47,,23:58.20,,593
70418,56,240,,47,,25:50.80,,593
70419,56,19595,,47,,26:09.90,,593
70420,56,246,,47,,26:57.00,,593
70421,56,2188,,47,,27:34.90,,593
70422,56,253,,47,,28:11.10,,593
70423,56,235,,47,,28:22.20,,593
70424,56,8123,,47,,28:25.90,,593
70425,56,3364,,47,,28:55.40,,593
70426,56,8135,,47,,32:08.10,,593
70427,56,3368,,47,,32:33.00,,593
70428,56,3382,,47,,34:01.00,,593
70429,56,19596,,47,,36:26.90,,593
70430,56,19597,,47,,37:32.90,,593
70431,56,127,,48,,26:27.70,,593
70432,56,2195,,48,,26:56.40,,593
70433,56,2198,,48,,27:20.30,,593
70434,56,123,,48,,27:33.90,,593
70435,56,128,,48,,27:39.40,,593
70436,56,19598,,48,,28:03.10,,593
70437,56,8041,,48,,28:07.40,,593
70438,56,19599,,48,,28:18.70,,593
70439,56,2194,,48,,28:22.00,,593
70440,56,8065,,48,,28:59.70,,593
70441,56,129,,48,,29:04.80,,593
70442,56,8059,,48,,29:09.40,,593
70443,56,19600,,48,,29:13.70,,593
70444,56,177,,48,,29:45.40,,593
70445,56,8056,,48,,29:54.50,,593
70446,56,147,,48,,30:00.90,,593
70447,56,8047,,48,,30:21.50,,593
70448,56,6820,,48,,32:47.90,,593
70449,56,8074,,48,,32:58.80,,593
70450,56,3415,,48,,33:58.90,,593
70451,56,8095,,48,,36:26.40,,593
76764,158,4332,,48,,32:28.80,,655
79414,158,4332,,48,,31:34.30,,676
69669,60,3386,,48,,25:20.70,,584
69670,60,3393,,48,,25:54.00,,584
69671,60,19364,,48,,26:55.10,,584
69672,60,4901,,48,,29:10.30,,584
69673,60,19365,,48,,32:40.10,,584
69674,60,7971,,47,,24:30.20,,584
69675,60,3360,,47,,24:35.70,,584
69676,60,3379,,47,,27:07.30,,584
67781,88,524,Sr,47,,19:15.30,,328
69677,61,2238,,47,,22:31.20,,585
69678,61,2239,Sr,47,,23:44.80,,585
69679,61,4025,,47,,24:17.60,,585
69680,61,2241,,47,,24:27.40,,585
69681,61,2259,,48,,26:45.90,,585
69682,61,8146,,48,,27:09.50,,585
69683,61,1656,,48,,27:23.80,,585
69684,61,2261,,48,,28:22.10,,585
69685,61,1657,,48,,29:18.20,,585
6298,88,505,Sr,48,,26:45.70,,66
65987,188,18555,,48,,27:20.60,,549
65984,188,867,,48,,26:18.58,,549
65986,196,866,,48,,27:16.43,,549
65985,172,1810,Sr,48,,26:27.08,,549
65989,188,879,,48,,27:41.76,,549
65990,172,1817,,48,,27:44.00,,549
65991,204,18557,,48,,27:45.00,,549
65992,188,877,,48,,27:51.11,,549
65993,196,5025,,48,,28:02.67,,549
65994,188,881,,48,,28:08.60,,549
65995,204,18558,,48,,28:16.30,,549
65996,172,1814,,48,,28:16.78,,549
65997,188,5013,,48,,28:18.28,,549
65998,204,18559,,48,,28:54.38,,549
65999,196,891,,48,,29:03.14,,549
66000,188,3543,,48,,29:08.88,,549
66001,188,18560,,48,,29:11.03,,549
66002,204,18561,,48,,29:12.93,,549
66003,176,2114,,48,,29:13.88,,549
66004,204,890,,48,,29:31.15,,549
66005,204,931,,48,,29:36.83,,549
66006,188,1863,,48,,29:54.75,,549
66007,188,887,,48,,29:58.94,,549
66008,204,873,,48,,30:06.28,,549
66009,196,5583,,48,,30:16.65,,549
66010,204,874,,48,,30:28.30,,549
66011,172,1837,,48,,30:38.50,,549
66012,204,18562,,48,,30:40.59,,549
66013,176,2118,,48,,30:44.85,,549
66014,188,936,,48,,30:46.87,,549
66015,204,6388,,48,,30:51.73,,549
66016,172,1906,,48,,30:52.80,,549
66017,204,900,,48,,31:00.53,,549
66018,204,18563,,48,,31:17.71,,549
66019,188,1877,,48,,31:38.04,,549
66020,204,1876,,48,,31:46.02,,549
66021,204,18564,,48,,31:55.04,,549
66022,204,18565,,48,,32:06.24,,549
66023,204,2120,,48,,32:07.29,,549
65988,204,868,,48,,27:28.68,,549
66024,75,1530,Sr,48,,26:51.60,,550
108478,174,27641,,47,,26:24.90,,1297
114089,174,27641,,47,,24:51.95,,1354
66938,101,8004,,48,,29:41.20,,556
66939,101,133,,48,,30:00.40,,556
66940,101,145,,48,,30:03.50,,556
66941,101,190,,48,,34:22.70,,556
66942,103,18738,,48,,37:22.10,,556
66943,101,8014,,48,,38:26.20,,556
66944,101,225,,48,,39:51.30,,556
66945,101,8022,,48,,40:01.70,,556
66946,101,18739,,48,,47:55.90,,556
66947,101,228,,48,,55:09.30,,556
66948,103,972,,47,,26:00.20,,556
66949,101,241,,47,,28:21.60,,556
66950,101,18740,,47,,33:45.10,,556
66951,101,274,,47,,35:01.90,,556
66952,101,18741,,47,,37:17.10,,556
66953,101,8034,,47,,37:17.20,,556
66954,103,978,,47,,39:00.20,,556
66955,101,275,,47,,41:22.00,,556
73197,4,91,,48,,25:22.90,,628
73198,4,2946,,48,,25:26.90,,628
73199,4,2945,,48,,25:54.90,,628
73200,4,7717,,48,,26:01.50,,628
73202,4,93,,48,,26:25.30,,628
73203,4,20488,,48,,26:35.00,,628
73204,4,5175,,48,,26:44.60,,628
73205,4,20489,,48,,26:49.90,,628
73206,4,2952,,48,,26:55.50,,628
73207,4,18780,,48,,27:08.10,,628
73208,4,18781,,48,,27:08.60,,628
73209,4,7719,,48,,27:10.20,,628
73210,4,20490,,48,,27:16.10,,628
73211,4,20491,,48,,27:28.30,,628
73212,4,20492,,48,,27:31.40,,628
73213,4,7720,,48,,28:17.10,,628
73214,4,7718,,48,,28:51.10,,628
73215,4,106,,48,,29:12.70,,628
73216,4,2968,,48,,29:29.20,,628
73217,4,20493,,48,,29:30.90,,628
73218,4,20494,,48,,29:46.10,,628
73219,4,2977,,48,,30:43.20,,628
73220,4,4637,,48,,30:44.00,,628
73221,4,108,,48,,33:34.50,,628
73222,4,2991,,48,,40:36.20,,628
73223,4,20495,,47,,22:34.00,,628
73224,4,20496,,47,,23:18.30,,628
73225,4,2928,,47,,24:30.90,,628
73226,4,2925,,47,,25:12.00,,628
73227,4,2922,,47,,25:31.70,,628
73228,4,2929,,47,,25:45.50,,628
73229,4,4631,,47,,26:15.50,,628
73230,4,2934,,47,,27:35.00,,628
73231,4,2932,,47,,28:00.10,,628
73201,4,90,So,48,,26:16.30,,628
67782,158,4665,,17,,21:17.40,,568
67783,158,16156,,17,,22:14.60,,568
67784,158,2390,,17,,22:38.50,,568
67785,158,16160,,17,,23:01.00,,568
67786,158,2400,,17,,23:02.20,,568
67787,158,16164,,17,,23:06.60,,568
67788,158,2406,,17,,23:54.60,,568
67789,158,16165,,17,,23:56.80,,568
67790,158,2403,,17,,24:17.00,,568
67791,158,16167,,17,,24:26.20,,568
67792,158,2408,,17,,24:33.50,,568
67793,158,2894,,17,,24:42.90,,568
67794,158,16168,,17,,25:55.20,,568
67795,158,2416,,17,,27:29.80,,568
67796,158,4252,,17,,34:17.30,,568
67797,158,2437,,48,,28:24.40,,568
67798,158,2438,,48,,29:10.20,,568
67799,158,2899,,48,,31:49.10,,568
67800,158,2456,,48,,31:49.20,,568
67801,158,2470,,48,,31:51.40,,568
67802,158,2900,,48,,32:09.60,,568
67803,158,2467,,48,,32:42.00,,568
67805,158,2469,,48,,33:38.90,,568
67806,158,4336,,48,,33:52.10,,568
67807,158,2474,,48,,34:36.40,,568
67808,158,2463,,48,,35:01.70,,568
67804,158,4332,,48,,33:30.80,,568
67811,96,1552,,48,,29:00.00,,569
67813,96,368,,48,,29:52.00,,569
67815,96,366,,48,,30:07.00,,569
67817,96,8002,,48,,30:39.00,,569
67819,96,18746,,48,,31:08.00,,569
67821,96,8003,,48,,31:47.00,,569
67823,96,18747,,48,,32:09.00,,569
67825,96,375,,48,,37:42.00,,569
67828,96,357,,17,,22:06.00,,569
67830,96,358,,17,,22:26.00,,569
67832,96,1489,,17,,22:31.00,,569
67834,96,4656,,17,,23:21.00,,569
67837,96,18766,,17,,32:20.00,,569
67809,96,6903,Fr,48,,28:06.00,,569
67810,96,364,Sr,48,,28:06.00,,569
67812,96,367,,48,,29:11.00,,569
67814,96,370,,48,,29:54.00,,569
67816,96,2492,,48,,30:20.00,,569
67818,96,369,,48,,31:03.00,,569
67820,96,8001,,48,,31:17.00,,569
67822,96,18748,,48,,32:02.00,,569
67824,96,5421,,48,,35:40.00,,569
67826,96,374,,48,,39:25.00,,569
67827,96,4655,,17,,21:17.00,,569
67829,96,7998,,17,,22:21.00,,569
67831,96,360,,17,,22:28.00,,569
67833,96,7162,,17,,23:02.00,,569
67835,96,3431,,17,,24:04.00,,569
67836,96,19019,,17,,24:22.00,,569
67838,96,18767,,17,,32:27.00,,569
108055,138,27047,,47,,23:16.41,,1291
108056,138,27931,,47,,23:19.74,,1291
108058,88,27331,,47,,23:42.58,,1291
108060,88,5924,,47,,24:27.89,,1291
108062,158,16156,,47,,24:41.66,,1291
108064,138,27858,,47,,25:12.13,,1291
108066,158,2400,,47,,25:28.53,,1291
108068,138,20405,,47,,25:38.44,,1291
108070,158,27193,,47,,25:47.51,,1291
108072,138,16158,,47,,25:51.21,,1291
108075,161,22363,,47,,26:14.01,,1291
108077,138,592,,47,,27:02.14,,1291
108080,88,27346,,47,,27:30.06,,1291
108083,88,27347,,47,,27:51.50,,1291
108085,158,2406,,47,,27:58.74,,1291
108087,88,27349,,47,,28:09.26,,1291
108091,159,16159,,47,,28:40.33,,1291
108092,159,27937,,47,,28:41.41,,1291
108094,158,27196,,47,,28:48.05,,1291
108097,152,25461,,47,,29:25.36,,1291
108101,159,4285,,47,,29:36.10,,1291
108103,159,22368,,47,,29:48.61,,1291
108105,88,11469,,47,,29:53.31,,1291
108107,88,27351,,47,,30:30.83,,1291
108109,138,27861,,47,,30:43.48,,1291
108112,158,27198,,47,,31:18.63,,1291
108114,137,27870,,47,,31:40.91,,1291
108115,159,27942,,47,,31:48.23,,1291
108117,158,27199,,47,,32:55.13,,1291
108119,159,648,,47,,33:25.96,,1291
108122,138,660,,47,,33:54.03,,1291
108124,137,16163,,47,,33:54.73,,1291
108126,152,16177,,47,,35:03.28,,1291
108128,158,27201,,47,,37:26.58,,1291
108130,159,4246,,47,,38:18.10,,1291
108131,152,27944,,47,,40:04.75,,1291
108132,158,27945,,47,,42:14.98,,1291
108111,158,27941,,47,,31:09.29,,1291
108113,152,2423,,47,,31:35.23,,1291
108116,158,16168,,47,,32:50.23,,1291
108118,159,643,,47,,33:15.53,,1291
108120,157,5679,,47,,33:28.23,,1291
108121,160,27943,,47,,33:45.25,,1291
108123,137,16166,,47,,33:54.48,,1291
108125,137,2405,,47,,34:39.41,,1291
108127,138,27873,,47,,35:27.12,,1291
108129,152,4687,,47,,37:35.33,,1291
107899,158,2438,,48,,25:53.11,,1291
107900,130,27905,,48,,26:25.31,,1291
107901,88,11484,,48,,26:28.23,,1291
107902,158,2437,,48,,26:35.08,,1291
107903,88,27227,,48,,26:37.81,,1291
107904,88,504,,48,,26:39.98,,1291
107905,88,11483,,48,,26:59.89,,1291
107906,88,2553,,48,,27:04.91,,1291
107907,161,27175,,48,,27:07.69,,1291
107908,88,26109,,48,,27:16.14,,1291
107909,88,539,,48,,27:23.46,,1291
107910,159,694,,48,,27:26.64,,1291
107911,88,3092,,48,,27:29.18,,1291
107912,88,507,,48,,27:31.09,,1291
107913,161,27906,,48,,27:33.89,,1291
107914,159,677,,48,,27:37.86,,1291
107915,159,5709,,48,,27:41.16,,1291
107916,158,2896,,48,,27:50.21,,1291
107917,159,676,,48,,27:55.56,,1291
107918,159,706,,48,,27:58.68,,1291
107919,158,16114,,48,,28:00.99,,1291
107920,158,16124,,48,,28:09.86,,1291
107921,88,26537,,48,,28:13.04,,1291
107922,88,530,,48,,28:14.83,,1291
107923,88,24596,,48,,28:16.28,,1291
107924,88,27382,,48,,28:16.99,,1291
107925,159,27907,,48,,28:21.69,,1291
107926,159,18991,,48,,28:22.59,,1291
107927,88,529,,48,,28:23.11,,1291
107928,88,27330,,48,,28:23.51,,1291
107929,159,674,,48,,28:26.43,,1291
107930,161,24901,,48,,28:29.74,,1291
107931,159,16118,,48,,28:30.86,,1291
107932,88,11485,,48,,28:48.69,,1291
107933,88,18974,,48,,28:53.61,,1291
107934,160,1213,,48,,29:01.64,,1291
107935,160,27908,,48,,29:07.28,,1291
107936,138,4704,,48,,29:14.23,,1291
107937,88,11493,,48,,29:29.68,,1291
107938,159,27021,,48,,29:30.28,,1291
107939,88,27880,,48,,29:37.10,,1291
107940,159,714,,48,,29:40.71,,1291
107941,158,27203,,48,,29:42.79,,1291
107942,159,4365,,48,,29:43.63,,1291
107943,159,26995,,48,,29:50.38,,1291
107944,159,705,,48,,29:51.13,,1291
107945,130,3142,,48,,29:52.64,,1291
107946,158,3141,,48,,29:54.29,,1291
107947,158,16123,,48,,29:54.88,,1291
107948,159,27009,,48,,29:56.04,,1291
107949,158,24594,,48,,29:56.59,,1291
107950,130,27909,,48,,29:57.94,,1291
107951,159,5565,,48,,30:09.51,,1291
107952,159,16117,,48,,30:12.38,,1291
107953,158,2456,,48,,30:17.38,,1291
107954,158,2899,,48,,30:24.84,,1291
107955,160,25480,,48,,30:34.99,,1291
107956,159,20431,,48,,30:40.88,,1291
107957,160,2460,,48,,30:42.43,,1291
107958,138,27853,,48,,30:43.41,,1291
107959,88,11490,,48,,30:49.41,,1291
107960,88,27391,,48,,30:52.03,,1291
107961,159,27910,,48,,30:55.03,,1291
107962,88,27384,,48,,30:55.83,,1291
107963,130,2453,,48,,31:10.21,,1291
107964,88,11491,,48,,31:11.43,,1291
107965,138,16127,,48,,31:12.33,,1291
107966,159,27911,,48,,31:19.18,,1291
107967,158,2463,,48,,31:24.44,,1291
107968,159,27020,,48,,31:25.76,,1291
107969,130,27843,,48,,31:27.49,,1291
107970,152,3144,,48,,31:31.38,,1291
107971,138,27842,,48,,31:38.19,,1291
107972,136,27912,,48,,31:42.03,,1291
107973,159,16115,,48,,31:42.31,,1291
107974,158,2467,,48,,31:49.00,,1291
107975,160,11422,,48,,31:52.21,,1291
107976,158,2474,,48,,31:54.64,,1291
107977,159,16119,,48,,32:02.63,,1291
107978,137,25494,,48,,32:04.23,,1291
107979,158,2469,,48,,32:07.21,,1291
107980,158,2900,,48,,32:13.58,,1291
107981,161,24908,,48,,32:23.46,,1291
107982,158,2470,,48,,32:25.88,,1291
107983,152,16148,,48,,32:29.54,,1291
107984,159,19000,,48,,32:32.08,,1291
107985,161,27457,,48,,32:32.93,,1291
107986,159,17911,,48,,32:33.83,,1291
107987,158,27913,,48,,32:34.29,,1291
107988,88,27396,,48,,32:37.46,,1291
107989,158,21482,,48,,32:37.84,,1291
107990,158,16132,,48,,32:38.24,,1291
107991,159,18319,,48,,32:38.61,,1291
107992,137,27846,,48,,32:39.01,,1291
107993,159,761,,48,,32:53.08,,1291
107994,138,16126,,48,,32:57.24,,1291
107995,88,5828,,48,,33:03.86,,1291
107996,130,2478,,48,,33:08.23,,1291
107997,158,27914,,48,,33:12.62,,1291
107998,161,27471,,48,,33:19.94,,1291
107999,158,16135,,48,,33:28.25,,1291
108000,152,27915,,48,,33:33.31,,1291
108001,159,2173,,48,,33:34.21,,1291
108002,159,16133,,48,,33:36.50,,1291
108003,159,25471,,48,,33:38.81,,1291
108004,88,2583,,48,,33:42.41,,1291
108005,159,16147,,48,,33:45.01,,1291
108006,152,27916,,48,,33:49.71,,1291
108007,158,16141,,48,,33:50.93,,1291
108008,159,24911,,48,,33:51.23,,1291
108009,159,16146,,48,,33:55.93,,1291
108010,159,16120,,48,,33:57.58,,1291
108011,130,2455,,48,,34:01.08,,1291
108012,88,550,,48,,34:02.46,,1291
108013,88,551,,48,,34:03.98,,1291
108014,130,27917,,48,,34:12.09,,1291
108015,160,11408,,48,,34:14.16,,1291
108016,158,27918,,48,,34:14.68,,1291
108017,152,16142,,48,,34:18.63,,1291
108018,152,27919,,48,,34:19.64,,1291
108019,138,27920,,48,,34:20.71,,1291
108020,158,27206,,48,,34:26.31,,1291
108021,159,27921,,48,,34:33.43,,1291
108022,157,27922,,48,,34:35.27,,1291
108023,137,2444,,48,,34:52.06,,1291
108024,159,2168,,48,,34:58.62,,1291
108025,88,2596,,48,,35:02.36,,1291
108026,159,4714,,48,,35:05.81,,1291
108027,137,787,,48,,35:27.03,,1291
108028,138,27030,,48,,35:35.54,,1291
108029,158,27209,,48,,35:44.94,,1291
108030,159,27923,,48,,36:03.06,,1291
108031,159,753,,48,,36:04.49,,1291
108032,152,27924,,48,,36:07.01,,1291
108033,159,2184,,48,,36:08.31,,1291
108034,88,4589,,48,,36:27.36,,1291
108035,137,27847,,48,,36:59.76,,1291
108036,159,27925,,48,,37:02.69,,1291
108037,159,27926,,48,,37:03.32,,1291
108038,159,27927,,48,,37:05.11,,1291
108039,157,26522,,48,,37:50.81,,1291
108040,158,27208,,48,,38:53.81,,1291
108041,159,27043,,48,,39:32.86,,1291
108042,159,27928,,48,,39:47.34,,1291
108043,138,16136,,48,,39:58.62,,1291
108044,138,802,,48,,39:58.87,,1291
108045,158,23919,,48,,40:44.69,,1291
108046,160,27514,,48,,41:14.63,,1291
108047,158,27929,,48,,41:27.14,,1291
108048,160,4723,,48,,41:39.21,,1291
108049,88,556,,48,,42:16.96,,1291
108050,158,3682,,48,,43:00.96,,1291
108051,159,25491,,48,,45:16.21,,1291
108052,160,27930,,48,,48:15.94,,1291
108053,152,2489,,48,,49:07.77,,1291
108054,159,17920,,47,,22:37.42,,1291
108057,158,27190,,47,,23:38.51,,1291
108059,137,27854,,47,,24:24.79,,1291
108061,158,27191,,47,,24:33.49,,1291
108063,159,576,,47,,25:01.19,,1291
108065,88,27338,,47,,25:16.88,,1291
108067,159,16161,,47,,25:33.88,,1291
108069,159,583,,47,,25:43.44,,1291
108071,88,2509,,47,,25:50.94,,1291
108073,158,27192,,47,,26:00.36,,1291
108074,137,27932,,47,,26:05.48,,1291
108076,138,604,,47,,26:37.29,,1291
108078,158,2410,,47,,27:09.91,,1291
108079,159,27933,,47,,27:15.99,,1291
108081,130,2385,,47,,27:32.08,,1291
108082,152,27934,,47,,27:40.41,,1291
108084,88,27348,,47,,27:55.20,,1291
108086,159,16157,,47,,28:06.61,,1291
108088,158,27195,,47,,28:23.89,,1291
108089,157,27935,,47,,28:26.01,,1291
108090,159,27936,,47,,28:34.35,,1291
108093,160,20420,,47,,28:44.55,,1291
108095,158,2393,,47,,29:04.21,,1291
108096,159,27938,,47,,29:13.45,,1291
108098,130,27866,,47,,29:28.01,,1291
108099,159,27939,,47,,29:31.91,,1291
108100,130,27940,,47,,29:32.95,,1291
108102,138,20419,,47,,29:40.83,,1291
108104,159,646,,47,,29:50.36,,1291
108106,130,18959,,47,,29:58.18,,1291
108108,158,21481,,47,,30:36.61,,1291
108110,152,2418,,47,,31:00.48,,1291
27247,62,169,,48,,30:59.90,,358
27309,62,8145,,48,,42:39.50,,358
1682,75,1546,,48,,29:18.00,,21
27263,62,8139,,48,,32:28.70,,358
27272,62,8140,,48,,33:24.50,,358
27282,62,8141,,48,,34:39.90,,358
27286,62,4931,,48,,35:15.90,,358
27299,62,204,,48,,38:50.50,,358
66113,204,18610,,47,,30:42.17,,549
66114,172,1760,,47,,31:47.55,,549
66115,188,1804,,47,,32:06.43,,549
66116,172,18271,,47,,32:22.95,,549
66117,220,18611,,47,,33:05.45,,549
66118,188,6867,,47,,33:44.00,,549
66119,204,18612,,47,,34:03.45,,549
66120,196,860,,47,,34:13.88,,549
66121,196,861,,47,,34:20.45,,549
66122,220,18613,,47,,37:37.12,,549
66123,176,18614,,47,,41:37.90,,549
66025,220,18566,,48,,32:23.89,,549
66026,196,2359,,48,,32:38.87,,549
66027,196,2373,,48,,32:42.29,,549
66028,188,910,,48,,32:46.79,,549
66029,204,922,,48,,32:46.92,,549
66030,188,18567,,48,,32:59.97,,549
66031,176,18568,,48,,33:02.41,,549
66032,204,924,,48,,33:08.03,,549
66033,188,5735,,48,,33:10.76,,549
66034,196,18569,,48,,33:11.72,,549
66035,220,18570,,48,,33:13.30,,549
66036,220,18571,,48,,33:25.53,,549
66037,176,18572,,48,,33:25.77,,549
66038,220,18573,,48,,33:27.54,,549
66039,188,18574,,48,,33:41.53,,549
66040,204,898,,48,,33:47.20,,549
66041,188,18575,,48,,34:30.03,,549
66042,188,18576,,48,,34:40.69,,549
66044,204,18577,,48,,34:44.04,,549
66045,220,18578,,48,,34:44.75,,549
66046,172,1901,,48,,35:17.34,,549
66047,220,18579,,48,,35:25.26,,549
66048,204,18580,,48,,35:36.80,,549
66049,172,3077,,48,,36:07.05,,549
66050,204,18581,,48,,36:16.77,,549
66051,204,18582,,48,,37:08.30,,549
66052,204,932,,48,,37:12.30,,549
66053,220,18583,,48,,37:25.96,,549
66054,204,5038,,48,,37:32.27,,549
66055,204,18584,,48,,37:46.85,,549
66056,220,18585,,48,,37:47.81,,549
66057,204,18586,,48,,37:55.46,,549
66058,196,895,,48,,37:58.55,,549
66059,188,951,,48,,38:37.30,,549
66060,204,902,,48,,38:45.31,,549
66061,204,17375,,48,,39:13.73,,549
66062,188,953,,48,,39:50.23,,549
66063,204,934,,48,,40:18.22,,549
66064,220,18587,,48,,40:21.27,,549
66065,196,2371,,48,,40:33.87,,549
66066,176,18588,,48,,40:56.15,,549
66067,196,18589,,48,,41:30.52,,549
66068,204,1874,,48,,42:44.96,,549
66069,204,964,,48,,43:35.87,,549
66070,204,963,,48,,43:37.26,,549
66071,204,957,,48,,44:48.50,,549
66072,220,18590,,48,,45:03.50,,549
66073,204,18591,,48,,46:50.06,,549
66074,204,18592,,48,,46:51.56,,549
66075,220,18593,,47,,22:48.68,,549
66076,204,1726,,47,,23:44.93,,549
66077,176,2075,,47,,23:52.49,,549
66078,188,1724,,47,,24:10.45,,549
66080,172,6431,,47,,24:24.99,,549
66081,188,18595,,47,,24:49.59,,549
66082,196,820,,47,,24:53.81,,549
66083,176,2080,,47,,24:55.20,,549
66084,204,18596,,47,,25:04.18,,549
66085,196,826,,47,,25:40.95,,549
66087,172,3196,,47,,25:51.11,,549
66088,176,18598,,47,,25:52.42,,549
66089,188,829,,47,,25:54.99,,549
66090,172,3028,,47,,25:59.47,,549
66091,204,2074,,47,,26:04.44,,549
66092,188,18599,,47,,26:07.70,,549
66093,172,18600,,47,,26:17.34,,549
66094,196,18601,,47,,26:24.07,,549
66095,196,833,,47,,26:25.24,,549
66096,188,3037,,47,,26:29.54,,549
66097,204,839,,47,,27:01.84,,549
66098,204,18602,,47,,27:03.86,,549
66099,172,1740,,47,,27:12.92,,549
66100,172,1761,,47,,27:27.40,,549
66101,204,18603,,47,,27:30.65,,549
66102,220,18604,,47,,27:57.19,,549
66103,188,1791,,47,,27:58.22,,549
66104,204,18605,,47,,28:25.00,,549
66105,204,18606,,47,,28:26.00,,549
66106,172,18607,,47,,28:34.00,,549
66107,172,6870,,47,,28:52.00,,549
66108,204,18608,,47,,29:15.00,,549
66109,204,18609,,47,,29:18.00,,549
66110,188,855,,47,,29:59.36,,549
66111,204,842,,47,,30:16.42,,549
66112,172,1800,,47,,30:34.82,,549
66043,204,7110,,47,,34:42.80,,549
66086,172,4959,,47,,25:47.00,,549
67779,69,7957,,47,,19:38.50,,566
27016,69,2515,Gr,17,,23:15.70,,352
70452,220,18593,,47,,22:41.16,,594
70454,172,6431,,47,,25:02.94,,594
70456,196,826,,47,,25:25.86,,594
70458,203,4971,,47,,25:44.04,,594
70460,199,1742,,47,,25:54.63,,594
70462,196,833,,47,,26:03.42,,594
70465,174,18822,,47,,26:07.84,,594
70466,188,19603,,47,,26:09.78,,594
70468,203,18817,,47,,26:40.26,,594
70471,191,2079,,47,,26:44.87,,594
70473,204,2074,,47,,27:07.41,,594
70475,188,3037,,47,,27:22.69,,594
70477,174,1762,,47,,27:30.71,,594
70479,199,1756,,47,,27:47.55,,594
70481,171,11433,,47,,27:56.52,,594
70483,203,3036,,47,,28:11.54,,594
70485,204,18609,,47,,28:20.45,,594
70488,172,18828,,47,,28:43.26,,594
70490,188,18832,,47,,28:50.62,,594
70492,174,4957,,47,,28:51.92,,594
70494,188,855,,47,,29:06.37,,594
70496,204,839,,47,,29:08.48,,594
70498,188,824,,47,,29:19.98,,594
70500,204,836,,47,,29:32.56,,594
70502,203,18835,,47,,29:41.36,,594
70503,222,19606,,47,,29:42.00,,594
70504,220,19607,,47,,29:42.82,,594
70506,173,18834,,47,,29:53.53,,594
70507,174,19608,,47,,29:55.29,,594
70509,203,18826,,47,,30:07.56,,594
70511,171,11447,,47,,30:44.39,,594
70513,188,852,,47,,31:25.86,,594
70514,222,19609,,47,,31:32.39,,594
70516,188,1804,,47,,31:39.46,,594
70517,188,19610,,47,,31:42.74,,594
70519,196,861,,47,,31:52.89,,594
70521,220,18611,,47,,32:03.58,,594
70522,188,19611,,47,,32:09.64,,594
70524,188,6867,,47,,32:16.77,,594
70526,191,18856,,47,,32:39.85,,594
70528,188,18854,,47,,33:57.44,,594
70531,220,18613,,47,,35:17.09,,594
70532,191,19613,,47,,35:44.68,,594
70453,204,1726,,47,,23:50.85,,594
70455,188,18595,,47,,25:08.31,,594
70457,174,18812,,47,,25:28.69,,594
70459,203,2085,,47,,25:52.57,,594
70461,188,18599,,47,,26:00.22,,594
70463,188,829,,47,,26:04.03,,594
70464,203,19602,,47,,26:05.27,,594
70467,188,1744,,47,,26:24.20,,594
70469,203,1732,,47,,26:41.55,,594
70470,174,19604,,47,,26:44.06,,594
70472,174,18820,,47,,26:50.79,,594
70474,188,1752,,47,,27:18.09,,594
70476,203,1741,,47,,27:24.37,,594
70478,196,18601,,47,,27:40.86,,594
70480,203,1792,,47,,27:47.80,,594
70482,188,846,,47,,28:04.74,,594
70484,203,18831,,47,,28:16.82,,594
70486,188,2087,,47,,28:28.05,,594
70487,222,19605,,47,,28:34.64,,594
70489,203,1765,,47,,28:44.42,,594
70491,203,5065,,47,,28:51.55,,594
70493,191,3193,,47,,29:04.66,,594
70495,204,842,,47,,29:06.77,,594
70497,203,1769,,47,,29:11.49,,594
70499,188,1773,,47,,29:23.96,,594
70501,199,17562,,47,,29:40.04,,594
70505,203,1796,,47,,29:45.20,,594
70508,204,832,,47,,30:01.16,,594
70510,203,1781,,47,,30:38.83,,594
70512,196,4977,,47,,31:13.16,,594
70515,191,18852,,47,,31:37.92,,594
70518,199,1776,,47,,31:44.46,,594
70520,188,18847,,47,,31:53.89,,594
70523,203,1783,,47,,32:16.29,,594
70525,204,843,,47,,32:19.33,,594
70527,199,3537,,47,,33:07.60,,594
70529,174,18860,,47,,33:58.90,,594
70530,191,19612,,47,,34:50.54,,594
70533,222,19614,,47,,38:35.53,,594
70534,222,19615,,47,,41:27.86,,594
70535,176,19616,,47,,41:27.94,,594
70536,175,19617,,48,,25:38.19,,594
70537,203,1809,,48,,26:25.22,,594
70538,188,867,,48,,26:25.55,,594
70539,196,866,,48,,26:53.71,,594
70540,174,2111,,48,,27:03.44,,594
70541,173,19618,,48,,27:08.82,,594
70542,196,5025,,48,,27:20.91,,594
70543,204,868,,48,,27:24.52,,594
70544,203,18875,,48,,27:26.14,,594
70545,174,1847,,48,,27:32.77,,594
70546,172,1817,,48,,27:44.29,,594
70547,203,19619,,48,,27:48.15,,594
70549,175,5007,,48,,27:54.48,,594
70550,188,881,,48,,27:54.99,,594
70551,188,2112,,48,,27:58.22,,594
70552,203,18869,,48,,27:58.88,,594
70553,173,19621,,48,,28:00.53,,594
70554,176,2114,,48,,28:02.65,,594
70555,173,19622,,48,,28:14.07,,594
70556,204,873,,48,,28:21.10,,594
70557,196,891,,48,,28:33.43,,594
70558,203,1857,,48,,28:35.97,,594
70559,188,2122,,48,,28:38.78,,594
70560,188,1863,,48,,28:40.10,,594
70561,174,2116,,48,,28:40.46,,594
70562,196,19623,,48,,28:46.53,,594
70563,188,887,,48,,28:48.16,,594
70548,171,1184,,48,,27:52.72,,594
73232,19,5161,,48,,26:46.90,,629
73233,19,2303,,48,,26:59.70,,629
73234,19,5158,,48,,27:03.80,,629
73235,19,2306,,48,,27:20.70,,629
73236,19,20497,,48,,27:54.60,,629
73237,19,2309,,48,,28:17.80,,629
73238,19,2308,,48,,28:54.60,,629
73239,19,5171,,48,,29:58.90,,629
73240,19,20498,,48,,30:03.60,,629
73241,19,2316,,48,,31:36.90,,629
73243,19,2299,,17,,19:54.80,,629
73244,19,19477,,17,,19:58.90,,629
73246,19,5144,,17,,20:51.00,,629
73245,19,23924,,17,,20:20.40,,629
70640,188,18576,,48,,33:08.28,,594
70641,203,19637,,48,,33:12.17,,594
70642,191,3216,,48,,33:12.74,,594
70643,188,18575,,48,,33:13.46,,594
70644,174,19638,,48,,33:18.25,,594
70645,199,18893,,48,,33:22.86,,594
70646,203,19639,,48,,33:23.64,,594
70647,174,18904,,48,,33:24.94,,594
70648,199,18892,,48,,33:26.58,,594
70649,203,2124,,48,,33:32.39,,594
70650,203,1883,,48,,33:32.51,,594
70651,220,18583,,48,,33:32.76,,594
70652,220,18578,,48,,33:38.44,,594
70653,171,19640,,48,,33:41.74,,594
70654,172,18899,,48,,33:42.80,,594
70655,196,895,,48,,33:43.38,,594
70656,205,19641,,48,,33:46.27,,594
70657,171,11413,,48,,33:48.89,,594
70658,173,18900,,48,,33:52.46,,594
70659,203,2141,,48,,33:52.98,,594
70660,188,926,,48,,33:55.01,,594
70661,171,4314,,48,,33:59.63,,594
70662,220,18570,,48,,34:02.29,,594
70663,203,19642,,48,,34:32.84,,594
70664,199,18898,,48,,34:37.36,,594
70665,171,1261,,48,,34:43.82,,594
70666,190,19643,,48,,34:48.41,,594
70667,205,18115,,48,,34:49.59,,594
70668,171,2365,,48,,34:59.13,,594
73242,19,23523,So,17,,18:33.00,,629
66993,75,1562,So,48,,30:34.00,,557
66988,86,3012,Jr,48,,30:21.00,,557
66957,75,11481,So,48,,25:57.00,,557
66961,86,2574,Gr,48,,26:45.00,,557
66962,75,5571,Gr,48,,26:58.00,,557
66963,75,1535,Jr,48,,27:15.00,,557
66964,75,7721,Fr,48,,27:20.00,,557
66974,86,1558,Jr,48,,28:38.00,,557
66958,96,6903,Fr,48,,26:21.00,,557
66960,75,1530,Sr,48,,26:41.00,,557
66956,96,364,Sr,48,,25:42.00,,557
66973,75,7724,Fr,48,,28:37.00,,557
66969,75,7725,Fr,48,,28:06.00,,557
70564,203,1844,,48,,28:49.60,,594
70565,203,1835,,48,,28:50.90,,594
70566,174,18876,,48,,28:52.44,,594
70567,204,18561,,48,,28:54.19,,594
70568,171,11389,,48,,28:57.01,,594
70569,203,18871,,48,,28:58.29,,594
70570,204,890,,48,,28:58.38,,594
70571,203,18877,,48,,29:13.13,,594
70572,204,18559,,48,,29:14.71,,594
70573,203,5033,,48,,29:18.18,,594
70574,204,1876,,48,,29:19.14,,594
70575,196,5583,,48,,29:26.10,,594
70576,204,931,,48,,29:28.26,,594
70577,188,910,,48,,29:29.47,,594
70578,188,882,,48,,29:30.58,,594
70579,176,18572,,48,,29:36.23,,594
70580,174,18870,,48,,29:39.39,,594
66968,86,11488,Fr,48,,28:06.00,,557
66983,75,2561,So,48,,29:45.00,,557
66959,75,18742,,48,,26:32.00,,557
66965,75,2070,,48,,27:25.00,,557
66966,96,18743,,48,,27:37.00,,557
66967,96,18744,,48,,27:44.00,,557
66970,96,2492,,48,,28:19.00,,557
66971,96,367,,48,,28:26.00,,557
66972,75,7722,,48,,28:29.00,,557
66975,75,2071,,48,,28:53.00,,557
66976,96,370,,48,,28:55.00,,557
66977,77,1554,,48,,28:57.00,,557
66978,77,2497,,48,,29:02.00,,557
66979,75,4575,,48,,29:04.00,,557
66980,96,368,,48,,29:07.00,,557
66981,86,18745,,48,,29:34.00,,557
66982,96,2493,,48,,29:39.00,,557
66984,77,7729,,48,,29:49.00,,557
66985,86,2555,,48,,29:53.00,,557
66986,77,1543,,48,,30:02.00,,557
66987,96,8002,,48,,30:17.00,,557
66989,96,8001,,48,,30:21.00,,557
66990,96,18746,,48,,30:28.00,,557
66991,96,18747,,48,,30:30.00,,557
66992,75,7726,,48,,30:34.00,,557
66994,86,1573,,48,,30:37.00,,557
66995,86,2564,,48,,30:51.00,,557
70581,188,5013,,48,,29:45.48,,594
70582,220,18566,,48,,29:45.95,,594
70583,204,900,,48,,29:54.63,,594
70584,203,18874,,48,,29:56.42,,594
70585,174,1856,,48,,29:56.94,,594
70586,188,919,,48,,29:58.55,,594
70587,203,5034,,48,,30:10.12,,594
70588,188,3543,,48,,30:18.47,,594
70589,174,4997,,48,,30:22.87,,594
70590,171,1239,,48,,30:23.36,,594
65461,86,1478,Jr,47,,26:46.00,,543
70591,196,19624,,48,,30:24.71,,594
70592,171,11395,,48,,30:26.64,,594
70593,176,19625,,48,,30:28.25,,594
70594,175,5005,,48,,30:33.29,,594
70595,204,18562,,48,,30:40.03,,594
70596,188,5735,,48,,30:44.79,,594
70597,188,18574,,48,,30:45.77,,594
70598,188,18879,,48,,30:47.94,,594
70599,188,936,,48,,30:51.50,,594
70600,176,2117,,48,,30:53.20,,594
70601,203,19626,,48,,30:57.25,,594
70602,188,3062,,48,,30:59.55,,594
70603,204,19627,,48,,31:04.82,,594
70604,204,18565,,48,,31:08.02,,594
70605,204,19628,,48,,31:15.40,,594
70606,199,1842,,48,,31:20.99,,594
70607,190,19629,,48,,31:22.91,,594
70608,205,19630,,48,,31:23.89,,594
70609,188,1868,,48,,31:25.53,,594
70610,171,11399,,48,,31:34.11,,594
70611,204,19631,,48,,31:38.22,,594
70612,171,11382,,48,,31:39.30,,594
70613,196,913,,48,,31:41.56,,594
70614,204,924,,48,,31:45.65,,594
70615,171,11401,,48,,31:51.32,,594
70616,171,4315,,48,,31:52.35,,594
70617,173,19632,,48,,31:56.01,,594
70618,196,18569,,48,,31:56.19,,594
70619,188,19633,,48,,31:56.69,,594
70620,188,19634,,48,,31:57.09,,594
70621,174,1836,,48,,32:02.34,,594
70622,199,1880,,48,,32:08.47,,594
65453,68,479,Jr,47,,23:53.30,,543
65454,90,476,Sr,47,,24:25.10,,543
65455,139,7705,,47,,24:49.00,,543
65456,88,481,Jr,47,,24:52.30,,543
65457,90,11455,Jr,47,,24:58.00,,543
65458,88,11456,Fr,47,,26:09.70,,543
65459,75,2516,Sr,47,,26:13.40,,543
65460,88,11457,So,47,,26:29.50,,543
65462,75,7749,So,47,,26:53.00,,543
65463,75,4545,Jr,47,,27:08.40,,543
65464,86,11458,Fr,47,,27:09.20,,543
65465,139,1497,So,47,,27:13.40,,543
65466,88,11459,Fr,47,,27:24.00,,543
65467,94,11460,,47,,27:43.00,,543
65468,88,11461,Fr,47,,27:58.70,,543
65469,139,1484,,47,,27:59.80,,543
65470,75,7751,Fr,47,,28:06.70,,543
65472,94,11462,,47,,28:18.80,,543
70623,188,1823,,48,,32:08.73,,594
70624,188,18878,,48,,32:09.01,,594
70625,171,1281,,48,,32:15.79,,594
70626,188,1877,,48,,32:19.69,,594
70627,203,3076,,48,,32:26.89,,594
70628,220,18571,,48,,32:28.38,,594
70629,203,1888,,48,,32:30.63,,594
70630,203,1827,,48,,32:33.14,,594
70631,203,3073,,48,,32:33.49,,594
70632,203,1855,,48,,32:36.55,,594
70633,174,5732,,48,,32:41.37,,594
70634,172,18888,,48,,32:45.11,,594
70635,174,18894,,48,,32:46.85,,594
70636,199,19635,,48,,32:57.94,,594
70637,204,18581,,48,,32:58.75,,594
70638,196,2373,,48,,33:06.66,,594
70639,220,19636,,48,,33:08.23,,594
70669,175,5003,,48,,35:04.84,,594
70670,220,18585,,48,,35:09.28,,594
70671,199,19644,,48,,35:11.00,,594
70672,203,3231,,48,,35:16.41,,594
70673,205,19645,,48,,35:21.18,,594
70674,190,19646,,48,,35:23.18,,594
70675,203,1908,,48,,35:35.60,,594
70676,203,19647,,48,,35:48.19,,594
70677,220,18579,,48,,36:21.18,,594
70678,199,1887,,48,,36:29.13,,594
70679,175,5006,,48,,36:38.24,,594
70680,196,2371,,48,,36:45.01,,594
70681,196,19648,,48,,36:45.95,,594
70682,205,19649,,48,,36:57.61,,594
70683,175,19650,,48,,37:00.14,,594
70684,190,19651,,48,,37:04.30,,594
70685,175,19652,,48,,37:12.63,,594
70686,204,5038,,48,,37:18.30,,594
70687,204,19653,,48,,37:21.00,,594
70688,204,1899,,48,,37:22.89,,594
70689,220,19654,,48,,37:44.09,,594
70690,191,19655,,48,,37:52.57,,594
70691,196,3084,,48,,37:58.98,,594
70692,205,19656,,48,,38:06.02,,594
70693,204,18592,,48,,38:23.65,,594
70694,196,947,,48,,38:26.01,,594
70695,204,964,,48,,38:26.76,,594
70696,175,5001,,48,,38:29.13,,594
70697,174,4648,,48,,38:29.88,,594
70698,203,19657,,48,,38:39.54,,594
70699,203,18895,,48,,38:50.72,,594
70700,220,19658,,48,,39:15.32,,594
70701,220,18590,,48,,39:56.89,,594
70702,196,17555,,48,,40:21.18,,594
70703,171,19659,,48,,40:24.67,,594
70704,173,19660,,48,,40:33.60,,594
70705,174,18910,,48,,40:39.44,,594
70706,171,1387,,48,,40:50.84,,594
70707,205,3559,,48,,40:55.44,,594
70708,188,4221,,48,,40:57.73,,594
70709,175,4999,,48,,40:58.89,,594
70710,204,963,,48,,41:37.05,,594
70711,222,19661,,48,,42:33.14,,594
70712,174,2157,,48,,44:12.28,,594
70713,196,19662,,48,,45:01.64,,594
70714,196,19663,,48,,48:33.65,,594
70715,196,19664,,48,,49:19.24,,594
70716,196,19665,,48,,51:57.68,,594
70717,205,19666,,48,,54:12.26,,594
67043,96,3431,,17,,23:10.00,,557
67045,96,7162,,17,,23:26.00,,557
67046,96,1503,,17,,23:48.00,,557
67047,75,2519,,17,,23:53.00,,557
67049,75,7753,,17,,24:15.00,,557
67050,96,1491,,17,,24:42.00,,557
67052,77,7755,,17,,24:50.00,,557
67053,86,2523,,17,,25:07.00,,557
67054,86,18764,,17,,26:26.00,,557
67055,77,18765,,17,,29:13.00,,557
67056,96,3433,,17,,29:50.00,,557
67057,96,18766,,17,,29:57.00,,557
67059,96,1464,,17,,30:37.00,,557
67060,86,4560,,17,,30:45.00,,557
67061,96,18767,,17,,31:07.00,,557
67062,86,18768,,17,,33:11.00,,557
67063,77,7757,,17,,35:38.00,,557
67044,86,11470,Fr,17,,23:25.00,,557
67051,86,4550,So,17,,24:48.00,,557
67058,86,1513,So,17,,29:58.00,,557
66997,96,18748,,48,,31:02.00,,557
66998,77,7734,,48,,31:16.00,,557
66999,75,3451,,48,,31:20.00,,557
67000,75,18749,,48,,31:20.00,,557
67001,96,8003,,48,,31:33.00,,557
67002,75,18750,,48,,31:42.00,,557
67003,96,18751,,48,,32:08.00,,557
67005,77,5360,,48,,32:34.00,,557
67006,96,18752,,48,,32:37.00,,557
67007,86,2586,,48,,32:43.00,,557
67008,86,18753,,48,,32:43.00,,557
67009,96,18754,,48,,32:59.00,,557
67012,86,18755,,48,,33:49.00,,557
67014,96,5421,,48,,34:54.00,,557
67015,77,7736,,48,,35:38.00,,557
67016,77,7732,,48,,35:43.00,,557
67017,96,375,,48,,35:47.00,,557
67018,75,18756,,48,,36:07.00,,557
67020,86,18757,,48,,36:30.00,,557
67021,77,7744,,48,,41:09.00,,557
67022,96,18758,,17,,18:12.00,,557
67024,77,1466,,17,,19:26.00,,557
67025,96,18760,,17,,20:15.00,,557
67026,96,4655,,17,,20:31.00,,557
67027,96,357,,17,,20:44.00,,557
67028,86,18761,,17,,20:54.00,,557
67029,96,18762,,17,,20:56.00,,557
67032,86,18763,,17,,21:22.00,,557
67033,96,4656,,17,,21:43.00,,557
67034,96,360,,17,,21:44.00,,557
67035,96,7999,,17,,21:52.00,,557
67036,96,1489,,17,,21:56.00,,557
67037,96,7998,,17,,22:01.00,,557
67039,96,8000,,17,,22:11.00,,557
67041,86,1486,,17,,22:29.00,,557
67030,75,2516,Sr,17,,21:00.00,,557
67004,75,2563,Jr,48,,32:14.00,,557
67038,86,1478,Jr,17,,22:11.00,,557
67031,75,7749,So,17,,21:21.00,,557
67013,86,1609,So,48,,34:01.00,,557
67040,86,11458,Fr,17,,22:21.00,,557
67042,75,7751,Fr,17,,22:51.00,,557
67010,86,11511,So,48,,33:07.00,,557
66996,86,1536,So,48,,30:55.00,,557
67011,86,1578,Gr,48,,33:34.00,,557
67019,86,1612,So,48,,36:16.00,,557
67023,86,19366,,17,,19:20.00,,557
67064,60,3386,,48,,26:09.41,,558
67065,32,18769,,48,,27:01.95,,558
67066,32,18770,,48,,28:14.89,,558
67067,60,2905,,48,,29:58.86,,558
67068,32,18771,,48,,31:08.06,,558
67069,32,18772,,48,,33:01.54,,558
67070,60,18773,,48,,33:07.97,,558
67071,60,7965,,48,,33:24.45,,558
67072,32,18774,,48,,36:50.23,,558
67073,32,18775,,48,,44:51.92,,558
67074,32,18776,,48,,47:59.09,,558
67075,32,18777,,17,,18:38.85,,558
67076,60,7971,,17,,21:03.01,,558
67077,60,3379,,17,,24:04.28,,558
67078,32,18778,,17,,24:14.22,,558
67079,60,3371,,17,,25:10.74,,558
67080,60,3460,,17,,25:17.47,,558
67081,32,18779,,17,,32:55.00,,558
67082,4,2946,,48,,25:16.50,,559
67083,4,91,,48,,26:21.70,,559
67084,4,95,,48,,26:26.00,,559
67085,4,2959,,48,,27:02.90,,559
67086,4,18780,,48,,27:53.80,,559
67087,4,18781,,48,,28:48.90,,559
67088,4,2971,,48,,30:40.10,,559
67089,4,2925,,17,,20:17.90,,559
67090,4,2929,,17,,20:49.80,,559
67091,4,2934,,17,,20:53.80,,559
65503,88,504,So,48,,26:17.60,,543
65505,86,11480,So,48,,26:34.80,,543
65509,86,1558,Jr,48,,27:10.00,,543
65511,75,1535,Jr,48,,27:28.40,,543
65513,75,7721,Fr,48,,27:45.00,,543
65515,88,11483,Fr,48,,28:07.00,,543
65517,88,2553,Jr,48,,28:18.30,,543
65519,88,11484,Fr,48,,28:30.10,,543
65521,75,7725,Fr,48,,28:34.60,,543
65523,90,531,Jr,48,,28:38.10,,543
65527,94,532,,48,,29:11.00,,543
65529,94,3444,,48,,29:14.40,,543
65531,88,11490,Fr,48,,29:26.00,,543
65533,86,11492,Fr,48,,29:45.90,,543
65535,88,521,Jr,48,,29:54.00,,543
65539,88,513,Sr,48,,30:11.70,,543
65541,86,1536,So,48,,30:21.10,,543
65543,90,2566,Jr,48,,30:38.80,,543
65569,88,5828,Jr,48,,33:58.10,,543
65547,90,11496,Sr,48,,31:12.80,,543
65549,100,11498,Sr,48,,31:16.30,,543
65551,100,11500,,48,,31:26.00,,543
65553,86,11501,Fr,48,,31:48.70,,543
65555,88,11503,Fr,48,,32:07.70,,543
65561,88,517,Sr,48,,32:35.20,,543
65563,86,1578,Gr,48,,32:48.70,,543
65565,88,548,Sr,48,,33:06.90,,543
65567,86,1609,So,48,,33:34.10,,543
65571,90,11510,So,48,,34:08.90,,543
65573,86,11511,So,48,,34:21.40,,543
65575,90,5215,Jr,48,,34:55.00,,543
65578,100,11514,Fr,48,,35:55.50,,543
65580,94,11515,,48,,36:13.50,,543
65582,139,2751,So,48,,36:32.90,,543
65584,75,7739,Fr,48,,36:48.50,,543
65586,139,11517,Fr,48,,37:12.80,,543
65588,88,11519,Fr,48,,37:18.00,,543
65525,88,21,Gr,48,,28:58.50,,543
65592,75,11522,Sr,48,,38:14.60,,543
65594,139,7701,,48,,38:42.20,,543
65598,86,11525,Fr,48,,41:15.10,,543
65590,88,11521,So,48,,37:31.80,0.0,543
65596,88,11523,Gr,48,,39:46.70,0.0,543
65600,88,11527,Fr,48,,43:43.60,0.0,543
65507,139,7693,Fr,48,,26:52.30,0.0,543
65537,139,11494,Fr,48,,29:59.90,,543
65559,139,7697,Fr,48,,32:29.00,,543
65557,88,11504,So,48,,32:15.10,,543
65471,139,1458,So,47,,28:10.70,,543
65473,88,11463,Fr,47,,28:20.60,,543
65474,88,11464,Fr,47,,28:22.40,,543
65475,88,11465,Fr,47,,28:32.50,,543
65476,88,5924,So,47,,28:34.30,,543
65477,100,11466,Jr,47,,28:36.60,,543
65478,86,11467,Jr,47,,29:12.00,,543
65479,90,497,Sr,47,,29:30.50,,543
65480,100,11468,Gr,47,,29:34.30,,543
65481,86,4549,So,47,,29:50.20,,543
65482,88,4151,So,47,,29:51.10,,543
65483,88,2520,So,47,,30:01.10,,543
65484,88,11469,Fr,47,,30:05.90,,543
65485,88,6062,Sr,47,,30:19.80,,543
65486,86,11470,Fr,47,,30:35.30,,543
65487,86,11471,Sr,47,,30:39.60,,543
65488,86,4550,So,47,,30:49.50,,543
65489,75,4555,So,47,,32:20.20,,543
65490,139,11472,,47,,32:35.50,,543
65491,139,7707,So,47,,33:02.40,,543
65492,88,11473,Jr,47,,33:05.80,,543
65493,139,7713,Fr,47,,33:42.70,,543
65494,88,11474,So,47,,34:09.60,,543
65495,100,11475,So,47,,34:11.80,,543
65496,139,11476,Fr,47,,35:36.40,,543
65497,86,11477,Sr,47,,37:02.30,,543
65498,90,500,Sr,47,,37:10.90,,543
65499,88,11478,Jr,47,,38:49.60,,543
65500,86,1513,So,47,,40:28.40,,543
65501,100,11479,Jr,47,,43:59.30,,543
65502,86,1514,Jr,47,,44:26.70,,543
65504,86,2574,Gr,48,,26:33.30,,543
65506,139,1520,Jr,48,,26:39.50,,543
65508,88,507,So,48,,26:59.60,,543
65510,75,11481,So,48,,27:13.30,,543
65512,68,11482,Fr,48,,27:35.00,,543
65514,75,5571,Gr,48,,27:56.50,,543
65516,75,1546,So,48,,28:15.60,,543
65518,75,7724,Fr,48,,28:24.00,,543
65520,88,11485,Fr,48,,28:32.90,,543
65522,88,539,So,48,,28:36.50,,543
65524,100,11486,Sr,48,,28:51.20,,543
65526,86,11488,Fr,48,,28:59.80,,543
65528,75,11489,Jr,48,,29:13.50,,543
65530,88,530,So,48,,29:24.60,,543
65532,88,11491,Fr,48,,29:26.80,,543
65534,88,2560,Sr,48,,29:48.10,,543
65536,88,11493,Fr,48,,29:58.60,,543
65538,139,1557,So,48,,30:08.20,,543
65540,75,2561,So,48,,30:15.10,,543
65542,88,11495,Fr,48,,30:26.90,,543
65544,88,3092,Jr,48,,30:46.30,,543
65546,90,552,Jr,48,,30:48.40,,543
65548,139,11497,,48,,31:15.60,,543
65550,68,11499,,48,,31:18.00,,543
65554,100,11502,Jr,48,,31:56.50,,543
65556,88,2554,Sr,48,,32:13.30,,543
65558,86,3012,Jr,48,,32:18.90,,543
65560,75,11505,Fr,48,,32:29.60,,543
65562,94,11506,,48,,32:42.00,,543
65564,75,2563,Jr,48,,32:59.90,,543
65566,90,11507,Fr,48,,33:11.20,,543
65568,94,11508,,48,,33:40.20,,543
65570,88,11509,Fr,48,,34:08.30,,543
65572,88,551,Jr,48,,34:17.40,,543
65574,86,11512,Fr,48,,34:30.90,,543
65576,88,6558,Gr,48,,35:03.50,,543
65577,88,18322,Sr,48,,35:27.80,,543
65579,88,4590,So,48,,36:08.00,,543
65581,86,11516,Fr,48,,36:32.80,,543
65585,86,1612,So,48,,37:08.20,,543
65587,86,11518,Fr,48,,37:17.50,,543
65589,139,11520,Fr,48,,37:28.40,,543
65591,88,2617,Gr,48,,37:52.60,,543
65593,88,2604,So,48,,38:22.60,,543
65595,139,1608,Sr,48,,39:30.20,,543
65597,86,11524,Jr,48,,40:13.40,,543
65601,94,11528,,48,,43:59.70,,543
65599,88,11526,Jr,48,,42:41.40,0.0,543
65583,139,1589,Jr,48,,36:36.10,0.0,543
65552,139,7696,Fr,48,,31:30.00,,543
34906,171,1239,So,48,,29:09.67,0.0,397
34959,171,2814,So,48,,34:47.43,0.0,397
34885,171,1184,Sr,48,,27:45.96,0.0,397
34949,171,2817,Sr,48,,33:40.51,0.0,397
34913,171,4316,Fr,48,,30:11.36,0.0,397
34924,171,11399,Fr,48,,31:04.18,0.0,397
34947,171,4315,Fr,48,,33:26.51,0.0,397
34966,171,1313,So,48,,36:27.51,0.0,397
34895,171,1177,Jr,48,,28:36.22,0.0,397
34929,171,1281,Sr,48,,31:31.22,0.0,397
34931,171,11401,Jr,48,,31:46.09,0.0,397
34957,171,11413,Fr,48,,34:14.33,0.0,397
34891,146,1216,Jr,48,,28:26.00,0.0,397
34967,146,11418,Fr,48,,36:49.41,0.0,397
34975,146,1382,Fr,48,,39:49.06,0.0,397
34939,146,3699,Fr,48,,32:38.05,0.0,397
34965,146,11417,Fr,48,,36:19.58,0.0,397
66079,172,1727,,47,,24:12.00,,549
26993,79,7944,Fr,17,College 5K Women,20:03.80,,351
27018,69,2527,So,17,,26:27.20,,352
27019,69,2535,Sr,17,,28:40.20,,352
27024,69,7959,Fr,48,,32:28.40,,352
27026,69,7961,Fr,48,,36:18.10,,352
27028,69,4340,Gr,48,,38:12.80,,352
27030,69,7964,So,48,,41:00.60,,352
53090,159,677,Jr,48,,28:25.40,,479
53091,159,694,So,48,,28:28.90,,479
53092,159,676,Jr,48,,28:33.60,,479
27004,79,3859,Jr,17,College 5K Men,17:05.90,,351
27005,79,523,Jr,17,College 5K Men,17:09.20,,351
27006,79,535,Jr,17,College 5K Men,17:28.70,,351
27008,79,537,So,17,College 5K Men,18:17.70,,351
27009,79,7952,Fr,17,College 5K Men,18:20.70,,351
27011,79,2559,So,17,College 5K Men,18:36.50,,351
27014,79,4585,Jr,17,College 5K Men,21:56.10,,351
34882,146,2688,Sr,48,,27:02.23,0.0,397
34968,146,11419,Jr,48,,36:55.51,0.0,397
34973,146,1309,So,48,,38:54.67,0.0,397
108133,4,2928,,17,,19:12.70,,1292
108134,4,27946,,17,,19:22.30,,1292
108135,4,2925,,17,,19:53.20,,1292
108136,4,27947,,17,,21:57.50,,1292
108137,4,27948,,17,,23:48.20,,1292
108138,4,7717,,48,,25:49.20,,1292
108139,4,7720,,48,,25:56.40,,1292
108140,4,90,,48,,26:12.30,,1292
108141,4,27949,,48,,26:33.10,,1292
108142,4,27950,,48,,26:36.50,,1292
108143,4,27951,,48,,26:40.20,,1292
108144,4,20489,,48,,26:45.30,,1292
108145,4,20490,,48,,26:54.30,,1292
108146,4,23489,,48,,27:03.50,,1292
108147,4,26543,,48,,27:24.40,,1292
108148,4,2971,,48,,29:14.00,,1292
108149,4,102,,48,,26:13.00,,1292
108150,96,27747,,47,,25:20.10,,1293
108151,96,4655,,47,,27:15.20,,1293
108152,96,357,,47,,28:46.10,,1293
108153,96,26935,,47,,31:16.90,,1293
108154,96,3431,,47,,31:57.10,,1293
108155,96,26941,,47,,33:03.20,,1293
108156,96,26940,,47,,33:27.30,,1293
108157,96,360,,47,,35:00.20,,1293
108158,96,26942,,47,,36:23.30,,1293
108159,96,18766,,47,,37:00.10,,1293
108160,96,364,,48,,30:10.30,,1293
82622,212,23457,,48,,40:37.00,,769
82623,90,23458,,48,,41:33.00,,769
82624,63,23459,,48,,42:36.00,,769
82625,77,7742,,48,,43:13.00,,769
82626,84,23460,,48,,53:06.00,,769
82627,100,23461,,48,,56:37.00,,769
82843,225,23479,,48,,30:46.30,,770
82844,118,3887,,48,,30:49.20,,770
82845,108,181,,48,,30:52.20,,770
82846,117,192,,48,,30:56.80,,770
82847,117,6,,48,,31:01.70,,770
82848,116,7982,,48,,31:05.10,,770
82849,116,7983,,48,,31:05.90,,770
82850,107,4841,,48,,31:09.60,,770
82851,108,3984,,48,,31:14.90,,770
82852,111,8013,,48,,31:23.60,,770
82853,107,2038,,48,,31:23.70,,770
82854,1,35,,48,,31:39.80,,770
82855,111,18131,,48,,31:47.20,,770
82856,122,1718,,48,,31:48.30,,770
82857,117,45,,48,,31:51.00,,770
82858,112,420,,48,,31:51.50,,770
82859,111,333,,48,,31:52.60,,770
82860,120,323,,48,,31:54.20,,770
82861,108,8085,,48,,32:11.70,,770
82862,117,8087,,48,,32:20.70,,770
82863,112,19425,,48,,32:38.30,,770
82864,117,47,,48,,32:47.90,,770
82865,108,8084,,48,,32:50.50,,770
82866,111,334,,48,,33:05.70,,770
82867,112,21239,,48,,33:11.40,,770
82868,116,4918,,48,,33:15.70,,770
82869,112,23480,,48,,33:24.90,,770
82870,111,18790,,48,,33:26.40,,770
82871,111,353,,48,,33:30.80,,770
82872,117,2037,,48,,33:32.30,,770
82873,118,11325,,48,,33:36.00,,770
82874,120,8019,,48,,33:36.20,,770
82875,111,985,,48,,33:36.50,,770
82628,112,404,Jr,47,,22:22.40,,770
82621,86,11525,Fr,48,,40:30.00,,769
108161,96,27744,,48,,32:15.00,,1293
108162,96,26020,,48,,32:20.80,,1293
108163,96,1552,,48,,32:45.10,,1293
108164,96,26931,,48,,33:26.90,,1293
108165,96,367,,48,,33:36.40,,1293
108166,96,368,,48,,34:16.40,,1293
108167,96,370,,48,,34:44.50,,1293
108168,96,371,,48,,34:59.80,,1293
108169,96,18752,,48,,36:15.90,,1293
108170,96,26932,,48,,36:57.60,,1293
108171,96,8001,,48,,37:13.40,,1293
67099,116,3325,,48,,27:36.80,,560
67092,116,7975,,48,,26:21.50,,560
67093,116,310,,48,,26:27.40,,560
67094,116,454,,48,,26:31.10,,560
67095,116,7976,,48,,26:38.40,,560
67096,116,312,,48,,27:03.30,,560
67097,116,4910,,48,,27:16.10,,560
67098,111,18782,,48,,27:31.40,,560
67100,111,4154,,48,,27:37.40,,560
67101,120,7689,,48,,27:39.50,,560
67102,111,8007,,48,,27:58.50,,560
67103,116,7977,,48,,27:59.80,,560
67104,116,2059,,48,,28:17.00,,560
67105,111,8005,,48,,28:22.90,,560
67106,120,7690,,48,,28:35.50,,560
67107,116,4535,,48,,28:38.20,,560
67108,116,18783,,48,,28:43.10,,560
67109,120,327,,48,,29:23.50,,560
67110,120,7691,,48,,29:45.60,,560
67111,116,18784,,48,,29:50.70,,560
67112,116,4144,,48,,29:57.10,,560
67113,120,18785,,48,,30:13.80,,560
67114,111,8009,,48,,30:32.50,,560
67115,116,458,,48,,30:33.80,,560
67116,116,7981,,48,,30:44.40,,560
67117,116,18786,,48,,30:55.90,,560
67118,120,18787,,48,,31:05.70,,560
67119,111,8013,,48,,31:20.40,,560
67120,111,8010,,48,,31:35.30,,560
67121,116,4918,,48,,31:39.00,,560
67122,120,323,,48,,31:43.00,,560
67123,116,7982,,48,,32:28.20,,560
67124,120,18788,,48,,32:30.30,,560
67125,120,344,,48,,32:34.20,,560
67126,120,345,,48,,32:35.50,,560
67127,111,18131,,48,,32:39.50,,560
67128,116,7983,,48,,33:28.60,,560
67129,116,18789,,48,,34:01.60,,560
67130,116,7984,,48,,34:37.20,,560
67131,111,18790,,48,,34:43.80,,560
67132,111,18791,,48,,34:50.80,,560
67133,111,3350,,48,,35:00.80,,560
67134,111,984,,48,,35:02.50,,560
67135,111,353,,48,,35:43.30,,560
67136,120,8019,,48,,35:56.70,,560
67137,111,333,,48,,36:09.60,,560
67138,120,346,,48,,36:16.90,,560
67139,111,334,,48,,36:19.20,,560
67140,120,18792,,48,,36:36.00,,560
67141,116,7985,,48,,39:56.00,,560
67142,121,3960,,48,,40:15.50,,560
67143,116,282,,47,,23:48.20,,560
67145,116,7990,,47,,24:23.70,,560
67146,120,18793,,47,,24:31.30,,560
67147,116,7988,,47,,24:56.30,,560
67148,116,7989,,47,,25:00.30,,560
67149,120,18794,,47,,25:10.70,,560
67150,116,7987,,47,,25:27.30,,560
67151,116,286,,47,,26:04.40,,560
67152,111,287,,47,,26:21.60,,560
67153,116,446,,47,,26:22.00,,560
67154,116,7991,,47,,27:47.00,,560
67155,116,7992,,47,,27:47.60,,560
67156,111,289,,47,,27:54.20,,560
67157,111,302,,47,,28:01.00,,560
67158,116,448,,47,,28:09.20,,560
67159,111,3314,,47,,28:12.20,,560
67160,116,294,,47,,28:52.30,,560
67161,111,4766,,47,,28:58.50,,560
67162,116,7994,,47,,29:17.30,,560
67163,120,293,,47,,29:24.70,,560
67164,111,18795,,47,,29:29.30,,560
67165,116,18796,,47,,29:50.70,,560
67166,120,4774,,47,,30:31.20,,560
67167,120,288,,47,,30:32.40,,560
67168,111,8032,,47,,30:48.50,,560
67169,111,8033,,47,,31:34.10,,560
67170,120,307,,47,,34:35.90,,560
67171,111,305,,47,,36:02.20,,560
67172,111,18797,,47,,36:13.90,,560
67173,111,18798,,47,,36:14.30,,560
67174,120,18799,,47,,39:33.10,,560
67175,37,3390,Jr,48,,28:22.60,,561
67176,37,18800,Fr,48,,29:46.30,,561
67177,37,18801,Fr,48,,30:04.30,,561
67178,37,3388,So,48,,31:09.90,,561
67179,37,18802,Fr,48,,31:30.80,,561
67180,37,18803,Fr,48,,32:19.40,,561
67181,37,3409,So,48,,32:35.90,,561
67182,37,3472,Jr,48,,32:42.30,,561
67183,37,3471,So,48,,33:17.20,,561
67184,37,5340,Jr,48,,33:19.10,,561
67185,37,18804,Jr,48,,34:54.90,,561
67186,37,3406,So,48,,36:13.80,,561
67187,37,18805,Fr,48,,36:37.90,,561
67188,37,18806,Jr,48,,36:43.60,,561
67189,37,18807,So,48,,37:40.40,,561
67190,37,3475,Jr,48,,39:02.70,,561
67191,37,18808,Fr,48,,44:27.90,,561
67192,37,18809,Fr,17,,20:11.10,,561
67193,37,18810,Fr,17,,22:34.90,,561
67194,37,18811,Fr,17,,25:50.70,,561
67195,174,18812,,17,,19:22.60,,562
67196,204,1726,,17,,19:35.00,,562
67197,178,3179,,17,,19:40.90,,562
67198,188,1724,,17,,19:53.50,,562
67199,188,18595,,17,,19:56.80,,562
67200,204,18596,,17,,19:58.70,,562
67201,180,18813,,17,,20:06.90,,562
67202,172,1727,,17,,20:25.00,,562
67203,180,18814,,17,,20:37.30,,562
67204,172,6431,,17,,20:43.50,,562
67205,203,1732,,17,,20:44.20,,562
67206,180,18815,,17,,20:49.80,,562
67207,178,18816,,17,,20:53.50,,562
67208,172,4959,,17,,20:55.00,,562
67621,88,521,Jr,48,,29:07.00,,565
67649,88,18974,Fr,48,,30:29.40,,565
108235,101,256,,47,,26:10.12,,1294
108236,1,245,,47,,26:15.05,,1294
108237,1,27965,,47,,26:19.54,,1294
108238,116,7993,,47,,26:26.03,,1294
108239,1,68,,47,,26:37.10,,1294
108240,1,27188,,47,,26:50.30,,1294
108241,1,18727,,47,,27:02.50,,1294
108242,1,27189,,47,,27:17.65,,1294
108243,43,27966,,47,,27:31.13,,1294
108244,116,26876,,47,,27:34.12,,1294
108245,116,26875,,47,,28:30.00,,1294
108246,1,72,,47,,28:39.10,,1294
75340,165,399,,47,,20:40.00,,648
75341,165,394,,47,,20:51.00,,648
75342,165,393,,47,,20:55.00,,648
75343,165,2174,,47,,22:45.00,,648
75344,165,21203,,47,,23:00.00,,648
108172,116,27952,,48,,25:52.96,,1294
75349,156,2363,,47,,25:23.00,,648
75350,165,21206,,47,,25:36.00,,648
108173,116,20397,,48,,25:56.24,,1294
75351,156,21207,,47,,26:25.00,,648
75352,165,21208,,47,,26:35.00,,648
75353,156,21209,,47,,26:49.00,,648
75354,156,2358,,47,,26:46.00,,648
75355,156,21210,,47,,27:10.00,,648
75356,165,385,,47,,27:36.00,,648
75357,165,21211,,47,,27:47.00,,648
75358,156,17703,,47,,30:23.00,,648
75359,165,21212,,47,,31:51.00,,648
75360,165,391,,47,,35:27.00,,648
108174,116,7976,,48,,25:59.25,,1294
108175,1,27183,,48,,26:13.24,,1294
108176,1,8,,48,,26:30.89,,1294
75361,156,2340,,17,,24:56.10,,649
75362,156,2334,,17,,25:42.90,,649
75363,156,2350,,48,,30:45.20,,649
75364,156,2363,,48,,33:41.90,,649
75365,156,3151,,48,,34:08.10,,649
75366,156,21213,,48,,34:53.80,,649
75367,156,21210,,48,,36:55.10,,649
75368,156,17703,,48,,40:24.10,,649
108177,116,26506,,48,,26:39.06,,1294
108178,116,7975,,48,,26:56.92,,1294
108179,1,27953,,48,,26:59.68,,1294
108180,1,27,,48,,27:07.07,,1294
108181,1,7,,48,,27:15.24,,1294
108182,1,18733,,48,,27:40.52,,1294
108183,116,4910,,48,,27:44.02,,1294
108184,116,2059,,48,,27:54.49,,1294
108185,116,26887,,48,,28:00.79,,1294
108186,116,312,,48,,28:00.84,,1294
108187,1,27186,,48,,28:27.40,,1294
108188,101,8004,,48,,28:43.74,,1294
108189,1,27185,,48,,28:46.54,,1294
108190,101,133,,48,,29:09.59,,1294
108191,116,26507,,48,,29:32.59,,1294
108192,116,27954,,48,,29:46.47,,1294
108193,1,150,,48,,29:57.17,,1294
108194,1,18736,,48,,30:15.37,,1294
108195,116,27955,,48,,30:15.62,,1294
108196,43,27956,,48,,30:27.94,,1294
108197,43,20475,,48,,31:18.69,,1294
108198,43,26,,48,,31:20.08,,1294
108199,1,27957,,48,,31:26.46,,1294
108200,116,24644,,48,,31:30.32,,1294
108201,101,8014,,48,,31:57.46,,1294
75345,156,21204,,47,,23:10.00,,648
75346,156,3151,,47,,23:46.00,,648
75348,165,21205,,47,,24:45.00,,648
82833,120,335,,48,,30:21.90,,770
82834,117,8067,,48,,30:25.30,,770
82835,112,437,,48,,30:26.50,,770
82836,122,2803,,48,,30:26.90,,770
82837,107,2876,,48,,30:26.90,,770
82838,116,7981,,48,,30:28.10,,770
82839,112,11319,,48,,30:37.00,,770
82840,118,11309,,48,,30:40.10,,770
82841,120,23478,,48,,30:40.50,,770
82842,104,2029,,48,,30:45.10,,770
108202,43,27573,,48,,32:07.61,,1294
108203,116,26890,,48,,32:12.73,,1294
108204,116,27763,,48,,32:48.09,,1294
108205,101,27091,,48,,32:58.28,,1294
108206,43,4865,,48,,34:04.61,,1294
108207,116,27958,,48,,34:28.35,,1294
108208,43,20468,,48,,34:37.92,,1294
108209,116,26888,,48,,34:48.87,,1294
108210,43,27584,,48,,35:05.60,,1294
108211,43,27959,,48,,35:06.11,,1294
108212,1,3349,,48,,35:35.90,,1294
108213,116,4918,,48,,35:39.54,,1294
108214,1,27960,,48,,36:00.32,,1294
108215,1,2,,48,,36:05.91,,1294
108216,43,3408,,48,,36:11.31,,1294
108217,101,8022,,48,,36:37.91,,1294
108218,1,35,,48,,36:40.55,,1294
108219,43,27590,,48,,36:41.28,,1294
108220,43,4864,,48,,37:52.13,,1294
108221,1,27961,,48,,38:07.23,,1294
108222,101,18739,,48,,38:21.71,,1294
108223,43,3400,,48,,38:43.35,,1294
108224,43,5670,,48,,40:51.37,,1294
108225,1,1,,48,,40:59.85,,1294
108226,1,27962,,48,,41:28.96,,1294
108227,1,27963,,48,,44:50.41,,1294
108228,101,27964,,48,,45:34.48,,1294
108229,43,27602,,47,,23:20.12,,1294
108230,116,282,,47,,23:52.09,,1294
108231,116,448,,47,,24:30.16,,1294
108232,116,297,,47,,24:39.46,,1294
108233,43,27605,,47,,25:07.23,,1294
108234,116,26874,,47,,25:11.68,,1294
108247,43,20462,,47,,28:56.23,,1294
108248,116,26878,,47,,29:00.24,,1294
108249,1,26622,,47,,29:10.53,,1294
108250,43,27620,,47,,29:13.34,,1294
108251,101,27106,,47,,29:20.76,,1294
108252,43,20463,,47,,29:51.52,,1294
108253,43,27622,,47,,29:51.61,,1294
108254,116,27967,,47,,30:03.10,,1294
108255,1,27968,,47,,30:08.68,,1294
108256,101,26633,,47,,30:36.08,,1294
108257,1,27969,,47,,30:54.83,,1294
108258,1,3975,,47,,32:34.09,,1294
108259,1,27970,,47,,33:03.08,,1294
108260,101,18741,,47,,33:45.49,,1294
108261,43,27971,,47,,33:46.22,,1294
108262,101,27107,,47,,34:30.14,,1294
67393,199,1880,,48,,30:43.60,,562
67394,199,1842,,48,,30:48.20,,562
67395,188,5735,,48,,31:04.00,,562
67396,172,18885,,48,,31:06.50,,562
67397,188,1868,,48,,31:12.20,,562
67398,178,18886,,48,,31:13.80,,562
67399,178,1853,,48,,31:13.80,,562
67400,203,18887,,48,,31:24.70,,562
67401,172,18888,,48,,31:26.90,,562
67402,203,1855,,48,,31:27.50,,562
67403,203,1894,,48,,31:30.50,,562
67404,203,1883,,48,,31:36.80,,562
67405,203,3073,,48,,31:40.30,,562
67406,172,18889,,48,,31:47.00,,562
67407,203,2124,,48,,31:49.10,,562
67408,201,18890,,48,,32:04.80,,562
67409,199,5488,,48,,32:05.60,,562
67410,201,18891,,48,,32:07.60,,562
67411,204,924,,48,,32:14.10,,562
67412,188,936,,48,,32:16.00,,562
67413,199,18892,,48,,32:21.80,,562
67414,191,3216,,48,,32:26.10,,562
67415,203,3076,,48,,32:42.30,,562
67416,204,5038,,48,,32:43.80,,562
67417,206,5130,,48,,32:45.80,,562
67418,199,18893,,48,,32:47.20,,562
67419,204,18577,,48,,32:48.60,,562
67420,174,18894,,48,,32:54.60,,562
67421,199,1890,,48,,32:55.60,,562
67422,172,1891,,48,,32:55.60,,562
67423,203,18895,,48,,33:11.60,,562
67424,172,18896,,48,,33:15.10,,562
67425,191,18897,,48,,33:19.50,,562
67426,172,3077,,48,,33:20.70,,562
67427,174,5732,,48,,33:25.50,,562
67428,188,926,,48,,33:29.40,,562
67429,172,1901,,48,,33:33.60,,562
67430,199,18898,,48,,33:42.80,,562
67431,204,18586,,48,,33:51.20,,562
67461,122,18911,,47,,26:32.20,,563
67462,122,1706,,47,,26:52.80,,563
67463,122,18912,,47,,27:07.70,,563
67464,122,18913,,47,,30:58.00,,563
67465,122,18914,,47,,31:09.50,,563
67466,122,1712,,48,,27:57.00,,563
67467,122,1715,,48,,28:04.50,,563
67468,122,18915,,48,,29:19.20,,563
67469,122,2796,,48,,29:33.90,,563
67470,122,2803,,48,,31:06.50,,563
67471,122,1717,,48,,31:56.60,,563
67472,122,1718,,48,,32:09.90,,563
67473,60,3360,,17,,20:43.10,,564
67474,60,7970,,17,,20:46.70,,564
67475,60,18916,,17,,21:41.10,,564
67476,60,18917,,17,,24:22.60,,564
67477,60,18918,,17,,24:57.10,,564
67478,60,3463,,17,,25:54.10,,564
67479,60,3369,,17,,27:25.50,,564
67480,60,3407,,48,,30:07.10,,564
67481,60,18919,,48,,31:44.40,,564
67482,60,18920,,48,,33:08.70,,564
67483,60,7966,,48,,35:42.30,,564
67484,164,567,,47,,24:39.20,,565
67485,167,617,,47,,24:53.40,,565
67486,167,18921,,47,,25:23.20,,565
67487,164,575,,47,,25:27.40,,565
67488,167,18922,,47,,25:35.10,,565
67489,164,574,,47,,25:37.00,,565
67490,159,583,,47,,25:40.70,,565
67491,164,573,,47,,25:42.70,,565
67492,164,18923,,47,,25:56.90,,565
67493,164,4117,,47,,26:00.30,,565
67494,167,577,,47,,26:07.60,,565
67496,164,18924,,47,,26:16.50,,565
67497,167,18925,,47,,26:17.70,,565
67498,139,7704,,47,,26:23.30,,565
67499,164,620,,47,,26:28.90,,565
67500,86,18926,,47,,26:32.40,,565
67501,167,570,,47,,26:37.10,,565
67502,164,18927,,47,,26:47.90,,565
67503,139,7705,,47,,26:50.60,,565
67504,159,591,,47,,26:51.00,,565
67505,164,18928,,47,,26:53.50,,565
67506,159,2700,,47,,26:55.10,,565
67507,137,2384,,47,,27:07.00,,565
67508,164,578,,47,,27:09.10,,565
67509,167,3000,,47,,27:12.30,,565
67510,164,606,,47,,27:31.90,,565
67511,164,594,,47,,27:36.30,,565
67512,167,18929,,47,,27:42.60,,565
67513,142,18930,,47,,27:45.60,,565
67514,164,3002,,47,,27:47.20,,565
67515,167,18931,,47,,27:57.60,,565
67516,164,18932,,47,,28:13.90,,565
67518,137,588,,47,,28:19.20,,565
67519,137,623,,47,,28:21.40,,565
67520,164,618,,47,,28:24.50,,565
67522,164,3098,,47,,28:31.80,,565
67523,139,7706,,47,,28:32.80,,565
67524,132,17932,,47,,28:34.40,,565
67521,88,11457,So,47,,28:27.10,,565
67209,172,3028,,17,,20:58.40,,562
67210,172,1740,,17,,20:58.70,,562
67211,203,18817,,17,,21:01.10,,562
67212,174,2083,,17,,21:06.90,,562
67213,199,1742,,17,,21:13.80,,562
67214,172,18818,,17,,21:14.20,,562
67215,203,4971,,17,,21:15.20,,562
67216,188,829,,17,,21:17.00,,562
67217,178,18819,,17,,21:22.00,,562
67218,174,18820,,17,,21:25.60,,562
67219,180,5074,,17,,21:30.10,,562
67220,172,18821,,17,,21:34.70,,562
67221,174,1759,,17,,21:37.20,,562
67222,191,2079,,17,,21:37.20,,562
67223,178,1743,,17,,21:42.60,,562
67224,204,2074,,17,,21:42.80,,562
67225,203,2085,,17,,21:44.60,,562
67226,174,18822,,17,,21:46.40,,562
67227,188,824,,17,,21:50.60,,562
67228,188,5368,,17,,21:53.80,,562
67229,188,1752,,17,,21:54.40,,562
67230,178,1764,,17,,21:55.20,,562
67231,172,3196,,17,,22:01.00,,562
67232,172,1761,,17,,22:01.00,,562
67233,178,18823,,17,,22:03.50,,562
67234,188,1744,,17,,22:04.20,,562
67235,172,18824,,17,,22:07.10,,562
67236,188,18825,,17,,22:09.40,,562
67237,203,18826,,17,,22:10.20,,562
67238,172,18827,,17,,22:14.60,,562
67239,172,18828,,17,,22:17.20,,562
67240,188,1768,,17,,22:18.30,,562
67241,172,1735,,17,,22:24.10,,562
67242,172,18829,,17,,22:25.20,,562
67243,174,2084,,17,,22:25.30,,562
67244,178,1746,,17,,22:29.70,,562
67245,180,2086,,17,,22:36.30,,562
67246,174,4957,,17,,22:44.70,,562
67247,178,3040,,17,,22:47.10,,562
67248,199,1756,,17,,22:47.80,,562
67249,172,18830,,17,,22:52.00,,562
67250,203,1751,,17,,22:52.90,,562
67251,203,18831,,17,,22:53.90,,562
67252,188,18832,,17,,22:56.10,,562
67253,172,18833,,17,,23:00.20,,562
67254,173,18834,,17,,23:00.40,,562
67255,172,18607,,17,,23:03.10,,562
67256,203,1792,,17,,23:03.20,,562
67257,188,1791,,17,,23:05.90,,562
67258,180,2098,,17,,23:14.30,,562
67259,178,3033,,17,,23:14.80,,562
67260,199,1771,,17,,23:14.80,,562
67261,199,1738,,17,,23:15.00,,562
67262,203,1765,,17,,23:21.40,,562
67263,203,18835,,17,,23:25.60,,562
67264,174,1762,,17,,23:26.20,,562
67265,204,839,,17,,23:30.20,,562
67266,191,3193,,17,,23:33.10,,562
67267,203,18836,,17,,23:39.00,,562
67268,178,18837,,17,,23:39.50,,562
67269,172,1750,,17,,23:53.40,,562
67270,180,18838,,17,,23:57.80,,562
67271,204,832,,17,,23:59.20,,562
67272,203,18839,,17,,24:05.50,,562
67273,188,1773,,17,,24:07.90,,562
67274,191,3198,,17,,24:09.70,,562
67275,172,3048,,17,,24:11.70,,562
67276,172,1760,,17,,24:16.10,,562
67277,172,1800,,17,,24:22.20,,562
67278,204,18610,,17,,24:22.60,,562
67279,203,3036,,17,,24:23.90,,562
67280,178,18840,,17,,24:30.30,,562
67281,188,855,,17,,24:32.80,,562
67282,203,1769,,17,,24:37.20,,562
67283,203,1796,,17,,24:39.70,,562
67284,199,17562,,17,,24:43.30,,562
67285,172,18271,,17,,24:45.20,,562
67286,203,18841,,17,,24:45.80,,562
67287,203,18842,,17,,24:49.30,,562
67288,173,18843,,17,,24:49.60,,562
67289,188,1804,,17,,24:51.80,,562
67290,203,18844,,17,,24:52.70,,562
67291,203,1781,,17,,24:58.90,,562
67292,173,18845,,17,,24:59.40,,562
67293,201,18846,,17,,25:00.10,,562
67294,188,18847,,17,,25:02.70,,562
67295,203,2096,,17,,25:05.00,,562
67296,173,1789,,17,,25:08.70,,562
67297,178,18848,,17,,25:10.40,,562
67298,172,18849,,17,,25:10.70,,562
67299,203,18850,,17,,25:15.00,,562
67300,203,18851,,17,,25:25.60,,562
67301,191,18852,,17,,25:29.50,,562
67302,178,18853,,17,,25:35.70,,562
67303,188,852,,17,,25:37.40,,562
67304,199,1795,,17,,25:39.60,,562
67305,172,1799,,17,,25:41.50,,562
67306,172,1797,,17,,25:41.80,,562
67307,188,18854,,17,,26:01.50,,562
67308,199,3537,,17,,26:11.10,,562
67309,188,6867,,17,,26:49.50,,562
67310,188,18855,,17,,26:58.20,,562
67311,191,18856,,17,,26:58.60,,562
67312,173,18857,,17,,26:59.90,,562
67313,199,18858,,17,,27:06.30,,562
67314,180,1779,,17,,27:11.30,,562
67315,204,18859,,17,,27:17.30,,562
67316,174,18860,,17,,28:23.20,,562
67317,201,18861,,17,,28:46.10,,562
67318,199,18862,,17,,30:12.80,,562
67319,203,18863,,17,,30:47.40,,562
67320,180,18864,,17,,32:20.20,,562
67321,203,1809,,48,,25:51.20,,562
67322,178,1815,,48,,25:53.90,,562
67323,188,867,,48,,26:12.00,,562
67325,172,1814,,48,,26:39.90,,562
67326,178,18865,,48,,26:40.60,,562
67327,178,1811,,48,,26:48.70,,562
67328,178,18866,,48,,27:03.70,,562
67330,172,1817,,48,,27:11.00,,562
67331,174,2111,,48,,27:13.10,,562
67332,178,1813,,48,,27:14.30,,562
67333,188,877,,48,,27:24.00,,562
67334,178,3205,,48,,27:36.60,,562
67335,180,2110,,48,,27:39.50,,562
67336,188,882,,48,,27:41.30,,562
67337,178,18867,,48,,27:41.60,,562
67338,188,2112,,48,,27:44.50,,562
67339,173,1821,,48,,27:45.90,,562
67340,178,18868,,48,,27:57.60,,562
67341,188,5013,,48,,28:06.80,,562
67342,203,1835,,48,,28:07.80,,562
67343,174,1847,,48,,28:10.10,,562
67344,188,1863,,48,,28:10.70,,562
67345,188,881,,48,,28:11.90,,562
67346,203,1827,,48,,28:15.70,,562
67347,204,18561,,48,,28:17.40,,562
67348,204,868,,48,,28:21.00,,562
67349,203,18869,,48,,28:35.30,,562
67350,188,3543,,48,,28:39.90,,562
67351,188,919,,48,,28:40.60,,562
67352,204,890,,48,,28:42.10,,562
67353,204,873,,48,,28:44.20,,562
67354,174,18870,,48,,28:45.90,,562
67355,203,1857,,48,,28:47.30,,562
67356,174,2116,,48,,28:48.60,,562
67357,178,1833,,48,,28:49.80,,562
67358,203,18871,,48,,28:51.00,,562
67359,201,2125,,48,,28:52.20,,562
67360,188,910,,48,,28:53.20,,562
67361,178,3052,,48,,28:54.00,,562
67362,199,18872,,48,,28:55.20,,562
67363,204,931,,48,,28:56.30,,562
67364,172,18873,,48,,28:57.10,,562
67365,203,1858,,48,,29:00.40,,562
67366,203,18874,,48,,29:06.10,,562
67367,203,1844,,48,,29:09.20,,562
67368,174,1856,,48,,29:10.80,,562
67369,203,18875,,48,,29:11.40,,562
67370,172,1862,,48,,29:13.10,,562
67371,204,18562,,48,,29:22.10,,562
67372,174,18876,,48,,29:24.70,,562
67373,204,874,,48,,29:24.90,,562
67374,203,5034,,48,,29:25.80,,562
67375,188,2121,,48,,29:30.20,,562
67376,203,1859,,48,,29:30.80,,562
67377,203,18877,,48,,29:31.30,,562
67378,178,1870,,48,,29:40.50,,562
67379,188,1877,,48,,29:43.50,,562
67380,188,18878,,48,,29:48.40,,562
67381,204,2120,,48,,29:51.20,,562
67382,204,18563,,48,,29:54.90,,562
67383,204,1876,,48,,29:55.40,,562
67384,188,18879,,48,,29:56.40,,562
67385,180,18880,,48,,29:57.50,,562
67386,172,1837,,48,,30:07.60,,562
67387,199,18881,,48,,30:12.50,,562
67388,188,18882,,48,,30:30.90,,562
67389,172,18883,,48,,30:32.00,,562
67390,180,18884,,48,,30:33.00,,562
67391,203,1832,,48,,30:33.60,,562
67392,172,1852,,48,,30:38.70,,562
67432,172,1917,,48,,33:57.30,,562
67433,203,2141,,48,,34:01.80,,562
67434,172,18899,,48,,34:02.80,,562
67435,206,4476,,48,,34:09.20,,562
67436,173,18900,,48,,34:24.00,,562
67437,178,3082,,48,,34:35.70,,562
67438,188,18901,,48,,34:57.40,,562
67439,201,2136,,48,,34:58.30,,562
67440,204,902,,48,,35:04.90,,562
67441,173,18902,,48,,35:06.90,,562
67442,199,18903,,48,,35:14.70,,562
67443,199,5490,,48,,35:32.00,,562
67444,199,2139,,48,,35:32.90,,562
67445,174,18904,,48,,35:35.10,,562
67446,199,1895,,48,,35:49.20,,562
67447,203,3231,,48,,35:51.30,,562
67448,173,18905,,48,,36:06.90,,562
67449,199,5489,,48,,36:39.30,,562
67450,191,18906,,48,,36:41.50,,562
67451,173,17557,,48,,36:48.50,,562
67452,199,1887,,48,,37:08.70,,562
67453,204,964,,48,,37:25.10,,562
67454,172,1906,,48,,37:35.20,,562
67455,191,18907,,48,,37:36.70,,562
67456,201,18908,,48,,37:37.40,,562
67457,204,18909,,48,,37:40.60,,562
67458,174,18910,,48,,38:29.00,,562
67459,204,7625,,48,,40:00.00,,562
67460,204,963,,48,,41:17.20,,562
67329,188,885,,48,,27:11.00,,562
82318,96,18758,,47,,22:21.00,,769
82322,85,23383,,47,,23:07.00,,769
82323,85,23384,,47,,23:19.00,,769
82324,77,1466,,47,,23:33.00,,769
82325,84,23385,,47,,23:48.00,,769
82326,86,19366,,47,,23:57.00,,769
82327,84,2660,,47,,24:08.00,,769
82328,94,2503,,47,,24:30.00,,769
82329,94,23386,,47,,24:40.00,,769
82330,85,23387,,47,,24:43.00,,769
82331,96,18760,,47,,25:12.00,,769
82332,75,1452,,47,,25:13.00,,769
82334,96,4655,,47,,25:23.00,,769
82335,96,357,,47,,25:35.00,,769
82337,96,4656,,47,,25:52.00,,769
82339,75,23388,,47,,25:54.00,,769
82340,79,7945,,47,,25:54.00,,769
82341,75,1494,,47,,25:55.00,,769
82342,86,18763,,47,,26:05.00,,769
82320,77,7745,,47,,22:46.00,,769
82321,66,7746,Fr,47,,22:55.00,,769
82338,90,476,Sr,47,,25:52.00,,769
82333,75,2516,Sr,47,,25:16.00,,769
82343,94,23389,,47,,26:05.00,,769
82344,96,1489,,47,,26:07.00,,769
82345,79,20408,,47,,26:09.00,,769
82346,96,23390,,47,,26:11.00,,769
82347,86,18761,,47,,26:39.00,,769
82348,96,7998,,47,,26:45.00,,769
82349,96,7999,,47,,26:50.00,,769
82350,96,360,,47,,26:54.00,,769
82351,85,2669,,47,,26:55.00,,769
82354,96,8000,,47,,27:15.00,,769
82355,66,23391,,47,,27:18.00,,769
82357,84,23392,,47,,27:25.00,,769
82359,75,23393,,47,,27:32.00,,769
82360,85,11296,,47,,27:38.00,,769
82361,94,2518,,47,,27:40.00,,769
82362,96,3431,,47,,27:41.00,,769
82363,94,23394,,47,,27:48.00,,769
82365,85,5426,,47,,27:50.00,,769
82368,79,18942,,47,,28:08.00,,769
82369,66,7748,,47,,28:11.00,,769
82370,94,2508,,47,,28:16.00,,769
82371,86,23395,,47,,28:23.00,,769
82372,86,1486,,47,,28:28.00,,769
82373,94,23396,,47,,28:32.00,,769
82375,85,23397,,47,,28:35.00,,769
82377,96,7162,,47,,28:46.00,,769
82378,77,3426,,47,,28:56.00,,769
82379,66,7747,,47,,29:17.00,,769
82381,84,23398,,47,,29:53.00,,769
82382,77,7754,,47,,30:02.00,,769
82383,77,7755,,47,,30:06.00,,769
82385,85,2674,,47,,30:23.00,,769
82386,75,7753,,47,,30:27.00,,769
82388,94,23399,,47,,30:39.00,,769
82389,86,2523,,47,,30:42.00,,769
82391,77,7756,,47,,30:53.00,,769
82392,79,7947,,47,,30:55.00,,769
82393,96,1491,,47,,31:16.00,,769
82394,85,23400,,47,,31:31.00,,769
82396,96,23401,,47,,31:37.00,,769
82397,100,23402,,47,,31:40.00,,769
82398,75,23403,,47,,31:53.00,,769
82399,85,23404,,47,,31:58.00,,769
82400,66,23405,,47,,32:01.00,,769
82401,79,2513,,47,,32:09.00,,769
82402,85,5441,,47,,32:19.00,,769
82403,85,23406,,47,,34:10.00,,769
82404,77,1493,,47,,34:17.00,,769
82405,84,2665,,47,,34:36.00,,769
82407,85,5439,,47,,34:59.00,,769
82408,85,2670,,47,,35:00.00,,769
82410,77,23407,,47,,37:26.00,,769
82413,79,2542,,48,,25:26.00,,769
82415,63,23408,,48,,25:28.00,,769
82416,79,508,,48,,25:33.00,,769
82419,75,18742,,48,,25:49.00,,769
82422,96,363,,48,,26:05.00,,769
82423,85,3440,,48,,26:05.00,,769
82425,84,2627,,48,,26:08.00,,769
82426,96,2492,,48,,26:14.00,,769
82427,90,23411,,48,,26:14.00,,769
82428,84,23412,,48,,26:15.00,,769
82429,96,18744,,48,,26:22.00,,769
82432,86,23413,,48,,26:25.00,,769
82435,79,506,,48,,26:32.00,,769
82438,84,5297,,48,,26:41.00,,769
82437,66,7723,,48,,26:38.00,,769
82411,75,25996,,48,,24:59.00,,769
82442,85,2631,,48,,26:58.00,,769
82443,85,3445,,48,,26:59.00,,769
82445,75,23414,,48,,27:02.00,,769
82446,99,23415,,48,,27:03.00,,769
82447,75,1525,,48,,27:04.00,,769
82448,84,23416,,48,,27:06.00,,769
82449,75,2070,,48,,27:11.00,,769
82412,86,11480,So,48,,25:18.00,,769
82440,79,7949,Jr,48,,26:51.00,,769
82417,96,6903,Fr,48,,25:36.00,,769
82420,75,1530,Sr,48,,25:58.00,,769
82395,90,11455,Jr,47,,31:35.00,,769
82421,88,504,So,48,,26:02.00,,769
82356,88,11465,Fr,47,,27:20.00,,769
82364,88,11463,Fr,47,,27:48.00,,769
82367,88,11461,Fr,47,,27:57.00,,769
82376,88,11478,Jr,47,,28:42.00,,769
82414,96,364,Sr,48,,25:27.00,,769
82424,75,1535,Jr,48,,26:06.00,,769
82430,75,5571,Gr,48,,26:23.00,,769
82433,75,7721,Fr,48,,26:26.00,,769
82434,86,1558,Jr,48,,26:27.00,,769
82352,75,7749,So,47,,27:05.00,,769
82358,75,4545,Jr,47,,27:26.00,,769
82366,86,11458,Fr,47,,27:51.00,,769
82353,86,1478,Jr,47,,27:11.00,,769
82374,75,7751,Fr,47,,28:33.00,,769
82387,90,497,Sr,47,,30:30.00,,769
82384,100,11468,Gr,47,,30:19.00,,769
82390,75,4555,So,47,,30:47.00,,769
82409,100,11475,So,47,,37:16.00,,769
82406,86,1513,So,47,,34:58.00,,769
67679,79,3859,,48,,31:44.80,,565
82454,75,1546,So,48,,27:21.00,,769
82464,75,7724,Fr,48,,27:36.00,,769
82452,100,11486,Sr,48,,27:14.00,,769
82450,85,23417,,48,,27:11.00,,769
82451,79,515,,48,,27:13.00,,769
82453,75,23418,,48,,27:20.00,,769
67676,167,5230,,48,,31:40.60,,565
67677,142,18982,,48,,31:41.70,,565
82455,75,2071,,48,,27:22.00,,769
82456,79,512,,48,,27:23.00,,769
82459,63,23419,,48,,27:29.00,,769
82460,79,523,,48,,27:30.00,,769
82462,84,23420,,48,,27:30.00,,769
82463,85,22586,,48,,27:31.00,,769
82465,99,23421,,48,,27:37.00,,769
82466,75,23422,,48,,27:40.00,,769
82467,84,2640,,48,,27:42.00,,769
82468,90,23423,,48,,27:42.00,,769
82469,96,1552,,48,,27:43.00,,769
82461,86,11488,Fr,48,,27:30.00,,769
82457,88,521,Jr,48,,27:27.00,,769
82458,88,11495,Fr,48,,27:27.00,,769
82470,88,11491,Fr,48,,27:45.00,,769
82471,88,21,Gr,48,,27:49.00,,769
67678,88,3092,Jr,48,,31:42.90,,565
67525,132,17931,,47,,28:35.50,,565
67526,164,595,,47,,28:48.90,,565
67527,130,18933,,47,,28:49.60,,565
67528,139,1484,,47,,28:50.70,,565
67529,164,614,,47,,28:51.40,,565
67530,79,18934,,47,,28:55.70,,565
67531,164,4116,,47,,29:00.20,,565
67532,164,18935,,47,,29:02.60,,565
67533,137,589,,47,,29:08.70,,565
67534,164,18936,,47,,29:10.50,,565
67535,167,5202,,47,,29:15.00,,565
67536,164,18937,,47,,29:28.10,,565
67537,164,18938,,47,,29:36.00,,565
67538,167,18939,,47,,29:47.10,,565
67539,142,18940,,47,,29:50.80,,565
67540,139,2703,,47,,29:56.90,,565
67542,132,18941,,47,,30:03.70,,565
67543,164,3116,,47,,30:05.60,,565
67544,132,2713,,47,,30:08.30,,565
67545,79,18942,,47,,30:12.70,,565
67546,130,18943,,47,,30:16.50,,565
67547,142,18944,,47,,30:22.30,,565
67548,164,626,,47,,30:26.10,,565
67549,142,18945,,47,,30:26.50,,565
67551,137,18946,,47,,30:40.30,,565
67552,167,655,,47,,30:43.50,,565
67553,139,5298,,47,,30:55.80,,565
67554,132,612,,47,,31:08.50,,565
67556,167,621,,47,,31:19.30,,565
67557,159,643,,47,,31:20.90,,565
67558,137,16166,,47,,31:32.10,,565
67559,164,5521,,47,,31:37.60,,565
67560,167,18948,,47,,31:58.50,,565
67561,159,18949,,47,,32:52.70,,565
67562,69,2527,,47,,32:58.40,,565
67563,164,18950,,47,,33:01.10,,565
67564,167,663,,47,,33:14.70,,565
67565,164,18951,,47,,33:25.20,,565
67566,139,7711,,47,,33:41.40,,565
67567,137,2405,,47,,33:56.80,,565
82472,96,2493,,48,,27:50.00,,769
67569,137,16169,,47,,34:04.40,,565
67570,164,4223,,47,,34:15.70,,565
67571,159,5766,,47,,34:22.10,,565
67572,159,650,,47,,34:36.10,,565
67573,69,2524,,47,,34:44.90,,565
67574,139,7712,,47,,34:49.90,,565
67575,69,3003,,47,,35:08.00,,565
67576,69,18953,,47,,35:26.30,,565
67577,167,18954,,47,,35:31.80,,565
67578,79,18955,,47,,35:35.00,,565
67579,137,18956,,47,,35:45.30,,565
67580,164,18957,,47,,36:14.40,,565
67581,132,18958,,47,,36:22.10,,565
67582,159,16172,,47,,36:29.60,,565
67583,167,632,,47,,37:00.00,,565
67584,130,18959,,47,,37:34.10,,565
67586,69,2535,,47,,38:22.60,,565
67587,130,16175,,47,,38:34.70,,565
67588,130,18960,,47,,39:43.60,,565
67589,139,17937,,47,,40:08.00,,565
67592,164,18962,,48,,26:55.30,,565
67593,167,2584,,48,,26:57.20,,565
67594,167,673,,48,,27:14.80,,565
67596,164,700,,48,,27:23.90,,565
67597,159,706,,48,,27:41.40,,565
67598,164,675,,48,,27:42.60,,565
67601,164,18963,,48,,28:05.90,,565
67603,79,2542,,48,,28:11.40,,565
67604,164,686,,48,,28:13.00,,565
67606,164,18964,,48,,28:17.20,,565
67607,164,683,,48,,28:19.00,,565
67609,132,18965,,48,,28:24.80,,565
67612,79,508,,48,,28:41.00,,565
67613,167,717,,48,,28:48.20,,565
67614,164,689,,48,,28:53.50,,565
67615,164,18966,,48,,28:55.00,,565
67590,164,2723,Gr,48,,26:18.40,,565
67617,159,16112,,48,,29:01.30,,565
67619,132,699,,48,,29:03.70,,565
67620,164,18967,,48,,29:05.20,,565
67623,164,747,,48,,29:13.00,,565
67624,79,515,,48,,29:16.30,,565
67626,132,5409,,48,,29:26.70,,565
67627,164,709,,48,,29:27.50,,565
67628,137,4699,,48,,29:33.40,,565
67629,167,695,,48,,29:36.90,,565
67555,130,2409,,47,,31:14.80,,565
67602,88,507,So,48,,28:08.60,,565
67631,88,504,So,48,,29:38.40,,565
67605,167,8108,Fr,48,,28:16.70,,565
67610,88,11485,Fr,48,,28:25.50,,565
67618,159,5708,,48,,29:02.80,,565
67599,139,7693,Fr,48,,27:53.90,,565
67611,79,7949,Jr,48,,28:37.10,,565
67622,167,467,So,48,,29:10.00,,565
67585,139,11476,Fr,47,,38:09.80,,565
67595,167,669,So,48,,27:20.90,,565
67608,159,694,So,48,,28:19.90,,565
67600,159,676,Jr,48,,27:58.50,,565
67632,159,674,,48,,29:41.80,,565
67634,164,4123,,48,,29:46.20,,565
67635,132,18968,,48,,29:48.80,,565
67636,159,705,,48,,29:50.10,,565
67637,159,4368,,48,,29:53.20,,565
67638,132,18969,,48,,29:55.80,,565
67639,164,18970,,48,,29:57.10,,565
67640,132,678,,48,,30:06.30,,565
67641,79,523,,48,,30:09.80,,565
67642,132,2728,,48,,30:09.90,,565
67643,167,696,,48,,30:14.80,,565
67644,139,1529,,48,,30:20.00,,565
67645,167,18971,,48,,30:20.90,,565
67646,164,18972,,48,,30:23.10,,565
67647,164,691,,48,,30:24.00,,565
67648,79,18973,,48,,30:24.30,,565
67650,164,721,,48,,30:34.80,,565
67653,132,692,,48,,30:44.80,,565
67654,167,711,,48,,30:48.90,,565
67655,167,672,,48,,30:51.60,,565
67656,79,18975,,48,,30:54.50,,565
67657,167,712,,48,,30:56.10,,565
67658,137,735,,48,,30:58.20,,565
67659,130,3142,,48,,30:58.70,,565
67660,159,2176,,48,,30:58.80,,565
67661,159,2173,,48,,31:02.60,,565
67662,159,16118,,48,,31:02.70,,565
67663,164,18976,,48,,31:02.70,,565
67664,167,704,,48,,31:09.00,,565
67665,69,7958,,48,,31:17.70,,565
67666,167,18977,,48,,31:17.90,,565
67668,137,18978,,48,,31:22.90,,565
67669,159,16119,,48,,31:24.60,,565
67670,164,18979,,48,,31:28.20,,565
67671,79,535,,48,,31:31.70,,565
67672,132,18980,,48,,31:37.70,,565
67673,142,737,,48,,31:38.40,,565
67674,79,2559,,48,,31:39.30,,565
67675,137,18981,,48,,31:39.90,,565
67680,132,725,,48,,31:46.00,,565
67681,167,18984,,48,,31:47.90,,565
67683,79,509,,48,,31:51.90,,565
67684,139,1584,,48,,31:53.90,,565
67685,164,772,,48,,31:54.90,,565
67686,164,18985,,48,,31:57.10,,565
67687,167,18986,,48,,31:58.80,,565
67688,159,18987,,48,,32:03.00,,565
67689,142,18988,,48,,32:03.70,,565
67690,164,18989,,48,,32:05.90,,565
67691,132,18990,,48,,32:08.70,,565
67692,159,2177,,48,,32:15.40,,565
67693,159,18991,,48,,32:22.20,,565
67694,164,18992,,48,,32:27.00,,565
67695,132,693,,48,,32:28.60,,565
67696,132,3137,,48,,32:30.80,,565
67697,164,18993,,48,,32:31.60,,565
67698,79,537,,48,,32:32.00,,565
67699,132,18994,,48,,32:36.80,,565
67701,69,2590,,48,,32:48.80,,565
67702,132,3153,,48,,32:48.80,,565
67703,164,731,,48,,32:55.40,,565
67705,130,2464,,48,,33:00.40,,565
67706,137,4700,,48,,33:03.30,,565
67707,167,742,,48,,33:09.90,,565
67708,132,18995,,48,,33:10.30,,565
67710,164,2730,,48,,33:15.50,,565
67711,132,2754,,48,,33:16.20,,565
67712,167,734,,48,,33:19.70,,565
67713,164,18996,,48,,33:19.80,,565
67714,167,760,,48,,33:24.50,,565
67715,79,7952,,48,,33:24.60,,565
82473,96,3437,,48,,27:51.00,,769
67717,164,18997,,48,,33:32.90,,565
67718,164,18998,,48,,33:46.90,,565
67720,159,19000,,48,,34:07.50,,565
67721,159,16133,,48,,34:12.50,,565
67722,159,4361,,48,,34:13.20,,565
67724,164,19001,,48,,34:22.00,,565
67725,167,19002,,48,,34:36.80,,565
67726,164,19003,,48,,34:36.90,,565
67727,159,752,,48,,34:37.10,,565
67729,132,19004,,48,,34:54.10,,565
67731,164,741,,48,,34:58.20,,565
67732,167,778,,48,,35:03.20,,565
67733,159,761,,48,,35:06.30,,565
67734,167,19005,,48,,35:11.90,,565
67735,167,19006,,48,,35:13.50,,565
67736,164,19007,,48,,35:14.10,,565
67737,167,19008,,48,,35:27.50,,565
67738,137,5408,,48,,35:27.90,,565
67739,167,19009,,48,,35:45.60,,565
67740,164,18710,,48,,35:49.60,,565
67741,139,19010,,48,,35:58.10,,565
67742,159,781,,48,,35:58.90,,565
67728,139,7697,Fr,48,,34:39.90,,565
67730,139,1589,Jr,48,,34:57.90,,565
67652,88,530,So,48,,30:42.10,,565
67633,167,680,Sr,48,,29:42.30,,565
67651,167,5220,Sr,48,,30:37.00,,565
67682,88,529,Jr,48,,31:48.80,,565
67709,167,743,Jr,48,,33:12.90,,565
67744,79,3613,,48,,36:03.90,,565
67746,164,4433,,48,,36:22.10,,565
67747,130,2450,,48,,36:27.40,,565
67748,167,19011,,48,,36:30.40,,565
67749,164,786,,48,,36:36.30,,565
67750,159,2750,,48,,36:36.60,,565
67751,167,2626,,48,,36:48.30,,565
67752,159,4369,,48,,37:15.00,,565
67753,79,544,,48,,37:36.30,,565
67754,79,4585,,48,,37:57.60,,565
67755,159,753,,48,,37:59.30,,565
67756,130,6845,,48,,38:32.70,,565
67757,142,767,,48,,39:04.40,,565
67758,167,19012,,48,,39:05.90,,565
67759,69,7961,,48,,39:05.90,,565
67760,69,4340,,48,,39:14.10,,565
67761,164,727,,48,,39:28.40,,565
67762,139,7703,,48,,39:36.50,,565
67763,167,19013,,48,,39:36.70,,565
67764,130,19014,,48,,39:46.10,,565
67765,139,19015,,48,,40:16.40,,565
67766,130,19016,,48,,40:56.90,,565
67768,164,19017,,48,,41:50.70,,565
67769,142,771,,48,,41:56.60,,565
67770,139,7700,,48,,41:59.50,,565
67771,130,2478,,48,,42:26.80,,565
67772,159,3175,,48,,42:30.10,,565
67773,142,19018,,48,,42:51.10,,565
67775,139,1615,,48,,44:31.00,,565
67776,69,2616,,48,,45:26.40,,565
67777,130,4689,,48,,50:48.10,,565
67778,69,7964,,48,,53:54.40,,565
67700,88,513,Sr,48,,32:39.00,,565
67704,88,11490,Fr,48,,32:56.50,,565
67716,88,11503,Fr,48,,33:30.00,,565
67743,88,11484,Fr,48,,36:03.80,,565
67745,88,548,Sr,48,,36:18.60,,565
67767,88,4589,Jr,48,,41:15.10,,565
82474,96,368,,48,,27:51.00,,769
82475,79,20429,,48,,27:55.00,,769
82476,84,23424,,48,,27:56.00,,769
82477,85,3442,,48,,27:58.00,,769
82478,99,23425,,48,,27:59.00,,769
82479,94,3444,,48,,28:05.00,,769
82480,75,5932,,48,,28:07.00,,769
82481,75,7730,,48,,28:08.00,,769
82482,77,2497,,48,,28:09.00,,769
82483,84,23426,,48,,28:10.00,,769
82485,96,370,,48,,28:16.00,,769
82487,79,2575,,48,,28:17.00,,769
82488,77,7729,,48,,28:25.00,,769
82489,79,18975,,48,,28:26.00,,769
82490,77,7727,,48,,28:28.00,,769
82491,79,7950,,48,,28:29.00,,769
82492,96,367,,48,,28:31.00,,769
82493,99,5900,,48,,28:32.00,,769
82494,99,23427,,48,,28:33.00,,769
82495,99,23428,,48,,28:35.00,,769
82496,96,371,,48,,28:35.00,,769
82497,94,532,,48,,28:42.00,,769
82498,90,23429,,48,,28:42.00,,769
82499,85,11289,,48,,28:43.00,,769
82500,63,5568,,48,,28:48.00,,769
82501,96,18747,,48,,28:49.00,,769
82502,79,23430,,48,,28:50.00,,769
82504,96,8001,,48,,28:51.00,,769
82505,63,23431,,48,,28:52.00,,769
82506,84,23432,,48,,28:53.00,,769
82507,75,4575,,48,,28:53.00,,769
82508,75,3447,,48,,28:56.00,,769
82516,63,528,,48,,29:05.00,,769
82510,85,23433,,48,,28:58.00,,769
82511,86,18745,,48,,28:59.00,,769
82514,85,7652,,48,,29:00.00,,769
82515,79,509,,48,,29:01.00,,769
82519,85,11291,,48,,29:14.00,,769
82520,96,18748,,48,,29:16.00,,769
82521,75,7726,,48,,29:19.00,,769
82522,84,3448,,48,,29:20.00,,769
82524,86,2586,,48,,29:28.00,,769
82525,84,2636,,48,,29:28.00,,769
82518,90,531,Jr,48,,29:11.00,,769
82517,90,2566,Jr,48,,29:07.00,,769
82484,88,11493,Fr,48,,28:15.00,,769
82526,100,11502,Jr,48,,29:28.00,,769
82503,86,3012,Jr,48,,28:51.00,,769
82527,85,2651,,48,,29:32.00,,769
82528,86,1573,,48,,29:35.00,,769
82529,75,18750,,48,,29:35.00,,769
82531,96,23435,,48,,29:42.00,,769
82532,79,2559,,48,,29:42.00,,769
82533,75,23436,,48,,29:44.00,,769
82534,85,11293,,48,,29:45.00,,769
82535,85,5464,,48,,29:49.00,,769
82536,77,7732,,48,,29:50.00,,769
82537,77,1543,,48,,29:52.00,,769
82538,79,20427,,48,,29:52.00,,769
82539,96,8002,,48,,29:53.00,,769
82540,90,23437,,48,,29:54.00,,769
82541,63,554,,48,,29:58.00,,769
82542,100,23438,,48,,29:58.00,,769
82543,79,23439,,48,,30:00.00,,769
82545,77,7731,,48,,30:06.00,,769
82546,96,8003,,48,,30:08.00,,769
82547,100,23440,,48,,30:09.00,,769
82548,84,23441,,48,,30:09.00,,769
82550,75,4573,,48,,30:11.00,,769
82551,85,3453,,48,,30:11.00,,769
82552,79,23442,,48,,30:13.00,,769
82553,85,2637,,48,,30:14.00,,769
82554,63,19388,,48,,30:15.00,,769
82556,94,11506,,48,,30:20.00,,769
82557,84,2645,,48,,30:20.00,,769
82558,85,5474,,48,,30:20.00,,769
82559,63,2598,,48,,30:21.00,,769
82560,79,23443,,48,,30:23.00,,769
82561,84,23444,,48,,30:26.00,,769
82562,66,23445,,48,,30:27.00,,769
82563,86,23446,,48,,30:28.00,,769
82564,212,5450,,48,,30:33.00,,769
82565,84,23447,,48,,30:42.00,,769
82568,85,2641,,48,,30:47.00,,769
82569,77,7734,,48,,30:52.00,,769
82570,77,1554,,48,,31:11.00,,769
82555,90,552,Jr,48,,30:15.00,,769
82544,100,11498,Sr,48,,30:02.00,,769
82549,75,2563,Jr,48,,30:10.00,,769
82566,90,11507,Fr,48,,30:43.00,,769
73799,61,2238,So,47,,21:52.00,,631
73800,61,2239,Sr,47,,23:21.40,,631
73801,61,19512,,47,,26:00.30,,631
73802,61,20763,,47,,26:18.60,,631
73803,61,1621,,47,,30:41.50,,631
73804,61,1656,,48,,26:42.00,,631
73805,61,2269,,48,,29:03.60,,631
73806,61,2784,,48,,29:49.80,,631
73807,61,1663,,48,,29:58.00,,631
73808,61,19553,,48,,30:09.30,,631
73809,61,4627,,48,,30:39.10,,631
73810,61,2786,,48,,30:57.70,,631
73811,61,2279,,48,,31:10.10,,631
73812,61,19559,,48,,34:17.80,,631
73813,169,20764,,47,,24:34.30,,632
73814,169,4237,,47,,31:39.10,,632
73815,169,20765,,48,,28:05.20,,632
73816,169,1198,So,48,,28:14.90,,632
73817,169,20766,,48,,29:40.50,,632
73818,169,2442,,48,,30:21.50,,632
73819,169,1295,,48,,30:40.90,,632
73820,169,20767,,48,,31:52.10,,632
73821,169,7642,,48,,32:11.40,,632
73822,169,4732,,48,,32:12.50,,632
73823,169,7643,,48,,33:26.20,,632
73824,169,4735,,48,,35:22.20,,632
73825,169,4733,,48,,38:17.70,,632
73826,169,7644,,48,,38:47.30,,632
73827,169,20768,,48,,48:07.10,,632
73828,172,1810,Sr,48,,26:01.00,,633
73829,172,1814,,48,,26:11.50,,633
73830,172,1817,Jr,48,,27:15.70,,633
73831,173,1821,So,48,,28:07.70,,633
73832,172,1852,Jr,48,,29:19.00,,633
73833,172,1906,Sr,48,,29:19.80,,633
73834,172,1837,,48,,29:44.90,,633
73835,172,1901,,48,,32:34.00,,633
73836,172,1845,,48,,33:38.30,,633
73837,172,1727,,47,,23:46.90,,633
73838,172,6431,,47,,24:20.60,,633
73839,172,1740,,47,,24:53.70,,633
73840,172,4959,,47,,25:07.50,,633
73841,172,18824,,47,,25:21.80,,633
73842,172,3028,,47,,25:36.30,,633
73843,172,1750,,47,,26:33.10,,633
82585,86,11501,Fr,48,,32:16.00,,769
82588,86,1609,So,48,,32:52.00,,769
82572,88,11503,Fr,48,,31:14.00,,769
82597,88,551,Jr,48,,33:44.00,,769
82608,88,4589,Jr,48,,36:46.00,,769
82593,86,11512,Fr,48,,33:21.00,,769
82591,90,5215,Jr,48,,33:15.00,,769
82607,86,1612,So,48,,36:14.00,,769
82571,63,527,,48,,31:13.00,,769
82573,77,7736,,48,,31:24.00,,769
82574,85,2643,,48,,31:30.00,,769
82575,77,7733,,48,,31:34.00,,769
82576,75,23448,,48,,31:39.00,,769
82577,77,5360,,48,,31:39.00,,769
82578,84,5456,,48,,31:40.00,,769
82579,79,3613,,48,,31:40.00,,769
82580,85,2652,,48,,31:42.00,,769
82581,86,1597,,48,,31:43.00,,769
82582,84,2654,,48,,31:55.00,,769
82583,212,23449,,48,,32:02.00,,769
82584,94,5358,,48,,32:05.00,,769
82586,96,18751,,48,,32:42.00,,769
82587,85,23450,,48,,32:44.00,,769
82589,85,23451,,48,,32:58.00,,769
82590,63,4563,,48,,33:00.00,,769
82592,75,2588,,48,,33:17.00,,769
82594,86,19397,,48,,33:24.00,,769
82595,85,5449,,48,,33:25.00,,769
82596,94,11508,,48,,33:36.00,,769
82598,75,7737,,48,,34:14.00,,769
82599,100,23452,,48,,34:24.00,,769
82600,77,7741,,48,,34:31.00,,769
82601,84,3486,,48,,34:38.00,,769
82602,79,4585,,48,,34:38.00,,769
82603,96,375,,48,,35:17.00,,769
82604,84,23453,,48,,35:31.00,,769
82605,85,11294,,48,,35:53.00,,769
82606,75,2600,,48,,36:11.00,,769
82609,63,2614,,48,,37:02.00,,769
82610,85,2657,,48,,37:22.00,,769
82611,85,2653,,48,,37:23.00,,769
82612,75,23454,,48,,37:39.00,,769
82613,94,11528,,48,,37:41.00,,769
82614,77,7740,,48,,37:45.00,,769
82615,77,7744,,48,,38:24.00,,769
82616,94,23455,,48,,38:27.00,,769
82617,75,3457,,48,,38:30.00,,769
82618,85,6227,,48,,38:50.00,,769
82619,94,3094,,48,,39:29.00,,769
82620,66,23456,,48,,39:52.00,,769
82629,124,23462,,47,,22:27.10,,770
82630,116,282,,47,,22:27.90,,770
82631,1,23463,,47,,22:31.60,,770
82634,1,18726,,47,,22:57.00,,770
82635,108,20394,,47,,23:26.40,,770
82636,117,231,,47,,23:29.10,,770
82637,112,11336,,47,,23:35.40,,770
82638,116,7989,,47,,24:02.40,,770
82640,116,7988,,47,,24:06.70,,770
82641,1,64,,47,,24:11.60,,770
82642,124,1930,,47,,24:21.80,,770
82643,122,18911,,47,,24:24.40,,770
82644,124,1928,,47,,24:27.10,,770
82645,1,66,,47,,24:35.30,,770
82646,124,1946,,47,,24:39.60,,770
82647,117,234,,47,,24:44.00,,770
82648,124,1937,,47,,24:50.60,,770
82649,124,19447,,47,,24:53.00,,770
82650,111,289,,47,,24:54.30,,770
82651,124,1967,,47,,24:54.70,,770
82652,117,19450,,47,,24:59.40,,770
82653,124,21217,,47,,25:01.20,,770
82654,111,287,,47,,25:06.90,,770
82655,120,18794,,47,,25:09.10,,770
82656,116,286,,47,,25:20.30,,770
82657,122,18912,,47,,25:24.10,,770
82658,118,21215,,47,,25:25.50,,770
82659,124,19446,,47,,25:25.50,,770
82660,1,245,,47,,25:32.90,,770
82661,112,19449,,47,,25:39.80,,770
82662,124,1953,,47,,25:41.40,,770
82663,116,448,,47,,25:43.00,,770
82664,112,409,,47,,25:43.20,,770
82665,108,3980,,47,,25:45.00,,770
82666,112,406,,47,,25:47.90,,770
82667,107,1935,,47,,25:53.30,,770
82668,112,408,,47,,25:55.00,,770
82669,124,1947,,47,,25:59.60,,770
82670,116,294,,47,,26:02.60,,770
82671,112,11340,,47,,26:04.00,,770
82672,116,7993,,47,,26:04.70,,770
82673,124,1957,,47,,26:12.30,,770
82674,116,297,,47,,26:17.50,,770
82675,117,237,,47,,26:22.80,,770
82676,112,11343,,47,,26:31.00,,770
82677,112,11341,,47,,26:31.60,,770
82678,124,1954,,47,,26:32.80,,770
82679,111,3314,,47,,26:33.80,,770
82680,111,302,,47,,26:35.30,,770
82681,117,4092,,47,,26:41.20,,770
82682,117,8113,,47,,26:45.10,,770
82683,111,4766,,47,,26:45.70,,770
82684,117,8125,,47,,26:49.10,,770
82685,118,3869,,47,,26:58.90,,770
82686,122,23464,,47,,26:59.40,,770
82687,117,8118,,47,,27:00.70,,770
82688,112,19454,,47,,27:10.50,,770
82689,112,19469,,47,,27:17.90,,770
82690,120,293,,47,,27:20.10,,770
82691,120,5524,,47,,27:23.30,,770
82692,112,11342,,47,,27:25.40,,770
82693,124,23465,,47,,27:25.60,,770
82694,124,11344,,47,,27:28.00,,770
82695,117,23466,,47,,27:30.60,,770
82696,112,19459,,47,,27:33.60,,770
82697,117,8117,,47,,27:34.50,,770
82698,116,7991,,47,,27:38.20,,770
82699,124,11345,,47,,27:38.80,,770
82700,117,19462,,47,,27:40.70,,770
82701,108,8128,,47,,27:51.90,,770
82702,117,8124,,47,,27:52.40,,770
82703,112,19465,,47,,27:58.80,,770
82704,122,18914,,47,,28:06.80,,770
82705,111,18795,,47,,28:08.80,,770
82707,124,1960,,47,,28:09.20,,770
82708,117,8119,,47,,28:11.50,,770
82709,112,3864,,47,,28:13.30,,770
82710,104,2832,,47,,28:18.60,,770
82711,108,2229,,47,,28:24.40,,770
82712,108,2233,,47,,28:24.40,,770
82713,104,19463,,47,,28:28.20,,770
82714,112,21224,,47,,28:30.50,,770
82715,108,78,,47,,28:54.00,,770
82716,122,18189,,47,,28:54.30,,770
82717,122,18913,,47,,29:08.70,,770
82718,112,11346,,47,,29:11.30,,770
82719,118,11348,,47,,29:17.60,,770
82720,118,19468,,47,,29:23.40,,770
82721,111,8028,,47,,29:30.80,,770
82722,111,23467,,47,,29:31.20,,770
82723,111,8032,,47,,30:11.70,,770
82724,111,304,,47,,30:22.90,,770
82725,111,309,,47,,30:34.90,,770
82726,112,11347,,47,,30:45.60,,770
82727,108,8134,,47,,30:59.50,,770
82728,112,3755,,47,,31:02.90,,770
82729,124,23468,,47,,31:18.10,,770
82730,124,1961,,47,,31:26.40,,770
82706,124,1929,Jr,47,,28:09.10,,770
82632,124,3862,So,47,,22:37.60,,770
82731,104,1983,,47,,31:39.70,,770
82732,101,268,,47,,32:23.70,,770
82733,101,8034,,47,,32:23.80,,770
82734,101,18741,,47,,32:36.60,,770
82735,122,23469,,47,,34:11.50,,770
82736,104,1987,,47,,34:34.00,,770
82737,111,305,,47,,38:53.20,,770
82738,124,2007,,48,,25:44.70,,770
82739,117,115,,48,,25:50.80,,770
82740,124,1991,,48,,25:51.90,,770
82749,124,2871,,48,,26:33.80,,770
82742,116,7975,,48,,26:18.00,,770
82743,116,310,,48,,26:19.60,,770
82745,117,120,,48,,26:20.70,,770
82746,124,19403,,48,,26:22.20,,770
82747,122,1715,,48,,26:22.60,,770
82748,116,4535,,48,,26:29.20,,770
82750,116,454,,48,,26:34.00,,770
82751,1,7,,48,,26:34.30,,770
82753,122,1712,,48,,26:38.30,,770
82754,101,8004,,48,,26:44.90,,770
82756,117,8037,,48,,26:53.70,,770
82757,124,2853,,48,,26:55.70,,770
82758,112,435,,48,,27:05.30,,770
82759,116,7976,,48,,27:08.50,,770
82760,117,135,,48,,27:10.40,,770
82761,1,19404,,48,,27:11.00,,770
82762,112,11315,,48,,27:12.60,,770
82763,116,4910,,48,,27:14.30,,770
82764,117,119,,48,,27:21.80,,770
82765,112,23471,,48,,27:25.10,,770
82766,117,8038,,48,,27:34.20,,770
82767,122,18915,,48,,27:35.40,,770
82768,108,10,,48,,27:36.20,,770
82769,117,23472,,48,,27:37.80,,770
82770,124,11302,,48,,27:40.90,,770
82771,1,19,,48,,27:42.00,,770
82772,112,415,,48,,27:43.50,,770
82773,107,19407,,48,,27:43.90,,770
82774,1,18728,,48,,27:46.20,,770
82775,117,8046,,48,,27:48.90,,770
82776,104,2020,,48,,27:54.10,,770
82777,122,2796,,48,,27:55.50,,770
82780,124,11304,,48,,28:03.50,,770
82781,108,16,,48,,28:07.10,,770
82782,117,146,,48,,28:09.20,,770
82783,116,2059,,48,,28:19.60,,770
82784,1,18736,,48,,28:21.60,,770
82785,120,7690,,48,,28:21.70,,770
82786,120,327,,48,,28:23.00,,770
82788,124,2861,,48,,28:29.30,,770
82789,124,5500,,48,,28:35.10,,770
82790,117,8081,,48,,28:35.20,,770
82791,112,419,,48,,28:38.00,,770
82792,117,166,,48,,28:38.70,,770
82793,118,3884,,48,,28:43.20,,770
82794,124,2045,,48,,28:44.40,,770
82795,117,188,,48,,28:45.60,,770
82796,120,7691,,48,,28:45.90,,770
82797,111,311,,48,,28:46.90,,770
82799,124,21233,,48,,28:48.10,,770
82800,107,23473,,48,,28:49.30,,770
82801,124,11310,,48,,28:53.30,,770
82802,124,2859,,48,,28:57.20,,770
82803,117,8058,,48,,28:57.50,,770
82804,101,8014,,48,,29:01.30,,770
82805,111,8011,,48,,29:02.90,,770
82806,122,1716,,48,,29:04.20,,770
82807,124,23474,,48,,29:05.20,,770
82808,117,153,,48,,29:13.80,,770
82809,108,23475,,48,,29:15.00,,770
82810,1,18730,,48,,29:15.70,,770
82811,124,21237,,48,,29:19.10,,770
82813,117,142,,48,,29:26.80,,770
82814,124,11306,,48,,29:27.60,,770
82815,117,8060,,48,,29:29.10,,770
82816,124,23476,,48,,29:38.40,,770
82817,111,4154,,48,,29:38.50,,770
82818,124,19417,,48,,29:40.10,,770
82819,112,433,,48,,29:41.90,,770
82820,118,19422,,48,,29:45.00,,770
82821,117,164,,48,,29:46.80,,770
82822,112,5645,,48,,29:48.20,,770
82823,111,8005,,48,,29:48.50,,770
82824,117,160,,48,,29:51.90,,770
82825,117,8064,,48,,29:53.60,,770
82826,117,156,,48,,30:02.90,,770
82827,122,1719,,48,,30:02.90,,770
82828,111,8009,,48,,30:07.00,,770
82829,117,8061,,48,,30:07.30,,770
82830,124,2022,,48,,30:08.80,,770
82831,1,23477,,48,,30:10.90,,770
82798,1,4603,,48,,28:47.20,,770
82755,124,2001,So,48,,26:45.40,,770
82744,124,1995,Jr,48,,26:20.30,,770
82832,117,38,,48,,30:12.70,,770
82876,117,217,,48,,33:40.20,,770
82877,111,18791,,48,,33:50.00,,770
82878,104,19436,,48,,34:16.50,,770
82879,1,1,,48,,34:26.40,,770
82880,117,23481,,48,,34:35.70,,770
82881,111,23482,,48,,34:43.10,,770
82882,111,3350,,48,,34:51.90,,770
82883,108,23483,,48,,34:57.60,,770
82884,101,8022,,48,,35:07.30,,770
82885,122,20482,,48,,35:32.20,,770
82886,112,11322,,48,,35:55.60,,770
82887,117,23484,,48,,36:48.50,,770
82888,124,2883,,48,,37:01.70,,770
82889,108,58,,48,,37:04.90,,770
82890,107,19437,,48,,37:20.30,,770
82891,112,19439,,48,,37:34.90,,770
82892,104,2051,,48,,37:49.30,,770
82893,101,228,,48,,39:36.80,,770
82894,112,2877,,48,,39:54.70,,770
82895,101,221,,48,,40:34.50,,770
82896,122,23485,,48,,40:37.70,,770
82897,107,19442,,48,,43:31.60,,770
82898,107,19440,,48,,53:21.10,,770
82899,101,8023,,48,,56:07.50,,770
82900,124,2054,,48,,1:01:33.00,,770
80222,203,1809,,48,,27:09.70,,682
80226,203,18869,,48,,28:28.53,,682
80228,203,1827,,48,,28:56.93,,682
80230,203,3056,,48,,29:07.64,,682
80232,209,3051,,48,,29:18.26,,682
80234,203,1844,,48,,30:12.54,,682
80235,175,22567,,48,,30:16.70,,682
80238,203,3057,,48,,30:50.46,,682
80240,175,5374,,48,,31:05.97,,682
80241,209,22569,,48,,31:26.40,,682
80243,203,3064,,48,,31:59.60,,682
80245,203,3076,,48,,32:18.72,,682
80247,203,1883,,48,,32:26.77,,682
80249,196,2359,,48,,32:35.74,,682
80250,203,22570,,48,,32:38.90,,682
80251,187,22571,,48,,32:42.28,,682
80252,203,22572,,48,,32:52.40,,682
80254,203,19637,,48,,33:08.90,,682
80256,203,1858,,48,,33:20.25,,682
80258,203,18874,,48,,33:40.59,,682
80260,196,954,,48,,33:41.93,,682
80262,203,1894,,48,,33:57.56,,682
80264,205,19649,,48,,34:12.71,,682
80266,203,1900,,48,,34:29.89,,682
80267,187,22573,,48,,34:33.45,,682
80269,205,18115,,48,,34:55.49,,682
80272,203,1908,,48,,35:39.71,,682
80275,196,895,,48,,38:26.60,,682
80277,203,1881,,48,,38:56.77,,682
80278,187,22576,,48,,39:05.60,,682
80280,191,2159,,48,,41:02.10,,682
80282,205,3227,,48,,42:03.41,,682
80284,222,19661,,48,,50:25.18,,682
80285,203,1732,,47,,26:31.99,,682
80287,196,819,,47,,27:14.30,,682
80289,203,19602,,47,,27:42.84,,682
80291,191,2079,,47,,27:58.77,,682
80293,203,18826,,47,,28:52.25,,682
80295,203,18831,,47,,29:10.27,,682
80297,203,1751,,47,,29:32.70,,682
80298,209,22577,,47,,29:41.58,,682
80299,209,22578,,47,,30:04.50,,682
80301,191,3193,,47,,30:20.18,,682
80303,203,1741,,47,,30:33.62,,682
80305,203,18836,,47,,30:54.51,,682
80308,203,5065,,47,,31:10.79,,682
80310,203,1769,,47,,31:15.52,,682
80312,203,2085,,47,,31:39.82,,682
80315,203,1765,,47,,31:45.92,,682
80316,209,22581,,47,,31:45.92,,682
80318,203,1781,,47,,31:54.93,,682
80320,203,1783,,47,,32:49.20,,682
80223,203,2113,,48,,27:39.70,,682
80224,209,22565,,48,,27:39.86,,682
80225,209,22566,,48,,28:18.35,,682
80227,203,1835,,48,,28:52.99,,682
80229,75,2069,,48,,28:58.36,,682
80231,175,5007,,48,,29:15.17,,682
80233,175,5005,,48,,29:59.17,,682
80236,203,2119,,48,,30:26.87,,682
80237,191,22568,,48,,30:45.37,,682
80239,187,7635,,48,,30:55.10,,682
80242,203,19626,,48,,31:35.56,,682
80244,203,18877,,48,,32:13.20,,682
80246,203,1855,,48,,32:22.76,,682
80248,191,3216,,48,,32:29.30,,682
80253,203,2124,,48,,32:58.87,,682
80255,196,2373,,48,,33:16.49,,682
80257,203,19639,,48,,33:27.40,,682
80259,205,19641,,48,,33:40.90,,682
80261,203,18871,,48,,33:44.23,,682
80263,203,2141,,48,,34:04.18,,682
80265,203,19642,,48,,34:13.86,,682
80268,203,18895,,48,,34:44.38,,682
80270,191,18897,,48,,35:13.40,,682
80271,209,22574,,48,,35:27.90,,682
80273,175,5006,,48,,36:22.42,,682
80274,222,22575,,48,,36:47.50,,682
80276,196,946,,48,,38:39.88,,682
80279,191,5736,,48,,39:15.83,,682
80281,205,3559,,48,,41:34.41,,682
80283,196,3084,,48,,43:57.37,,682
80286,203,4971,,47,,26:43.90,,682
80288,196,834,,47,,27:42.34,,682
80290,203,3035,,47,,27:57.96,,682
80292,203,1763,,47,,28:22.86,,682
80294,203,18851,,47,,29:08.42,,682
80296,209,3039,,47,,29:19.18,,682
80300,203,18835,,47,,30:19.90,,682
80302,222,19606,,47,,30:25.99,,682
80304,203,2096,,47,,30:54.51,,682
80306,203,1796,,47,,30:57.75,,682
80307,209,22579,,47,,31:05.64,,682
80309,203,18839,,47,,31:11.77,,682
80311,203,18850,,47,,31:23.25,,682
80313,203,18842,,47,,31:41.73,,682
80314,203,22580,,47,,31:44.84,,682
80317,209,3046,,47,,31:53.66,,682
80319,191,18852,,47,,32:39.84,,682
80321,203,18844,,47,,33:25.80,,682
80322,191,22582,,47,,36:22.22,,682
80323,187,22583,,47,,38:13.29,,682
80324,209,22584,,47,,38:27.76,,682
80325,187,22585,,47,,38:38.31,,682
108335,162,27986,,48,,30:19.30,,1295
108337,162,11358,,48,,30:33.00,,1295
108339,162,27501,,48,,31:24.60,,1295
108342,162,1324,,48,,35:44.80,,1295
108344,162,19498,,48,,48:19.30,,1295
108346,147,1676,,47,,23:49.70,,1295
108348,147,27177,,48,,27:21.60,,1295
108350,147,27176,,48,,28:20.80,,1295
108351,147,27988,,48,,29:22.70,,1295
108353,147,27475,,48,,33:30.10,,1295
108352,147,19488,,48,,30:08.90,,1295
112054,4,20492,,48,,26:45.90,,1339
112056,4,20489,,48,,26:53.70,,1339
112058,4,26543,,48,,27:05.10,,1339
112062,4,20488,,48,,27:22.80,,1339
112063,4,28685,,48,,27:42.30,,1339
112065,4,102,,48,,28:02.70,,1339
112066,4,28686,,48,,28:05.00,,1339
112068,4,2971,,48,,28:39.90,,1339
112070,4,22531,,48,,30:04.70,,1339
112075,15,5137,,48,,24:58.10,,1339
112076,15,28690,,48,,25:30.00,,1339
112078,15,3268,,48,,26:52.70,,1339
112079,15,28691,,48,,27:26.30,,1339
112081,15,22524,,48,,28:28.90,,1339
112082,15,28692,,48,,28:34.30,,1339
112084,15,22525,,48,,29:31.30,,1339
112087,15,3298,,48,,34:24.70,,1339
112088,15,28694,,48,,36:27.30,,1339
112089,11,28695,,48,,26:08.90,,1339
112094,11,2950,,48,,28:20.80,,1339
112095,11,28699,,48,,30:56.60,,1339
112097,11,22519,,48,,31:27.90,,1339
112101,4,2928,,47,,22:32.90,,1339
112107,4,23526,,47,,27:02.80,,1339
69645,59,11377,,47,,32:21.80,,583
69646,59,2064,,47,,33:59.70,,583
69647,59,19361,,47,,35:00.30,,583
69648,59,1674,,47,,37:03.00,,583
69649,59,3889,,47,,38:06.40,,583
69650,61,1657,So,48,,28:18.60,,583
72793,167,680,Sr,48,,26:35.40,,622
69642,59,19506,Fr,47,,26:35.00,,583
69641,59,19360,,47,,26:06.00,,583
69643,59,2061,,47,,28:13.80,,583
69644,59,2062,,47,,30:48.00,,583
69651,59,1625,,48,,28:22.90,,583
69653,59,2066,,48,,30:45.90,,583
69655,59,1632,,48,,31:03.10,,583
69658,59,3914,,48,,31:42.10,,583
69659,59,19363,,48,,32:08.00,,583
69661,59,1641,,48,,32:20.60,,583
69663,59,11371,,48,,34:29.20,,583
69665,59,1647,,48,,36:34.00,,583
69667,59,1646,,48,,39:16.60,,583
108263,146,1686,,47,,23:23.30,,1295
108264,146,1052,,47,,25:44.90,,1295
69652,59,1631,,48,,30:29.60,,583
69654,59,2783,,48,,30:55.40,,583
69656,59,1639,,48,,31:27.90,,583
69657,59,19362,,48,,31:39.70,,583
69660,59,11370,,48,,32:11.60,,583
69662,59,1638,,48,,33:27.30,,583
69664,59,11372,,48,,34:46.80,,583
69666,59,2788,,48,,37:38.90,,583
69668,59,1650,,48,,40:19.40,,583
108265,146,1075,,47,,26:23.90,,1295
108266,146,1060,,47,,27:07.40,,1295
108267,146,11448,,47,,27:24.20,,1295
108268,146,11432,,47,,27:29.80,,1295
108269,146,1097,,47,,27:36.90,,1295
108270,146,11437,,47,,27:42.80,,1295
108271,146,24603,,47,,28:26.90,,1295
108272,146,1057,,47,,28:41.90,,1295
108273,146,27972,,47,,28:58.00,,1295
108274,146,27973,,47,,28:59.40,,1295
108275,146,27974,,47,,29:11.70,,1295
108276,146,1021,,47,,23:21.20,,1295
108277,146,27975,,47,,23:25.10,,1295
108278,146,1033,,47,,24:00.90,,1295
108279,146,2678,,47,,24:33.30,,1295
108280,146,1016,,47,,24:40.40,,1295
108281,146,11428,,47,,24:44.70,,1295
108282,146,1004,,47,,25:26.60,,1295
108283,146,1050,,47,,25:44.30,,1295
108285,146,11381,,48,,26:35.20,,1295
108286,146,11380,,48,,26:44.40,,1295
108287,146,1216,,48,,26:47.80,,1295
108288,146,1195,,48,,27:06.00,,1295
108289,146,27976,,48,,27:16.20,,1295
108290,146,11386,,48,,27:28.80,,1295
108291,146,27492,,48,,29:54.10,,1295
108292,146,20451,,48,,26:59.40,,1295
108293,146,1273,,48,,27:59.70,,1295
108294,146,11402,,48,,28:16.90,,1295
108295,146,1208,,48,,28:26.20,,1295
108296,146,1703,,48,,28:35.40,,1295
108297,146,27977,,48,,28:53.50,,1295
108298,146,27978,,48,,29:00.50,,1295
108299,146,1254,,48,,29:17.00,,1295
108300,146,11390,,48,,29:20.60,,1295
108301,146,27979,,48,,29:24.70,,1295
108302,146,19479,,48,,29:53.20,,1295
108303,146,27980,,48,,30:06.00,,1295
108304,146,19482,,48,,30:45.00,,1295
108305,146,4394,,48,,30:58.40,,1295
108306,146,1278,,48,,31:15.20,,1295
108307,146,19481,,48,,31:33.20,,1295
108308,146,27981,,48,,31:37.40,,1295
108309,146,27982,,48,,31:50.30,,1295
108310,146,11419,,48,,32:30.30,,1295
108311,146,1299,,48,,32:31.30,,1295
108312,146,1395,,48,,32:42.30,,1295
108313,146,1306,,48,,32:44.30,,1295
108314,146,1382,,48,,33:31.30,,1295
108315,146,26490,,48,,33:51.60,,1295
108316,146,27983,,48,,34:07.80,,1295
108317,146,27508,,48,,35:11.70,,1295
108318,146,1341,,48,,37:38.40,,1295
108319,162,1008,,47,,23:47.30,,1295
108320,162,1049,,47,,23:57.90,,1295
108321,162,27520,,47,,24:24.10,,1295
108322,162,27528,,47,,27:05.30,,1295
108323,162,27535,,47,,28:53.10,,1295
108324,162,1117,,47,,30:12.30,,1295
108325,162,11365,,47,,31:55.30,,1295
108326,162,27485,,48,,26:52.10,,1295
108327,162,27486,,48,,27:18.10,,1295
108328,162,3169,,48,,27:37.50,,1295
108329,162,1704,,48,,28:08.50,,1295
108330,162,27491,,48,,28:37.70,,1295
108331,162,1289,,48,,28:38.10,,1295
108332,162,27495,,48,,28:48.10,,1295
108333,162,27984,,48,,29:07.40,,1295
108334,162,27985,,48,,29:32.50,,1295
108336,162,1266,,48,,30:22.20,,1295
108338,162,27499,,48,,30:57.40,,1295
108340,162,19496,,48,,31:29.30,,1295
108341,162,27987,,48,,32:08.70,,1295
108343,162,27511,,48,,36:01.00,,1295
108345,147,3097,,47,,22:49.50,,1295
108347,147,3102,,47,,24:45.70,,1295
108349,147,19486,,48,,27:50.10,,1295
112049,4,90,,48,,25:05.60,,1339
112050,4,2946,,48,,25:13.40,,1339
112051,4,2945,,48,,25:20.10,,1339
112052,4,7717,,48,,25:44.40,,1339
112053,4,18780,,48,,26:23.00,,1339
112055,4,2965,,48,,26:46.90,,1339
112057,4,7719,,48,,27:02.70,,1339
112059,4,7720,,48,,27:10.40,,1339
112060,4,28683,,48,,27:15.00,,1339
112061,4,28684,,48,,27:22.40,,1339
112064,4,22530,,48,,27:50.70,,1339
112067,4,106,,48,,28:29.70,,1339
112069,4,18781,,48,,28:41.90,,1339
112071,4,25881,,48,,30:20.40,,1339
112072,4,28687,,48,,32:00.20,,1339
112073,4,28688,,48,,32:46.80,,1339
112074,4,28689,,48,,35:34.20,,1339
112077,15,26005,,48,,25:49.50,,1339
112080,15,26006,,48,,27:56.20,,1339
112083,15,3279,,48,,28:55.00,,1339
112085,15,3276,,48,,29:37.60,,1339
112086,15,28693,,48,,31:18.00,,1339
112090,11,2966,,48,,26:23.70,,1339
112091,11,28696,,48,,26:31.10,,1339
112092,11,28697,,48,,27:10.80,,1339
112093,11,28698,,48,,27:30.20,,1339
112096,11,2967,,48,,31:07.70,,1339
112098,11,2987,,48,,32:11.20,,1339
112099,11,28700,,48,,33:33.10,,1339
112100,11,28701,,48,,35:32.00,,1339
112102,4,27946,,47,,23:11.00,,1339
112103,4,28702,,47,,25:58.70,,1339
112104,4,28703,,47,,25:59.00,,1339
112105,4,28704,,47,,26:11.80,,1339
112106,4,28705,,47,,26:28.30,,1339
112108,4,28706,,47,,27:13.70,,1339
112109,4,23530,,47,,27:59.20,,1339
112110,4,27948,,47,,28:15.30,,1339
112111,4,22543,,47,,28:16.60,,1339
112112,4,27947,,47,,28:19.00,,1339
112113,4,2940,,47,,28:28.60,,1339
112114,4,28707,,47,,29:56.70,,1339
112115,4,2942,,47,,38:45.40,,1339
112116,15,22552,,47,,23:26.20,,1339
112117,15,28708,,47,,23:30.80,,1339
112118,15,3238,,47,,23:43.60,,1339
112119,15,3237,,47,,24:12.60,,1339
112120,15,3240,,47,,24:16.70,,1339
112121,15,28709,,47,,25:31.90,,1339
112122,15,22556,,47,,26:16.80,,1339
112123,15,22557,,47,,27:38.10,,1339
112124,15,28710,,47,,28:11.50,,1339
112125,11,28711,,47,,21:56.90,,1339
112126,11,2924,,47,,22:50.10,,1339
72963,132,20450,,48,,26:51.96,,623
72964,146,20451,,48,,26:58.35,,623
72965,146,11380,,48,,27:10.47,,623
72966,146,2688,,48,,27:19.33,,623
72967,146,11381,,48,,27:24.45,,623
72969,139,1529,,48,,27:44.10,,623
72970,139,7694,,48,,27:46.28,,623
72971,132,18965,,48,,27:55.96,,623
72972,132,699,,48,,28:04.22,,623
72973,132,5409,,48,,28:09.55,,623
72974,132,18968,,48,,28:12.23,,623
72975,132,2728,,48,,28:15.00,,623
72976,132,693,,48,,28:28.94,,623
72977,132,18990,,48,,28:32.45,,623
72978,146,1703,,48,,28:35.32,,623
72979,132,3137,,48,,28:39.90,,623
72981,132,18969,,48,,28:50.26,,623
72982,139,2726,,48,,28:55.89,,623
72983,132,678,,48,,29:00.91,,623
72985,146,11390,,48,,29:23.75,,623
72986,139,1584,,48,,29:34.32,,623
72988,146,1278,,48,,29:47.71,,623
72989,146,11396,,48,,30:11.60,,623
72990,132,18994,,48,,30:13.73,,623
72991,139,7699,,48,,30:15.70,,623
72992,132,3153,,48,,30:16.22,,623
72993,146,1306,,48,,30:16.40,,623
72995,139,20452,,48,,30:54.84,,623
72997,139,2731,,48,,30:58.92,,623
72998,146,11400,,48,,31:19.47,,623
72999,146,1341,,48,,31:54.92,,623
73000,132,758,,48,,32:05.82,,623
73003,146,19482,,48,,33:33.53,,623
73004,146,1395,,48,,34:05.10,,623
73005,146,11419,,48,,34:20.84,,623
73006,139,19015,,48,,34:29.53,,623
73007,146,1697,,48,,34:32.56,,623
73008,146,1309,,48,,35:36.47,,623
73009,139,20453,,48,,36:25.14,,623
73011,139,7701,,48,,36:25.52,,623
73012,139,7703,,48,,36:58.29,,623
73013,139,2758,,48,,37:12.10,,623
73015,139,5309,,48,,39:39.93,,623
73016,139,1615,,48,,39:45.52,,623
73017,139,4347,,48,,40:09.28,,623
73018,139,7702,,48,,40:19.24,,623
73019,139,20454,,48,,41:49.84,,623
73020,139,18712,,48,,45:31.37,,623
73021,132,2699,,47,,25:10.60,,623
73022,139,7705,,47,,25:17.73,,623
73023,146,11424,,47,,25:25.50,,623
73024,139,1484,,47,,25:59.98,,623
73025,146,1687,,47,,26:02.60,,623
73026,146,1016,,47,,26:03.17,,623
73027,146,11428,,47,,26:08.45,,623
73028,146,1046,,47,,26:11.55,,623
73029,139,7706,,47,,26:14.00,,623
73031,132,587,,47,,26:31.22,,623
73032,139,1483,,47,,26:34.34,,623
73033,146,1060,,47,,26:37.79,,623
73034,132,635,,47,,26:39.25,,623
73036,146,1071,,47,,26:46.35,,623
73037,146,11430,,47,,26:56.23,,623
73038,139,2703,,47,,27:01.22,,623
73039,132,2713,,47,,27:03.40,,623
73040,132,18941,,47,,27:17.54,,623
73041,132,17931,,47,,27:27.05,,623
73042,146,2678,,47,,27:36.49,,623
73043,146,1004,,47,,27:36.82,,623
73044,146,11432,,47,,27:48.20,,623
73045,139,5298,,47,,27:54.78,,623
73046,132,2705,,47,,28:12.99,,623
73047,139,20455,,47,,28:13.11,,623
73048,146,1075,,47,,28:15.92,,623
73049,146,11440,,47,,28:23.78,,623
73050,132,612,,47,,28:55.73,,623
73051,146,1091,,47,,29:11.30,,623
73052,139,1498,,47,,29:38.71,,623
73053,139,20456,,47,,29:44.08,,623
73054,139,6425,,47,,29:46.96,,623
73055,146,1097,,47,,29:49.82,,623
73056,139,7711,,47,,29:57.17,,623
73057,132,18958,,47,,30:01.81,,623
73058,139,7712,,47,,30:17.77,,623
73059,146,11448,,47,,30:34.70,,623
73060,146,1052,,47,,30:34.76,,623
73061,146,11445,,47,,31:37.51,,623
73062,146,20457,,47,,31:38.49,,623
73063,139,7704,,47,,31:54.70,,623
72994,146,1273,,48,,30:26.79,,623
72962,139,7693,Fr,48,,26:49.57,,623
73030,139,1497,So,47,,26:28.76,,623
73035,139,1458,So,47,,26:40.16,,623
73064,139,7713,Fr,47,,32:25.31,,623
72984,139,11494,Fr,48,,29:11.15,,623
72987,139,1557,So,48,,29:37.74,,623
72996,139,7696,Fr,48,,30:56.27,,623
73001,139,7697,Fr,48,,32:22.93,,623
73010,139,2751,So,48,,36:25.21,,623
73002,139,1589,Jr,48,,33:14.63,,623
73014,139,1608,Sr,48,,38:35.63,,623
72980,146,1254,,48,,28:43.10,,623
72968,146,1195,,48,,27:39.83,,623
1597,75,2516,,17,,22:24.00,,21
7,1,7,So,48,,27:32.00,,1
2404,1,2,So,50,,26:03.60,,28
5846,1,7,So,48,,26:24.80,,64
5912,1,2,So,48,,28:52.20,,64
6730,1,2,So,48,Championship,25:23.00,,71
69856,1,18731,Fr,48,,27:36.16,,587
69858,1,19,So,48,,27:38.18,,587
4639,88,481,So,47,,25:35.40,,60
4648,88,2514,Fr,47,,29:51.20,,60
4654,88,2537,So,47,,44:19.30,,60
4674,88,521,So,48,,29:44.30,,60
4711,88,550,So,48,,34:57.30,,60
6262,88,2514,Fr,47,,28:45.30,,66
6295,88,2537,So,47,,45:03.20,,66
6365,88,521,So,48,,30:03.60,,66
6409,88,550,So,48,,32:15.70,,66
6619,88,481,So,47,Championship,24:52.00,,71
73065,146,11453,,47,,33:27.41,,623
73066,139,20458,,47,,33:50.80,,623
73067,139,20459,,47,,33:53.99,,623
73069,139,17937,,47,,34:37.86,,623
73070,146,1135,,47,,35:00.13,,623
73071,146,1154,,47,,35:02.60,,623
73072,139,20460,,47,,35:33.80,,623
112127,11,28712,,47,,23:32.10,,1339
112128,11,28713,,47,,28:35.10,,1339
73068,139,11476,Fr,47,,34:04.46,,623
26467,75,1452,,17,,20:48.00,,347
6579,75,1452,,47,Championship,24:03.80,,71
73148,1,50,,48,,28:56.40,,624
73149,56,8075,,48,,29:11.20,,624
73150,1,1,,48,,31:51.40,,624
73151,56,8095,,48,,31:56.20,,624
73152,127,52,,48,,32:56.30,,624
73153,43,20477,,48,,33:17.50,,624
73154,56,152,,48,,33:41.20,,624
73155,43,20478,,48,,33:50.70,,624
73156,43,5670,,48,,34:18.10,,624
73157,43,20479,,48,,34:51.10,,624
73158,127,20480,,48,,39:26.50,,624
73073,1,18726,,47,,23:53.10,,624
73074,56,233,,47,,24:07.10,,624
73075,56,230,,47,,24:13.00,,624
73076,1,66,,47,,25:27.70,,624
73077,1,64,,47,,25:31.70,,624
73078,56,246,,47,,25:34.20,,624
73079,56,19595,,47,,25:50.70,,624
73080,56,3366,,47,,26:06.20,,624
73081,1,245,,47,,26:20.30,,624
73082,56,240,,47,,26:51.00,,624
73083,56,2188,,47,,27:07.00,,624
73084,1,18727,,47,,27:30.50,,624
73085,56,3370,,47,,27:35.30,,624
73086,56,8120,,47,,27:35.60,,624
73087,43,20461,,47,,27:44.90,,624
73088,43,20462,,47,,28:06.80,,624
73089,56,8123,,47,,28:10.00,,624
73090,101,268,,47,,28:20.90,,624
73091,1,71,,47,,28:21.60,,624
73092,1,86,,47,,28:26.00,,624
73093,43,20463,,47,,28:29.20,,624
73094,43,20464,,47,,28:54.30,,624
73095,127,73,,47,,29:00.00,,624
73096,127,19473,,47,,29:00.00,,624
73097,56,3368,,47,,30:33.30,,624
73098,43,87,,47,,30:34.00,,624
73099,56,8135,,47,,31:12.90,,624
73100,127,20465,,47,,33:50.40,,624
73101,56,19597,,47,,34:56.60,,624
73102,43,20466,,47,,38:06.20,,624
73103,101,275,,47,,39:00.50,,624
73104,56,127,,48,,24:37.70,,624
73105,56,2193,,48,,24:55.50,,624
73106,56,2198,,48,,25:01.70,,624
73107,56,123,,48,,25:11.60,,624
73108,1,7,,48,,25:12.30,,624
73109,56,19598,,48,,25:13.30,,624
73110,56,8041,,48,,25:50.60,,624
73111,56,128,,48,,25:54.30,,624
73112,56,129,,48,,25:55.80,,624
73113,56,8065,,48,,26:12.60,,624
73114,1,19,,48,,26:43.90,,624
73115,1,18731,,48,,26:44.10,,624
73116,1,18736,,48,,26:48.60,,624
73117,1,20467,,48,,26:59.30,,624
73118,43,20468,,48,,27:02.90,,624
73119,1,6823,,48,,27:05.80,,624
73120,1,27,,48,,27:09.20,,624
73121,56,8051,,48,,27:11.70,,624
73122,1,20469,,48,,27:12.10,,624
73123,56,8069,,48,,27:17.10,,624
73124,1,150,,48,,27:18.40,,624
73125,1,20470,,48,,27:20.00,,624
73126,1,18732,,48,,27:21.00,,624
73127,56,8054,,48,,27:21.10,,624
73128,1,471,,48,,27:21.30,,624
73129,1,35,,48,,27:21.50,,624
73130,43,20471,,48,,27:22.00,,624
73131,43,42,,48,,27:22.30,,624
73132,127,19432,,48,,27:32.50,,624
73133,56,19600,,48,,27:37.90,,624
73134,56,8056,,48,,27:38.00,,624
73135,56,3415,,48,,27:50.60,,624
73136,56,3412,,48,,27:51.00,,624
73137,43,26,,48,,27:54.40,,624
73138,43,20472,,48,,27:54.50,,624
73139,127,19429,,48,,27:58.90,,624
73140,1,20473,,48,,27:59.00,,624
73141,1,20474,,48,,27:59.60,,624
73142,43,4865,,48,,28:04.80,,624
73143,56,138,,48,,28:09.60,,624
73144,43,20475,,48,,28:13.70,,624
73145,56,8074,,48,,28:24.40,,624
73146,43,20476,,48,,28:45.40,,624
73147,56,6820,,48,,28:56.20,,624
112129,96,27746,,47,,19:54.82,,1340
112130,85,23384,,47,,22:40.85,,1340
112131,96,27747,,47,,22:43.07,,1340
112132,94,28714,,47,,22:51.50,,1340
112133,77,1466,,47,,23:40.66,,1340
112134,88,28715,,47,,23:42.22,,1340
112135,85,28716,,47,,23:46.69,,1340
112136,88,27331,,47,,23:50.87,,1340
112137,86,19366,,47,,23:54.10,,1340
112138,75,26990,,47,,23:56.56,,1340
112139,75,27334,,47,,24:24.03,,1340
112140,96,4655,,47,,24:36.96,,1340
112141,75,28717,,47,,24:38.67,,1340
112142,79,7945,,47,,24:42.34,,1340
112143,98,28718,,47,,24:48.32,,1340
112144,98,28719,,47,,24:50.45,,1340
112145,85,28720,,47,,24:53.05,,1340
112146,75,27333,,47,,24:56.45,,1340
112147,94,27337,,47,,24:57.31,,1340
112148,88,5924,,47,,24:58.01,,1340
112149,85,2662,,47,,25:07.21,,1340
112150,68,27335,,47,,25:14.63,,1340
112151,96,18760,,47,,25:22.13,,1340
112152,88,27338,,47,,25:22.37,,1340
112153,68,27339,,47,,25:23.37,,1340
112154,75,27336,,47,,25:24.31,,1340
112155,96,357,,47,,25:31.73,,1340
112156,66,23391,,47,,25:35.21,,1340
112157,96,25098,,47,,25:36.74,,1340
112158,86,1478,,47,,25:38.24,,1340
112159,96,26935,,47,,25:40.53,,1340
112160,88,27341,,47,,25:40.66,,1340
112161,85,28721,,47,,25:43.07,,1340
112162,94,480,,47,,25:45.24,,1340
112163,96,26937,,47,,25:46.98,,1340
112164,83,28722,,47,,25:51.66,,1340
112165,96,26936,,47,,25:52.13,,1340
112166,96,26938,,47,,25:56.60,,1340
112167,96,358,,47,,26:02.46,,1340
112168,96,7998,,47,,26:22.44,,1340
112169,85,5426,,47,,26:27.35,,1340
112170,79,18934,,47,,26:28.69,,1340
112171,96,4656,,47,,26:39.75,,1340
112172,98,28723,,47,,26:44.63,,1340
112173,75,7749,,47,,26:53.27,,1340
112174,75,23393,,47,,26:54.30,,1340
112175,98,28724,,47,,26:55.20,,1340
27025,69,5818,,48,,33:49.60,,352
112407,98,28752,,48,,32:55.84,,1340
112409,84,2636,,48,,32:58.25,,1340
112410,66,28753,,48,,32:58.51,,1340
112413,96,18751,,48,,33:16.50,,1340
112414,94,28755,,48,,33:17.75,,1340
112417,85,2644,,48,,33:39.14,,1340
112418,83,28757,,48,,34:09.26,,1340
112420,85,5464,,48,,34:24.59,,1340
112422,94,27402,,48,,34:54.34,,1340
112423,94,28758,,48,,35:05.80,,1340
112425,77,1592,,48,,35:21.88,,1340
112427,75,28328,,48,,35:29.42,,1340
112429,77,28393,,48,,35:34.41,,1340
112431,63,27400,,48,,35:36.68,,1340
112432,85,28759,,48,,35:39.80,,1340
112434,79,2606,,48,,36:07.47,,1340
112435,88,28760,,48,,36:16.32,,1340
112437,85,2657,,48,,36:29.52,,1340
112439,88,4589,,48,,36:53.44,,1340
112440,98,28761,,48,,37:29.20,,1340
112443,79,2559,,48,,37:53.69,,1340
112446,79,4585,,48,,38:39.88,,1340
112449,100,27412,,48,,39:47.61,,1340
112451,100,25677,,48,,40:07.20,,1340
112454,85,5445,,48,,40:20.15,,1340
112455,98,28766,,48,,40:22.27,,1340
112458,90,23458,,48,,43:41.69,,1340
112459,99,28768,,48,,44:12.40,,1340
67568,69,4238,,47,,33:59.20,,565
67719,69,7959,,48,,33:56.10,,565
73159,122,1715,,48,,27:06.80,,625
73160,122,1712,,48,,27:23.70,,625
73161,122,2796,,48,,28:49.00,,625
73162,122,1718,,48,,29:35.20,,625
73163,122,1719,,48,,31:02.60,,625
73164,122,2803,,48,,31:09.40,,625
73165,122,18130,,48,,31:32.00,,625
73166,122,20481,,48,,37:51.90,,625
73167,122,20482,,48,,37:57.00,,625
73168,122,1706,,17,,20:39.50,,625
112176,86,28395,,47,,26:58.81,,1340
112177,66,27889,,47,,27:04.25,,1340
112178,88,27890,,47,,27:08.64,,1340
112179,79,26087,,47,,27:09.90,,1340
112180,94,27342,,47,,27:14.37,,1340
112181,66,7748,,47,,27:20.90,,1340
112182,96,3431,,47,,27:22.71,,1340
112183,75,4545,,47,,27:27.04,,1340
112184,96,26940,,47,,27:29.82,,1340
112185,75,1494,,47,,27:35.15,,1340
112186,75,7753,,47,,27:44.09,,1340
112187,94,2507,,47,,27:49.73,,1340
112188,75,4555,,47,,27:49.76,,1340
112189,98,28725,,47,,27:57.94,,1340
112190,75,7751,,47,,27:59.59,,1340
112191,96,26942,,47,,28:01.87,,1340
112192,86,11458,,47,,28:02.10,,1340
112193,85,2669,,47,,28:05.06,,1340
112194,76,28545,,47,,28:07.23,,1340
112195,96,26941,,47,,28:26.02,,1340
112196,79,18942,,47,,28:28.42,,1340
112197,76,26128,,47,,28:38.23,,1340
112198,99,28726,,47,,28:47.45,,1340
112199,88,27348,,47,,28:51.34,,1340
112200,98,28727,,47,,29:00.55,,1340
112201,76,28511,,47,,29:03.67,,1340
112202,88,27346,,47,,29:10.70,,1340
112203,99,28728,,47,,29:12.00,,1340
112204,94,495,,47,,29:15.24,,1340
112205,86,11470,,47,,29:28.73,,1340
112206,85,2670,,47,,29:35.87,,1340
112207,85,2674,,47,,29:45.09,,1340
112208,86,27893,,47,,29:47.96,,1340
112209,76,28729,,47,,29:56.74,,1340
112210,88,27354,,47,,30:18.35,,1340
112211,85,28730,,47,,30:36.94,,1340
112212,85,3432,,47,,30:47.37,,1340
112213,83,28731,,47,,30:52.73,,1340
112214,96,18766,,47,,30:55.69,,1340
112215,94,2508,,47,,31:13.24,,1340
112216,79,18955,,47,,31:16.24,,1340
112217,77,7755,,47,,31:32.21,,1340
112218,85,23406,,47,,31:45.94,,1340
112219,85,28732,,47,,32:03.12,,1340
112220,79,7947,,47,,32:27.73,,1340
112221,90,27364,,47,,32:47.17,,1340
112222,86,27900,,47,,32:47.78,,1340
112223,84,28086,,47,,32:48.67,,1340
112224,85,5439,,47,,32:51.29,,1340
112225,84,23398,,47,,32:52.67,,1340
112226,86,27366,,47,,32:57.14,,1340
112227,86,4551,,47,,33:13.12,,1340
112228,75,27359,,47,,33:51.71,,1340
112229,94,27360,,47,,33:59.91,,1340
112230,75,27358,,47,,34:07.61,,1340
112231,86,27370,,47,,34:36.76,,1340
112232,86,1513,,47,,34:42.68,,1340
112233,77,28399,,47,,34:47.22,,1340
112234,76,28733,,47,,34:57.09,,1340
112235,76,28515,,47,,35:34.51,,1340
112236,76,28546,,47,,35:39.88,,1340
112237,86,28734,,47,,35:46.38,,1340
112238,100,28735,,47,,39:40.11,,1340
112239,68,28736,,47,,39:41.13,,1340
73169,44,2203,,47,,24:55.00,,626
73170,44,2204,,47,,25:09.30,,626
73171,44,20483,,47,,25:48.00,,626
73172,58,19518,,47,,28:01.60,,626
73173,58,20484,,47,,29:55.60,,626
73174,44,2207,,47,,30:15.20,,626
73175,44,19528,,48,,25:42.50,,626
73176,44,2217,,48,,26:38.10,,626
73177,44,20485,,48,,26:46.30,,626
73178,44,2214,,48,,27:21.20,,626
73180,58,2211,,48,,28:59.20,,626
73181,44,3399,,48,,29:00.90,,626
73182,44,19543,,48,,29:09.80,,626
73183,44,19536,,48,,29:12.20,,626
73184,44,19551,,48,,29:32.80,,626
112240,85,28737,,47,,43:01.15,,1340
112241,100,27904,,47,,50:38.01,,1340
112242,85,28738,,48,,25:24.50,,1340
112243,79,25852,,48,,25:48.70,,1340
112244,75,1522,,48,,25:55.65,,1340
112245,79,26919,,48,,26:17.90,,1340
112246,75,6193,,48,,26:19.04,,1340
112247,75,26699,,48,,26:20.44,,1340
112248,66,28739,,48,,26:21.53,,1340
112249,85,28257,,48,,26:36.91,,1340
112250,75,18742,,48,,26:43.20,,1340
112251,99,23415,,48,,26:49.71,,1340
112252,85,3440,,48,,26:51.91,,1340
112253,88,504,,48,,26:53.62,,1340
112254,88,27227,,48,,26:57.15,,1340
112255,96,364,,48,,26:58.80,,1340
112256,66,28740,,48,,27:00.81,,1340
112257,90,27386,,48,,27:04.16,,1340
112258,88,11483,,48,,27:07.75,,1340
112259,75,7725,,48,,27:07.79,,1340
73179,44,25549,,48,,27:28.80,,626
112260,79,20429,,48,,27:11.89,,1340
112261,86,23446,,48,,27:17.19,,1340
112262,75,7721,,48,,27:21.74,,1340
112263,79,506,,48,,27:22.77,,1340
112264,75,28310,,48,,27:27.09,,1340
112265,86,27374,,48,,27:27.30,,1340
112266,75,1535,,48,,27:28.12,,1340
112267,88,11484,,48,,27:28.79,,1340
112268,88,507,,48,,27:29.60,,1340
112269,85,3445,,48,,27:30.92,,1340
112270,79,26920,,48,,27:32.04,,1340
112271,100,25167,,48,,27:32.08,,1340
112272,88,539,,48,,27:33.69,,1340
112273,66,27879,,48,,27:34.61,,1340
112274,88,2553,,48,,27:34.98,,1340
112275,86,1558,,48,,27:36.66,,1340
112276,79,27375,,48,,27:40.04,,1340
112277,79,27377,,48,,27:42.96,,1340
112278,84,2627,,48,,27:44.86,,1340
112279,76,28518,,48,,27:45.88,,1340
112280,76,28516,,48,,27:47.58,,1340
112281,68,11482,,48,,27:49.09,,1340
112282,84,23416,,48,,27:51.31,,1340
112283,75,27373,,48,,27:52.46,,1340
112284,85,27749,,48,,27:54.50,,1340
112285,96,26020,,48,,27:58.55,,1340
112286,88,26109,,48,,28:02.03,,1340
112287,75,2579,,48,,28:03.17,,1340
112288,85,2631,,48,,28:04.08,,1340
112289,88,11485,,48,,28:11.24,,1340
112290,79,7950,,48,,28:12.59,,1340
112291,90,28741,,48,,28:15.44,,1340
112292,75,7724,,48,,28:16.32,,1340
112293,86,26917,,48,,28:16.63,,1340
112294,96,27744,,48,,28:18.19,,1340
112295,79,27387,,48,,28:20.80,,1340
112296,79,28742,,48,,28:22.16,,1340
112297,75,27385,,48,,28:24.39,,1340
112298,85,28743,,48,,28:27.56,,1340
112299,75,27372,,48,,28:30.03,,1340
112300,79,26923,,48,,28:30.38,,1340
112301,76,28519,,48,,28:31.12,,1340
112302,75,2582,,48,,28:32.19,,1340
112303,75,23414,,48,,28:33.21,,1340
112304,79,512,,48,,28:35.19,,1340
112305,66,27376,,48,,28:40.46,,1340
112306,85,27750,,48,,28:41.22,,1340
112307,79,515,,48,,28:41.72,,1340
112308,75,1530,,48,,28:45.04,,1340
112309,88,18974,,48,,28:47.56,,1340
112310,88,27330,,48,,28:55.44,,1340
112311,85,3442,,48,,28:56.11,,1340
112312,88,529,,48,,28:56.42,,1340
112313,75,27381,,48,,28:57.80,,1340
112314,75,7726,,48,,28:58.10,,1340
112315,79,23430,,48,,28:58.72,,1340
112316,85,28744,,48,,28:59.57,,1340
112317,75,2563,,48,,28:59.84,,1340
112318,88,27383,,48,,29:06.11,,1340
112319,86,11488,,48,,29:07.42,,1340
112320,79,20427,,48,,29:08.37,,1340
112321,99,23428,,48,,29:08.73,,1340
112322,84,28081,,48,,29:09.15,,1340
112323,79,26922,,48,,29:09.26,,1340
112324,90,11510,,48,,29:10.07,,1340
112325,96,367,,48,,29:10.84,,1340
112326,90,23423,,48,,29:14.13,,1340
112327,100,27877,,48,,29:23.19,,1340
112328,88,27382,,48,,29:23.83,,1340
112329,85,22586,,48,,29:26.52,,1340
112330,96,363,,48,,29:30.09,,1340
112331,98,28745,,48,,29:30.94,,1340
112332,79,28318,,48,,29:31.29,,1340
112333,100,11514,,48,,29:32.89,,1340
112334,90,531,,48,,29:33.25,,1340
112335,75,3451,,48,,29:34.75,,1340
112336,96,370,,48,,29:35.09,,1340
112337,96,368,,48,,29:35.39,,1340
112338,76,28517,,48,,29:39.46,,1340
112339,77,2497,,48,,29:47.23,,1340
112340,75,5932,,48,,29:50.29,,1340
112341,96,1552,,48,,29:50.65,,1340
112342,86,3012,,48,,29:56.56,,1340
112343,75,28315,,48,,29:57.36,,1340
112344,85,27752,,48,,29:58.78,,1340
112345,75,23436,,48,,30:05.34,,1340
112346,86,1536,,48,,30:07.45,,1340
112347,96,8001,,48,,30:10.23,,1340
112348,96,27745,,48,,30:11.23,,1340
112349,75,28316,,48,,30:14.38,,1340
112350,85,11289,,48,,30:14.76,,1340
112351,96,8002,,48,,30:22.98,,1340
112352,85,27751,,48,,30:24.04,,1340
112353,63,28746,,48,,30:27.12,,1340
112354,79,7953,,48,,30:27.47,,1340
112355,79,26925,,48,,30:28.46,,1340
112356,79,18975,,48,,30:30.94,,1340
112357,66,7723,,48,,30:31.60,,1340
112358,94,27389,,48,,30:35.60,,1340
112359,75,1562,,48,,30:40.74,,1340
112360,96,371,,48,,30:41.42,,1340
112361,99,23425,,48,,30:44.76,,1340
112362,84,28082,,48,,30:50.99,,1340
112363,86,26918,,48,,30:52.61,,1340
112364,100,27881,,48,,30:55.58,,1340
112365,79,27395,,48,,30:56.94,,1340
112366,79,25853,,48,,30:58.61,,1340
112367,84,3448,,48,,30:59.37,,1340
112368,75,4573,,48,,31:02.48,,1340
112369,96,28747,,48,,31:04.50,,1340
112370,66,23445,,48,,31:04.92,,1340
112371,85,7652,,48,,31:05.97,,1340
112372,88,11493,,48,,31:06.01,,1340
112373,75,27394,,48,,31:07.83,,1340
112374,85,2637,,48,,31:17.37,,1340
112375,90,25172,,48,,31:19.91,,1340
112376,84,28083,,48,,31:23.53,,1340
112377,76,26088,,48,,31:29.47,,1340
112378,77,28390,,48,,31:29.94,,1340
112379,86,28748,,48,,31:34.42,,1340
112380,68,11499,,48,,31:35.55,,1340
112381,99,23421,,48,,31:37.24,,1340
112382,88,5828,,48,,31:40.69,,1340
112383,96,18752,,48,,31:47.31,,1340
112384,68,518,,48,,31:50.87,,1340
112385,90,11507,,48,,31:51.53,,1340
112386,79,26089,,48,,31:57.07,,1340
112387,75,7735,,48,,32:00.78,,1340
112388,85,3441,,48,,32:03.06,,1340
112389,90,23429,,48,,32:03.17,,1340
112390,94,5358,,48,,32:04.11,,1340
112391,85,23417,,48,,32:07.13,,1340
112392,79,26924,,48,,32:09.16,,1340
112393,90,552,,48,,32:11.10,,1340
112394,100,11502,,48,,32:15.00,,1340
112395,79,28749,,48,,32:17.86,,1340
112396,63,27399,,48,,32:20.98,,1340
112397,86,25118,,48,,32:22.38,,1340
112398,98,28750,,48,,32:24.62,,1340
112399,85,2643,,48,,32:26.02,,1340
112400,76,28542,,48,,32:30.11,,1340
112401,76,557,,48,,32:32.37,,1340
112402,76,28543,,48,,32:32.41,,1340
112403,76,26097,,48,,32:38.73,,1340
112404,99,28751,,48,,32:44.01,,1340
112405,96,26934,,48,,32:44.30,,1340
112406,88,11490,,48,,32:51.19,,1340
112408,86,1609,,48,,32:56.95,,1340
112411,76,26112,,48,,32:59.17,,1340
112412,83,28754,,48,,33:04.76,,1340
112415,85,2641,,48,,33:20.53,,1340
112416,85,28756,,48,,33:25.99,,1340
112419,86,11501,,48,,34:23.66,,1340
112421,94,553,,48,,34:36.59,,1340
112424,79,7954,,48,,35:07.23,,1340
112426,85,28259,,48,,35:24.86,,1340
112428,94,27410,,48,,35:34.13,,1340
112430,86,26544,,48,,35:35.86,,1340
112433,84,2645,,48,,36:01.67,,1340
112436,63,2598,,48,,36:23.38,,1340
112438,86,1612,,48,,36:40.75,,1340
112441,94,11528,,48,,37:31.11,,1340
112442,79,28762,,48,,37:50.68,,1340
112444,86,27887,,48,,38:06.17,,1340
112445,66,28763,,48,,38:11.44,,1340
112447,77,7743,,48,,38:54.84,,1340
112448,83,28764,,48,,39:32.30,,1340
112450,94,2622,,48,,39:47.89,,1340
112452,79,25849,,48,,40:13.41,,1340
112453,85,28765,,48,,40:13.65,,1340
112456,63,27885,,48,,40:30.34,,1340
112457,85,28767,,48,,40:39.97,,1340
108354,61,8146,,48,,26:55.20,,1296
108355,61,27989,,48,,27:28.40,,1296
108356,61,27990,,48,,27:31.50,,1296
108357,61,2259,,48,,27:39.40,,1296
108358,61,19539,,48,,27:43.70,,1296
108359,61,1657,,48,,27:54.90,,1296
108360,61,19569,,48,,28:12.70,,1296
108361,59,27216,,48,,28:18.30,,1296
108362,59,27217,,48,,28:25.30,,1296
108363,58,2210,,48,,28:35.90,,1296
108364,59,1625,,48,,28:54.80,,1296
108365,59,21472,,48,,28:59.70,,1296
108617,174,28071,,48,,33:20.20,,1297
108620,175,5374,,48,,33:38.10,,1297
108622,199,18892,,48,,33:48.60,,1297
108624,180,25921,,48,,34:06.20,,1297
108626,188,24654,,48,,34:38.20,,1297
108628,174,2128,,48,,34:46.60,,1297
108630,220,18578,,48,,34:54.10,,1297
108632,188,18878,,48,,35:01.00,,1297
108633,203,28073,,48,,35:25.70,,1297
108635,188,27134,,48,,35:42.70,,1297
108636,175,28074,,48,,35:44.20,,1297
108638,220,18570,,48,,35:47.20,,1297
108640,203,3064,,48,,35:51.00,,1297
108641,174,28075,,48,,35:51.50,,1297
108642,174,28076,,48,,35:52.30,,1297
108644,203,1894,,48,,36:28.40,,1297
108646,220,18583,,48,,37:04.20,,1297
108649,220,26774,,48,,37:53.90,,1297
108651,203,19642,,48,,38:01.70,,1297
108653,175,19650,,48,,39:04.30,,1297
108655,203,1900,,48,,39:22.20,,1297
108657,203,27742,,48,,40:22.50,,1297
108366,61,27991,,48,,28:59.80,,1296
71861,75,18742,,48,,26:50.69,,606
71862,75,7722,,48,,26:54.70,,606
108367,59,2783,,48,,29:02.90,,1296
71864,75,1525,,48,,27:11.26,,606
108368,61,27213,,48,,29:15.70,,1296
71866,75,19960,,48,,27:46.14,,606
108369,59,11370,,48,,29:22.10,,1296
71868,75,2070,,48,,28:01.81,,606
71869,77,1466,,47,,23:34.00,,606
71858,86,11480,So,48,,25:38.40,,606
108370,44,27992,,48,,29:29.40,,1296
108371,59,27993,,48,,29:31.90,,1296
108372,61,2275,,48,,29:39.90,,1296
108373,44,27994,,48,,29:43.20,,1296
71859,75,11481,So,48,,26:00.86,,606
71865,75,5571,Gr,48,,27:31.94,,606
71867,75,1535,Jr,48,,27:48.77,,606
108374,61,1663,,48,,29:44.80,,1296
71863,75,1530,Sr,48,,26:59.46,,606
108375,59,1631,,48,,29:54.20,,1296
108376,58,19574,,48,,30:13.10,,1296
108377,59,1632,,48,,30:32.20,,1296
108378,59,4084,,48,,30:35.70,,1296
108379,61,27995,,48,,30:37.60,,1296
108380,44,19536,,48,,30:38.80,,1296
108381,61,27996,,48,,30:39.10,,1296
108382,44,27997,,48,,30:44.50,,1296
108383,44,27998,,48,,30:54.10,,1296
108384,61,19553,,48,,30:59.90,,1296
108385,58,24844,,48,,31:09.30,,1296
108386,44,27999,,48,,31:16.80,,1296
108387,44,28000,,48,,31:21.00,,1296
108388,44,28001,,48,,31:23.60,,1296
108389,59,1639,,48,,31:26.00,,1296
108390,59,11372,,48,,31:38.10,,1296
108391,59,11367,,48,,31:40.30,,1296
108392,44,28002,,48,,31:42.00,,1296
108393,59,27220,,48,,31:57.30,,1296
108394,61,2786,,48,,32:06.30,,1296
108395,61,28003,,48,,32:07.80,,1296
108396,59,28004,,48,,32:12.10,,1296
108397,58,134,,48,,32:15.60,,1296
108398,61,28005,,48,,32:21.20,,1296
108399,59,27221,,48,,32:33.90,,1296
108400,61,28006,,48,,32:35.40,,1296
108401,44,28007,,48,,32:50.30,,1296
108402,61,19564,,48,,32:55.00,,1296
108403,44,28008,,48,,33:23.70,,1296
108404,59,28009,,48,,33:39.00,,1296
108405,61,2284,,48,,33:44.20,,1296
108406,59,2788,,48,,35:06.40,,1296
108407,61,19566,,48,,35:17.30,,1296
71860,75,25996,,48,,26:17.49,,606
108408,61,28010,,48,,35:36.50,,1296
108409,59,1652,,48,,35:52.30,,1296
71877,1,18731,Fr,48,,27:31.40,,607
71876,1,18728,So,48,,27:23.40,,607
71874,1,19404,,48,,26:45.20,,607
71870,1,18725,Fr,17,,18:56.10,,607
71871,1,2,Jr,48,,24:18.70,,607
71872,1,7,Jr,48,,25:58.60,,607
71873,1,8,So,48,,26:05.50,,607
71875,1,19,So,48,,26:54.80,,607
108410,44,28011,,48,,36:43.00,,1296
108411,61,28012,,48,,36:43.70,,1296
108412,59,19565,,48,,37:10.60,,1296
108413,61,21474,,48,,37:27.40,,1296
108414,44,28013,,48,,38:00.60,,1296
108415,44,28014,,48,,38:08.10,,1296
108416,59,4081,,48,,38:47.60,,1296
108417,58,11354,,48,,38:51.30,,1296
108418,59,28015,,48,,40:21.30,,1296
108419,61,28016,,48,,1:09:51.00,,1296
108420,61,2238,,47,,22:10.70,,1296
108421,59,28017,,47,,24:17.30,,1296
108422,61,28018,,47,,24:44.00,,1296
108423,59,19360,,47,,24:52.50,,1296
108424,61,19512,,47,,25:07.30,,1296
108425,61,2245,,47,,25:19.60,,1296
108426,61,2243,,47,,25:28.10,,1296
108427,59,19524,,47,,26:00.50,,1296
108428,61,28019,,47,,26:25.00,,1296
108429,59,11376,,47,,26:26.90,,1296
108430,44,28020,,47,,26:31.80,,1296
108431,61,28021,,47,,26:35.70,,1296
108432,59,28022,,47,,26:45.40,,1296
108433,59,2061,,47,,27:51.30,,1296
108434,59,1671,,47,,27:56.00,,1296
108435,58,26868,,47,,28:13.10,,1296
108436,61,28023,,47,,28:26.70,,1296
108437,61,28024,,47,,28:30.60,,1296
108438,59,19361,,47,,29:01.30,,1296
108439,44,28025,,47,,29:34.60,,1296
108440,44,28026,,47,,29:45.10,,1296
108441,61,19526,,47,,29:46.90,,1296
108442,44,2207,,47,,29:52.80,,1296
108443,61,28027,,47,,30:23.10,,1296
108444,61,28028,,47,,30:59.60,,1296
108445,61,19510,,47,,31:13.20,,1296
108446,59,28029,,47,,31:20.10,,1296
108447,59,27226,,47,,32:04.70,,1296
108448,61,28030,,47,,32:18.60,,1296
108449,61,22358,,47,,32:18.70,,1296
108450,61,19517,,47,,32:24.50,,1296
108451,59,2064,,47,,32:34.60,,1296
108452,61,28031,,47,,34:19.10,,1296
108453,61,28032,,47,,34:43.20,,1296
108454,61,28033,,47,,34:49.00,,1296
108455,61,19527,,47,,36:49.00,,1296
108456,61,1621,,47,,43:35.20,,1296
108457,204,1726,,47,,24:17.10,,1297
108458,204,839,,47,,24:26.90,,1297
108459,204,18596,,47,,24:29.00,,1297
108460,204,27148,,47,,24:47.50,,1297
108461,174,18822,,47,,24:48.90,,1297
108462,204,27147,,47,,24:54.00,,1297
108463,174,1767,,47,,24:57.40,,1297
72618,108,6342,,48,,26:09.26,,620
72619,108,10,,48,,26:58.08,,620
72620,108,124,,48,,27:28.52,,620
72621,108,16,,48,,27:38.16,,620
72622,108,8048,,48,,28:38.91,,620
72623,108,181,,48,,28:46.06,,620
72624,108,8050,,48,,29:51.99,,620
72625,108,8077,,48,,30:00.06,,620
72626,108,8052,,48,,30:22.15,,620
72627,108,8085,,48,,30:47.46,,620
72628,108,20392,,48,,31:56.44,,620
72629,108,159,,48,,32:21.34,,620
72630,108,8084,,48,,32:29.66,,620
72631,108,58,,48,,34:49.87,,620
72632,108,8097,,48,,36:29.41,,620
72633,108,20393,,48,,37:08.43,,620
72634,108,20394,,47,,23:11.08,,620
72635,108,2229,,47,,23:50.60,,620
72636,108,2230,,47,,25:20.34,,620
72637,108,8115,,47,,25:59.54,,620
72638,108,8128,,47,,28:50.79,,620
72639,108,20395,,47,,31:14.67,,620
72640,108,8134,,47,,32:34.30,,620
72641,108,20396,,47,,34:04.06,,620
34690,124,2855,Jr,48,,25:47.20,,392
72642,116,7975,,48,,26:08.00,,621
72643,116,310,,48,,26:12.10,,621
72644,116,7976,,48,,26:28.10,,621
72645,116,454,,48,,26:38.60,,621
72647,116,20397,,48,,27:14.10,,621
72648,116,2059,,48,,27:46.90,,621
72649,116,4910,,48,,28:03.30,,621
72650,116,7978,,48,,28:12.50,,621
72651,116,4144,,48,,28:22.70,,621
72652,116,18786,,48,,28:42.40,,621
72653,116,20398,,48,,29:35.10,,621
72654,116,458,,48,,29:38.20,,621
72655,116,4918,,48,,30:05.80,,621
72656,116,7980,,48,,30:15.00,,621
72657,116,20399,,48,,30:26.30,,621
72658,116,7982,,48,,30:48.60,,621
72659,116,7983,,48,,30:56.90,,621
72660,116,329,,48,,33:47.90,,621
72661,116,7985,,48,,37:23.00,,621
72662,116,7986,Fr,47,,22:30.30,,621
72663,116,282,,47,,22:39.40,,621
72665,116,7990,,47,,23:47.50,,621
72666,116,7988,,47,,24:00.40,,621
72667,116,291,,47,,24:21.10,,621
72668,116,285,,47,,24:29.50,,621
72669,116,286,,47,,24:32.60,,621
72670,116,446,,47,,24:56.10,,621
72671,116,445,,47,,25:04.70,,621
72672,116,294,,47,,25:15.90,,621
72673,116,20400,,47,,26:05.50,,621
72674,116,7993,,47,,26:09.00,,621
72675,116,448,,47,,26:16.20,,621
72676,116,7994,,47,,26:18.60,,621
72677,116,7991,,47,,26:30.30,,621
72678,116,18796,,47,,27:14.80,,621
72646,116,3325,,48,,26:47.80,,621
72664,116,7989,,47,,23:32.50,,621
108464,199,28034,,47,,24:58.20,,1297
78820,56,127,,48,,25:28.00,,675
78821,60,3386,,48,,25:29.00,,675
78822,44,19528,,48,,25:50.00,,675
78823,61,8146,,48,,25:53.00,,675
78824,61,2259,,48,,25:59.00,,675
78825,56,2193,,48,,26:03.00,,675
78826,49,2258,,48,,26:05.00,,675
78827,61,1656,,48,,26:13.00,,675
78828,60,3393,,48,,26:15.00,,675
78829,61,19529,,48,,26:17.00,,675
78830,59,17740,,48,,26:20.00,,675
78831,61,2261,,48,,26:23.00,,675
78832,56,2198,,48,,26:23.00,,675
78833,56,128,,48,,26:30.00,,675
78834,32,18769,,48,,26:32.00,,675
78835,61,1657,,48,,26:42.00,,675
78836,61,19539,,48,,26:49.00,,675
78837,44,2217,,48,,26:50.00,,675
78838,49,5,,48,,26:51.00,,675
78839,56,8065,,48,,26:55.00,,675
78840,59,1625,,48,,27:00.00,,675
78841,56,8041,,48,,27:04.00,,675
78842,60,19364,,48,,27:05.00,,675
78843,58,2210,,48,,27:06.00,,675
78844,32,19575,,48,,27:22.00,,675
108465,204,27145,,47,,25:07.70,,1297
78846,59,11367,,48,,27:28.00,,675
78847,44,2214,,48,,27:30.00,,675
78848,56,123,,48,,27:31.00,,675
78849,49,2260,,48,,27:40.00,,675
78850,61,2269,,48,,27:42.00,,675
78851,56,22345,,48,,27:47.00,,675
78852,59,1632,,48,,27:47.00,,675
78853,43,22346,,48,,27:49.00,,675
78854,49,2263,,48,,27:49.00,,675
78855,59,2783,,48,,27:52.00,,675
78856,56,130,,48,,27:55.00,,675
78857,49,2994,,48,,28:00.00,,675
78858,44,19536,,48,,28:19.00,,675
78859,44,4138,,48,,28:22.00,,675
78860,58,19534,,48,,28:24.00,,675
78861,60,3407,,48,,28:24.00,,675
78862,56,177,,48,,28:27.00,,675
78863,56,8056,,48,,28:29.00,,675
78864,56,147,,48,,28:32.00,,675
78865,49,18,,48,,28:35.00,,675
78866,49,19502,,48,,28:38.00,,675
78867,43,20472,,48,,28:43.00,,675
78868,61,19542,,48,,28:44.00,,675
78869,59,1631,,48,,28:54.00,,675
78870,44,19543,,48,,28:55.00,,675
78871,59,1636,,48,,28:55.00,,675
78872,58,19538,,48,,28:57.00,,675
78873,44,3399,,48,,28:57.00,,675
78874,59,11370,,48,,29:02.00,,675
78875,61,1663,,48,,29:05.00,,675
78876,60,2905,,48,,29:08.00,,675
78877,43,3400,,48,,29:10.00,,675
78878,58,170,,48,,29:18.00,,675
78879,56,19600,,48,,29:19.00,,675
78880,61,19553,,48,,29:22.00,,675
78881,44,19548,,48,,29:22.00,,675
78882,61,2275,,48,,29:25.00,,675
78883,59,1641,,48,,29:26.00,,675
78884,58,134,,48,,29:37.00,,675
78885,44,19551,,48,,29:45.00,,675
78886,59,1638,,48,,29:46.00,,675
78887,44,19558,,48,,29:58.00,,675
78888,58,19554,,48,,30:01.00,,675
78889,44,2220,,48,,30:05.00,,675
78890,49,18201,,48,,30:06.00,,675
78891,59,11366,,48,,30:12.00,,675
78892,32,18772,,48,,30:13.00,,675
78893,60,7965,,48,,30:17.00,,675
78894,49,2995,,48,,30:21.00,,675
78895,43,26,,48,,30:22.00,,675
78897,61,2279,,48,,30:34.00,,675
78898,59,11372,,48,,30:41.00,,675
78899,61,1661,,48,,30:55.00,,675
78900,58,4468,,48,,31:03.00,,675
78901,58,2219,,48,,31:07.00,,675
78902,56,2200,,48,,31:09.00,,675
78903,58,162,,48,,31:11.00,,675
78904,44,19561,,48,,31:15.00,,675
78905,59,1646,,48,,31:23.00,,675
78906,43,20468,,48,,31:25.00,,675
78907,56,3412,,48,,31:30.00,,675
78908,58,19556,,48,,31:42.00,,675
78909,32,19581,,48,,31:44.00,,675
78910,61,2284,,48,,31:45.00,,675
78911,56,6820,,48,,31:57.00,,675
78912,58,179,,48,,32:02.00,,675
78913,60,19365,,48,,32:03.00,,675
78914,61,2276,,48,,32:11.00,,675
78915,43,20476,,48,,32:17.00,,675
78916,61,1662,,48,,32:26.00,,675
78917,61,19566,,48,,32:42.00,,675
78918,61,2285,,48,,32:50.00,,675
78919,56,8069,,48,,32:52.00,,675
78920,43,3408,,48,,33:03.00,,675
78921,56,22348,,48,,33:05.00,,675
78922,56,8095,,48,,33:07.00,,675
78923,56,8099,,48,,33:13.00,,675
78924,44,2226,,48,,33:13.00,,675
78925,61,2277,,48,,33:32.00,,675
78926,43,42,,48,,33:40.00,,675
78927,59,2788,,48,,33:53.00,,675
78928,44,4136,,48,,34:03.00,,675
78929,43,20478,,48,,35:00.00,,675
78930,61,19569,,48,,35:08.00,,675
78931,43,20479,,48,,35:11.00,,675
78932,32,18774,,48,,35:18.00,,675
78933,61,4044,,48,,35:25.00,,675
78934,56,2199,,48,,35:29.00,,675
78935,44,20485,,48,,35:29.00,,675
78936,43,5670,,48,,35:52.00,,675
78937,43,49,,48,,35:52.00,,675
78938,61,21476,,48,,36:33.00,,675
78939,61,22349,,48,,40:29.00,,675
78940,60,22350,,48,,48:50.00,,675
78941,61,2289,,48,,48:51.00,,675
78942,44,2227,,48,,48:52.00,,675
78943,61,2238,,47,,21:23.00,,675
78944,32,18777,,47,,22:30.00,,675
78945,61,1617,,47,,22:33.00,,675
78947,56,22351,,47,,23:07.00,,675
78948,61,19505,,47,,23:14.00,,675
78949,56,230,,47,,23:14.00,,675
78950,59,19506,,47,,23:27.00,,675
78951,56,233,,47,,23:36.00,,675
78952,60,3360,,47,,23:55.00,,675
78953,61,2240,,47,,24:01.00,,675
78954,49,22352,,47,,24:03.00,,675
78955,49,7115,,47,,24:07.00,,675
78956,59,19360,,47,,24:14.00,,675
78957,56,246,,47,,24:17.00,,675
78958,61,2245,,47,,24:31.00,,675
78959,59,11376,,47,,24:37.00,,675
78960,44,2203,,47,,24:39.00,,675
78961,58,19511,,47,,24:48.00,,675
78962,60,7971,,47,,24:49.00,,675
78963,49,21466,,47,,24:53.00,,675
78964,44,2204,,47,,24:56.00,,675
78965,61,2243,,47,,24:58.00,,675
78966,56,19595,,47,,25:16.00,,675
78967,49,22353,,47,,25:29.00,,675
78968,56,3366,,47,,25:40.00,,675
78969,56,3364,,47,,25:51.00,,675
78970,56,2188,,47,,25:55.00,,675
78971,58,22354,,47,,25:57.00,,675
78972,56,240,,47,,26:02.00,,675
78973,61,4791,,47,,26:07.00,,675
78974,61,22355,,47,,26:15.00,,675
78975,60,3379,,47,,26:21.00,,675
78976,61,20763,,47,,26:22.00,,675
78977,59,4520,,47,,26:39.00,,675
78978,56,253,,47,,26:44.00,,675
78979,56,22356,,47,,26:44.00,,675
78980,58,19518,,47,,26:57.00,,675
78981,56,4790,,47,,27:05.00,,675
78982,44,19516,,47,,27:09.00,,675
78983,56,8123,,47,,27:13.00,,675
78984,43,20463,,47,,27:15.00,,675
78985,59,2061,,47,,27:17.00,,675
78986,61,2244,,47,,27:18.00,,675
78987,56,3368,,47,,27:28.00,,675
78988,59,1671,,47,,27:30.00,,675
78989,60,3369,,47,,27:30.00,,675
78990,61,4794,,47,,27:44.00,,675
78991,43,20462,,47,,27:57.00,,675
78992,61,19522,,47,,28:02.00,,675
78993,58,263,,47,,28:15.00,,675
78994,59,11377,,47,,28:17.00,,675
78995,61,22357,,47,,28:18.00,,675
78996,60,3460,,47,,28:29.00,,675
78997,61,8183,,47,,28:38.00,,675
78998,59,19361,,47,,28:39.00,,675
78999,43,20464,,47,,28:41.00,,675
79000,60,3371,,47,,28:41.00,,675
79001,59,2775,,47,,28:59.00,,675
79002,44,2207,,47,,29:30.00,,675
79003,61,22358,,47,,29:34.00,,675
79004,59,19525,,47,,30:08.00,,675
79005,61,1621,,47,,30:09.00,,675
79006,61,2250,,47,,30:14.00,,675
79007,59,2064,,47,,30:14.00,,675
79008,49,22359,,47,,30:21.00,,675
79009,59,2062,,47,,30:37.00,,675
79010,56,8135,,47,,30:46.00,,675
79011,43,20466,,47,,31:12.00,,675
79012,59,1674,,47,,32:03.00,,675
79013,56,19597,,47,,34:54.00,,675
79014,32,18779,,47,,36:49.00,,675
79015,60,22360,,47,,40:55.00,,675
108466,180,27637,,47,,25:30.90,,1297
108467,209,28035,,47,,25:37.80,,1297
108468,220,27150,,47,,25:41.40,,1297
108469,188,18595,,47,,25:51.60,,1297
108470,173,27634,,47,,25:53.70,,1297
108471,199,27636,,47,,25:59.60,,1297
108472,174,2083,,47,,25:59.70,,1297
108473,199,1742,,47,,26:02.70,,1297
108474,188,28036,,47,,26:07.40,,1297
108475,174,28037,,47,,26:18.90,,1297
108476,188,2087,,47,,26:21.10,,1297
108477,188,18599,,47,,26:22.40,,1297
108479,173,27642,,47,,26:29.90,,1297
108480,188,28039,,47,,26:50.50,,1297
108481,199,27648,,47,,26:54.50,,1297
108482,173,28040,,47,,27:01.90,,1297
108483,199,27647,,47,,27:05.40,,1297
108484,188,1752,,47,,27:15.80,,1297
108485,203,5065,,47,,27:17.10,,1297
108486,203,3036,,47,,27:42.40,,1297
108487,204,28041,,47,,27:44.30,,1297
108488,203,27653,,47,,27:46.50,,1297
108489,203,27638,,47,,27:51.40,,1297
108490,199,1756,,47,,27:51.60,,1297
108491,203,1751,,47,,28:07.30,,1297
108492,188,824,,47,,28:07.90,,1297
108493,176,18598,,47,,28:11.20,,1297
108494,203,28042,,47,,28:17.90,,1297
108495,209,23548,,47,,28:20.40,,1297
108496,188,18832,,47,,28:30.70,,1297
108497,188,28043,,47,,28:38.30,,1297
108498,204,18606,,47,,28:41.00,,1297
108499,180,27659,,47,,28:49.20,,1297
108500,174,28044,,47,,29:07.20,,1297
108501,176,28045,,47,,29:14.40,,1297
108502,176,27654,,47,,29:15.30,,1297
108503,204,28046,,47,,29:18.70,,1297
108504,204,23553,,47,,29:21.50,,1297
108505,203,2096,,47,,29:27.70,,1297
108506,176,27661,,47,,29:44.30,,1297
108507,203,2085,,47,,29:46.10,,1297
108508,188,852,,47,,29:47.70,,1297
108509,176,28047,,47,,29:54.90,,1297
997,188,928,,48,,33:47.70,,16
108510,188,845,,47,,30:02.70,,1297
77060,1,8,,17,,16:24.00,,660
77062,1,19404,,17,,16:50.00,,660
77064,1,18731,,17,,17:08.00,,660
77066,1,18736,,17,,17:18.00,,660
77068,1,9,,17,,18:11.00,,660
77070,1,150,,17,,18:23.00,,660
77072,1,20467,,17,,18:50.00,,660
77074,1,35,,17,,19:54.00,,660
77076,1,3522,,17,,20:25.00,,660
77077,1,245,,17,,21:28.00,,660
108511,204,27669,,47,,30:11.70,,1297
77061,1,7,,17,,16:49.00,,660
77063,1,19,,17,,16:57.00,,660
77065,1,18730,,17,,17:15.00,,660
77067,1,27,,17,,17:20.00,,660
77069,1,18732,,17,,18:22.00,,660
77071,1,18737,,17,,18:41.00,,660
77073,1,6823,,17,,19:03.00,,660
77075,1,1,,17,,20:24.00,,660
77078,1,4599,,17,,25:16.00,,660
108512,188,1773,,47,,30:20.60,,1297
108513,188,3047,,47,,30:28.60,,1297
108514,188,27670,,47,,30:42.00,,1297
108515,188,18854,,47,,30:47.90,,1297
108516,199,27676,,47,,31:15.00,,1297
108517,204,832,,47,,31:20.60,,1297
108518,188,19610,,47,,31:21.10,,1297
108519,203,22580,,47,,31:21.90,,1297
108520,209,27671,,47,,31:28.60,,1297
108521,209,28048,,47,,31:30.90,,1297
108522,188,28049,,47,,31:35.70,,1297
108523,209,27672,,47,,31:36.50,,1297
108524,199,1776,,47,,32:27.30,,1297
108525,209,27681,,47,,33:09.90,,1297
108526,209,28050,,47,,33:31.20,,1297
108527,188,27170,,47,,33:37.60,,1297
108528,209,27685,,47,,34:38.00,,1297
108529,203,1796,,47,,34:57.60,,1297
108530,203,18839,,47,,34:58.10,,1297
108531,203,18844,,47,,34:58.20,,1297
108532,204,23567,,47,,37:23.90,,1297
108533,209,27683,,47,,37:23.90,,1297
108534,173,28051,,47,,37:34.80,,1297
108535,203,1809,,48,,26:49.10,,1297
108536,176,18572,,48,,26:56.20,,1297
108537,174,27690,,48,,27:11.50,,1297
108538,209,22565,,48,,27:13.70,,1297
108539,204,27109,,48,,27:27.40,,1297
108540,204,27694,,48,,27:31.20,,1297
108541,204,23572,,48,,27:48.50,,1297
108542,203,1827,,48,,27:50.40,,1297
108543,188,919,,48,,27:51.20,,1297
108544,204,27112,,48,,27:55.30,,1297
108545,188,883,,48,,27:56.70,,1297
108546,174,1847,,48,,27:57.30,,1297
108547,220,18566,,48,,27:58.30,,1297
108548,204,931,,48,,28:04.90,,1297
108549,188,881,,48,,28:08.60,,1297
108550,204,27117,,48,,28:14.10,,1297
108551,174,2111,,48,,28:18.60,,1297
108552,188,5013,,48,,28:19.30,,1297
108553,203,18869,,48,,28:21.50,,1297
108554,188,885,,48,,28:22.40,,1297
108555,188,3543,,48,,28:36.90,,1297
108556,188,25000,,48,,28:40.90,,1297
108557,174,28052,,48,,28:42.10,,1297
108558,203,27696,,48,,28:44.40,,1297
108559,204,874,,48,,28:52.40,,1297
108560,203,1835,,48,,28:53.60,,1297
108561,174,2116,,48,,29:00.20,,1297
108562,220,23583,,48,,29:03.80,,1297
108563,203,19626,,48,,29:11.40,,1297
108564,204,28053,,48,,29:16.70,,1297
108565,174,27698,,48,,29:21.50,,1297
108566,203,18875,,48,,29:29.80,,1297
108567,204,27116,,48,,29:31.20,,1297
108568,203,28054,,48,,29:36.70,,1297
108569,176,28055,,48,,29:39.70,,1297
108570,174,18876,,48,,29:40.50,,1297
108571,174,27701,,48,,29:46.10,,1297
108572,174,3204,,48,,29:47.50,,1297
108573,174,28056,,48,,29:51.20,,1297
108574,174,28057,,48,,29:52.10,,1297
108575,176,2114,,48,,29:54.90,,1297
108576,220,28058,,48,,30:07.50,,1297
108577,188,28059,,48,,30:08.10,,1297
108578,203,27709,,48,,30:10.40,,1297
108579,173,28060,,48,,30:11.00,,1297
108580,204,18559,,48,,30:13.00,,1297
108581,204,924,,48,,30:21.40,,1297
108582,203,1855,,48,,30:26.90,,1297
108583,220,18571,,48,,30:31.90,,1297
108584,209,3055,,48,,30:35.10,,1297
108585,209,23585,,48,,30:37.60,,1297
108586,204,18564,,48,,30:47.20,,1297
108587,204,18565,,48,,30:50.70,,1297
108588,203,2124,,48,,30:57.80,,1297
108589,199,28061,,48,,30:59.30,,1297
108590,176,28062,,48,,31:06.90,,1297
108591,176,28063,,48,,31:12.10,,1297
108592,174,28064,,48,,31:13.30,,1297
108593,174,28065,,48,,31:15.70,,1297
108594,188,28066,,48,,31:16.00,,1297
108595,188,18576,,48,,31:16.00,,1297
108596,203,19637,,48,,31:38.30,,1297
108597,174,27718,,48,,31:39.30,,1297
108598,174,23580,,48,,31:41.20,,1297
108599,209,23582,,48,,31:41.80,,1297
108600,220,28067,,48,,31:45.10,,1297
108601,204,27715,,48,,31:55.10,,1297
108602,188,18567,,48,,32:02.30,,1297
108603,204,27720,,48,,32:05.40,,1297
108604,174,1882,,48,,32:13.30,,1297
108605,203,28068,,48,,32:14.50,,1297
108606,188,3855,,48,,32:15.40,,1297
108607,199,28069,,48,,32:18.20,,1297
108608,188,3547,,48,,32:24.20,,1297
108609,204,27124,,48,,32:28.10,,1297
108610,203,25923,,48,,32:44.80,,1297
108611,204,28070,,48,,32:44.90,,1297
108612,203,2123,,48,,32:49.90,,1297
108613,188,3062,,48,,32:53.00,,1297
108614,175,5002,,48,,33:00.90,,1297
108615,204,18577,,48,,33:03.70,,1297
108616,188,18901,,48,,33:17.90,,1297
108618,203,18895,,48,,33:31.30,,1297
108619,199,28072,,48,,33:34.50,,1297
108621,199,19644,,48,,33:45.30,,1297
108623,174,27734,,48,,33:50.60,,1297
108625,204,5038,,48,,34:08.10,,1297
108627,176,27733,,48,,34:42.30,,1297
108629,175,5006,,48,,34:52.60,,1297
108631,203,2141,,48,,34:56.10,,1297
108634,199,27724,,48,,35:42.00,,1297
108637,203,1849,,48,,35:44.80,,1297
108639,203,19657,,48,,35:49.50,,1297
108643,203,27738,,48,,36:01.10,,1297
108645,203,27729,,48,,36:35.00,,1297
108647,220,27137,,48,,37:06.60,,1297
108648,175,28077,,48,,37:23.20,,1297
108650,204,964,,48,,37:54.50,,1297
108652,204,2142,,48,,38:46.50,,1297
108654,220,27138,,48,,39:07.10,,1297
108656,203,2119,,48,,40:02.40,,1297
108658,203,7780,,48,,41:23.10,,1297
108659,175,28078,,48,,45:53.80,,1297
108660,139,1584,,48,,29:38.30,,1298
108662,139,27019,,48,,31:54.50,,1298
108664,139,7697,,48,,33:12.80,,1298
108667,139,7705,,17,,20:52.10,,1298
108669,139,1458,,17,,22:16.40,,1298
108672,139,26830,,17,,23:50.50,,1298
108661,139,1557,,48,,30:11.40,,1298
108663,139,1589,,48,,33:03.80,,1298
108665,139,19010,,48,,34:53.80,,1298
108666,139,28079,,48,,35:49.40,,1298
108668,139,27050,,17,,21:20.90,,1298
108670,139,1497,,17,,22:17.60,,1298
108671,139,28080,,17,,22:42.70,,1298
108673,139,26832,,17,,30:34.10,,1298
80162,15,22553,,47,,25:08.60,,677
80163,15,3240,,47,,25:10.60,,677
80164,15,3239,,47,,25:36.10,,677
80165,15,22554,,47,,25:50.80,,677
80166,15,22555,,47,,26:00.90,,677
80167,15,22556,,47,,27:43.70,,677
80168,15,3250,,47,,28:46.40,,677
80169,15,22557,,47,,29:34.80,,677
80170,15,22558,,47,,31:17.40,,677
80171,18,22559,,47,,31:53.50,,677
80172,18,22560,,47,,32:59.90,,677
80173,18,22561,,47,,38:59.30,,677
80056,11,2953,,48,,26:15.50,,677
80057,11,22515,,48,,27:09.00,,677
80058,11,22516,,48,,27:30.20,,677
80059,11,22517,,48,,27:31.90,,677
80060,11,2962,,48,,27:43.70,,677
80061,11,3265,,48,,27:49.10,,677
80062,11,2966,,48,,27:53.50,,677
80063,11,22518,,48,,27:57.20,,677
80064,11,2967,,48,,28:24.30,,677
80065,11,22519,,48,,28:26.50,,677
80066,11,2972,,48,,28:48.50,,677
80067,11,22520,,48,,28:48.70,,677
80068,11,22521,,48,,28:52.00,,677
80069,11,2949,,48,,30:01.00,,677
80070,11,4057,,48,,30:15.80,,677
80071,11,2973,,48,,30:53.10,,677
80072,11,22522,,48,,42:21.80,,677
80073,15,5137,,48,,25:57.00,,677
80074,15,6344,,48,,27:02.90,,677
80075,15,3268,,48,,27:33.30,,677
80076,15,5138,,48,,27:34.40,,677
80077,15,3276,,48,,27:39.00,,677
80078,15,3277,,48,,28:35.30,,677
80079,15,22523,,48,,29:12.90,,677
80080,15,22524,,48,,29:29.90,,677
80081,15,3285,,48,,30:42.80,,677
80082,15,4065,,48,,32:03.90,,677
80083,15,22525,,48,,32:09.20,,677
80084,15,22526,,48,,32:32.30,,677
80085,4,2946,,48,,25:02.90,,677
80086,4,91,,48,,25:11.30,,677
80087,4,22527,,48,,25:24.80,,677
80088,4,2945,,48,,25:50.90,,677
80089,4,89,,48,,25:52.50,,677
80090,4,93,,48,,25:54.90,,677
80091,4,7717,,48,,26:03.30,,677
80092,4,5173,,48,,26:04.30,,677
80093,4,22528,,48,,26:30.90,,677
80094,4,20488,,48,,26:42.10,,677
80095,4,98,,48,,26:45.00,,677
80096,4,18780,,48,,26:45.20,,677
80098,4,95,,48,,26:48.70,,677
80099,4,22529,,48,,26:55.30,,677
80100,4,2952,,48,,27:20.40,,677
80101,4,20489,,48,,27:22.00,,677
80102,4,99,,48,,27:38.10,,677
80103,4,7718,,48,,27:41.70,,677
80104,4,2963,,48,,27:42.90,,677
80105,4,20492,,48,,27:47.80,,677
80106,4,5175,,48,,27:56.30,,677
80107,4,22530,,48,,27:57.30,,677
80108,4,18781,,48,,28:04.30,,677
80109,4,2970,,48,,28:13.40,,677
80110,4,22531,,48,,28:17.60,,677
80111,4,7719,,48,,28:31.60,,677
80112,4,102,,48,,28:34.90,,677
80113,4,2959,,48,,28:38.50,,677
80114,4,20491,,48,,28:39.10,,677
80115,4,2968,,48,,28:45.90,,677
80116,4,106,,48,,28:49.80,,677
80117,4,7720,,48,,29:20.60,,677
80118,4,2965,,48,,29:22.80,,677
80119,4,2971,,48,,29:27.40,,677
80120,4,20493,,48,,29:57.40,,677
80121,4,94,,48,,29:58.90,,677
80122,4,4637,,48,,30:22.10,,677
80123,4,4638,,48,,32:07.90,,677
80124,4,20494,,48,,32:31.50,,677
80125,4,108,,48,,32:41.70,,677
80126,4,2990,,48,,37:58.40,,677
80127,4,2991,,48,,39:21.20,,677
80128,18,22532,,48,,27:43.90,,677
80129,18,22533,,48,,29:36.70,,677
80130,18,22534,,48,,30:06.50,,677
80131,18,22535,,48,,31:09.00,,677
80132,18,22536,,48,,32:40.10,,677
80133,18,22537,,48,,34:12.20,,677
80134,18,22538,,48,,35:43.10,,677
80135,18,22539,,48,,36:18.60,,677
80136,18,22540,,48,,36:39.90,,677
80137,18,22541,,48,,36:55.00,,677
80138,18,22542,,48,,43:34.40,,677
80139,4,20495,,47,,22:17.00,,677
80140,4,20496,,47,,23:00.50,,677
80141,4,2928,,47,,23:50.60,,677
80142,4,2925,,47,,24:46.70,,677
80143,4,4631,,47,,26:10.50,,677
80144,4,22543,,47,,26:24.50,,677
80145,4,22544,,47,,27:05.00,,677
80146,4,2934,,47,,27:08.80,,677
80147,4,2940,,47,,29:25.60,,677
80148,4,22545,,47,,33:30.20,,677
80149,11,6440,,47,,23:24.70,,677
80150,11,2924,,47,,24:01.20,,677
80151,11,22546,,47,,24:07.40,,677
80152,11,22547,,47,,24:58.40,,677
80153,11,2926,,47,,25:22.20,,677
80154,11,22548,,47,,25:45.40,,677
80155,11,22549,,47,,26:11.40,,677
80156,11,2931,,47,,28:16.40,,677
80157,11,4053,,47,,29:02.90,,677
80158,11,3256,,47,,30:12.30,,677
80159,15,22550,,47,,23:41.00,,677
80160,15,22551,,47,,23:42.70,,677
80161,15,22552,,47,,24:10.40,,677
80097,4,90,So,48,,26:47.20,,677
112460,40,26863,,48,,27:03.48,,1341
112461,40,23719,,48,,27:11.12,,1341
112462,40,23721,,48,,31:02.17,,1341
112463,40,28769,,48,,32:16.57,,1341
112464,40,28770,,48,,32:29.60,,1341
112465,40,23725,,48,,33:49.68,,1341
112466,40,23726,,48,,34:13.14,,1341
112467,40,26864,,48,,35:09.40,,1341
112468,40,23714,,47,,23:52.34,,1341
112469,40,23715,,47,,25:08.67,,1341
112470,40,28771,,47,,25:35.65,,1341
112471,40,26856,,47,,26:50.85,,1341
112472,40,26861,,47,,27:18.86,,1341
112473,40,28772,,47,,27:39.63,,1341
112474,40,23716,,47,,27:42.10,,1341
112475,40,28773,,47,,28:19.85,,1341
112476,40,28774,,47,,28:47.08,,1341
112477,40,26857,,47,,29:22.52,,1341
112478,40,26860,,47,,30:33.83,,1341
112479,10,28775,,47,,23:05.90,,1342
112482,10,28356,,47,,24:33.00,,1342
112486,10,28358,,47,,26:24.10,,1342
112487,10,28779,,47,,26:38.50,,1342
112489,10,28359,,47,,27:08.30,,1342
112491,10,5619,,48,,25:15.20,,1342
112493,10,22591,,48,,26:26.80,,1342
112495,10,28362,,48,,26:58.30,,1342
112498,10,22595,,48,,30:07.30,,1342
112499,10,28781,,48,,30:25.40,,1342
112500,10,28782,,48,,31:37.20,,1342
112502,19,2291,,47,,22:06.20,,1342
112505,19,23925,,47,,26:59.30,,1342
112506,19,28784,,48,,26:10.40,,1342
112507,19,28785,,48,,26:41.60,,1342
112509,19,28349,,48,,26:58.60,,1342
112510,19,28786,,48,,27:02.50,,1342
112512,19,20498,,48,,28:16.20,,1342
112513,19,28787,,48,,29:12.50,,1342
112514,19,28788,,48,,29:23.60,,1342
112538,162,27520,,47,,24:45.00,,1344
112540,162,27526,,47,,26:31.10,,1344
112542,162,27528,,47,,28:53.90,,1344
112544,162,27539,,47,,29:21.20,,1344
112547,162,27535,,47,,30:39.90,,1344
112549,162,1117,,47,,31:02.50,,1344
112551,162,1684,,47,,32:07.90,,1344
112553,162,22375,,47,,37:32.30,,1344
112555,162,3787,,48,,27:41.20,,1344
112557,162,3169,,48,,28:07.00,,1344
112559,162,27985,,48,,29:15.70,,1344
112561,162,1284,,48,,30:06.30,,1344
112563,162,27986,,48,,31:36.30,,1344
112565,162,27511,,48,,31:59.20,,1344
112567,162,27518,,48,,32:56.00,,1344
112569,162,4397,,48,,34:02.00,,1344
112571,162,1338,,48,,36:56.70,,1344
112573,118,3869,,47,,25:38.30,,1345
112480,10,28355,,47,,24:10.10,,1342
112481,10,28776,,47,,24:24.20,,1342
112483,10,22600,,47,,25:03.80,,1342
112484,10,28777,,47,,25:51.30,,1342
112485,10,28778,,47,,25:59.50,,1342
112488,10,28357,,47,,26:49.10,,1342
112490,10,2302,,48,,25:07.90,,1342
112492,10,22588,,48,,25:59.30,,1342
112494,10,22592,,48,,26:37.20,,1342
112496,10,28364,,48,,28:07.10,,1342
112497,10,28780,,48,,29:40.40,,1342
112501,19,23922,,47,,21:48.10,,1342
112503,19,28348,,47,,24:23.70,,1342
112504,19,28783,,47,,25:41.80,,1342
112508,19,2303,,48,,26:44.70,,1342
112511,19,25504,,48,,27:19.60,,1342
112515,19,2316,,48,,30:39.60,,1342
112516,19,28789,,48,,31:27.40,,1342
112536,162,1049,,47,,24:16.70,,1344
112537,162,28809,,47,,24:30.60,,1344
84511,10,22598,Fr,47,,23:45.50,,820
84512,10,22600,Fr,47,,26:29.80,,820
84513,10,2302,Jr,48,,26:05.60,,820
84514,10,22588,Fr,48,,27:52.00,,820
84515,10,22591,Fr,48,,28:16.40,,820
84516,10,22589,Fr,48,,28:44.90,,820
84517,10,22593,Fr,48,,29:02.20,,820
84518,10,5793,Sr,48,,29:15.50,,820
84519,10,22592,Fr,48,,29:39.50,,820
84520,10,2312,Sr,48,,29:54.70,,820
84521,10,5794,So,48,,30:20.30,,820
84522,10,22594,Fr,48,,30:29.60,,820
84523,10,2311,Jr,48,,32:02.20,,820
84524,10,22595,Fr,48,,32:20.00,,820
84525,10,5616,Sr,48,,32:38.30,,820
84526,10,22596,Jr,48,,34:32.80,,820
112539,162,1008,,47,,25:32.80,,1344
112541,162,27522,,47,,26:45.90,,1344
112543,162,26160,,47,,29:11.70,,1344
112545,162,27537,,47,,29:48.90,,1344
112546,162,28810,,47,,30:17.80,,1344
112548,162,27543,,47,,30:56.90,,1344
112550,162,11364,,47,,31:30.00,,1344
112552,162,11365,,47,,32:37.40,,1344
112554,162,27485,,48,,27:12.40,,1344
112556,162,27509,,48,,28:03.80,,1344
112558,162,1704,,48,,29:11.10,,1344
112560,162,1266,,48,,29:23.50,,1344
112562,162,11358,,48,,30:13.20,,1344
112564,162,27501,,48,,31:57.30,,1344
112566,162,27987,,48,,32:26.60,,1344
112568,162,27499,,48,,33:41.60,,1344
112570,162,27512,,48,,36:40.70,,1344
112572,118,11303,,48,,27:17.60,,1345
112574,118,27291,,47,,32:17.30,,1345
75347,165,384,,47,,24:18.00,,648
84527,21,23860,,47,,25:05.60,,821
84528,21,23861,,47,,28:16.00,,821
84529,21,23862,,47,,37:26.00,,821
84530,21,23863,,48,,28:04.10,,821
84531,21,23864,,48,,28:55.60,,821
84532,21,23865,,48,,29:09.30,,821
84533,21,23866,,48,,29:40.10,,821
84534,21,23867,,48,,29:55.50,,821
84535,21,23868,Sr,48,,30:47.60,,821
84536,21,23869,,48,,30:48.50,,821
84537,21,23870,,48,,33:33.70,,821
84538,21,23871,,48,,34:43.10,,821
84539,21,23872,Jr,48,,35:19.70,,821
112517,231,28790,,47,,24:56.60,,1343
112518,231,28791,,47,,27:29.00,,1343
112519,231,28792,,47,,27:29.20,,1343
112520,231,28793,,47,,27:48.00,,1343
112521,231,28794,,47,,27:54.30,,1343
112522,231,28795,,47,,28:56.30,,1343
112523,231,28796,,47,,29:47.10,,1343
112524,231,28797,,47,,29:54.70,,1343
112525,231,28798,,47,,29:55.90,,1343
112526,231,28799,,47,,32:27.70,,1343
112527,231,28800,,47,,32:42.00,,1343
112528,231,28801,,47,,32:59.40,,1343
112529,231,28802,,48,,29:04.30,,1343
112530,231,28803,,48,,29:48.30,,1343
112531,231,28804,,48,,32:43.00,,1343
112532,231,28805,,48,,34:51.90,,1343
112533,231,28806,,48,,38:15.40,,1343
112534,231,28807,,48,,40:18.10,,1343
112535,231,28808,,48,,40:20.20,,1343
1312,169,1198,,48,,27:31.00,,19
3094,169,1198,,48,,26:27.26,,40
5031,169,1198,,48,,29:20.50,,61
7110,169,1198,,48,Freshman/Sophomore,27:25.08,,71
78896,58,2211,,48,,30:22.00,,675
78845,44,25549,,48,,27:23.00,,675
109795,1,18726,Sr,17,,19:16.60,,1302
109796,1,2,Sr,48,,24:31.50,,1302
109797,1,27183,Fr,48,,25:25.10,,1302
109798,1,7,Sr,48,,25:52.80,,1302
109799,1,8,Jr,48,,26:34.90,,1302
109800,1,27953,,48,,26:36.90,,1302
109801,1,9,Sr,48,,26:47.80,,1302
109803,1,27,Sr,48,,27:07.20,,1302
109802,1,19,Jr,48,,27:01.90,,1302
79444,158,16141,,48,,33:05.90,,676
79445,132,758,,48,,33:06.80,,676
79446,164,18997,,48,,33:06.80,,676
79447,158,21482,,48,,33:08.60,,676
79448,130,2450,,48,,33:09.60,,676
79449,141,22403,,48,,33:10.60,,676
79450,141,2181,,48,,33:11.60,,676
79451,158,2463,,48,,33:12.40,,676
79452,156,21207,,48,,33:15.10,,676
79453,146,1364,,48,,33:18.80,,676
79454,141,22404,,48,,33:19.30,,676
79455,167,19394,,48,,33:28.10,,676
79456,169,11359,,48,,33:28.20,,676
79457,161,22405,,48,,33:35.40,,676
79458,167,19396,,48,,33:36.30,,676
79459,146,11419,,48,,33:38.00,,676
79460,164,786,,48,,33:39.00,,676
79461,158,2487,,48,,33:39.10,,676
79462,156,21210,,48,,33:40.10,,676
79463,152,16142,,48,,33:42.80,,676
79464,137,5408,,48,,33:44.20,,676
79465,146,1697,,48,,33:44.50,,676
79466,130,16129,,48,,33:53.20,,676
79467,147,3167,,48,,33:57.80,,676
79468,146,1382,,48,,33:57.90,,676
79469,156,2368,,48,,34:02.40,,676
79470,159,753,,48,,34:03.90,,676
79471,167,19006,,48,,34:12.80,,676
79472,165,21205,,48,,34:16.90,,676
79473,161,2367,,48,,34:23.60,,676
79474,138,4704,,48,,34:24.00,,676
79475,147,22406,,48,,34:27.60,,676
79476,164,2743,,48,,34:28.90,,676
79477,137,16143,,48,,34:30.30,,676
79478,147,22407,,48,,34:34.60,,676
79479,162,1366,,48,,34:47.00,,676
79480,169,7644,,48,,34:57.50,,676
79016,138,2380,,47,,22:54.60,,676
79017,169,20764,,47,,22:57.30,,676
79018,164,575,,47,,23:03.20,,676
79019,147,19490,,47,,23:16.30,,676
79020,165,384,,47,,23:19.60,,676
79021,167,18922,,47,,23:21.00,,676
79022,146,994,,47,,23:35.70,,676
79023,162,11360,,47,,23:37.90,,676
79024,132,2699,,47,,23:38.70,,676
79025,147,19491,,47,,23:40.90,,676
79026,130,2385,,47,,23:49.20,,676
79027,139,7704,,47,,23:53.70,,676
79028,167,617,,47,,23:54.10,,676
79029,164,574,,47,,23:55.90,,676
79030,167,577,,47,,24:00.40,,676
79031,138,2386,,47,,24:02.10,,676
79032,158,4665,,47,,24:02.20,,676
79033,161,2321,,47,,24:03.50,,676
79034,147,1676,,47,,24:04.30,,676
79035,162,1049,,47,,24:05.90,,676
79036,167,570,,47,,24:10.30,,676
79037,146,1021,,47,,24:13.20,,676
79038,159,16153,,47,,24:14.90,,676
79039,165,21208,,47,,24:18.40,,676
79040,159,583,,47,,24:30.60,,676
79041,138,16154,,47,,24:35.50,,676
79042,139,7705,,47,,24:35.70,,676
79043,164,573,,47,,24:35.80,,676
79044,164,18923,,47,,24:39.70,,676
79045,167,19367,,47,,24:40.30,,676
79046,164,594,,47,,24:41.70,,676
79047,164,4117,,47,,24:43.70,,676
79048,161,22361,,47,,24:44.40,,676
79049,159,2700,,47,,24:44.90,,676
79050,161,18052,,47,,24:49.00,,676
79051,164,620,,47,,24:52.80,,676
79052,164,606,,47,,24:57.50,,676
79053,157,20403,,47,,24:57.70,,676
79054,167,580,,47,,24:58.70,,676
79055,158,16156,,47,,25:00.70,,676
79056,164,578,,47,,25:01.80,,676
79057,167,3000,,47,,25:02.40,,676
79058,167,18929,,47,,25:03.70,,676
79059,164,18928,,47,,25:04.50,,676
79060,147,2323,,47,,25:13.50,,676
79061,141,22362,,47,,25:16.50,,676
79062,146,1033,,47,,25:17.20,,676
79063,146,1046,,47,,25:17.40,,676
79064,161,22363,,47,,25:21.40,,676
79065,146,11425,,47,,25:23.60,,676
79066,147,3102,,47,,25:29.10,,676
79067,159,22364,,47,,25:31.60,,676
79068,146,1016,,47,,25:36.60,,676
79069,165,385,,47,,25:39.10,,676
79070,146,1071,,47,,25:41.30,,676
79071,164,3002,,47,,25:43.50,,676
79072,138,604,,47,,25:44.40,,676
79073,147,22365,,47,,25:50.60,,676
79074,159,16161,,47,,25:57.80,,676
79075,146,1004,,47,,26:04.10,,676
79076,167,621,,47,,26:06.80,,676
79077,158,16160,,47,,26:08.00,,676
79078,146,1060,,47,,26:09.70,,676
79079,130,2387,,47,,26:10.50,,676
79080,130,18933,,47,,26:11.50,,676
79081,167,18931,,47,,26:17.30,,676
79082,161,2322,,47,,26:18.10,,676
79083,158,2390,,47,,26:18.70,,676
79084,158,2400,,47,,26:22.90,,676
79085,161,2335,,47,,26:23.20,,676
79086,169,3104,,47,,26:24.00,,676
79087,138,20405,,47,,26:25.60,,676
79088,169,4241,,47,,26:29.50,,676
79089,158,16164,,47,,26:32.20,,676
79090,164,18932,,47,,26:34.90,,676
79091,158,2406,,47,,26:35.70,,676
79092,164,626,,47,,26:36.80,,676
79093,164,18938,,47,,26:37.20,,676
79094,137,623,,47,,26:38.40,,676
79095,167,5203,,47,,26:40.50,,676
79096,159,16159,,47,,26:41.20,,676
79097,164,3098,,47,,26:42.00,,676
79098,132,2705,,47,,26:44.70,,676
79099,132,587,,47,,26:53.90,,676
79100,138,3100,,47,,27:02.00,,676
79101,146,1050,,47,,27:02.60,,676
79102,162,1098,,47,,27:03.40,,676
79103,146,11427,,47,,27:03.80,,676
79104,146,11432,,47,,27:07.10,,676
79105,164,3116,,47,,27:12.40,,676
79106,146,1080,,47,,27:16.10,,676
79107,146,11431,,47,,27:26.50,,676
79108,158,16165,,47,,27:26.90,,676
79109,138,5685,,47,,27:35.30,,676
79110,162,22366,,47,,27:38.00,,676
79111,146,1055,,47,,27:38.40,,676
79112,152,22367,,47,,27:40.00,,676
79113,146,1075,,47,,27:45.10,,676
79114,162,3115,,47,,27:45.90,,676
79115,158,2401,,47,,27:47.20,,676
79116,167,655,,47,,27:53.20,,676
79117,146,1057,,47,,27:58.50,,676
79118,158,21481,,47,,28:02.70,,676
79119,159,22368,,47,,28:03.70,,676
79120,164,18935,,47,,28:04.70,,676
79121,158,2894,,47,,28:15.70,,676
79122,132,612,,47,,28:19.30,,676
79123,158,16167,,47,,28:19.70,,676
79124,158,2403,,47,,28:20.70,,676
79125,162,22369,,47,,28:22.50,,676
79126,162,1078,,47,,28:27.60,,676
79127,146,1097,,47,,28:28.80,,676
79128,131,1092,,47,,28:37.70,,676
79129,130,18943,,47,,28:37.80,,676
79130,158,2404,,47,,28:39.00,,676
79131,137,16166,,47,,28:41.30,,676
79132,130,2409,,47,,28:45.60,,676
79133,169,2426,,47,,28:47.90,,676
79134,152,2415,,47,,28:48.10,,676
79135,146,1043,,47,,28:49.40,,676
79136,161,2333,,47,,28:52.10,,676
79137,141,22370,,47,,28:56.30,,676
79138,167,18948,,47,,28:57.80,,676
79139,162,1122,,47,,28:58.60,,676
79140,162,1108,,47,,29:01.20,,676
79141,164,22371,,47,,29:01.90,,676
79142,164,22372,,47,,29:02.10,,676
79143,169,2420,,47,,29:02.10,,676
79144,162,1101,,47,,29:02.80,,676
79145,167,638,,47,,29:12.40,,676
79146,152,2418,,47,,29:12.90,,676
79147,159,4669,,47,,29:20.30,,676
79148,159,650,,47,,29:22.60,,676
79149,158,16168,,47,,29:34.30,,676
79150,169,11362,,47,,29:41.40,,676
79151,162,1117,,47,,29:43.20,,676
79152,146,11448,,47,,29:50.20,,676
79153,159,648,,47,,29:53.50,,676
79154,159,2712,,47,,29:55.30,,676
79155,138,22373,,47,,30:03.60,,676
79156,157,5679,,47,,30:04.80,,676
79157,152,16171,,47,,30:13.40,,676
79158,137,16169,,47,,30:14.60,,676
79159,158,5344,,47,,30:15.70,,676
79160,141,1076,,47,,30:16.80,,676
79161,164,4223,,47,,30:17.10,,676
79162,146,1128,,47,,30:18.10,,676
79163,137,2405,,47,,30:24.40,,676
79164,159,643,,47,,30:27.10,,676
79165,147,3097,,47,,30:28.00,,676
79166,137,662,,47,,30:29.80,,676
79167,137,22374,,47,,30:30.70,,676
79168,146,11446,,47,,30:39.90,,676
79169,146,11445,,47,,30:40.00,,676
79170,164,4115,,47,,30:40.60,,676
79171,158,16173,,47,,30:42.60,,676
79172,162,11364,,47,,30:47.30,,676
79173,156,2334,,47,,30:56.30,,676
79174,159,5682,,47,,31:07.10,,676
79175,167,632,,47,,31:07.60,,676
79176,158,2416,,47,,31:13.40,,676
79177,162,11365,,47,,31:14.50,,676
79178,158,4251,,47,,31:34.00,,676
79179,138,2429,,47,,31:35.00,,676
79180,146,1102,,47,,31:38.70,,676
79181,152,2423,,47,,31:39.80,,676
79182,152,16176,,47,,31:45.20,,676
79183,152,16177,,47,,32:04.10,,676
79184,162,2684,,47,,32:17.20,,676
79185,162,22375,,47,,32:33.20,,676
79186,158,2428,,47,,33:12.50,,676
79187,158,2412,,47,,33:25.80,,676
79188,158,22376,,47,,33:25.90,,676
79189,165,391,,47,,33:56.60,,676
79190,167,18925,,47,,34:02.60,,676
79191,167,663,,47,,34:03.30,,676
79192,167,652,,47,,34:04.70,,676
79193,130,18960,,47,,34:31.40,,676
79194,146,1135,,47,,34:36.80,,676
79195,167,2534,,47,,35:00.60,,676
79196,158,4252,,47,,35:09.80,,676
79197,146,1154,,47,,35:57.80,,676
79198,138,3110,,47,,36:02.70,,676
79199,138,3131,,47,,36:02.70,,676
79200,152,3126,,47,,36:32.90,,676
79201,146,1144,,47,,37:08.80,,676
79202,158,2421,,47,,38:11.10,,676
79204,152,2431,,47,,40:00.30,,676
79205,130,2722,,47,,40:20.00,,676
79206,162,2683,,47,,44:46.50,,676
79207,152,22377,,47,,47:38.00,,676
79210,167,2584,,48,,25:28.20,,676
79211,147,22378,,48,,25:28.30,,676
79213,167,673,,48,,25:46.80,,676
79214,164,22379,,48,,25:52.70,,676
79218,169,20765,,48,,26:01.00,,676
79219,164,683,,48,,26:01.70,,676
79220,169,1198,,48,,26:03.10,,676
79222,138,2471,,48,,26:11.90,,676
79223,132,18965,,48,,26:14.90,,676
79224,165,399,,48,,26:16.90,,676
79225,162,11355,,48,,26:18.60,,676
79227,159,706,,48,,26:26.40,,676
79228,158,2437,,48,,26:28.00,,676
79203,169,1153,,47,,39:00.50,,676
79212,164,18961,Fr,48,,25:44.40,,676
79217,167,467,So,48,,26:00.70,,676
79216,167,669,So,48,,25:58.00,,676
79221,168,671,Sr,48,,26:08.00,,676
79215,167,680,Sr,48,,25:53.40,,676
79229,146,11379,Fr,48,,26:29.00,,676
79230,164,700,,48,,26:32.00,,676
79233,147,1701,,48,,26:39.00,,676
79235,146,11381,,48,,26:41.40,,676
79236,146,2688,,48,,26:44.60,,676
79237,164,689,,48,,26:49.10,,676
79239,162,3789,,48,,26:51.70,,676
79240,165,393,,48,,26:53.30,,676
79241,164,18964,,48,,26:54.50,,676
79243,167,696,,48,,26:55.40,,676
79244,159,16117,,48,,26:56.60,,676
79246,159,4368,,48,,27:08.60,,676
79247,146,20451,,48,,27:09.10,,676
79248,132,699,,48,,27:10.40,,676
79249,164,18979,,48,,27:12.00,,676
79250,146,11380,,48,,27:12.60,,676
79251,162,3169,,48,,27:18.80,,676
79252,167,695,,48,,27:19.10,,676
79253,159,674,,48,,27:19.50,,676
79254,158,2896,,48,,27:25.40,,676
79255,146,1188,,48,,27:25.40,,676
79256,158,2438,,48,,27:28.10,,676
79257,167,22381,,48,,27:30.10,,676
79258,161,2360,,48,,27:30.80,,676
79259,167,18971,,48,,27:33.00,,676
79260,162,22382,,48,,27:33.70,,676
79261,167,685,,48,,27:35.60,,676
79262,167,681,,48,,27:36.00,,676
79263,169,20766,,48,,27:37.80,,676
79264,161,22383,,48,,27:41.40,,676
79265,146,1216,,48,,27:41.60,,676
79266,164,18963,,48,,27:42.10,,676
79267,167,19380,,48,,27:43.00,,676
79268,164,747,,48,,27:43.80,,676
79269,159,2173,,48,,27:43.90,,676
79270,167,710,,48,,27:44.70,,676
79271,158,16114,,48,,27:50.70,,676
79273,132,18990,,48,,27:51.70,,676
79274,167,704,,48,,27:52.80,,676
79275,147,19487,,48,,27:56.30,,676
79276,162,3787,,48,,27:57.40,,676
79277,161,2344,,48,,27:58.40,,676
79278,161,3134,,48,,28:00.00,,676
79279,167,19381,,48,,28:01.40,,676
79280,164,691,,48,,28:02.80,,676
79281,162,4397,,48,,28:04.40,,676
79282,158,16124,,48,,28:06.20,,676
79283,146,11385,,48,,28:07.40,,676
79284,160,2445,,48,,28:08.00,,676
79285,169,1295,,48,,28:09.20,,676
79286,167,19384,,48,,28:09.90,,676
79287,162,1179,,48,,28:09.90,,676
79288,147,1702,,48,,28:10.60,,676
79289,139,7694,,48,,28:11.50,,676
79290,160,1213,,48,,28:16.10,,676
79292,165,394,,48,,28:17.90,,676
79293,169,2442,,48,,28:19.20,,676
79294,167,742,,48,,28:21.20,,676
79295,167,717,,48,,28:21.30,,676
79296,167,5230,,48,,28:23.00,,676
79297,159,22384,,48,,28:24.40,,676
79298,162,1704,,48,,28:29.60,,676
79299,146,22385,,48,,28:32.90,,676
79300,147,22386,,48,,28:33.80,,676
79301,146,1208,,48,,28:34.50,,676
79302,159,2177,,48,,28:36.20,,676
79303,146,11384,,48,,28:36.70,,676
79304,167,18977,,48,,28:37.40,,676
79305,130,3142,,48,,28:37.80,,676
79306,137,735,,48,,28:43.90,,676
79307,131,1231,,48,,28:44.30,,676
79308,146,1703,,48,,28:45.40,,676
79309,162,22387,,48,,28:46.10,,676
79310,159,2176,,48,,28:47.40,,676
79311,132,18969,,48,,28:50.80,,676
79312,162,1289,,48,,28:54.50,,676
79314,165,2174,,48,,28:57.90,,676
79315,161,2349,,48,,28:59.30,,676
79316,159,22388,,48,,29:00.60,,676
79318,141,3139,,48,,29:01.60,,676
79319,146,19479,,48,,29:03.60,,676
79320,159,705,,48,,29:06.30,,676
79321,147,22389,,48,,29:07.50,,676
79322,132,18968,,48,,29:08.70,,676
79323,130,2453,,48,,29:10.70,,676
79324,162,1324,,48,,29:11.10,,676
79325,162,19496,,48,,29:11.30,,676
79326,167,2539,,48,,29:11.50,,676
79327,159,714,,48,,29:13.30,,676
79328,164,709,,48,,29:18.00,,676
79329,167,3015,,48,,29:18.20,,676
79330,156,2350,,48,,29:20.60,,676
79331,164,731,,48,,29:21.60,,676
79332,132,678,,48,,29:22.80,,676
79333,167,19386,,48,,29:23.80,,676
79334,159,20431,,48,,29:24.20,,676
79335,169,22390,,48,,29:31.30,,676
79336,132,18980,,48,,29:31.70,,676
79291,159,5708,,48,,28:17.80,,676
79317,139,1557,So,48,,29:01.10,,676
79234,167,466,Jr,48,,26:41.40,,676
79313,168,732,Jr,48,,28:54.90,,676
79272,146,1205,,48,,27:51.50,,676
79238,159,676,Jr,48,,26:50.80,,676
79232,146,1195,,48,,26:36.70,,676
79338,169,7641,,48,,29:32.90,,676
79339,164,18976,,48,,29:33.10,,676
79340,159,16118,,48,,29:35.20,,676
79341,158,2899,,48,,29:36.50,,676
79342,158,2456,,48,,29:37.60,,676
79343,165,2170,,48,,29:38.60,,676
79344,167,10999,,48,,29:39.30,,676
79345,162,1266,,48,,29:40.10,,676
79347,146,11400,,48,,29:41.20,,676
79348,159,16115,,48,,29:41.50,,676
79349,169,4732,,48,,29:42.80,,676
79350,146,1306,,48,,29:44.10,,676
79351,165,397,,48,,29:44.10,,676
79352,159,16119,,48,,29:45.10,,676
79353,130,16113,,48,,29:45.40,,676
79354,167,734,,48,,29:45.50,,676
79355,158,2897,,48,,29:46.50,,676
79356,160,11408,,48,,29:46.70,,676
79357,160,2460,,48,,29:51.60,,676
79358,162,22391,,48,,29:52.80,,676
79359,146,1257,,48,,29:54.40,,676
79360,146,1251,,48,,29:55.00,,676
79361,132,3153,,48,,29:57.60,,676
79362,167,702,,48,,30:01.00,,676
79363,164,18992,,48,,30:01.60,,676
79364,162,11357,,48,,30:03.20,,676
79365,158,16123,,48,,30:04.20,,676
79366,165,22392,,48,,30:04.20,,676
79367,160,1319,,48,,30:04.40,,676
79368,146,11390,,48,,30:08.90,,676
79369,146,11386,,48,,30:15.80,,676
79370,147,19488,,48,,30:19.70,,676
79371,167,19387,,48,,30:21.30,,676
79372,146,11405,,48,,30:21.70,,676
79373,167,760,,48,,30:25.20,,676
79375,158,2900,,48,,30:32.30,,676
79376,130,2464,,48,,30:34.30,,676
79377,162,22393,,48,,30:34.90,,676
79378,146,1275,,48,,30:35.30,,676
79379,147,1705,,48,,30:37.00,,676
79380,162,3790,,48,,30:37.90,,676
79381,162,1284,,48,,30:38.70,,676
79382,147,3147,,48,,30:39.70,,676
79383,167,19002,,48,,30:40.00,,676
79384,167,3011,,48,,30:41.10,,676
79385,146,11383,,48,,30:41.60,,676
79386,164,2730,,48,,30:41.90,,676
79387,159,16131,,48,,30:43.10,,676
79388,164,728,,48,,30:43.90,,676
79389,132,18994,,48,,30:45.60,,676
79390,138,722,,48,,30:49.40,,676
79391,131,1241,,48,,30:49.40,,676
79392,160,22394,,48,,30:52.90,,676
79393,139,1584,,48,,30:55.80,,676
79394,152,3144,,48,,30:58.50,,676
79395,158,2473,,48,,31:02.50,,676
79396,162,11358,,48,,31:03.50,,676
79397,159,2168,,48,,31:05.80,,676
79398,137,4700,,48,,31:06.00,,676
79399,147,22395,,48,,31:06.10,,676
79400,146,1321,,48,,31:08.50,,676
79401,159,2184,,48,,31:11.30,,676
79402,161,22396,,48,,31:12.10,,676
79403,141,22397,,48,,31:13.80,,676
79404,146,3699,,48,,31:14.90,,676
79405,158,2474,,48,,31:16.60,,676
79406,141,1401,,48,,31:18.00,,676
79407,165,2179,,48,,31:19.00,,676
79408,131,11397,,48,,31:21.70,,676
79409,147,22398,,48,,31:23.50,,676
79410,152,3154,,48,,31:24.80,,676
79411,146,1299,,48,,31:25.70,,676
79412,159,16140,,48,,31:26.40,,676
79413,156,3151,,48,,31:29.00,,676
79415,162,1338,,48,,31:38.50,,676
79416,167,711,,48,,31:39.00,,676
79417,159,22399,,48,,31:42.00,,676
79418,162,21234,,48,,31:44.20,,676
79419,132,22400,,48,,31:44.30,,676
79420,156,22401,,48,,31:45.30,,676
79421,164,19001,,48,,31:45.40,,676
79422,164,18710,,48,,31:48.70,,676
79423,158,2467,,48,,31:51.80,,676
79424,156,2363,,48,,31:54.40,,676
79425,159,16133,,48,,31:57.10,,676
79426,147,2355,,48,,31:59.00,,676
79428,158,16135,,48,,32:09.20,,676
79429,167,2626,,48,,32:09.50,,676
79430,159,19000,,48,,32:11.60,,676
79431,159,16146,,48,,32:13.30,,676
79432,167,740,,48,,32:16.20,,676
79433,158,2469,,48,,32:17.30,,676
79434,169,4735,,48,,32:23.00,,676
79435,167,2608,,48,,32:24.20,,676
79436,152,2465,,48,,32:27.40,,676
79437,146,1325,,48,,32:33.70,,676
79438,137,22402,,48,,32:42.30,,676
79439,164,4433,,48,,32:49.00,,676
79440,137,4702,,48,,32:50.60,,676
79441,137,784,,48,,32:54.50,,676
79442,152,16139,,48,,32:55.60,,676
79443,146,1341,,48,,32:58.90,,676
79337,146,1254,,48,,29:31.70,,676
79374,167,5220,Sr,48,,30:27.10,,676
79346,167,743,Jr,48,,29:40.30,,676
79481,130,19014,,48,,34:59.80,,676
79482,159,20443,,48,,35:21.40,,676
79483,160,11421,,48,,35:24.10,,676
79484,167,19005,,48,,35:26.50,,676
79485,146,1415,,48,,35:28.10,,676
79486,167,19013,,48,,35:36.00,,676
79487,167,19012,,48,,35:40.50,,676
79488,137,799,,48,,35:45.30,,676
79489,152,22408,,48,,35:55.80,,676
79490,137,787,,48,,36:08.70,,676
79491,152,4719,,48,,36:29.30,,676
79492,130,2478,,48,,36:44.80,,676
79493,130,2468,,48,,36:45.40,,676
79494,159,16147,,48,,37:05.50,,676
79495,160,11422,,48,,37:29.00,,676
79496,169,1379,,48,,37:36.90,,676
79497,164,801,,48,,37:40.30,,676
79498,141,22409,,48,,37:47.00,,676
79499,137,22410,,48,,37:57.50,,676
79500,158,2481,,48,,38:09.10,,676
79501,159,3175,,48,,38:09.80,,676
79502,167,790,,48,,38:35.90,,676
79503,131,1370,,48,,38:51.50,,676
79504,137,804,,48,,39:09.60,,676
79505,146,1437,,48,,39:43.70,,676
79506,152,16148,,48,,41:31.10,,676
79507,162,1411,,48,,41:39.90,,676
79508,138,22411,,48,,41:47.70,,676
79509,138,22412,,48,,41:48.60,,676
79510,162,3500,,48,,44:48.50,,676
79511,162,1428,,48,,45:28.80,,676
79512,162,19498,,48,,46:06.30,,676
79513,130,22413,,48,,46:15.20,,676
80174,96,18758,,47,,21:57.80,,678
80175,96,357,,47,,24:20.30,,678
80176,96,358,,47,,25:08.60,,678
80177,96,4655,,47,,25:31.60,,678
80178,96,1489,,47,,25:54.80,,678
80179,96,3431,,47,,27:30.80,,678
80180,96,7162,,47,,27:41.50,,678
80181,96,360,,47,,27:44.80,,678
80183,96,2492,,48,,26:49.30,,678
80184,96,18744,,48,,27:51.70,,678
80185,96,370,,48,,28:00.30,,678
80186,96,368,,48,,28:43.60,,678
80187,96,3437,,48,,28:44.70,,678
80188,96,2493,,48,,28:45.10,,678
80189,96,18747,,48,,30:06.90,,678
80190,96,371,,48,,30:10.50,,678
80191,96,18748,,48,,30:23.70,,678
80192,96,5421,,48,,33:47.70,,678
80193,96,375,,48,,35:10.70,,678
80326,85,3440,,48,,28:12.40,,683
80327,85,22586,,48,,29:54.30,,683
80328,95,7995,,48,,30:09.60,,683
80329,85,11290,,48,,30:23.70,,683
80330,95,5582,,48,,30:49.10,,683
80331,85,2641,,48,,31:13.00,,683
80332,85,11292,,48,,31:33.40,,683
80333,95,7997,,48,,34:22.00,,683
80334,95,5585,,48,,34:53.90,,683
80335,95,5569,,48,,37:38.90,,683
80336,95,22587,,17,,23:18.40,,683
83028,11,2947,Gr,48,,25:51.70,,774
83040,4,90,So,48,,26:34.70,,774
83025,15,23486,,48,,25:24.20,,774
83026,14,23487,,48,,25:37.50,,774
83029,14,23488,,48,,26:02.70,,774
83031,15,5137,,48,,26:10.50,,774
83033,11,22515,,48,,26:13.80,,774
83036,4,89,,48,,26:25.70,,774
83038,4,20488,,48,,26:31.80,,774
83042,17,4191,,48,,26:36.60,,774
83044,19,5158,,48,,26:44.20,,774
83046,4,2959,,48,,26:55.20,,774
83048,11,22517,,48,,26:55.80,,774
83050,19,2309,,48,,26:57.30,,774
83054,4,7718,,48,,27:05.60,,774
83056,4,7719,,48,,27:05.80,,774
83058,4,18780,,48,,27:11.40,,774
83060,15,3268,,48,,27:24.20,,774
83062,4,22527,,48,,27:43.60,,774
83064,17,3267,,48,,27:46.40,,774
83065,14,23492,,48,,27:50.00,,774
83067,11,22516,,48,,27:52.70,,774
83069,4,22528,,48,,28:00.70,,774
83071,4,20492,,48,,28:05.10,,774
83074,19,2306,,48,,28:13.50,,774
83076,4,2965,,48,,28:25.20,,774
83078,4,2954,,48,,28:29.90,,774
83081,19,5171,,48,,28:34.10,,774
83083,15,3285,,48,,28:38.80,,774
83087,17,4185,,48,,28:51.90,,774
83088,17,23497,,48,,28:55.20,,774
83091,15,6974,,48,,29:20.00,,774
83951,15,23486,,48,,24:59.20,,677
83952,40,23713,,47,,23:38.00,,816
83953,40,23714,,47,,24:18.40,,816
83954,40,7715,,47,,24:41.00,,816
83955,40,3490,,47,,25:09.90,,816
83956,40,23715,,47,,25:50.60,,816
83957,40,3489,,47,,26:35.90,,816
83958,40,23716,,47,,27:47.90,,816
83959,40,23717,,47,,34:24.60,,816
83960,40,23718,,48,,27:45.50,,816
83961,40,23719,,48,,28:28.40,,816
83962,40,3493,,48,,29:19.50,,816
83963,40,23720,,48,,30:07.90,,816
83964,40,7022,,48,,31:46.60,,816
83965,40,23721,,48,,31:58.60,,816
83966,40,23722,,48,,32:45.60,,816
83967,40,23723,,48,,32:53.30,,816
83968,40,7716,,48,,33:21.00,,816
83969,40,23724,,48,,33:40.30,,816
83970,40,23725,,48,,35:00.30,,816
83971,40,23726,,48,,37:19.80,,816
83972,40,23727,,48,,40:35.30,,816
83027,4,2946,,48,,25:47.70,,774
83030,4,95,,48,,26:05.50,,774
83032,19,2303,,48,,26:11.10,,774
83034,4,93,,48,,26:20.10,,774
83035,4,23489,,48,,26:24.20,,774
83037,4,7717,,48,,26:28.20,,774
83039,11,2953,,48,,26:33.00,,774
83041,4,2945,,48,,26:35.40,,774
83043,15,6344,,48,,26:38.20,,774
83045,15,5138,,48,,26:53.40,,774
83047,11,3265,,48,,26:55.50,,774
83049,4,20489,,48,,26:57.20,,774
83051,4,18781,,48,,27:01.70,,774
83052,16,23490,,48,,27:02.70,,774
83055,4,5175,,48,,27:05.60,,774
83057,15,3276,,48,,27:10.70,,774
83059,4,2952,,48,,27:12.60,,774
83061,11,2962,,48,,27:33.30,,774
83085,4,7720,,48,,28:47.10,,774
83063,4,2970,,48,,27:44.10,,774
83066,17,4205,,48,,27:52.50,,774
83068,11,22519,,48,,27:53.30,,774
83070,11,22518,,48,,28:01.50,,774
83072,4,99,,48,,28:06.00,,774
83073,14,23493,,48,,28:11.10,,774
83075,15,3277,,48,,28:23.70,,774
83077,11,2967,,48,,28:27.20,,774
83079,4,106,,48,,28:30.00,,774
83080,16,23494,,48,,28:31.20,,774
83082,15,22524,,48,,28:35.60,,774
83084,15,22523,,48,,28:39.30,,774
83086,15,23496,,48,,28:50.30,,774
83089,16,3297,,48,,28:58.90,,774
83090,19,23498,,48,,29:00.40,,774
83092,11,2972,,48,,29:24.60,,774
83093,15,23499,,48,,29:37.10,,774
83094,16,3280,,48,,29:43.70,,774
83095,11,2973,,48,,29:46.60,,774
83096,4,4637,,48,,29:50.40,,774
83097,17,4640,,48,,29:53.40,,774
83098,17,18288,,48,,30:09.20,,774
83099,4,91,,48,,30:10.50,,774
83100,4,20494,,48,,30:51.60,,774
83101,15,4065,,48,,31:01.00,,774
83102,15,3279,,48,,31:01.30,,774
83103,226,23500,,48,,31:14.30,,774
83104,11,2982,,48,,31:16.80,,774
83105,11,2949,,48,,31:17.50,,774
83106,15,22525,,48,,31:18.00,,774
83107,11,4057,,48,,31:24.60,,774
83108,11,2975,,48,,31:26.00,,774
83109,4,4638,,48,,31:38.70,,774
83110,4,108,,48,,31:39.60,,774
83111,11,23501,,48,,31:44.50,,774
83112,15,23502,,48,,31:59.00,,774
83113,17,3302,,48,,32:16.10,,774
83114,16,3295,,48,,32:23.80,,774
83115,16,23503,,48,,32:41.40,,774
83116,226,23504,,48,,32:53.10,,774
83117,226,23505,,48,,32:57.50,,774
83118,17,3296,,48,,33:01.10,,774
83119,226,23506,,48,,33:30.60,,774
83120,20,3309,,48,,33:35.90,,774
83121,20,23507,,48,,33:39.20,,774
83122,16,23508,,48,,33:47.40,,774
83123,226,23509,,48,,33:47.80,,774
83124,11,23510,,48,,33:53.90,,774
83125,17,4194,,48,,33:59.10,,774
83126,14,23511,,48,,34:16.70,,774
83127,15,23512,,48,,34:41.30,,774
83128,226,23513,,48,,34:57.90,,774
83129,15,23514,,48,,35:09.80,,774
83130,16,23515,,48,,35:20.30,,774
83131,15,23516,,48,,35:34.20,,774
83132,16,3292,,48,,35:42.50,,774
83133,11,23517,,48,,36:50.60,,774
83134,16,23518,,48,,38:19.40,,774
83135,15,23519,,48,,38:53.50,,774
83136,15,23520,,48,,39:34.00,,774
83137,20,3307,,48,,40:05.40,,774
83138,15,3311,,48,,40:17.70,,774
83139,16,23521,,48,,41:06.00,,774
83140,20,23522,,48,,47:44.10,,774
83142,4,20495,,47,,22:22.10,,774
83143,4,20496,,47,,23:02.60,,774
83144,11,2924,,47,,23:30.20,,774
83145,15,23524,,47,,23:51.30,,774
83146,4,2925,,47,,23:56.10,,774
83147,4,2928,,47,,23:58.20,,774
83148,11,2926,,47,,24:09.30,,774
83149,15,22553,,47,,24:24.90,,774
83150,19,2299,,47,,24:35.40,,774
83151,15,3237,,47,,24:40.80,,774
83152,15,22554,,47,,24:53.10,,774
83153,15,3240,,47,,25:02.60,,774
83154,11,22546,,47,,25:07.30,,774
83155,17,18297,,47,,25:09.00,,774
83156,15,3238,,47,,25:24.00,,774
83157,16,3236,,47,,25:27.10,,774
83158,16,3235,,47,,25:35.90,,774
83159,226,23525,,47,,25:40.60,,774
83160,4,4631,,47,,25:55.00,,774
83161,4,23526,,47,,25:58.30,,774
83162,11,3243,,47,,26:02.20,,774
83163,11,22549,,47,,26:06.00,,774
83164,11,23527,,47,,26:07.70,,774
83165,4,2934,,47,,26:16.20,,774
83166,17,23528,,47,,26:25.20,,774
83167,11,2933,,47,,26:26.80,,774
83168,16,23529,,47,,26:27.30,,774
83169,4,23530,,47,,26:40.30,,774
83170,19,23531,,47,,26:45.30,,774
83171,15,3250,,47,,26:48.00,,774
83172,11,2931,,47,,26:53.20,,774
83173,4,22543,,47,,26:56.10,,774
83174,16,23532,,47,,26:56.90,,774
83175,16,23533,,47,,26:59.10,,774
83176,16,3251,,47,,27:00.00,,774
83177,4,2932,,47,,27:06.70,,774
83178,15,23534,,47,,28:25.90,,774
83179,4,2940,,47,,28:37.30,,774
83180,226,23535,,47,,28:46.90,,774
83181,226,23536,,47,,29:08.40,,774
83182,11,3256,,47,,29:22.60,,774
83183,226,23537,,47,,29:29.40,,774
83184,226,23538,,47,,29:47.40,,774
83185,226,23539,,47,,29:50.70,,774
83186,15,22558,,47,,30:09.30,,774
83187,226,23540,,47,,32:46.50,,774
80194,1,7,Jr,48,,26:39.60,,679
1698,75,1562,,48,,29:45.00,,21
26444,75,1562,So,17,,18:59.00,0.0,347
65545,75,1562,So,48,,30:47.60,,543
82509,75,1562,So,48,,28:57.00,,769
80197,96,2492,,17,,15:22.20,,680
80198,96,1552,,17,,15:31.40,,680
80199,96,363,,17,,15:42.10,,680
80200,96,370,,17,,16:33.30,,680
80201,96,368,,17,,16:42.90,,680
80202,96,371,,17,,16:52.80,,680
80203,96,8001,,17,,16:59.20,,680
80204,96,18751,,17,,18:19.20,,680
80205,96,18760,,17,,19:04.40,,680
80206,96,7999,,17,,20:18.50,,680
80207,96,8000,,17,,21:08.90,,680
80208,96,3431,,17,,21:29.00,,680
82319,88,474,Jr,47,,22:44.00,,769
80195,96,6903,Fr,17,,15:01.40,,680
80196,96,364,Sr,17,,15:17.60,,680
112575,202,2907,,48,,27:26.20,,1346
112576,202,23581,,48,,29:47.60,,1346
112577,202,2917,,48,,30:39.20,,1346
112578,202,28811,,48,,31:27.20,,1346
112579,202,5726,,48,,31:32.10,,1346
112580,202,28379,,48,,31:39.10,,1346
112581,202,28812,,48,,36:19.10,,1346
112582,202,5559,,48,,37:06.00,,1346
112583,202,28381,,48,,37:48.00,,1346
112584,202,3513,,48,,40:34.30,,1346
112585,202,3508,,48,,44:23.80,,1346
112586,202,28813,,17,,20:17.20,,1346
112587,202,3504,,17,,20:29.60,,1346
112588,202,28814,,17,,21:59.20,,1346
112589,202,24364,,17,,22:19.00,,1346
112590,202,28383,,17,,23:32.30,,1346
112591,202,24365,,17,,24:23.00,,1346
112592,202,28815,,17,,24:26.20,,1346
112593,202,24366,,17,,26:22.00,,1346
112594,202,28816,,17,,26:48.10,,1346
112595,202,25294,,17,,29:33.20,,1346
112596,202,25297,,17,,32:38.40,,1346
80182,96,364,Sr,48,,26:13.60,,678
85367,139,1497,So,47,FR/SO,28:22.00,,822
84546,90,476,Sr,47,JR/SR/GRAD,26:34.30,,822
67495,79,7944,Fr,47,,26:13.30,,565
72795,167,8108,Fr,48,,26:49.30,,622
79231,167,8108,Fr,48,,26:32.10,,676
84723,88,513,Sr,48,JR/SR/GRAD,31:16.90,,822
85523,88,530,So,48,FR/SO,29:29.40,,822
67541,139,1497,So,47,,30:03.00,,565
85821,19,2307,,17,,17:57.00,,826
85822,19,5171,,17,,18:02.00,,826
85823,19,20498,,17,,18:35.00,,826
85825,19,23928,,17,,18:37.00,,826
85827,19,2316,,17,,18:44.00,,826
85828,19,23930,,17,,20:28.00,,826
85830,19,23932,,17,,20:32.00,,826
85832,19,23934,,17,,21:21.00,,826
85041,88,11463,Fr,47,Championship,28:39.00,,822
85042,88,11464,Fr,47,Championship,28:39.60,,822
85044,88,11461,Fr,47,Championship,28:47.80,,822
85166,88,507,So,48,Championship,27:56.40,,822
85167,75,5571,Gr,48,Championship,27:57.20,,822
85176,75,1535,Jr,48,Championship,28:01.60,,822
85210,86,1558,Jr,48,Championship,28:29.70,,822
85266,75,11481,So,48,Championship,29:27.60,,822
85429,88,11469,Fr,47,FR/SO,31:22.90,,822
84675,88,3092,Jr,48,JR/SR/GRAD,29:53.60,,822
84788,88,517,Sr,48,JR/SR/GRAD,33:55.00,,822
85298,88,2553,Jr,48,Championship,30:24.20,,822
85537,88,11491,Fr,48,FR/SO,29:53.70,,822
67723,139,7696,Fr,48,,34:16.90,,565
82567,86,1578,Gr,48,,30:46.00,,769
85631,90,11507,Fr,48,FR/SO,32:19.60,,822
69783,86,11511,So,48,,34:29.40,,586
85702,139,2751,So,48,FR/SO,39:14.00,,822
67774,139,11520,Fr,48,,43:24.30,,565
2882,19,23523,,17,,19:34.10,,38
85824,19,20498,,17,,18:35.00,,826
85471,139,7693,Fr,48,FR/SO,27:07.30,,822
4682,88,2560,Jr,48,,30:27.90,,60
82741,124,1993,Jr,48,,25:54.30,,770
4710,88,548,Jr,48,,34:34.00,,60
69824,124,1993,Jr,48,,25:57.85,,587
69827,124,1995,Jr,48,,26:16.68,,587
69835,112,417,So,48,,26:40.73,,587
69849,124,1990,Sr,48,,27:15.03,,587
75459,124,1995,Jr,48,,27:31.30,,650
82752,112,417,So,48,,26:38.20,,770
82778,124,2855,Jr,48,,28:01.00,,770
82787,124,1990,Sr,48,,28:28.10,,770
69850,124,2013,,48,,27:17.62,,587
82812,124,2013,,48,,29:19.80,,770
85808,19,23922,,17,,18:40.00,,826
85809,19,2294,,17,,20:11.00,,826
85810,19,23923,,17,,20:39.00,,826
85811,19,23924,,17,,20:52.00,,826
85812,19,23925,,17,,21:10.00,,826
85813,19,23926,,17,,15:48.00,,826
85814,19,23927,,17,,15:50.00,,826
85815,19,2303,,17,,16:02.00,,826
85816,19,2309,,17,,16:09.00,,826
85817,19,5158,,17,,16:23.00,,826
85818,19,2306,,17,,16:36.00,,826
85819,19,20497,,17,,17:14.00,,826
85820,19,5147,,17,,17:49.00,,826
85826,19,23929,,17,,18:37.00,,826
85829,19,23931,,17,,20:28.00,,826
85831,19,23933,,17,,20:32.00,,826
85833,19,23935,,17,,21:21.00,,826
82779,124,1997,Jr,48,,28:01.10,,770
78946,61,2239,Sr,47,,22:43.00,,675
69741,167,467,So,48,,29:15.20,,586
85472,167,467,So,48,FR/SO,27:21.40,,822
79209,167,667,Sr,48,,25:24.90,,676
84870,88,474,Jr,47,Championship,23:09.80,,822
1286,171,1172,,48,,25:36.00,,19
934,188,863,Sr,48,,26:56.20,,16
5383,188,863,,48,,25:46.17,,62
6725,188,863,,48,Championship,25:08.00,,71
84873,61,1617,Gr,47,Championship,23:34.20,,822
82418,75,3434,,48,,25:42.00,,769
85156,75,3434,,48,Championship,27:46.00,,822
87022,88,507,So,17,,16:16.00,,831
87023,88,11485,Fr,17,,16:40.20,,831
87024,88,11484,Fr,17,,16:55.60,,831
87025,88,18974,Fr,17,,17:32.20,,831
87026,88,529,Jr,17,,18:04.10,,831
6376,88,529,So,48,,30:39.10,,66
6949,88,529,So,48,Championship,29:14.20,,71
84628,158,4252,,47,JR/SR/GRAD,35:10.60,,822
84629,199,3537,,47,JR/SR/GRAD,35:13.80,,822
84630,196,860,,47,JR/SR/GRAD,35:44.30,,822
84632,104,1987,,47,JR/SR/GRAD,36:52.30,,822
84633,146,11453,,47,JR/SR/GRAD,37:40.50,,822
84634,196,861,,47,JR/SR/GRAD,37:59.20,,822
84635,167,2534,,47,JR/SR/GRAD,38:31.30,,822
84636,88,11478,Jr,47,JR/SR/GRAD,41:32.00,,822
84637,124,2855,Jr,48,JR/SR/GRAD,27:07.60,,822
84631,169,1153,,47,JR/SR/GRAD,35:54.60,,822
87030,88,521,So,17,,17:03.50,,833
87031,167,666,So,17,,15:10.50,,831
4355,86,1539,,48,,28:25.00,,58
6364,86,1539,,48,,29:59.90,,66
79245,167,18724,Fr,48,,26:57.10,,676
72794,168,671,Sr,48,,26:46.40,,622
6306,84,5297,,48,,27:20.30,,66
84540,124,1967,,47,JR/SR/GRAD,25:42.60,,822
84541,171,1011,,47,JR/SR/GRAD,26:02.50,,822
84544,164,578,,47,JR/SR/GRAD,26:19.10,,822
84545,124,1937,,47,JR/SR/GRAD,26:30.60,,822
84547,157,20403,,47,JR/SR/GRAD,26:46.40,,822
84548,164,594,,47,JR/SR/GRAD,26:59.30,,822
84549,164,3002,,47,JR/SR/GRAD,27:00.40,,822
84550,188,824,,47,JR/SR/GRAD,27:15.20,,822
84551,196,819,,47,JR/SR/GRAD,27:23.30,,822
84552,196,834,,47,JR/SR/GRAD,27:33.30,,822
84553,124,1933,,47,JR/SR/GRAD,27:37.90,,822
84554,124,1953,,47,JR/SR/GRAD,27:41.00,,822
84555,124,1955,,47,JR/SR/GRAD,27:46.70,,822
84556,164,3098,,47,JR/SR/GRAD,28:00.10,,822
84557,164,18932,,47,JR/SR/GRAD,28:08.30,,822
84559,203,3036,,47,JR/SR/GRAD,28:12.50,,822
84560,164,626,,47,JR/SR/GRAD,28:13.90,,822
84561,117,8122,,47,JR/SR/GRAD,28:21.30,,822
84562,117,4093,,47,JR/SR/GRAD,28:22.60,,822
84563,209,22578,,47,JR/SR/GRAD,28:26.70,,822
84564,209,23547,,47,JR/SR/GRAD,28:28.00,,822
84565,159,576,,47,JR/SR/GRAD,28:29.40,,822
84566,188,23873,,47,JR/SR/GRAD,28:34.70,,822
84567,188,1791,,47,JR/SR/GRAD,28:40.40,,822
84568,178,23552,,47,JR/SR/GRAD,28:40.60,,822
84569,4,2932,,47,JR/SR/GRAD,28:43.00,,822
84570,169,3104,,47,JR/SR/GRAD,28:47.20,,822
84571,199,1756,,47,JR/SR/GRAD,28:48.30,,822
84572,120,5524,,47,JR/SR/GRAD,28:51.00,,822
84573,167,621,,47,JR/SR/GRAD,28:54.00,,822
84574,209,22581,,47,JR/SR/GRAD,28:54.50,,822
84575,204,832,,47,JR/SR/GRAD,28:56.80,,822
84576,117,63,,47,JR/SR/GRAD,29:03.20,,822
84577,61,8183,,47,JR/SR/GRAD,29:05.40,,822
84578,204,18603,,47,JR/SR/GRAD,29:09.00,,822
84579,137,623,,47,JR/SR/GRAD,29:10.90,,822
84580,117,81,,47,JR/SR/GRAD,29:12.50,,822
84581,171,1067,,47,JR/SR/GRAD,29:14.00,,822
84582,172,1800,,47,JR/SR/GRAD,29:18.50,,822
84583,56,4790,,47,JR/SR/GRAD,29:19.80,,822
84585,146,1097,,47,JR/SR/GRAD,29:23.60,,822
84586,112,2840,,47,JR/SR/GRAD,29:29.20,,822
84587,158,2404,,47,JR/SR/GRAD,29:29.70,,822
84588,124,3823,,47,JR/SR/GRAD,29:30.70,,822
84589,137,633,,47,JR/SR/GRAD,29:46.00,,822
84590,146,1091,,47,JR/SR/GRAD,29:49.60,,822
84591,96,3431,,47,JR/SR/GRAD,29:51.70,,822
84592,188,855,,47,JR/SR/GRAD,30:24.80,,822
84593,203,5065,,47,JR/SR/GRAD,30:25.80,,822
84594,204,842,,47,JR/SR/GRAD,30:36.90,,822
84595,132,2705,,47,JR/SR/GRAD,30:38.20,,822
84596,124,5520,,47,JR/SR/GRAD,30:45.50,,822
84597,152,2415,,47,JR/SR/GRAD,30:52.10,,822
84598,118,19468,,47,JR/SR/GRAD,30:54.10,,822
84599,169,2420,,47,JR/SR/GRAD,30:55.30,,822
84600,132,612,,47,JR/SR/GRAD,30:57.70,,822
84601,124,1962,,47,JR/SR/GRAD,30:59.30,,822
84602,117,4778,,47,JR/SR/GRAD,31:03.50,,822
84603,130,4230,,47,JR/SR/GRAD,31:24.00,,822
84604,159,4669,,47,JR/SR/GRAD,31:43.50,,822
84605,118,11348,,47,JR/SR/GRAD,31:44.50,,822
84606,188,1804,,47,JR/SR/GRAD,31:49.00,,822
84608,124,2842,,47,JR/SR/GRAD,32:05.90,,822
84609,203,1781,,47,JR/SR/GRAD,32:08.50,,822
84610,203,1783,,47,JR/SR/GRAD,32:08.60,,822
84611,159,643,,47,JR/SR/GRAD,32:22.00,,822
84612,160,3004,,47,JR/SR/GRAD,32:25.90,,822
84613,158,2408,,47,JR/SR/GRAD,32:27.70,,822
84614,164,4115,,47,JR/SR/GRAD,32:35.10,,822
84615,203,18844,,47,JR/SR/GRAD,32:37.40,,822
84616,156,2334,,47,JR/SR/GRAD,32:47.70,,822
84617,137,22374,,47,JR/SR/GRAD,33:11.80,,822
84618,146,1102,,47,JR/SR/GRAD,33:20.20,,822
84619,167,632,,47,JR/SR/GRAD,33:25.60,,822
84620,158,2416,,47,JR/SR/GRAD,33:27.80,,822
84621,130,4249,,47,JR/SR/GRAD,33:32.60,,822
84622,159,16172,,47,JR/SR/GRAD,33:56.30,,822
84623,79,2513,,47,JR/SR/GRAD,33:57.80,,822
84624,104,1983,,47,JR/SR/GRAD,34:20.30,,822
84625,158,2428,,47,JR/SR/GRAD,34:50.10,,822
84626,159,5766,,47,JR/SR/GRAD,34:59.80,,822
84542,124,1929,Jr,47,JR/SR/GRAD,26:08.30,,822
84543,90,11455,Jr,47,JR/SR/GRAD,26:10.90,,822
84558,100,11466,Jr,47,JR/SR/GRAD,28:09.40,,822
84607,90,497,Sr,47,JR/SR/GRAD,31:58.80,,822
84584,100,11468,Gr,47,JR/SR/GRAD,29:21.50,,822
84627,130,2722,,47,JR/SR/GRAD,35:06.60,,822
84638,4,95,,48,JR/SR/GRAD,27:36.20,,822
84640,188,2112,,48,JR/SR/GRAD,28:18.80,,822
84641,56,129,,48,JR/SR/GRAD,28:22.90,,822
84642,124,5500,,48,JR/SR/GRAD,28:23.00,,822
84644,171,1184,,48,JR/SR/GRAD,28:26.20,,822
84645,75,2069,,48,JR/SR/GRAD,28:26.80,,822
84646,196,5025,,48,JR/SR/GRAD,28:27.60,,822
84648,104,2020,,48,JR/SR/GRAD,28:48.50,,822
84649,161,3134,,48,JR/SR/GRAD,28:51.70,,822
84650,56,177,,48,JR/SR/GRAD,28:52.20,,822
84652,4,2952,,48,JR/SR/GRAD,29:09.20,,822
84653,171,1177,,48,JR/SR/GRAD,29:12.70,,822
84654,159,2177,,48,JR/SR/GRAD,29:15.50,,822
84655,209,22566,,48,JR/SR/GRAD,29:15.60,,822
84656,171,1218,,48,JR/SR/GRAD,29:17.00,,822
84657,164,709,,48,JR/SR/GRAD,29:20.10,,822
84658,188,910,,48,JR/SR/GRAD,29:20.60,,822
84659,146,1188,,48,JR/SR/GRAD,29:21.60,,822
84660,164,691,,48,JR/SR/GRAD,29:21.90,,822
84661,188,887,,48,JR/SR/GRAD,29:22.30,,822
84662,111,4154,,48,JR/SR/GRAD,29:24.00,,822
84664,178,23874,,48,JR/SR/GRAD,29:30.50,,822
84666,178,3052,,48,JR/SR/GRAD,29:36.30,,822
84667,112,414,,48,JR/SR/GRAD,29:36.70,,822
84668,118,3884,,48,JR/SR/GRAD,29:37.50,,822
84669,124,11310,,48,JR/SR/GRAD,29:38.40,,822
84670,117,166,,48,JR/SR/GRAD,29:39.70,,822
84671,167,22381,,48,JR/SR/GRAD,29:41.30,,822
84672,188,2122,,48,JR/SR/GRAD,29:43.80,,822
84673,124,23875,,48,JR/SR/GRAD,29:46.00,,822
84674,162,1289,,48,JR/SR/GRAD,29:46.20,,822
84676,162,1266,,48,JR/SR/GRAD,29:56.10,,822
84677,164,18710,,48,JR/SR/GRAD,29:56.80,,822
84678,4,2959,,48,JR/SR/GRAD,29:58.50,,822
84679,160,1213,,48,JR/SR/GRAD,29:59.30,,822
84680,146,1703,,48,JR/SR/GRAD,30:01.60,,822
84682,167,2539,,48,JR/SR/GRAD,30:02.00,,822
84683,112,433,,48,JR/SR/GRAD,30:07.50,,822
84684,79,20429,,48,JR/SR/GRAD,30:08.40,,822
84685,75,3447,,48,JR/SR/GRAD,30:08.50,,822
84686,178,1872,,48,JR/SR/GRAD,30:08.50,,822
84687,164,689,,48,JR/SR/GRAD,30:11.20,,822
84688,56,147,,48,JR/SR/GRAD,30:11.70,,822
84689,178,1853,,48,JR/SR/GRAD,30:12.00,,822
84690,59,1639,,48,JR/SR/GRAD,30:12.80,,822
84691,146,11386,,48,JR/SR/GRAD,30:19.40,,822
84692,137,4699,,48,JR/SR/GRAD,30:24.90,,822
84693,196,2359,,48,JR/SR/GRAD,30:29.60,,822
84695,156,2350,,48,JR/SR/GRAD,30:31.00,,822
84696,146,1306,,48,JR/SR/GRAD,30:33.10,,822
84697,196,19623,,48,JR/SR/GRAD,30:34.40,,822
84698,203,1858,,48,JR/SR/GRAD,30:36.90,,822
84699,117,15,,48,JR/SR/GRAD,30:38.00,,822
84701,203,2119,,48,JR/SR/GRAD,30:42.40,,822
84702,11,2972,,48,JR/SR/GRAD,30:44.60,,822
84643,146,1205,,48,JR/SR/GRAD,28:24.50,,822
84647,124,1990,Sr,48,JR/SR/GRAD,28:34.20,,822
84665,88,21,Gr,48,JR/SR/GRAD,29:31.80,,822
84639,124,2005,Jr,48,JR/SR/GRAD,28:12.30,,822
84700,90,531,Jr,48,JR/SR/GRAD,30:41.20,,822
84651,100,11486,Sr,48,JR/SR/GRAD,28:54.00,,822
84694,90,2566,Jr,48,JR/SR/GRAD,30:30.80,,822
84663,167,5236,Sr,48,JR/SR/GRAD,29:28.90,,822
84681,167,5220,Sr,48,JR/SR/GRAD,30:02.00,,822
84703,160,1319,,48,JR/SR/GRAD,30:46.40,,822
84704,112,2870,,48,JR/SR/GRAD,30:46.90,,822
84705,79,535,,48,JR/SR/GRAD,30:47.60,,822
84706,15,3285,,48,JR/SR/GRAD,30:49.30,,822
84707,172,23876,,48,JR/SR/GRAD,30:49.90,,822
84708,167,3011,,48,JR/SR/GRAD,30:51.10,,822
84709,209,23579,,48,JR/SR/GRAD,30:51.60,,822
84710,117,161,,48,JR/SR/GRAD,30:54.00,,822
84711,79,509,,48,JR/SR/GRAD,30:55.20,,822
84712,79,2575,,48,JR/SR/GRAD,31:02.00,,822
84714,137,735,,48,JR/SR/GRAD,31:03.60,,822
84715,171,4316,,48,JR/SR/GRAD,31:04.00,,822
84716,130,2464,,48,JR/SR/GRAD,31:05.70,,822
84718,11,2973,,48,JR/SR/GRAD,31:08.90,,822
84719,124,5577,,48,JR/SR/GRAD,31:10.30,,822
84720,203,3057,,48,JR/SR/GRAD,31:11.00,,822
84721,117,38,,48,JR/SR/GRAD,31:14.20,,822
84722,146,1219,,48,JR/SR/GRAD,31:15.30,,822
84724,49,2995,,48,JR/SR/GRAD,31:19.50,,822
84725,204,2120,,48,JR/SR/GRAD,31:20.70,,822
84726,167,734,,48,JR/SR/GRAD,31:23.90,,822
84728,116,7983,,48,JR/SR/GRAD,31:27.90,,822
84729,162,1324,,48,JR/SR/GRAD,31:28.20,,822
84730,117,31,,48,JR/SR/GRAD,31:33.50,,822
84731,146,1278,,48,JR/SR/GRAD,31:34.20,,822
84732,209,23585,,48,JR/SR/GRAD,31:34.30,,822
84733,124,19423,,48,JR/SR/GRAD,31:35.60,,822
84734,164,731,,48,JR/SR/GRAD,31:36.00,,822
84735,146,1251,,48,JR/SR/GRAD,31:42.60,,822
84736,203,1855,,48,JR/SR/GRAD,31:47.70,,822
84737,117,8067,,48,JR/SR/GRAD,31:47.80,,822
84738,56,6820,,48,JR/SR/GRAD,31:50.50,,822
84739,75,5932,,48,JR/SR/GRAD,31:53.20,,822
84740,161,23877,,48,JR/SR/GRAD,31:54.20,,822
84741,171,4315,,48,JR/SR/GRAD,31:55.00,,822
84743,171,19640,,48,JR/SR/GRAD,31:56.40,,822
84744,203,3076,,48,JR/SR/GRAD,32:05.20,,822
84745,188,1877,,48,JR/SR/GRAD,32:06.20,,822
84746,167,6276,,48,JR/SR/GRAD,32:11.90,,822
84747,152,3144,,48,JR/SR/GRAD,32:14.30,,822
84748,167,760,,48,JR/SR/GRAD,32:15.20,,822
84749,167,10999,,48,JR/SR/GRAD,32:15.50,,822
84751,171,23878,,48,JR/SR/GRAD,32:16.70,,822
84752,171,23879,,48,JR/SR/GRAD,32:17.60,,822
84753,156,22401,,48,JR/SR/GRAD,32:20.30,,822
84754,137,16145,,48,JR/SR/GRAD,32:20.60,,822
84755,75,4573,,48,JR/SR/GRAD,32:22.50,,822
84756,75,3457,,48,JR/SR/GRAD,32:22.90,,822
84757,167,19011,,48,JR/SR/GRAD,32:23.90,,822
84758,204,924,,48,JR/SR/GRAD,32:25.10,,822
84759,164,4431,,48,JR/SR/GRAD,32:26.00,,822
84760,159,2750,,48,JR/SR/GRAD,32:27.60,,822
84762,63,527,,48,JR/SR/GRAD,32:28.90,,822
84763,172,18888,,48,JR/SR/GRAD,32:34.80,,822
84764,15,4065,,48,JR/SR/GRAD,32:38.50,,822
84766,172,18899,,48,JR/SR/GRAD,32:51.00,,822
84767,156,3151,,48,JR/SR/GRAD,32:52.10,,822
84768,146,1334,,48,JR/SR/GRAD,32:53.60,,822
84769,11,23501,,48,JR/SR/GRAD,32:56.70,,822
84770,152,16139,,48,JR/SR/GRAD,32:57.00,,822
84771,137,16137,,48,JR/SR/GRAD,32:59.60,,822
84772,160,1304,,48,JR/SR/GRAD,32:59.90,,822
84773,15,3279,,48,JR/SR/GRAD,33:04.90,,822
84774,56,3412,,48,JR/SR/GRAD,33:09.60,,822
84775,117,47,,48,JR/SR/GRAD,33:15.10,,822
84776,146,1208,,48,JR/SR/GRAD,33:18.20,,822
84777,49,18201,,48,JR/SR/GRAD,33:19.60,,822
84778,171,1281,,48,JR/SR/GRAD,33:23.00,,822
84779,112,2036,,48,JR/SR/GRAD,33:26.20,,822
84781,111,18131,,48,JR/SR/GRAD,33:32.40,,822
84782,1,35,,48,JR/SR/GRAD,33:33.80,,822
84783,199,1842,,48,JR/SR/GRAD,33:41.10,,822
84784,196,913,,48,JR/SR/GRAD,33:43.20,,822
84785,203,2141,,48,JR/SR/GRAD,33:44.80,,822
84786,203,3073,,48,JR/SR/GRAD,33:51.90,,822
84787,146,1299,,48,JR/SR/GRAD,33:53.10,,822
84789,130,3155,,48,JR/SR/GRAD,33:56.60,,822
84790,162,3158,,48,JR/SR/GRAD,33:58.20,,822
84717,88,529,Jr,48,JR/SR/GRAD,31:08.10,,822
84761,88,2554,Sr,48,JR/SR/GRAD,32:28.10,,822
84713,75,11489,Jr,48,JR/SR/GRAD,31:03.20,,822
84780,90,552,Jr,48,JR/SR/GRAD,33:31.30,,822
84750,100,11498,Sr,48,JR/SR/GRAD,32:16.20,,822
84765,100,11502,Jr,48,JR/SR/GRAD,32:45.80,,822
84727,75,2563,Jr,48,JR/SR/GRAD,31:25.00,,822
84742,167,743,Jr,48,JR/SR/GRAD,31:56.10,,822
84791,137,784,,48,JR/SR/GRAD,34:00.20,,822
84792,111,353,,48,JR/SR/GRAD,34:03.90,,822
84793,56,3415,,48,JR/SR/GRAD,34:13.10,,822
84795,117,2037,,48,JR/SR/GRAD,34:15.50,,822
84796,130,6849,,48,JR/SR/GRAD,34:17.30,,822
84797,111,985,,48,JR/SR/GRAD,34:18.20,,822
84798,196,2373,,48,JR/SR/GRAD,34:22.20,,822
84799,199,1895,,48,JR/SR/GRAD,34:27.70,,822
84800,203,3231,,48,JR/SR/GRAD,34:28.60,,822
84801,158,4332,,48,JR/SR/GRAD,34:33.00,,822
84803,146,1341,,48,JR/SR/GRAD,34:39.80,,822
84804,120,8019,,48,JR/SR/GRAD,34:42.40,,822
84805,117,45,,48,JR/SR/GRAD,34:43.30,,822
84807,146,1301,,48,JR/SR/GRAD,34:50.60,,822
84808,152,2465,,48,JR/SR/GRAD,34:52.70,,822
84809,137,22402,,48,JR/SR/GRAD,34:53.90,,822
84810,167,778,,48,JR/SR/GRAD,34:56.60,,822
84811,84,2654,,48,JR/SR/GRAD,34:59.20,,822
84812,196,23880,,48,JR/SR/GRAD,35:00.20,,822
84813,117,3353,,48,JR/SR/GRAD,35:01.50,,822
84815,156,2363,,48,JR/SR/GRAD,35:05.20,,822
84816,1,3349,,48,JR/SR/GRAD,35:08.50,,822
84817,161,2367,,48,JR/SR/GRAD,35:12.00,,822
84818,112,2886,,48,JR/SR/GRAD,35:14.30,,822
84819,147,3167,,48,JR/SR/GRAD,35:15.60,,822
84820,137,2462,,48,JR/SR/GRAD,35:16.40,,822
84821,146,11409,,48,JR/SR/GRAD,35:24.00,,822
84822,130,6845,,48,JR/SR/GRAD,35:27.20,,822
84823,178,3082,,48,JR/SR/GRAD,35:28.10,,822
84824,146,1697,,48,JR/SR/GRAD,35:28.20,,822
84825,196,946,,48,JR/SR/GRAD,35:40.50,,822
84827,159,752,,48,JR/SR/GRAD,35:42.90,,822
84828,124,1996,,48,JR/SR/GRAD,35:43.00,,822
84829,156,2368,,48,JR/SR/GRAD,35:51.20,,822
84830,203,1908,,48,JR/SR/GRAD,35:55.80,,822
84831,124,2874,,48,JR/SR/GRAD,36:08.20,,822
84832,1,1,,48,JR/SR/GRAD,36:23.60,,822
84833,130,5306,,48,JR/SR/GRAD,36:32.70,,822
84834,167,19012,,48,JR/SR/GRAD,36:33.50,,822
84835,160,11421,,48,JR/SR/GRAD,36:47.40,,822
84836,152,22408,,48,JR/SR/GRAD,36:50.00,,822
84837,158,2473,,48,JR/SR/GRAD,36:54.70,,822
84838,159,781,,48,JR/SR/GRAD,36:58.10,,822
84839,96,375,,48,JR/SR/GRAD,37:03.00,,822
84840,162,1428,,48,JR/SR/GRAD,37:15.00,,822
84841,196,3084,,48,JR/SR/GRAD,37:22.10,,822
84842,79,4585,,48,JR/SR/GRAD,37:25.30,,822
84843,75,2600,,48,JR/SR/GRAD,37:30.10,,822
84844,172,1901,,48,JR/SR/GRAD,37:30.20,,822
84845,120,344,,48,JR/SR/GRAD,38:11.20,,822
84846,61,2289,,48,JR/SR/GRAD,38:12.40,,822
84847,124,2042,,48,JR/SR/GRAD,38:14.60,,822
84848,130,2468,,48,JR/SR/GRAD,38:14.80,,822
84849,196,954,,48,JR/SR/GRAD,38:19.10,,822
84850,124,2883,,48,JR/SR/GRAD,38:19.20,,822
84851,159,3175,,48,JR/SR/GRAD,38:29.40,,822
84852,169,1379,,48,JR/SR/GRAD,38:44.70,,822
84853,88,4589,,48,JR/SR/GRAD,39:29.80,,822
84854,158,2481,,48,JR/SR/GRAD,39:40.90,,822
84855,171,11420,,48,JR/SR/GRAD,39:41.30,,822
84856,196,2371,,48,JR/SR/GRAD,41:15.00,,822
84857,139,1615,,48,JR/SR/GRAD,42:42.50,,822
84858,160,1435,,48,JR/SR/GRAD,43:10.40,,822
84859,162,19498,,48,JR/SR/GRAD,43:55.80,,822
84860,15,3311,,48,JR/SR/GRAD,44:12.20,,822
84861,196,19662,,48,JR/SR/GRAD,44:20.00,,822
84862,158,2491,,48,JR/SR/GRAD,45:03.00,,822
84863,137,4702,,48,JR/SR/GRAD,46:34.60,,822
84864,137,804,,48,JR/SR/GRAD,46:34.80,,822
84865,130,4689,,48,JR/SR/GRAD,46:34.90,,822
84866,100,23461,,48,JR/SR/GRAD,56:21.10,,822
84867,124,2054,,48,JR/SR/GRAD,64:24.40,,822
84868,96,18758,,47,Championship,22:54.90,,822
84869,124,23462,,47,Championship,23:02.30,,822
84871,32,18777,,47,Championship,23:22.30,,822
84876,1,23463,,47,Championship,23:46.40,,822
84877,4,20495,,47,Championship,23:57.80,,822
84878,178,3179,,47,Championship,24:03.20,,822
84806,88,551,Jr,48,JR/SR/GRAD,34:44.70,,822
84872,178,23541,Gr,47,Championship,23:32.00,,822
84874,61,2239,Sr,47,Championship,23:38.60,,822
84826,124,2013,,48,JR/SR/GRAD,35:42.60,,822
84875,124,3862,So,47,Championship,23:43.90,,822
84794,90,5215,Jr,48,JR/SR/GRAD,34:14.90,,822
84802,139,1589,Jr,48,JR/SR/GRAD,34:38.40,,822
84814,167,708,Jr,48,JR/SR/GRAD,35:02.70,,822
84879,164,567,,47,Championship,24:08.20,,822
84881,77,1466,,47,Championship,24:10.50,,822
84882,124,23882,,47,Championship,24:16.90,,822
84883,84,2660,,47,Championship,24:18.80,,822
84884,86,19366,,47,Championship,24:31.10,,822
84886,11,22546,,47,Championship,24:39.90,,822
84887,169,20764,,47,Championship,24:41.40,,822
84888,167,570,,47,Championship,24:42.80,,822
84889,84,23385,,47,Championship,24:44.00,,822
84890,61,19505,,47,Championship,24:46.60,,822
84891,188,18595,,47,Championship,24:52.70,,822
84892,130,4231,,47,Championship,24:54.30,,822
84893,188,1724,,47,Championship,24:55.60,,822
84894,167,617,,47,Championship,24:55.80,,822
84895,164,575,,47,Championship,24:56.60,,822
84896,172,6431,,47,Championship,24:57.90,,822
84897,40,23714,,47,Championship,24:58.90,,822
84898,56,233,,47,Championship,25:00.20,,822
84899,164,568,,47,Championship,25:01.20,,822
84900,61,2241,,47,Championship,25:02.90,,822
84901,61,2240,,47,Championship,25:04.60,,822
84902,4,2928,,47,Championship,25:11.90,,822
84903,124,19447,,47,Championship,25:13.10,,822
84904,49,23883,,47,Championship,25:14.10,,822
84905,124,1930,,47,Championship,25:15.20,,822
84906,167,18922,,47,Championship,25:18.80,,822
84907,49,7115,,47,Championship,25:19.10,,822
84908,172,23884,,47,Championship,25:21.30,,822
84909,159,583,,47,Championship,25:22.90,,822
84910,116,282,,47,Championship,25:23.80,,822
84911,147,1676,,47,Championship,25:24.50,,822
84912,174,18822,,47,Championship,25:25.60,,822
84913,178,18816,,47,Championship,25:27.70,,822
84914,204,1726,,47,Championship,25:29.10,,822
84915,116,7989,,47,Championship,25:30.30,,822
84916,174,23885,,47,Championship,25:31.60,,822
84917,40,7715,,47,Championship,25:34.80,,822
84918,139,7704,,47,Championship,25:35.70,,822
84919,167,577,,47,Championship,25:36.60,,822
84920,172,1727,,47,Championship,25:39.20,,822
84921,130,2385,,47,Championship,25:41.30,,822
84922,96,4655,,47,Championship,25:44.90,,822
84923,40,3490,,47,Championship,25:45.70,,822
84924,11,2924,,47,Championship,25:46.40,,822
84926,4,20496,,47,Championship,25:48.60,,822
84927,203,1732,,47,Championship,25:52.70,,822
84928,122,18911,,47,Championship,25:53.20,,822
84929,116,7988,,47,Championship,25:53.80,,822
84930,164,573,,47,Championship,25:55.50,,822
84931,15,3237,,47,Championship,25:55.90,,822
84932,96,357,,47,Championship,25:56.10,,822
84933,124,1928,,47,Championship,25:56.90,,822
84934,164,18923,,47,Championship,25:57.40,,822
84935,158,4665,,47,Championship,25:57.90,,822
84936,164,620,,47,Championship,25:58.60,,822
84937,124,1946,,47,Championship,26:00.70,,822
84938,159,22364,,47,Championship,26:03.30,,822
84939,178,1743,,47,Championship,26:05.10,,822
84940,162,1130,,47,Championship,26:05.90,,822
84941,188,1744,,47,Championship,26:06.60,,822
84942,4,2925,,47,Championship,26:06.80,,822
84943,159,16153,,47,Championship,26:10.10,,822
84944,146,1687,,47,Championship,26:10.50,,822
84945,61,19510,,47,Championship,26:11.60,,822
84946,196,826,,47,Championship,26:13.60,,822
84947,161,22361,,47,Championship,26:14.70,,822
84948,178,3032,,47,Championship,26:14.80,,822
84949,164,4117,,47,Championship,26:15.70,,822
84950,84,2665,,47,Championship,26:17.20,,822
84951,49,21466,,47,Championship,26:20.00,,822
84952,188,18599,,47,Championship,26:20.60,,822
84954,174,18812,,47,Championship,26:24.30,,822
84955,172,18821,,47,Championship,26:28.10,,822
84956,188,19603,,47,Championship,26:30.40,,822
84957,132,2699,,47,Championship,26:31.80,,822
84958,111,289,,47,Championship,26:32.90,,822
84959,112,406,,47,Championship,26:40.60,,822
84960,117,19450,,47,Championship,26:41.80,,822
84961,167,18929,,47,Championship,26:42.90,,822
84962,112,11337,,47,Championship,26:44.00,,822
84963,159,2700,,47,Championship,26:45.30,,822
84964,203,4971,,47,Championship,26:45.40,,822
84965,167,3000,,47,Championship,26:45.80,,822
84966,75,1452,,47,Championship,26:48.10,,822
84925,88,481,Jr,47,Championship,25:47.20,,822
84880,112,404,Jr,47,Championship,24:08.80,,822
84953,75,2516,Sr,47,Championship,26:22.50,,822
84967,96,4656,,47,Championship,26:49.80,,822
84968,188,829,,47,Championship,26:50.10,,822
84969,167,18921,,47,Championship,26:52.00,,822
84970,56,246,,47,Championship,26:52.80,,822
84971,4,4631,,47,Championship,26:54.10,,822
84972,146,11424,,47,Championship,26:55.10,,822
84973,96,18760,,47,Championship,26:55.30,,822
84974,15,22553,,47,Championship,26:56.80,,822
84975,174,2083,,47,Championship,26:57.80,,822
84976,203,1741,,47,Championship,27:00.20,,822
84977,112,19449,,47,Championship,27:02.50,,822
84978,158,16156,,47,Championship,27:02.70,,822
84979,56,19595,,47,Championship,27:04.30,,822
84980,1,245,,47,Championship,27:08.30,,822
84981,117,234,,47,Championship,27:09.90,,822
84982,15,22554,,47,Championship,27:10.50,,822
84983,49,22353,,47,Championship,27:11.30,,822
84984,147,3102,,47,Championship,27:13.50,,822
84985,112,409,,47,Championship,27:13.80,,822
84986,159,591,,47,Championship,27:14.90,,822
84987,172,18828,,47,Championship,27:18.10,,822
84988,203,2085,,47,Championship,27:18.10,,822
84989,178,1754,,47,Championship,27:22.00,,822
84990,15,22558,,47,Championship,27:22.60,,822
84991,158,2390,,47,Championship,27:23.60,,822
84992,75,1494,,47,Championship,27:25.00,,822
84993,174,18820,,47,Championship,27:25.10,,822
84994,112,408,,47,Championship,27:25.70,,822
84995,146,1052,,47,Championship,27:25.90,,822
84996,11,23527,,47,Championship,27:27.20,,822
84997,146,1046,,47,Championship,27:27.30,,822
84998,172,23886,,47,Championship,27:29.50,,822
84999,147,2323,,47,Championship,27:30.10,,822
85000,117,237,,47,Championship,27:30.80,,822
85001,159,16161,,47,Championship,27:32.80,,822
85002,188,1752,,47,Championship,27:33.60,,822
85003,96,1489,,47,Championship,27:34.40,,822
85004,159,16157,,47,Championship,27:35.60,,822
85005,56,3364,,47,Championship,27:37.00,,822
85006,15,3240,,47,Championship,27:39.90,,822
85007,174,1759,,47,Championship,27:42.00,,822
85008,112,11340,,47,Championship,27:43.40,,822
85009,117,4092,,47,Championship,27:45.00,,822
85010,172,18818,,47,Championship,27:45.00,,822
85011,116,297,,47,Championship,27:45.70,,822
85012,116,294,,47,Championship,27:47.60,,822
85014,161,22363,,47,Championship,27:50.30,,822
85015,111,4766,,47,Championship,27:52.20,,822
85016,11,3243,,47,Championship,27:53.10,,822
85018,56,240,,47,Championship,27:56.20,,822
85019,158,16160,,47,Championship,27:56.90,,822
85020,158,2400,,47,Championship,28:07.30,,822
85021,56,2188,,47,Championship,28:08.40,,822
85022,111,302,,47,Championship,28:11.40,,822
85023,161,2322,,47,Championship,28:13.30,,822
85024,11,22549,,47,Championship,28:13.70,,822
85025,130,18933,,47,Championship,28:15.00,,822
85026,117,8113,,47,Championship,28:19.50,,822
85027,4,2934,,47,Championship,28:22.30,,822
85028,203,18826,,47,Championship,28:24.00,,822
85029,116,448,,47,Championship,28:25.30,,822
85030,146,1057,,47,Championship,28:26.30,,822
85031,161,23887,,47,Championship,28:27.50,,822
85032,174,1762,,47,Championship,28:28.30,,822
85033,117,8125,,47,Championship,28:30.80,,822
85035,158,16164,,47,Championship,28:32.00,,822
85036,4,22543,,47,Championship,28:32.10,,822
85037,96,23390,,47,Championship,28:32.50,,822
85038,88,2509,,47,Championship,28:34.00,,822
85039,56,3366,,47,Championship,28:35.00,,822
85040,203,3035,,47,Championship,28:36.20,,822
85043,158,2406,,47,Championship,28:45.70,,822
85045,146,2678,,47,Championship,28:48.60,,822
85046,40,23888,,47,Championship,28:52.00,,822
85047,111,3314,,47,Championship,28:55.10,,822
85048,117,8117,,47,Championship,29:00.60,,822
85049,203,1765,,47,Championship,29:20.20,,822
85050,11,2931,,47,Championship,29:34.20,,822
85051,15,3250,,47,Championship,29:43.80,,822
85052,178,1725,,47,Championship,29:45.60,,822
85053,84,23392,,47,Championship,29:47.30,,822
85054,146,1050,,47,Championship,29:47.70,,822
85017,75,7749,So,47,Championship,27:54.80,,822
85034,75,4545,Jr,47,Championship,28:31.20,,822
85013,88,11465,Fr,47,Championship,27:49.80,,822
85055,130,18943,,47,Championship,29:49.50,,822
85056,162,1028,,47,Championship,29:51.20,,822
85057,162,1122,,47,Championship,29:56.60,,822
85058,15,23534,,47,Championship,30:00.10,,822
85059,111,8028,,47,Championship,30:00.90,,822
85061,84,23398,,47,Championship,30:08.20,,822
85062,111,23467,,47,Championship,30:15.60,,822
85063,75,7753,,47,Championship,30:36.20,,822
85064,161,2333,,47,Championship,30:44.60,,822
85065,11,3256,,47,Championship,30:56.80,,822
85067,162,22369,,47,Championship,31:05.40,,822
85068,130,23889,,47,Championship,31:21.50,,822
85069,111,8032,,47,Championship,31:32.40,,822
85070,32,18778,,47,Championship,31:59.20,,822
85071,162,11364,,47,Championship,32:17.80,,822
85073,162,11365,,47,Championship,32:44.10,,822
85074,85,23400,,47,Championship,33:29.00,,822
85075,85,23406,,47,Championship,34:27.00,,822
85076,49,22359,,47,Championship,35:01.10,,822
85077,32,18779,,47,Championship,42:00.80,,822
85081,124,1991,,48,Championship,26:07.30,,822
85082,167,2584,,48,Championship,26:08.60,,822
85083,4,2946,,48,Championship,26:09.90,,822
85080,75,25996,,48,Championship,25:49.30,,822
85085,124,2007,,48,Championship,26:12.40,,822
85086,4,89,,48,Championship,26:12.90,,822
85090,49,2258,,48,Championship,26:27.20,,822
85091,44,19528,,48,Championship,26:28.00,,822
85092,4,22527,,48,Championship,26:28.30,,822
85093,61,8146,,48,Championship,26:30.80,,822
85095,4,91,,48,Championship,26:35.40,,822
85096,164,18962,,48,Championship,26:38.40,,822
85097,178,1815,,48,Championship,26:39.90,,822
85099,188,867,,48,Championship,26:41.70,,822
85100,4,23489,,48,Championship,26:42.00,,822
85102,167,673,,48,Championship,26:44.40,,822
85103,4,93,,48,Championship,26:45.10,,822
85105,15,23486,,48,Championship,26:50.80,,822
85106,169,1198,,48,Championship,26:52.20,,822
85107,164,22379,,48,Championship,26:54.40,,822
85108,203,1809,,48,Championship,26:57.30,,822
85109,116,310,,48,Championship,26:57.80,,822
85110,4,2945,,48,Championship,26:59.00,,822
85112,122,1715,,48,Championship,27:00.60,,822
85113,63,23408,,48,Championship,27:01.80,,822
85115,117,115,,48,Championship,27:03.10,,822
85117,132,18965,,48,Championship,27:05.00,,822
85118,11,22515,,48,Championship,27:05.20,,822
85120,178,18865,,48,Championship,27:07.70,,822
85121,164,700,,48,Championship,27:08.80,,822
85122,158,2437,,48,Championship,27:09.90,,822
85123,56,2198,,48,Championship,27:10.30,,822
85124,174,3204,,48,Championship,27:10.70,,822
85126,56,127,,48,Championship,27:15.80,,822
85128,79,2542,,48,Championship,27:17.30,,822
85129,1,7,,48,Championship,27:18.20,,822
85130,79,508,,48,Championship,27:18.40,,822
85131,61,2259,,48,Championship,27:19.80,,822
85132,84,23412,,48,Championship,27:20.70,,822
85133,164,683,,48,Championship,27:21.00,,822
85136,116,7975,,48,Championship,27:26.10,,822
85137,159,4368,,48,Championship,27:26.80,,822
85138,61,1657,,48,Championship,27:27.40,,822
85139,56,2193,,48,Championship,27:28.40,,822
85140,162,3789,,48,Championship,27:30.10,,822
85141,75,18742,,48,Championship,27:30.80,,822
85142,169,17940,,48,Championship,27:30.90,,822
85135,124,2871,,48,Championship,27:25.40,,822
85079,167,666,So,48,Championship,25:45.70,,822
85098,164,18961,Fr,48,Championship,26:41.40,,822
85089,11,2947,Gr,48,Championship,26:23.10,,822
85078,124,19402,Gr,48,Championship,25:28.60,,822
85094,124,1993,Jr,48,Championship,26:32.60,,822
85114,75,1530,Sr,48,Championship,27:02.40,,822
85101,96,364,Sr,48,Championship,26:42.40,,822
85060,86,1478,Jr,47,Championship,30:07.10,,822
85066,86,11470,Fr,47,Championship,31:01.90,,822
85072,75,4555,So,47,Championship,32:32.40,,822
85104,167,669,So,48,Championship,26:47.50,,822
85116,167,466,Jr,48,Championship,27:03.50,,822
85134,167,680,Sr,48,Championship,27:22.40,,822
85119,159,676,Jr,48,Championship,27:06.10,,822
85125,146,11379,Fr,48,Championship,27:10.70,,822
85143,117,8037,,48,Championship,27:31.60,,822
85144,15,6344,,48,Championship,27:32.10,,822
85145,61,19529,,48,Championship,27:33.40,,822
85146,159,706,,48,Championship,27:35.30,,822
85149,15,5137,,48,Championship,27:37.60,,822
85150,84,23416,,48,Championship,27:38.00,,822
85151,204,868,,48,Championship,27:39.20,,822
85152,209,22565,,48,Championship,27:42.10,,822
85153,49,5,,48,Championship,27:43.20,,822
85154,172,1814,,48,Championship,27:43.60,,822
85155,112,11300,,48,Championship,27:44.30,,822
85211,84,5297,,48,Championship,28:30.30,,822
85157,122,1712,,48,Championship,27:46.00,,822
85158,147,1701,,48,Championship,27:47.70,,822
85160,112,11315,,48,Championship,27:50.70,,822
85161,56,8065,,48,Championship,27:50.90,,822
85162,146,2688,,48,Championship,27:54.10,,822
85163,146,11381,,48,Championship,27:54.70,,822
85164,56,123,,48,Championship,27:56.00,,822
85165,116,4910,,48,Championship,27:56.10,,822
85168,61,1656,,48,Championship,27:57.40,,822
85170,124,19403,,48,Championship,27:59.50,,822
85171,116,4535,,48,Championship,27:59.50,,822
85172,79,506,,48,Championship,28:00.00,,822
85173,178,1824,,48,Championship,28:00.10,,822
85174,44,20485,,48,Championship,28:00.40,,822
85175,196,866,,48,Championship,28:01.50,,822
85177,146,20451,,48,Championship,28:02.00,,822
85178,116,7976,,48,Championship,28:03.50,,822
85179,1,8,,48,Championship,28:05.20,,822
85180,174,1847,,48,Championship,28:05.50,,822
85181,117,8038,,48,Championship,28:06.80,,822
85182,158,2438,,48,Championship,28:08.10,,822
85184,146,1216,,48,Championship,28:10.10,,822
85185,116,454,,48,Championship,28:10.30,,822
85186,61,19539,,48,Championship,28:11.10,,822
85187,188,882,,48,Championship,28:11.80,,822
85188,203,2113,,48,Championship,28:12.30,,822
85189,178,1818,,48,Championship,28:13.20,,822
85190,172,1817,,48,Championship,28:13.50,,822
85191,1,18728,,48,Championship,28:14.10,,822
85192,159,674,,48,Championship,28:15.50,,822
85194,164,18964,,48,Championship,28:17.50,,822
85195,32,18770,,48,Championship,28:18.00,,822
85196,112,435,,48,Championship,28:18.30,,822
85198,90,23411,,48,Championship,28:21.00,,822
85199,196,891,,48,Championship,28:23.10,,822
85200,188,885,,48,Championship,28:23.60,,822
85201,49,2260,,48,Championship,28:23.80,,822
85202,84,2627,,48,Championship,28:25.00,,822
85204,117,23472,,48,Championship,28:26.40,,822
85205,162,11355,,48,Championship,28:27.30,,822
85206,1,19404,,48,Championship,28:27.60,,822
85207,169,4443,,48,Championship,28:27.80,,822
85208,203,18869,,48,Championship,28:28.00,,822
85209,11,3265,,48,Championship,28:28.20,,822
85213,117,6,,48,Championship,28:32.50,,822
85214,203,3053,,48,Championship,28:33.60,,822
85215,112,11301,,48,Championship,28:35.10,,822
85216,188,881,,48,Championship,28:35.20,,822
85217,188,877,,48,Championship,28:36.10,,822
85218,96,2492,,48,Championship,28:36.40,,822
85219,117,8046,,48,Championship,28:36.70,,822
85220,162,3169,,48,Championship,28:36.70,,822
85221,159,16117,,48,Championship,28:37.30,,822
85223,158,16114,,48,Championship,28:41.20,,822
85224,11,22519,,48,Championship,28:42.20,,822
85225,56,128,,48,Championship,28:43.40,,822
85226,85,3440,,48,Championship,28:43.70,,822
85227,112,415,,48,Championship,28:43.80,,822
85228,162,4397,,48,Championship,28:43.80,,822
85229,44,2217,,48,Championship,28:44.40,,822
85230,112,23471,,48,Championship,28:44.40,,822
85148,146,1195,,48,Championship,27:37.10,,822
85222,86,11488,Fr,48,Championship,28:37.70,,822
85159,112,417,So,48,Championship,27:48.10,,822
85193,88,11485,Fr,48,Championship,28:16.30,,822
85197,79,7949,Jr,48,Championship,28:18.80,,822
85147,88,504,So,48,Championship,27:35.60,,822
85212,88,11484,Fr,48,Championship,28:31.20,,822
85183,124,1995,Jr,48,Championship,28:08.90,,822
85169,168,671,Sr,48,Championship,27:58.00,,822
85203,159,677,Jr,48,Championship,28:25.60,,822
85231,188,879,,48,Championship,28:50.00,,822
85232,169,20766,,48,Championship,28:51.40,,822
85234,147,19487,,48,Championship,28:53.00,,822
85235,15,5138,,48,Championship,28:54.20,,822
85236,174,2111,,48,Championship,28:55.10,,822
85237,120,7690,,48,Championship,28:55.60,,822
85238,188,919,,48,Championship,28:55.70,,822
85239,122,18915,,48,Championship,28:56.70,,822
85240,158,16124,,48,Championship,28:57.30,,822
85241,169,2442,,48,Championship,28:57.60,,822
85242,15,3268,,48,Championship,28:59.80,,822
85245,56,8041,,48,Championship,29:01.30,,822
85246,147,1702,,48,Championship,29:04.00,,822
85247,11,22516,,48,Championship,29:05.80,,822
85248,147,22389,,48,Championship,29:08.00,,822
85249,162,1704,,48,Championship,29:10.20,,822
85250,1,19,,48,Championship,29:10.90,,822
85251,49,2263,,48,Championship,29:11.50,,822
85252,32,19575,,48,Championship,29:12.10,,822
85253,116,2059,,48,Championship,29:12.90,,822
85254,158,2896,,48,Championship,29:14.30,,822
85255,120,327,,48,Championship,29:15.10,,822
85256,132,5409,,48,Championship,29:18.60,,822
85257,49,19502,,48,Championship,29:18.90,,822
85258,172,1852,,48,Championship,29:19.00,,822
85259,203,3056,,48,Championship,29:20.00,,822
85260,178,18867,,48,Championship,29:20.50,,822
85261,174,2116,,48,Championship,29:23.70,,822
85262,132,18990,,48,Championship,29:24.90,,822
85263,204,18559,,48,Championship,29:24.90,,822
85264,117,142,,48,Championship,29:25.90,,822
85265,204,18561,,48,Championship,29:26.50,,822
85267,204,873,,48,Championship,29:28.40,,822
85268,79,515,,48,Championship,29:31.10,,822
85269,49,2994,,48,Championship,29:33.70,,822
85270,204,931,,48,Championship,29:35.10,,822
85271,84,23424,,48,Championship,29:35.10,,822
85272,1,18731,,48,Championship,29:35.50,,822
85274,174,18870,,48,Championship,29:39.70,,822
85275,84,23420,,48,Championship,29:40.60,,822
85276,79,512,,48,Championship,29:40.70,,822
85277,174,1856,,48,Championship,29:41.30,,822
85278,122,2796,,48,Championship,29:44.40,,822
85279,132,678,,48,Championship,29:45.00,,822
85280,15,3277,,48,Championship,29:45.80,,822
85281,204,18562,,48,Championship,29:47.70,,822
85282,172,1837,,48,Championship,29:54.30,,822
85283,96,367,,48,Championship,29:55.20,,822
85284,159,22384,,48,Championship,29:58.10,,822
85285,84,2640,,48,Championship,29:58.20,,822
85286,63,23419,,48,Championship,29:58.90,,822
85287,96,1552,,48,Championship,30:01.50,,822
85288,79,523,,48,Championship,30:06.20,,822
85289,1,471,,48,Championship,30:08.80,,822
85290,162,3787,,48,Championship,30:10.50,,822
85291,44,2214,,48,Championship,30:12.70,,822
85292,44,19536,,48,Championship,30:15.20,,822
85293,120,8006,,48,Championship,30:17.00,,822
85294,96,368,,48,Championship,30:17.40,,822
85295,203,1835,,48,Championship,30:18.40,,822
85296,178,1811,,48,Championship,30:20.70,,822
85297,122,1716,,48,Championship,30:21.40,,822
85243,44,25549,,48,Championship,28:59.80,,822
85299,178,1825,,48,Championship,30:25.90,,822
85300,122,1719,,48,Championship,30:26.90,,822
85301,174,18876,,48,Championship,30:30.70,,822
85302,11,22518,,48,Championship,30:30.90,,822
85303,63,5568,,48,Championship,30:31.70,,822
85304,63,23431,,48,Championship,30:31.80,,822
85305,63,554,,48,Championship,30:33.30,,822
85306,85,23417,,48,Championship,30:33.50,,822
85307,96,371,,48,Championship,30:34.60,,822
85308,169,7641,,48,Championship,30:40.20,,822
85309,132,18968,,48,Championship,30:41.20,,822
85310,49,18,,48,Championship,30:43.50,,822
85311,15,3276,,48,Championship,30:48.10,,822
85312,96,370,,48,Championship,30:51.40,,822
85313,162,1179,,48,Championship,30:54.60,,822
85314,158,2899,,48,Championship,30:55.80,,822
85315,132,18969,,48,Championship,31:01.90,,822
85316,169,22390,,48,Championship,31:06.80,,822
85317,11,2967,,48,Championship,31:07.20,,822
85318,44,4138,,48,Championship,31:24.90,,822
85273,63,528,,48,Championship,29:38.60,,822
85244,88,11483,Fr,48,Championship,29:01.00,,822
85233,88,11495,Fr,48,Championship,28:52.10,,822
85319,86,18745,,48,Championship,31:33.80,,822
85320,32,18772,,48,Championship,31:37.40,,822
85322,120,23893,,48,Championship,31:59.40,,822
85323,203,1827,,48,Championship,32:01.10,,822
85324,147,19488,,48,Championship,32:02.80,,822
85325,172,23894,,48,Championship,32:06.00,,822
85326,172,18883,,48,Championship,32:10.90,,822
85327,120,323,,48,Championship,32:19.90,,822
85328,132,3153,,48,Championship,32:26.90,,822
85329,63,2598,,48,Championship,32:27.90,,822
85330,147,2355,,48,Championship,32:39.80,,822
85331,86,2586,,48,Championship,33:48.70,,822
85332,32,19580,,48,Championship,33:58.40,,822
85333,204,1876,,48,Championship,34:10.30,,822
85334,32,19581,,48,Championship,34:25.40,,822
85335,147,3147,,48,Championship,34:35.10,,822
85336,120,335,,48,Championship,34:51.30,,822
85337,86,1597,,48,Championship,35:20.10,,822
85338,108,20394,,47,FR/SO,24:20.60,,822
85339,204,18596,,47,FR/SO,25:25.30,,822
85340,124,19448,,47,FR/SO,25:35.40,,822
85341,139,7705,,47,FR/SO,25:38.60,,822
85342,137,4660,,47,FR/SO,25:59.30,,822
85343,124,11338,,47,FR/SO,26:02.70,,822
85344,120,18794,,47,FR/SO,26:20.50,,822
85345,164,4116,,47,FR/SO,26:26.20,,822
85346,122,23895,,47,FR/SO,26:34.80,,822
85347,199,1742,,47,FR/SO,27:01.90,,822
85348,164,18927,,47,FR/SO,27:03.90,,822
85349,167,18931,,47,FR/SO,27:06.60,,822
85350,139,1484,,47,FR/SO,27:11.10,,822
85351,171,1045,,47,FR/SO,27:14.60,,822
85352,204,2074,,47,FR/SO,27:18.10,,822
85353,124,1954,,47,FR/SO,27:22.50,,822
85354,79,18934,,47,FR/SO,27:28.60,,822
85355,122,23464,,47,FR/SO,27:29.40,,822
85356,116,445,,47,FR/SO,27:30.40,,822
85357,178,18823,,47,FR/SO,27:33.40,,822
85358,178,1764,,47,FR/SO,27:38.60,,822
85359,178,23554,,47,FR/SO,27:49.50,,822
85360,164,18928,,47,FR/SO,28:00.30,,822
85361,167,20409,,47,FR/SO,28:09.50,,822
85362,118,21215,,47,FR/SO,28:11.90,,822
85363,159,16159,,47,FR/SO,28:14.20,,822
85364,178,1746,,47,FR/SO,28:14.80,,822
85365,137,588,,47,FR/SO,28:16.90,,822
85366,188,18832,,47,FR/SO,28:20.20,,822
85368,79,7945,,47,FR/SO,28:23.30,,822
85369,112,19459,,47,FR/SO,28:24.50,,822
85370,196,18601,,47,FR/SO,28:25.80,,822
85371,178,3040,,47,FR/SO,28:27.10,,822
85372,124,21214,,47,FR/SO,28:28.70,,822
85373,124,21220,,47,FR/SO,28:33.20,,822
85374,124,11344,,47,FR/SO,28:36.00,,822
85375,178,3033,,47,FR/SO,28:37.30,,822
85376,120,293,,47,FR/SO,28:37.60,,822
85377,116,7991,,47,FR/SO,28:37.70,,822
85378,158,16165,,47,FR/SO,28:38.70,,822
85379,178,23549,,47,FR/SO,28:41.30,,822
85380,203,18836,,47,FR/SO,28:41.90,,822
85381,112,19454,,47,FR/SO,28:43.50,,822
85382,112,19469,,47,FR/SO,28:48.60,,822
85383,112,19457,,47,FR/SO,28:52.70,,822
85384,209,23551,,47,FR/SO,28:53.00,,822
85385,124,11345,,47,FR/SO,28:53.60,,822
85386,203,1769,,47,FR/SO,28:54.00,,822
85387,204,23553,,47,FR/SO,28:56.20,,822
85388,199,1775,,47,FR/SO,28:56.50,,822
85389,169,4241,,47,FR/SO,28:57.80,,822
85390,159,22368,,47,FR/SO,29:01.90,,822
85391,209,22577,,47,FR/SO,29:03.90,,822
85392,171,23550,,47,FR/SO,29:05.70,,822
85393,137,589,,47,FR/SO,29:07.20,,822
85394,204,18609,,47,FR/SO,29:08.80,,822
85395,203,18839,,47,FR/SO,29:09.50,,822
85396,164,3116,,47,FR/SO,29:12.40,,822
85397,104,2832,,47,FR/SO,29:14.30,,822
85398,112,11341,,47,FR/SO,29:17.10,,822
85399,171,11447,,47,FR/SO,29:19.90,,822
85400,108,254,,47,FR/SO,29:20.60,,822
85401,96,7998,,47,FR/SO,29:22.80,,822
85402,139,7706,,47,FR/SO,29:31.00,,822
85403,167,18939,,47,FR/SO,29:34.90,,822
85404,124,2838,,47,FR/SO,29:35.70,,822
85405,167,18948,,47,FR/SO,29:40.50,,822
85406,204,23896,,47,FR/SO,29:46.50,,822
85407,203,22580,,47,FR/SO,29:47.90,,822
85408,158,2894,,47,FR/SO,29:51.90,,822
85409,137,18946,,47,FR/SO,29:53.10,,822
85410,104,19463,,47,FR/SO,29:57.30,,822
85411,158,21481,,47,FR/SO,30:00.80,,822
85412,96,360,,47,FR/SO,30:04.10,,822
85413,4,2940,,47,FR/SO,30:05.30,,822
85321,86,3012,Jr,48,Championship,31:51.90,,822
85414,137,16166,,47,FR/SO,30:11.30,,822
85415,164,18935,,47,FR/SO,30:15.20,,822
85416,203,2096,,47,FR/SO,30:16.50,,822
85417,160,20420,,47,FR/SO,30:18.80,,822
85418,167,655,,47,FR/SO,30:28.30,,822
85419,178,23897,,47,FR/SO,30:35.10,,822
85420,152,2418,,47,FR/SO,30:37.20,,822
85421,164,18938,,47,FR/SO,30:52.60,,822
85422,159,648,,47,FR/SO,30:52.80,,822
85423,79,18942,,47,FR/SO,30:53.00,,822
85424,169,2426,,47,FR/SO,31:01.90,,822
85425,159,2712,,47,FR/SO,31:06.20,,822
85426,158,2403,,47,FR/SO,31:13.30,,822
85427,122,18913,,47,FR/SO,31:14.40,,822
85428,61,19522,,47,FR/SO,31:18.50,,822
85430,112,11346,,47,FR/SO,31:36.40,,822
85431,164,23898,,47,FR/SO,31:43.20,,822
85432,158,16167,,47,FR/SO,31:58.80,,822
85433,112,3755,,47,FR/SO,32:00.00,,822
85434,79,7947,,47,FR/SO,32:06.10,,822
85435,158,16168,,47,FR/SO,32:06.20,,822
85436,158,5344,,47,FR/SO,32:10.50,,822
85437,169,11362,,47,FR/SO,32:18.00,,822
85438,203,1796,,47,FR/SO,32:18.40,,822
85439,61,22358,,47,FR/SO,32:18.60,,822
85440,164,22371,,47,FR/SO,32:21.70,,822
85441,171,23566,,47,FR/SO,32:23.40,,822
85442,132,18958,,47,FR/SO,32:27.10,,822
85443,137,16169,,47,FR/SO,32:30.60,,822
85444,188,18854,,47,FR/SO,32:35.10,,822
85445,164,4223,,47,FR/SO,32:36.00,,822
85446,112,11347,,47,FR/SO,32:43.70,,822
85447,157,5679,,47,FR/SO,32:46.70,,822
85448,130,18959,,47,FR/SO,32:56.70,,822
85449,120,307,,47,FR/SO,33:16.70,,822
85450,152,16171,,47,FR/SO,33:34.10,,822
85451,209,23548,,47,FR/SO,33:38.20,,822
85452,111,8033,,47,FR/SO,33:52.50,,822
85453,137,662,,47,FR/SO,33:56.80,,822
85454,152,2423,,47,FR/SO,34:00.60,,822
85455,158,16173,,47,FR/SO,34:19.50,,822
85456,61,1621,,47,FR/SO,34:36.10,,822
85457,137,23899,,47,FR/SO,34:38.30,,822
85458,111,305,,47,FR/SO,34:44.60,,822
85459,130,18960,,47,FR/SO,35:11.30,,822
85460,158,22376,,47,FR/SO,35:18.20,,822
85461,152,16176,,47,FR/SO,35:23.40,,822
85462,196,4977,,47,FR/SO,35:45.00,,822
85465,167,652,,47,FR/SO,36:24.30,,822
85466,79,18955,,47,FR/SO,36:34.50,,822
85467,152,23900,,47,FR/SO,36:49.00,,822
85468,152,2431,,47,FR/SO,44:28.00,,822
85473,4,22528,,48,FR/SO,27:33.60,,822
85475,4,18780,,48,FR/SO,27:41.00,,822
85476,4,20488,,48,FR/SO,27:46.80,,822
85477,164,18963,,48,FR/SO,27:47.90,,822
85478,146,11380,,48,FR/SO,27:56.40,,822
85479,124,11308,,48,FR/SO,28:01.20,,822
85480,146,22385,,48,FR/SO,28:02.20,,822
85481,124,11302,,48,FR/SO,28:03.70,,822
85483,167,695,,48,FR/SO,28:06.10,,822
85484,4,7717,,48,FR/SO,28:06.40,,822
85485,124,11304,,48,FR/SO,28:12.90,,822
85486,167,18971,,48,FR/SO,28:17.20,,822
85487,124,21232,,48,FR/SO,28:18.70,,822
85488,137,18978,,48,FR/SO,28:18.90,,822
85489,167,696,,48,FR/SO,28:20.60,,822
85490,164,747,,48,FR/SO,28:27.90,,822
85491,56,8074,,48,FR/SO,28:31.10,,822
85492,167,19384,,48,FR/SO,28:34.40,,822
85493,132,18995,,48,FR/SO,28:35.00,,822
85494,209,23573,,48,FR/SO,28:37.40,,822
85495,118,11303,,48,FR/SO,28:39.40,,822
85496,161,23901,,48,FR/SO,28:46.40,,822
85497,146,19479,,48,FR/SO,28:49.20,,822
85498,199,19635,,48,FR/SO,28:50.10,,822
85499,167,704,,48,FR/SO,28:52.20,,822
85500,112,419,,48,FR/SO,28:54.10,,822
85501,111,8007,,48,FR/SO,28:55.40,,822
85502,188,5013,,48,FR/SO,28:57.40,,822
85504,124,2000,,48,FR/SO,28:59.90,,822
85505,167,717,,48,FR/SO,29:00.90,,822
85506,130,16113,,48,FR/SO,29:06.40,,822
85507,56,8059,,48,FR/SO,29:07.70,,822
85508,56,8051,,48,FR/SO,29:08.80,,822
85509,159,22388,,48,FR/SO,29:09.90,,822
85510,167,18977,,48,FR/SO,29:11.00,,822
85463,88,11474,So,47,FR/SO,35:50.00,,822
85469,167,8108,Fr,48,FR/SO,26:59.10,,822
85474,124,2001,So,48,FR/SO,27:35.90,,822
85470,4,90,So,48,FR/SO,27:07.20,,822
85464,100,11475,So,47,FR/SO,35:53.20,,822
85482,75,1546,So,48,FR/SO,28:05.70,,822
85503,168,732,Jr,48,FR/SO,28:59.30,,822
85511,159,2176,,48,FR/SO,29:12.60,,822
85512,146,19480,,48,FR/SO,29:14.20,,822
85513,124,19411,,48,FR/SO,29:14.40,,822
85514,75,23414,,48,FR/SO,29:15.10,,822
85515,167,710,,48,FR/SO,29:16.30,,822
85516,199,18872,,48,FR/SO,29:21.40,,822
85517,167,19381,,48,FR/SO,29:21.60,,822
85518,124,11307,,48,FR/SO,29:23.30,,822
85519,146,11385,,48,FR/SO,29:24.40,,822
85520,124,21237,,48,FR/SO,29:25.70,,822
85521,171,11389,,48,FR/SO,29:27.00,,822
85522,112,3333,,48,FR/SO,29:28.60,,822
85524,159,20431,,48,FR/SO,29:29.80,,822
85525,161,2349,,48,FR/SO,29:32.60,,822
85526,159,16118,,48,FR/SO,29:32.70,,822
85527,75,7730,,48,FR/SO,29:35.20,,822
85528,167,3015,,48,FR/SO,29:36.20,,822
85529,203,1844,,48,FR/SO,29:39.60,,822
85530,162,22387,,48,FR/SO,29:42.30,,822
85531,1,18736,,48,FR/SO,29:43.50,,822
85532,159,714,,48,FR/SO,29:49.90,,822
85534,178,23578,,48,FR/SO,29:51.50,,822
85535,56,19600,,48,FR/SO,29:51.90,,822
85536,111,8005,,48,FR/SO,29:52.50,,822
85538,167,19386,,48,FR/SO,29:53.70,,822
85539,164,18979,,48,FR/SO,29:54.00,,822
85540,159,2173,,48,FR/SO,29:54.70,,822
85541,196,19624,,48,FR/SO,29:54.80,,822
85542,159,705,,48,FR/SO,29:56.00,,822
85543,112,19405,,48,FR/SO,29:58.10,,822
85544,117,188,,48,FR/SO,29:58.40,,822
85545,167,685,,48,FR/SO,29:58.60,,822
85547,117,8060,,48,FR/SO,30:03.50,,822
85548,108,23475,,48,FR/SO,30:05.30,,822
85549,111,8011,,48,FR/SO,30:07.20,,822
85550,160,2445,,48,FR/SO,30:08.10,,822
85551,132,692,,48,FR/SO,30:12.60,,822
85552,159,16115,,48,FR/SO,30:12.90,,822
85553,146,11383,,48,FR/SO,30:15.40,,822
85555,124,23476,,48,FR/SO,30:18.20,,822
85556,79,23430,,48,FR/SO,30:19.00,,822
85557,171,1239,,48,FR/SO,30:20.20,,822
85558,203,18877,,48,FR/SO,30:20.90,,822
85559,88,18974,,48,FR/SO,30:21.00,,822
85561,117,8057,,48,FR/SO,30:23.10,,822
85562,159,2168,,48,FR/SO,30:25.40,,822
85563,130,2453,,48,FR/SO,30:26.00,,822
85564,124,2003,,48,FR/SO,30:27.40,,822
85565,130,3142,,48,FR/SO,30:27.40,,822
85566,146,11400,,48,FR/SO,30:29.60,,822
85567,209,22569,,48,FR/SO,30:30.20,,822
85568,167,19385,,48,FR/SO,30:30.70,,822
85569,178,1870,,48,FR/SO,30:32.90,,822
85570,167,19387,,48,FR/SO,30:34.20,,822
85571,56,8056,,48,FR/SO,30:35.80,,822
85573,118,19422,,48,FR/SO,30:39.10,,822
85575,112,437,,48,FR/SO,30:47.30,,822
85576,108,124,,48,FR/SO,30:49.20,,822
85577,159,18991,,48,FR/SO,30:56.00,,822
85578,111,8009,,48,FR/SO,30:56.40,,822
85579,159,16119,,48,FR/SO,31:00.20,,822
85580,159,16120,,48,FR/SO,31:03.60,,822
85581,209,23582,,48,FR/SO,31:04.10,,822
85582,146,11390,,48,FR/SO,31:06.60,,822
85583,124,21233,,48,FR/SO,31:08.30,,822
85584,137,18981,,48,FR/SO,31:09.10,,822
85585,132,18994,,48,FR/SO,31:09.40,,822
85586,108,8048,,48,FR/SO,31:09.80,,822
85587,164,18992,,48,FR/SO,31:10.20,,822
85588,160,11408,,48,FR/SO,31:11.90,,822
85589,164,19007,,48,FR/SO,31:15.40,,822
85590,99,23427,,48,FR/SO,31:16.10,,822
85591,112,420,,48,FR/SO,31:19.00,,822
85592,164,2730,,48,FR/SO,31:25.30,,822
85593,203,18874,,48,FR/SO,31:28.10,,822
85594,167,19002,,48,FR/SO,31:32.30,,822
85595,79,18975,,48,FR/SO,31:33.30,,822
85596,56,2200,,48,FR/SO,31:34.60,,822
85597,203,2124,,48,FR/SO,31:36.00,,822
85598,117,156,,48,FR/SO,31:36.10,,822
85599,209,3068,,48,FR/SO,31:36.30,,822
85600,15,22525,,48,FR/SO,31:37.90,,822
85601,118,3887,,48,FR/SO,31:38.50,,822
85602,164,18989,,48,FR/SO,31:39.50,,822
85603,159,16140,,48,FR/SO,31:40.50,,822
85604,117,173,,48,FR/SO,31:42.30,,822
85605,137,4700,,48,FR/SO,31:43.10,,822
85606,116,7982,,48,FR/SO,31:44.20,,822
85607,158,2900,,48,FR/SO,31:44.40,,822
85572,159,5708,,48,FR/SO,30:38.60,,822
85533,88,11490,Fr,48,FR/SO,29:50.90,,822
85546,75,7724,Fr,48,FR/SO,29:59.10,,822
85574,75,2561,So,48,FR/SO,30:41.30,,822
85560,86,1536,So,48,FR/SO,30:22.20,,822
85554,75,1562,So,48,FR/SO,30:15.50,,822
85608,164,19001,,48,FR/SO,31:44.40,,822
85609,171,11382,,48,FR/SO,31:44.70,,822
85610,99,23428,,48,FR/SO,31:45.90,,822
85611,209,3067,,48,FR/SO,31:45.90,,822
85612,159,2184,,48,FR/SO,31:50.10,,822
85613,117,8068,,48,FR/SO,31:52.60,,822
85614,158,2467,,48,FR/SO,31:53.30,,822
85615,99,23421,,48,FR/SO,31:53.60,,822
85616,15,23902,,48,FR/SO,31:54.90,,822
85617,171,11399,,48,FR/SO,31:55.30,,822
85618,158,16135,,48,FR/SO,31:56.80,,822
85619,117,19413,,48,FR/SO,31:57.80,,822
85620,203,3064,,48,FR/SO,32:00.30,,822
85621,162,11357,,48,FR/SO,32:02.70,,822
85622,117,8064,,48,FR/SO,32:03.60,,822
85623,169,4732,,48,FR/SO,32:04.90,,822
85624,146,11392,,48,FR/SO,32:09.00,,822
85625,118,23903,,48,FR/SO,32:11.50,,822
85626,178,1869,,48,FR/SO,32:12.40,,822
85627,162,22393,,48,FR/SO,32:12.50,,822
85628,100,23440,,48,FR/SO,32:12.90,,822
85629,167,711,,48,FR/SO,32:17.40,,822
85630,79,2559,,48,FR/SO,32:18.40,,822
85632,79,23442,,48,FR/SO,32:20.80,,822
85633,167,742,,48,FR/SO,32:21.10,,822
85634,116,7981,,48,FR/SO,32:23.30,,822
85635,158,16132,,48,FR/SO,32:26.20,,822
85636,209,23587,,48,FR/SO,32:29.60,,822
85637,159,19000,,48,FR/SO,32:32.90,,822
85638,147,22395,,48,FR/SO,32:35.30,,822
85639,112,3336,,48,FR/SO,32:37.10,,822
85640,199,23588,,48,FR/SO,32:38.00,,822
85641,171,11395,,48,FR/SO,32:40.30,,822
85642,158,2463,,48,FR/SO,32:41.70,,822
85643,147,19489,,48,FR/SO,32:46.00,,822
85644,203,1894,,48,FR/SO,32:53.80,,822
85645,160,2460,,48,FR/SO,32:56.80,,822
85646,79,23443,,48,FR/SO,33:02.00,,822
85647,132,22400,,48,FR/SO,33:08.30,,822
85648,79,3613,,48,FR/SO,33:19.40,,822
85649,117,192,,48,FR/SO,33:23.40,,822
85650,199,19644,,48,FR/SO,33:23.80,,822
85651,146,1275,,48,FR/SO,33:24.20,,822
85652,124,19424,,48,FR/SO,33:26.70,,822
85653,147,22407,,48,FR/SO,33:33.40,,822
85654,130,20434,,48,FR/SO,33:34.10,,822
85655,124,11324,,48,FR/SO,33:35.10,,822
85656,169,4735,,48,FR/SO,33:38.80,,822
85657,167,19006,,48,FR/SO,33:42.70,,822
85658,158,2897,,48,FR/SO,33:45.70,,822
85659,158,2474,,48,FR/SO,33:45.80,,822
85660,158,2469,,48,FR/SO,33:48.60,,822
85661,158,16123,,48,FR/SO,33:50.10,,822
85662,146,3699,,48,FR/SO,33:51.30,,822
85663,56,19598,,48,FR/SO,33:54.60,,822
85664,56,8095,,48,FR/SO,33:55.50,,822
85665,130,2450,,48,FR/SO,33:58.80,,822
85666,167,19013,,48,FR/SO,33:59.80,,822
85667,160,11422,,48,FR/SO,34:03.90,,822
85668,159,20437,,48,FR/SO,34:09.50,,822
85669,90,23458,,48,FR/SO,34:11.40,,822
85670,96,18751,,48,FR/SO,34:18.00,,822
85671,112,19431,,48,FR/SO,34:19.80,,822
85672,203,1883,,48,FR/SO,34:21.80,,822
85673,137,787,,48,FR/SO,34:23.10,,822
85674,159,16133,,48,FR/SO,34:31.20,,822
85675,104,19436,,48,FR/SO,34:41.40,,822
85676,196,18569,,48,FR/SO,34:44.20,,822
85677,111,23482,,48,FR/SO,34:49.10,,822
85678,159,16146,,48,FR/SO,34:54.10,,822
85679,169,11359,,48,FR/SO,34:57.10,,822
85680,124,19434,,48,FR/SO,34:57.80,,822
85681,159,753,,48,FR/SO,35:02.70,,822
85682,130,16129,,48,FR/SO,35:07.10,,822
85683,169,7644,,48,FR/SO,35:07.50,,822
85684,161,22405,,48,FR/SO,35:17.80,,822
85685,15,23512,,48,FR/SO,35:23.10,,822
85686,111,18791,,48,FR/SO,35:30.00,,822
85687,152,16148,,48,FR/SO,35:32.40,,822
85688,56,22348,,48,FR/SO,35:34.10,,822
85689,159,16147,,48,FR/SO,35:36.60,,822
85690,178,23594,,48,FR/SO,35:38.50,,822
85691,158,21482,,48,FR/SO,35:52.10,,822
85692,203,18895,,48,FR/SO,36:04.90,,822
85693,111,333,,48,FR/SO,36:08.30,,822
85694,158,23904,,48,FR/SO,36:11.90,,822
85695,130,2478,,48,FR/SO,36:36.80,,822
85696,159,20443,,48,FR/SO,36:38.50,,822
85697,130,19014,,48,FR/SO,37:51.30,,822
85698,122,20482,,48,FR/SO,38:10.80,,822
85699,104,2051,,48,FR/SO,38:31.70,,822
85700,108,58,,48,FR/SO,38:44.80,,822
85701,75,23454,,48,FR/SO,39:05.00,,822
85703,122,23485,,48,FR/SO,39:16.80,,822
85704,167,19005,,48,FR/SO,39:54.90,,822
85705,196,23601,,48,FR/SO,43:11.60,,822
85706,196,19665,,48,FR/SO,45:05.90,,822
85707,196,23599,,48,FR/SO,45:06.60,,822
85708,86,11525,Fr,48,FR/SO,46:09.20,,822
72905,168,732,Jr,48,,32:25.60,,622
69775,167,743,Jr,48,,32:59.90,,586
67625,159,677,Jr,48,,29:21.20,,565
72808,159,677,Jr,48,,27:21.20,,622
79242,159,677,Jr,48,,26:55.30,,676
79427,167,708,Jr,48,,32:03.20,,676
85088,167,667,Sr,48,Championship,26:14.20,,822
85111,86,11480,So,48,Championship,27:00.10,,822
82336,88,11456,Fr,47,,25:45.00,,769
82380,88,11464,Fr,47,,29:26.00,,769
82436,88,507,So,48,,26:37.00,,769
82512,88,11490,Fr,48,,28:59.00,,769
82530,88,3092,Jr,48,,29:38.00,,769
82431,88,11483,Fr,48,,26:24.00,,769
82439,88,11485,Fr,48,,26:44.00,,769
82441,88,2553,Jr,48,,26:51.00,,769
82444,88,11484,Fr,48,,27:02.00,,769
82486,88,18974,Fr,48,,28:17.00,,769
82513,88,529,Jr,48,,28:59.00,,769
82523,88,513,Sr,48,,29:20.00,,769
85084,172,1810,Sr,48,Championship,26:10.80,,822
85087,164,2723,Gr,48,Championship,26:13.30,,822
67324,172,1810,Sr,48,,26:33.60,,562
69820,124,19402,Gr,48,,25:26.74,,587
83141,19,23523,So,47,,21:36.90,,774
84885,116,7986,Fr,47,Championship,24:38.00,,822
69727,167,666,So,48,,27:10.00,,586
79208,164,2723,Gr,48,,25:09.20,,676
83328,172,1810,Sr,48,,25:23.57,,776
27066,116,7986,Fr,17,,18:09.10,,354
67144,116,7986,Fr,47,,24:23.00,,560
69996,116,7986,Fr,47,,23:04.20,,587
82633,116,7986,Fr,47,,22:44.80,,770
82639,1,18725,Fr,47,,24:04.00,,770
72790,167,666,So,48,,26:03.20,,622
67591,164,18961,Fr,48,,26:51.70,,565
80055,11,2947,Gr,48,,25:33.50,,677
27100,96,6903,Fr,48,,27:59.00,,356
1599,86,1478,,17,,22:41.00,,21
26426,75,1530,Sr,17,,16:42.00,,347
67048,86,4549,So,17,,24:06.00,,557
2047,188,885,,48,,27:44.20,,26
2542,188,885,,48,,27:19.96,,32
111414,36,25527,,48,,27:01.50,,1334
111415,36,4878,,48,,29:01.20,,1334
111416,36,28541,,17,,23:20.80,,1334
111417,76,28516,,17,,16:59.56,,1335
111419,76,28517,,17,,17:24.60,,1335
111423,76,557,,17,,20:11.34,,1335
111425,76,26112,,17,,21:29.88,,1335
111426,76,28544,,17,,25:01.06,,1335
111427,76,28545,,17,,23:22.48,,1335
111422,76,28543,,17,,19:38.99,,1335
111424,76,26097,,17,,21:28.98,,1335
111428,76,28511,,17,,25:03.60,,1335
111429,76,28546,,17,,30:16.71,,1335
111418,76,28519,,17,,17:07.37,,1335
111420,76,26088,,17,,18:46.35,,1335
111421,76,28542,,17,,19:02.18,,1335
76712,146,1201,,48,,27:28.60,,655
1357,131,1241,,48,,29:14.00,,19
1461,146,1345,,48,,33:22.00,,19
766,159,5708,,48,,29:17.40,,15
2699,159,5708,,48,,29:42.30,,33
4986,159,5708,,48,,28:12.60,,61
1894,146,1205,,48,,27:57.60,,24
34900,146,1205,,48,,28:56.48,,397
3574,146,1205,,48,,29:22.00,,45
5043,146,1225,,48,,29:34.90,,61
6863,146,1225,,48,Championship,27:39.50,,71
7117,146,1225,,48,Freshman/Sophomore,27:39.47,,71
76723,146,1273,,48,,31:38.70,,655
7206,146,1273,,48,Freshman/Sophomore,29:42.59,,71
70143,146,1273,,48,,30:54.10,,589
3085,169,1153,,47,,34:10.24,,40
1124,162,1008,,47,,25:14.00,,19
3514,162,1008,,47,,24:57.00,,45
6582,162,1008,,47,Championship,24:06.10,,71
4813,138,5691,,47,,27:04.20,,61
7395,138,5691,,47,Junior/Senior/Grad,29:20.01,,71
105777,124,1993,,48,,25:53.40,,1274
34879,146,26627,,48,,26:26.32,,397
108284,146,26627,,48,,25:57.20,,1295
85127,146,26627,,48,Championship,27:16.60,,822
79226,146,26627,,48,,26:21.40,,676
1224,162,1108,,47,,29:35.00,,19
72946,130,2478,,48,,37:32.20,,622
1355,171,1239,,48,,29:07.00,,19
112671,61,28825,,48,,31:18.64,,1347
112673,56,26906,,48,,31:21.47,,1347
112675,56,2200,,48,,31:24.88,,1347
112676,61,28826,,48,,31:28.77,,1347
112678,61,28006,,48,,31:41.01,,1347
112680,59,1647,,48,,32:05.17,,1347
112682,49,28374,,48,,32:24.75,,1347
112684,37,27757,,48,,32:36.57,,1347
112686,56,8095,,48,,32:40.89,,1347
112688,37,3402,,48,,32:50.25,,1347
112690,56,27571,,48,,33:09.93,,1347
112692,37,25546,,48,,33:19.17,,1347
112694,44,28408,,48,,33:47.19,,1347
112696,37,25576,,48,,33:50.40,,1347
112698,56,26911,,48,,34:12.54,,1347
112700,59,2788,,48,,35:34.08,,1347
112701,49,28827,,48,,35:36.93,,1347
112703,59,4081,,48,,35:51.78,,1347
112706,37,27758,,48,,36:24.42,,1347
112709,61,21474,,48,,37:58.05,,1347
112713,56,28369,,48,,45:28.47,,1347
112715,59,19506,,47,,24:02.92,,1347
112717,59,28256,,47,,24:27.34,,1347
112719,59,19360,,47,,24:55.12,,1347
112721,60,26867,,47,,25:11.32,,1347
112723,49,22352,,47,,26:00.55,,1347
112725,56,8120,,47,,26:20.29,,1347
112727,56,26898,,47,,26:27.70,,1347
112729,56,3364,,47,,26:45.04,,1347
112732,49,28377,,47,,27:00.25,,1347
112734,59,28022,,47,,27:19.66,,1347
112736,61,28531,,47,,27:25.27,,1347
112737,61,28833,,47,,27:26.68,,1347
112739,56,2188,,47,,27:28.99,,1347
112741,61,28413,,47,,28:08.83,,1347
112743,60,3379,,47,,28:19.63,,1347
112744,56,28834,,47,,28:26.26,,1347
112746,59,2061,,47,,28:40.00,,1347
112748,56,26901,,47,,28:49.06,,1347
112750,60,3460,,47,,29:10.30,,1347
112752,56,27617,,47,,29:37.57,,1347
112754,59,27226,,47,,29:58.09,,1347
112756,56,8135,,47,,30:01.66,,1347
112758,61,28414,,47,,31:22.48,,1347
112760,59,2064,,47,,31:40.18,,1347
112761,45,28835,,47,,31:47.62,,1347
112764,59,11377,,47,,33:22.27,,1347
112751,60,3371,,47,,29:10.36,,1347
112753,44,2207,,47,,29:43.03,,1347
112755,60,28244,,47,,30:00.70,,1347
112757,56,27621,,47,,30:57.04,,1347
112759,60,4763,,47,,31:27.04,,1347
112762,59,2062,,47,,31:52.54,,1347
112763,49,28836,,47,,32:43.45,,1347
112597,49,2258,,48,,26:10.09,,1347
112598,61,8146,,48,,26:15.88,,1347
112599,60,3393,,48,,26:19.75,,1347
112600,61,382,,48,,26:25.84,,1347
112601,56,2193,,48,,26:31.57,,1347
112602,61,1656,,48,,26:45.04,,1347
112603,56,127,,48,,27:04.12,,1347
112604,49,2268,,48,,27:16.57,,1347
112605,44,19528,,48,,27:16.90,,1347
112606,61,19539,,48,,27:22.24,,1347
112607,61,1657,,48,,27:29.95,,1347
112608,56,8065,,48,,27:31.15,,1347
112609,56,8051,,48,,27:39.49,,1347
112610,49,2263,,48,,27:39.82,,1347
112611,61,2261,,48,,27:44.11,,1347
112612,56,26902,,48,,27:47.14,,1347
112613,37,3390,,48,,27:54.87,,1347
112614,60,27325,,48,,27:55.30,,1347
112615,56,8041,,48,,27:55.54,,1347
112616,56,26903,,48,,28:03.96,,1347
112617,56,203,,48,,28:06.40,,1347
112618,61,2259,,48,,28:16.47,,1347
112619,49,2994,,48,,28:17.26,,1347
112620,49,28372,,48,,28:17.38,,1347
112621,59,2783,,48,,28:17.71,,1347
112622,60,28243,,48,,28:21.58,,1347
112623,49,2260,,48,,28:22.00,,1347
112624,49,19502,,48,,28:23.05,,1347
112625,59,27216,,48,,28:23.11,,1347
112626,61,8147,,48,,28:34.68,,1347
112627,56,130,,48,,28:37.45,,1347
112628,56,26904,,48,,28:43.86,,1347
112629,61,27989,,48,,28:49.60,,1347
112630,59,1625,,48,,28:50.11,,1347
112631,60,28817,,48,,28:55.72,,1347
112632,59,2066,,48,,28:58.57,,1347
112633,56,129,,48,,28:59.70,,1347
112634,59,19362,,48,,29:02.74,,1347
112635,56,128,,48,,29:03.69,,1347
112636,44,27994,,48,,29:04.33,,1347
112637,61,27995,,48,,29:04.99,,1347
112638,59,27217,,48,,29:07.89,,1347
112639,60,18919,,48,,29:23.13,,1347
112640,61,2275,,48,,29:23.40,,1347
112641,37,3388,,48,,29:27.58,,1347
112642,45,28818,,48,,29:28.36,,1347
112643,59,1631,,48,,29:29.77,,1347
112644,44,28400,,48,,29:30.63,,1347
112645,60,3407,,48,,29:31.71,,1347
112646,59,24998,,48,,29:37.02,,1347
112647,59,27215,,48,,29:44.37,,1347
112648,60,28819,,48,,29:49.44,,1347
112649,56,27565,,48,,29:52.24,,1347
112650,56,8059,,48,,29:53.13,,1347
112651,61,28411,,48,,29:55.81,,1347
112652,56,8056,,48,,30:07.98,,1347
112653,56,28367,,48,,30:08.68,,1347
112654,44,28002,,48,,30:08.80,,1347
112655,61,28536,,48,,30:12.27,,1347
112656,59,28820,,48,,30:13.17,,1347
112657,59,27993,,48,,30:14.55,,1347
112658,37,27755,,48,,30:21.30,,1347
112659,59,4082,,48,,30:22.99,,1347
112660,49,18201,,48,,30:23.22,,1347
112661,59,21472,,48,,30:29.40,,1347
112662,56,27560,,48,,30:36.34,,1347
112663,60,28821,,48,,30:37.35,,1347
112664,59,1632,,48,,30:45.27,,1347
112665,37,28822,,48,,30:46.92,,1347
112666,60,7965,,48,,30:48.70,,1347
112667,61,1663,,48,,30:53.70,,1347
112668,49,28823,,48,,31:07.84,,1347
112669,37,28824,,48,,31:09.16,,1347
112670,56,2198,,48,,31:11.41,,1347
112672,49,28373,,48,,31:19.36,,1347
112674,37,18804,,48,,31:22.36,,1347
112677,44,19551,,48,,31:29.82,,1347
112679,60,4901,,48,,31:49.21,,1347
112681,59,27221,,48,,32:10.80,,1347
112683,49,2995,,48,,32:34.11,,1347
112685,49,28375,,48,,32:37.35,,1347
112687,37,3409,,48,,32:46.71,,1347
112689,44,19561,,48,,33:03.54,,1347
112691,44,28013,,48,,33:10.92,,1347
112693,44,28008,,48,,33:42.63,,1347
112695,37,3410,,48,,33:49.47,,1347
112697,37,18807,,48,,34:07.08,,1347
112699,56,27588,,48,,34:46.71,,1347
112702,59,1652,,48,,35:38.70,,1347
112704,56,8099,,48,,35:59.85,,1347
112705,44,28828,,48,,36:18.39,,1347
112707,61,19569,,48,,36:52.44,,1347
112708,37,28829,,48,,37:13.71,,1347
112710,37,27759,,48,,40:35.32,,1347
112711,60,28830,,48,,42:15.54,,1347
112712,37,28831,,48,,43:49.53,,1347
112714,61,2238,,47,,22:14.89,,1347
112716,61,19505,,47,,24:02.98,,1347
112718,61,28018,,47,,24:51.28,,1347
112720,56,230,,47,,25:08.62,,1347
112722,56,4790,,47,,25:39.25,,1347
112724,49,28376,,47,,26:14.59,,1347
112726,61,28021,,47,,26:24.46,,1347
112728,56,22356,,47,,26:35.95,,1347
112730,56,253,,47,,26:53.56,,1347
112731,45,28832,,47,,26:55.99,,1347
112733,60,7971,,47,,27:00.79,,1347
112735,59,1673,,47,,27:25.18,,1347
112738,56,27607,,47,,27:28.72,,1347
112740,49,22359,,47,,27:54.40,,1347
112742,56,26900,,47,,28:17.77,,1347
112745,59,19361,,47,,28:38.56,,1347
112747,56,3368,,47,,28:41.38,,1347
112749,45,3377,,47,,28:54.10,,1347
109804,150,27446,,48,,26:17.00,,1303
109805,150,27445,,48,,26:43.30,,1303
109806,150,27450,,48,,28:32.40,,1303
109807,150,1234,,48,,28:59.10,,1303
109808,150,2822,,48,,29:33.40,,1303
109809,141,28248,,48,,29:33.90,,1303
109810,141,1367,,48,,29:36.20,,1303
109811,141,27497,,48,,29:37.10,,1303
109812,141,1401,,48,,29:56.60,,1303
109813,150,3138,,48,,30:09.40,,1303
109814,141,28249,,48,,30:18.90,,1303
109815,141,27503,,48,,30:28.30,,1303
109816,150,28250,,48,,31:46.20,,1303
109817,150,27459,,48,,31:49.00,,1303
109818,141,28251,,48,,32:15.40,,1303
109819,150,27473,,48,,32:35.20,,1303
109820,150,1287,,48,,32:45.50,,1303
109821,141,28252,,48,,38:37.60,,1303
109822,178,1815,,48,,25:22.90,,1303
109823,150,27419,,47,,24:52.70,,1303
109824,141,27532,,47,,25:48.40,,1303
109825,141,28253,,47,,27:18.80,,1303
109826,150,2820,,47,,29:19.30,,1303
109827,150,28254,,47,,33:19.80,,1303
109828,150,27437,,47,,33:24.90,,1303
109845,85,28257,,48,,26:37.90,,1305
109846,85,3440,,48,,26:47.00,,1305
109847,85,3442,,48,,28:30.10,,1305
109848,85,11292,,48,,29:42.60,,1305
109849,85,27752,,48,,30:34.10,,1305
109850,85,28258,,48,,33:53.00,,1305
109851,85,28259,,48,,36:46.30,,1305
109852,85,23384,,17,,19:01.90,,1305
109853,85,28260,,17,,20:41.90,,1305
109854,116,7976,,48,,26:13.20,,1306
109855,116,26506,,48,,26:43.50,,1306
109856,116,26888,,48,,26:50.20,,1306
109857,116,7978,,48,,27:30.10,,1306
109858,116,2059,,48,,27:57.60,,1306
109859,116,24642,,48,,28:11.30,,1306
109860,116,26507,,48,,28:28.10,,1306
109861,116,27762,,48,,29:26.70,,1306
109862,116,26891,,48,,29:49.20,,1306
109863,116,27763,,48,,30:36.30,,1306
109864,116,26890,,48,,31:07.40,,1306
109865,116,20399,,48,,31:43.50,,1306
109866,116,27958,,48,,33:47.40,,1306
109867,116,27760,,47,,23:46.60,,1306
109868,116,26873,,47,,24:05.80,,1306
109869,116,26871,,47,,24:22.90,,1306
109870,116,26874,,47,,25:23.50,,1306
109871,116,294,,47,,25:41.30,,1306
109872,116,445,,47,,26:15.50,,1306
109873,116,443,,47,,26:23.70,,1306
109874,116,26875,,47,,26:23.90,,1306
109875,116,7992,,47,,28:45.50,,1306
109876,116,26877,,47,,30:02.30,,1306
109829,59,2066,,48,,28:06.20,,1304
109830,59,2783,,48,,28:18.00,,1304
109831,59,1632,,48,,29:00.40,,1304
109832,59,27215,,48,,29:05.00,,1304
109833,59,27220,,48,,29:05.80,,1304
109834,59,28255,,48,,29:17.50,,1304
109835,59,24997,,48,,30:05.30,,1304
109836,59,27216,,48,,30:15.70,,1304
109837,59,4082,,48,,31:01.70,,1304
109838,59,2788,,48,,35:55.90,,1304
109839,59,1652,,48,,36:51.30,,1304
109840,59,28256,,47,,24:38.70,,1304
109841,59,2061,,47,,28:19.10,,1304
109842,59,1671,,47,,28:19.10,,1304
109843,59,19361,,47,,28:38.40,,1304
109844,59,27225,,47,,29:31.80,,1304
112774,174,27641,,47,,25:18.60,,1348
112765,204,18596,,47,,23:17.40,,1348
112766,180,27637,,47,,23:50.50,,1348
112767,204,27148,,47,,23:58.60,,1348
112768,180,28837,,47,,24:04.80,,1348
112769,204,27147,,47,,24:08.30,,1348
112770,174,1767,,47,,24:20.20,,1348
112771,204,27145,,47,,24:28.00,,1348
112772,174,2083,,47,,25:07.00,,1348
112773,199,1742,,47,,25:16.70,,1348
112775,203,27638,,47,,25:23.50,,1348
112776,188,28838,,47,,25:30.70,,1348
112777,180,28839,,47,,25:34.90,,1348
112778,188,18599,,47,,25:42.30,,1348
112779,188,1752,,47,,25:43.10,,1348
112780,204,28046,,47,,25:49.40,,1348
112781,199,27648,,47,,25:49.80,,1348
112782,188,27644,,47,,26:08.00,,1348
112783,204,27645,,47,,26:15.20,,1348
112784,203,27653,,47,,26:19.70,,1348
112785,199,1775,,47,,26:20.70,,1348
112786,206,28840,,47,,26:31.70,,1348
112787,204,842,,47,,26:42.40,,1348
112788,203,18826,,47,,26:46.80,,1348
112789,203,28042,,47,,26:53.80,,1348
112790,188,28043,,47,,27:03.10,,1348
112791,188,845,,47,,27:12.40,,1348
112792,199,1756,,47,,27:15.70,,1348
112793,203,18831,,47,,27:20.30,,1348
112794,180,1779,,47,,27:51.90,,1348
112795,188,19610,,47,,28:13.40,,1348
112796,188,3047,,47,,28:18.40,,1348
112797,188,18854,,47,,28:20.00,,1348
112798,186,25902,,47,,28:27.10,,1348
112799,188,852,,47,,28:27.80,,1348
112800,199,1776,,47,,28:36.90,,1348
112801,206,28841,,47,,28:37.80,,1348
112802,199,27676,,47,,28:40.00,,1348
112803,188,27655,,47,,28:51.20,,1348
112804,203,18844,,47,,28:57.90,,1348
112805,203,1769,,47,,29:01.00,,1348
112806,204,832,,47,,29:06.80,,1348
112807,203,2096,,47,,29:27.90,,1348
112808,203,1796,,47,,29:28.30,,1348
112809,188,27163,,47,,29:55.00,,1348
112810,203,27649,,47,,30:19.60,,1348
112811,206,28842,,47,,30:32.50,,1348
112812,188,27170,,47,,30:44.50,,1348
112813,186,28843,,47,,30:56.10,,1348
112814,206,4975,,47,,31:18.20,,1348
112815,206,28844,,47,,35:03.10,,1348
112816,186,28845,,47,,37:09.00,,1348
112817,203,18850,,47,,38:56.70,,1348
112818,203,18851,,47,,38:57.30,,1348
112819,188,18555,,48,,27:12.00,,1348
112820,203,1827,,48,,27:15.10,,1348
112821,188,883,,48,,27:23.50,,1348
112822,204,903,,48,,27:27.60,,1348
112823,199,27692,,48,,27:37.30,,1348
112824,188,25000,,48,,27:47.30,,1348
112825,204,931,,48,,28:04.00,,1348
112826,203,18869,,48,,28:08.20,,1348
112827,203,1835,,48,,28:09.10,,1348
112828,220,23583,,48,,28:12.60,,1348
112829,204,23572,,48,,28:25.20,,1348
112830,174,28057,,48,,28:48.90,,1348
112831,204,27117,,48,,28:59.30,,1348
112832,204,27116,,48,,29:06.50,,1348
112833,204,18559,,48,,29:09.90,,1348
112834,203,25896,,48,,29:14.40,,1348
112835,203,28846,,48,,29:16.70,,1348
112836,188,18879,,48,,29:20.80,,1348
112837,174,27698,,48,,29:32.20,,1348
112838,188,2122,,48,,29:43.70,,1348
112839,204,28847,,48,,29:47.00,,1348
112840,180,18884,,48,,29:48.20,,1348
112841,180,28848,,48,,30:09.00,,1348
112842,204,18564,,48,,30:15.80,,1348
112843,203,19626,,48,,30:20.80,,1348
112844,188,28849,,48,,30:24.30,,1348
112845,188,18878,,48,,30:31.60,,1348
112846,188,18567,,48,,30:35.50,,1348
112847,204,1874,,48,,30:39.50,,1348
112848,203,18874,,48,,30:50.60,,1348
112849,204,27123,,48,,31:10.60,,1348
112850,188,926,,48,,31:17.80,,1348
112851,174,2111,,48,,31:19.20,,1348
110082,118,3887,,48,,34:40.90,,1308
110083,112,28298,,48,,34:46.60,,1308
110084,117,3352,,48,,34:54.10,,1308
110085,124,28299,,48,,35:27.70,,1308
110086,112,26846,,48,,35:35.40,,1308
110087,107,28300,,48,,35:53.10,,1308
110088,124,28301,,48,,35:59.60,,1308
110089,112,19406,,48,,36:05.80,,1308
110090,228,28302,,48,,36:13.80,,1308
110091,112,11331,,48,,36:20.60,,1308
110092,112,18085,,48,,36:24.60,,1308
110093,104,2051,,48,,36:32.40,,1308
110094,104,28303,,48,,36:56.10,,1308
110095,112,2877,,48,,37:41.80,,1308
110096,228,28304,,48,,38:19.90,,1308
110097,228,28305,,48,,38:24.30,,1308
110098,112,26988,,48,,39:33.80,,1308
110099,119,2882,,48,,39:39.40,,1308
110100,112,28306,,48,,39:45.60,,1308
110101,119,2880,,48,,40:13.20,,1308
110102,104,19436,,48,,40:29.80,,1308
110103,112,427,,48,,41:14.10,,1308
110104,107,19442,,48,,45:41.90,,1308
110105,124,28307,,48,,58:02.00,,1308
112852,174,2116,,48,,31:19.50,,1348
112853,204,18563,,48,,31:29.10,,1348
112854,188,28066,,48,,31:32.70,,1348
112855,190,28850,,48,,31:34.10,,1348
112856,175,5002,,48,,31:57.40,,1348
112857,180,25921,,48,,32:08.80,,1348
112858,204,18581,,48,,32:18.60,,1348
112859,204,18577,,48,,32:21.90,,1348
112860,203,1900,,48,,32:30.60,,1348
112861,199,2139,,48,,32:34.10,,1348
112862,186,28851,,48,,32:35.10,,1348
112863,204,2142,,48,,32:56.70,,1348
112864,188,18901,,48,,33:39.70,,1348
112865,199,27724,,48,,33:48.80,,1348
112866,203,28073,,48,,33:49.60,,1348
112867,190,19643,,48,,33:57.00,,1348
112868,203,27729,,48,,34:20.40,,1348
112869,203,19642,,48,,34:44.50,,1348
112870,203,28852,,48,,34:56.90,,1348
112871,203,1894,,48,,34:57.80,,1348
112872,220,18578,,48,,35:00.10,,1348
112873,188,28853,,48,,35:04.90,,1348
112874,204,18565,,48,,35:16.90,,1348
112875,204,23593,,48,,35:17.00,,1348
112876,190,26787,,48,,35:20.00,,1348
112877,203,27742,,48,,35:33.00,,1348
112878,203,25923,,48,,35:37.30,,1348
112879,203,27738,,48,,35:38.90,,1348
112880,220,18585,,48,,36:15.00,,1348
112881,220,18583,,48,,36:40.00,,1348
112882,206,28854,,48,,37:02.80,,1348
112883,199,27739,,48,,37:52.10,,1348
112884,186,25900,,48,,38:07.30,,1348
112885,203,1883,,48,,38:13.70,,1348
112886,186,28855,,48,,38:19.30,,1348
112887,175,4999,,48,,38:30.70,,1348
112888,175,28074,,48,,38:31.20,,1348
112889,203,2119,,48,,38:43.50,,1348
112890,203,7780,,48,,39:33.60,,1348
112891,186,28856,,48,,40:47.10,,1348
109975,117,135,,48,,25:31.70,,1308
109976,124,1991,,48,,25:33.20,,1308
109977,124,27294,,48,,25:41.70,,1308
109978,124,2860,,48,,25:59.30,,1308
109979,117,23472,,48,,26:17.40,,1308
109980,107,27295,,48,,26:18.80,,1308
109981,112,28290,,48,,26:27.30,,1308
109982,124,19403,,48,,26:34.50,,1308
109983,124,2013,,48,,26:41.00,,1308
109984,112,11301,,48,,26:58.70,,1308
109985,124,1996,,48,,26:58.90,,1308
109986,107,2002,,48,,27:00.40,,1308
109987,117,25088,,48,,27:06.00,,1308
109988,124,24812,,48,,27:06.40,,1308
109989,117,27548,,48,,27:07.20,,1308
109990,124,26970,,48,,27:08.20,,1308
109991,112,417,,48,,27:09.50,,1308
109992,124,2005,,48,,27:18.70,,1308
109993,112,435,,48,,27:20.30,,1308
109994,112,26979,,48,,27:20.80,,1308
109995,124,26966,,48,,27:22.70,,1308
109996,124,11307,,48,,27:25.10,,1308
109997,112,19421,,48,,27:36.80,,1308
109998,112,26978,,48,,27:40.70,,1308
109999,107,27296,,48,,27:41.20,,1308
110000,107,28291,,48,,27:51.50,,1308
110001,112,3333,,48,,27:57.10,,1308
110002,117,166,,48,,27:59.90,,1308
110003,124,26969,,48,,28:02.20,,1308
110004,117,142,,48,,28:07.40,,1308
110005,117,8058,,48,,28:10.80,,1308
110006,112,11315,,48,,28:15.00,,1308
110007,124,5500,,48,,28:21.30,,1308
110008,112,2872,,48,,28:21.80,,1308
110009,112,28292,,48,,28:30.40,,1308
110010,117,188,,48,,28:30.70,,1308
110011,112,419,,48,,28:32.80,,1308
110012,124,19424,,48,,28:38.30,,1308
110013,112,433,,48,,28:39.70,,1308
110014,117,8057,,48,,28:40.10,,1308
110015,112,27298,,48,,28:41.60,,1308
110016,112,26981,,48,,28:42.50,,1308
110017,112,26980,,48,,28:49.20,,1308
110018,117,15,,48,,28:52.70,,1308
110019,103,28293,,48,,28:54.40,,1308
110020,112,19405,,48,,28:54.50,,1308
110021,117,8060,,48,,28:55.30,,1308
110022,112,421,,48,,29:00.70,,1308
110023,117,153,,48,,29:01.20,,1308
110024,117,8068,,48,,29:03.40,,1308
110025,112,26982,,48,,29:05.20,,1308
110026,117,6,,48,,29:09.80,,1308
110027,112,26977,,48,,29:09.80,,1308
110028,124,3872,,48,,29:15.60,,1308
110029,127,27302,,48,,29:16.20,,1308
110030,117,195,,48,,29:25.90,,1308
110031,117,8064,,48,,29:36.40,,1308
110032,124,2045,,48,,29:40.50,,1308
110033,103,18738,,48,,29:40.90,,1308
110034,107,2032,,48,,29:42.60,,1308
110035,127,24651,,48,,29:49.60,,1308
110036,112,26845,,48,,30:02.60,,1308
110037,112,420,,48,,30:03.90,,1308
110038,107,2876,,48,,30:07.40,,1308
110039,124,2022,,48,,30:12.40,,1308
110040,112,26847,,48,,30:13.60,,1308
110041,107,28294,,48,,30:17.50,,1308
110042,124,24735,,48,,30:31.90,,1308
110043,117,156,,48,,30:34.00,,1308
110044,118,11323,,48,,30:37.80,,1308
110045,112,3336,,48,,30:38.80,,1308
110046,112,437,,48,,30:49.30,,1308
110047,112,26983,,48,,30:56.10,,1308
110048,112,26987,,48,,30:58.60,,1308
110049,104,27305,,48,,31:00.00,,1308
110050,117,27569,,48,,31:00.20,,1308
110051,118,19422,,48,,31:02.00,,1308
110052,107,27301,,48,,31:04.40,,1308
110053,124,1995,,48,,31:05.70,,1308
110054,112,11319,,48,,31:06.10,,1308
110055,104,2020,,48,,31:08.60,,1308
110056,112,416,,48,,31:10.40,,1308
110057,107,2038,,48,,31:22.10,,1308
110058,124,28295,,48,,31:41.40,,1308
110059,117,28296,,48,,31:50.00,,1308
110060,117,27572,,48,,31:53.40,,1308
110061,117,38,,48,,31:55.70,,1308
110062,124,26975,,48,,31:56.70,,1308
110063,124,19417,,48,,31:56.80,,1308
110064,124,28297,,48,,31:59.60,,1308
110065,118,26848,,48,,32:06.80,,1308
110066,107,4848,,48,,32:12.00,,1308
110067,117,2037,,48,,32:14.50,,1308
110068,124,27308,,48,,32:27.70,,1308
110069,117,27585,,48,,32:32.90,,1308
110070,112,26849,,48,,32:40.40,,1308
110071,107,27311,,48,,32:52.10,,1308
110072,107,19437,,48,,33:02.10,,1308
110073,112,5662,,48,,33:18.00,,1308
110074,124,27313,,48,,33:22.50,,1308
110075,112,19431,,48,,33:41.10,,1308
110076,127,52,,48,,33:41.40,,1308
110077,112,434,,48,,33:41.90,,1308
110078,112,26985,,48,,33:53.60,,1308
110079,112,26986,,48,,34:01.10,,1308
110080,117,3353,,48,,34:02.20,,1308
110081,107,27317,,48,,34:03.00,,1308
112892,101,8004,,48,,26:39.67,,1349
112893,101,8014,,48,,30:18.18,,1349
112894,101,27091,,48,,35:42.00,,1349
112895,101,18739,,48,,36:54.87,,1349
112896,101,8022,,48,,37:04.56,,1349
112897,101,202,,48,,40:04.02,,1349
112898,45,28832,,47,,28:31.98,,1349
112899,45,3377,,47,,31:04.56,,1349
112900,101,18740,,47,,32:27.23,,1349
112901,101,27107,,47,,34:52.01,,1349
112902,101,18741,,47,,36:09.04,,1349
112903,101,8034,,47,,36:09.10,,1349
112904,101,28857,,47,,42:32.45,,1349
112905,17,28858,,47,,21:56.60,,1318
112906,10,22598,,47,,24:23.00,,1350
112907,10,28355,,47,,25:00.26,,1350
112908,10,28776,,47,,25:04.81,,1350
112909,10,28356,,47,,25:23.37,,1350
112910,10,22600,,47,,26:20.22,,1350
112911,10,28859,,47,,26:55.63,,1350
112912,10,28357,,47,,27:08.87,,1350
112913,10,28779,,47,,27:20.59,,1350
112914,10,28359,,47,,28:56.66,,1350
112915,10,28860,,48,,26:49.21,,1350
112916,10,22588,,48,,27:21.72,,1350
112917,10,28360,,48,,27:24.21,,1350
112918,10,2302,,48,,27:52.73,,1350
112919,10,22591,,48,,28:02.28,,1350
112920,10,28364,,48,,29:38.69,,1350
112921,10,28365,,48,,33:21.15,,1350
112922,10,2311,,48,,35:06.89,,1350
112923,10,28861,,48,,38:03.84,,1350
110292,124,26944,,47,,22:33.40,,1308
110293,112,404,,47,,22:58.50,,1308
110294,117,63,,47,,23:18.60,,1308
110295,124,26946,,47,,23:28.90,,1308
110296,112,409,,47,,23:46.70,,1308
110297,112,26953,,47,,23:50.60,,1308
110298,112,26954,,47,,23:58.90,,1308
110299,124,27242,,47,,24:00.80,,1308
110300,124,27245,,47,,24:03.30,,1308
110301,112,11335,,47,,24:19.30,,1308
110302,124,26947,,47,,24:25.80,,1308
110303,124,1930,,47,,24:30.10,,1308
110304,107,27244,,47,,24:42.60,,1308
110305,124,19448,,47,,24:43.80,,1308
110306,112,19449,,47,,24:50.30,,1308
110307,117,27601,,47,,25:09.80,,1308
110308,112,408,,47,,25:21.90,,1308
110309,124,26531,,47,,25:24.70,,1308
110310,117,27604,,47,,25:31.10,,1308
110311,124,27243,,47,,25:39.70,,1308
110312,117,25079,,47,,25:42.20,,1308
110313,117,5290,,47,,25:51.20,,1308
110314,118,3869,,47,,25:57.30,,1308
110315,107,27248,,47,,25:57.70,,1308
110316,118,27251,,47,,25:57.90,,1308
110317,124,27247,,47,,25:59.30,,1308
110318,124,1954,,47,,25:59.60,,1308
110319,112,11341,,47,,26:03.00,,1308
110320,112,11342,,47,,26:05.20,,1308
110321,104,27249,,47,,26:05.70,,1308
110322,112,19469,,47,,26:12.20,,1308
110323,112,11340,,47,,26:15.00,,1308
110324,124,28333,,47,,26:18.00,,1308
110325,112,26958,,47,,26:21.10,,1308
110326,112,26955,,47,,26:23.60,,1308
110327,118,21215,,47,,26:32.60,,1308
110328,107,27250,,47,,26:34.00,,1308
110329,124,28334,,47,,26:42.90,,1308
110330,117,28335,,47,,26:52.40,,1308
110331,112,26957,,47,,27:02.80,,1308
110332,117,25587,,47,,27:30.90,,1308
110333,117,19453,,47,,27:31.70,,1308
110334,127,85,,47,,27:31.90,,1308
110335,107,27259,,47,,27:34.30,,1308
110336,124,27265,,47,,27:35.50,,1308
110337,117,27609,,47,,27:47.10,,1308
110338,112,19454,,47,,27:58.70,,1308
110339,112,19457,,47,,28:18.00,,1308
110340,124,1947,,47,,28:26.40,,1308
110341,104,27275,,47,,28:30.60,,1308
110342,112,11346,,47,,28:32.60,,1308
110343,117,28336,,47,,28:32.70,,1308
110344,124,26950,,47,,28:42.20,,1308
110345,228,27260,,47,,28:43.40,,1308
110346,117,81,,47,,28:49.10,,1308
110347,228,28337,,47,,28:57.90,,1308
110348,117,8125,,47,,29:42.90,,1308
110349,124,5520,,47,,29:45.60,,1308
110350,228,27281,,47,,29:46.10,,1308
110351,112,21224,,47,,29:49.20,,1308
110352,112,11347,,47,,29:49.50,,1308
110353,117,4094,,47,,29:58.30,,1308
110354,124,1971,,47,,29:58.50,,1308
110355,118,27273,,47,,30:30.80,,1308
110356,117,264,,47,,30:32.30,,1308
110357,117,27627,,47,,30:34.50,,1308
110358,127,27286,,47,,30:37.70,,1308
110359,118,11348,,47,,30:46.30,,1308
110360,112,28338,,47,,30:54.70,,1308
110361,124,26948,,47,,31:00.20,,1308
110362,124,3820,,47,,31:00.30,,1308
110363,124,1955,,47,,31:01.40,,1308
110364,124,11344,,47,,31:01.50,,1308
110365,112,26962,,47,,31:10.40,,1308
110366,124,27278,,47,,31:37.80,,1308
110367,228,28339,,47,,32:42.10,,1308
110368,117,271,,47,,32:56.30,,1308
110369,124,1961,,47,,33:11.40,,1308
110370,107,2841,,47,,33:19.40,,1308
110371,104,1983,,47,,35:02.60,,1308
110372,112,28340,,47,,35:22.40,,1308
110373,104,1987,,47,,38:32.50,,1308
110374,118,28341,,47,,39:22.50,,1308
3145,166,6840,,48,,34:39.86,,40
110375,122,28342,,48,,25:25.00,,1309
110376,122,1715,,48,,26:07.80,,1309
110377,122,27079,,48,,26:42.50,,1309
110378,122,1712,,48,,26:44.00,,1309
110379,122,18915,,48,,27:11.10,,1309
110380,122,27078,,48,,27:11.20,,1309
110381,122,28343,,48,,27:20.70,,1309
110382,122,27081,,48,,28:16.70,,1309
110383,122,27083,,48,,28:30.90,,1309
110384,122,28344,,48,,28:33.70,,1309
110385,122,28345,,48,,28:39.50,,1309
110386,122,27084,,48,,29:29.80,,1309
110387,122,2803,,48,,30:37.60,,1309
110388,122,24711,,48,,30:59.10,,1309
110389,122,1716,,48,,31:38.40,,1309
110390,122,1719,,48,,31:41.10,,1309
110391,122,28346,,48,,32:14.50,,1309
110392,122,27094,,48,,33:49.70,,1309
110393,122,23485,,48,,38:44.00,,1309
110394,122,27101,,17,,19:56.60,,1309
110395,122,18911,,17,,20:19.80,,1309
110396,122,28347,,17,,23:40.00,,1309
110397,122,23464,,17,,24:01.20,,1309
110437,56,2193,,48,,26:22.80,,1311
110438,56,127,,48,,26:50.60,,1311
110439,56,26902,,48,,27:16.00,,1311
110440,56,203,,48,,27:23.40,,1311
110441,56,8051,,48,,27:49.40,,1311
110442,56,8041,,48,,28:05.70,,1311
110443,56,8075,,48,,28:47.40,,1311
110444,56,129,,48,,28:58.50,,1311
110445,56,26903,,48,,29:15.10,,1311
110446,56,128,,48,,29:21.50,,1311
110447,56,8056,,48,,29:30.10,,1311
110448,56,2194,,48,,30:01.30,,1311
110449,56,26905,,48,,30:06.30,,1311
110450,56,28367,,48,,30:26.10,,1311
110451,56,19600,,48,,30:33.10,,1311
110452,56,8059,,48,,30:43.70,,1311
110453,56,27560,,48,,30:47.30,,1311
110454,56,2200,,48,,31:08.90,,1311
110455,56,24986,,48,,31:17.30,,1311
110456,56,28368,,48,,31:34.20,,1311
110457,56,6820,,48,,31:58.60,,1311
110458,56,24987,,48,,32:05.40,,1311
110398,19,23922,,17,,18:18.00,,1310
110399,19,2291,,17,,18:45.10,,1310
110400,19,2294,,17,,20:03.50,,1310
110401,19,28348,,17,,21:25.30,,1310
110402,19,2303,,48,,26:27.31,,1310
110403,19,5154,,48,,27:27.20,,1310
110404,19,25504,,48,,27:34.36,,1310
110405,19,28349,,48,,27:35.54,,1310
110406,19,20497,,48,,27:44.90,,1310
110407,19,28350,,48,,28:33.42,,1310
110408,19,2308,,48,,28:59.37,,1310
110409,19,28351,,48,,30:23.34,,1310
110410,19,2316,,48,,31:04.65,,1310
110411,19,28352,,48,,31:24.71,,1310
110412,19,25503,,48,,31:46.79,,1310
110413,10,22598,,17,,19:39.40,,1310
110414,10,28353,,17,,20:18.50,,1310
110415,10,28354,,17,,20:42.30,,1310
110416,10,28355,,17,,20:42.70,,1310
110417,10,28356,,17,,20:43.80,,1310
110418,10,22600,,17,,21:10.60,,1310
110419,10,28357,,17,,21:24.70,,1310
110420,10,28358,,17,,22:49.50,,1310
110421,10,28359,,17,,22:59.00,,1310
110422,10,2302,,48,,26:03.12,,1310
110423,10,5619,,48,,26:03.34,,1310
110424,10,22588,,48,,26:41.10,,1310
110425,10,22592,,48,,26:58.57,,1310
110426,10,28360,,48,,26:59.14,,1310
110427,10,28361,,48,,27:29.47,,1310
110428,10,22591,,48,,27:29.99,,1310
110429,10,22593,,48,,27:44.98,,1310
110430,10,28362,,48,,27:47.27,,1310
110431,10,28363,,48,,27:57.23,,1310
110432,10,28364,,48,,28:45.93,,1310
110433,10,28365,,48,,33:18.31,,1310
110434,10,22595,,48,,33:21.83,,1310
110435,10,2311,,48,,33:27.04,,1310
110436,10,28366,,48,,45:07.09,,1310
110498,49,2260,,48,,28:53.90,,1311
110499,49,28373,,48,,31:02.70,,1311
110500,49,28374,,48,,32:45.40,,1311
110501,49,28375,,48,,34:30.10,,1311
110502,49,7115,,47,,25:17.40,,1311
110503,49,19504,,47,,25:59.30,,1311
110504,49,28376,,47,,26:16.20,,1311
110505,49,28377,,47,,27:00.40,,1311
110459,56,27568,,48,,32:11.30,,1311
110460,56,27565,,48,,32:14.40,,1311
110461,56,8099,,48,,33:38.50,,1311
110462,56,3412,,48,,33:41.20,,1311
110463,56,26911,,48,,35:31.70,,1311
110464,56,27588,,48,,36:02.50,,1311
110465,56,2199,,48,,37:39.40,,1311
110466,56,28369,,48,,48:09.80,,1311
110467,56,22351,,47,,23:07.20,,1311
110468,56,19595,,47,,25:23.30,,1311
110469,56,28370,,47,,25:41.40,,1311
110470,56,22356,,47,,26:08.40,,1311
110471,56,26898,,47,,26:28.40,,1311
110472,56,8120,,47,,26:35.60,,1311
110473,56,3364,,47,,26:42.10,,1311
110474,56,2188,,47,,26:46.40,,1311
110475,56,26901,,47,,27:18.70,,1311
110476,56,267,,47,,28:18.90,,1311
110477,56,3368,,47,,29:04.90,,1311
110478,56,8135,,47,,29:25.80,,1311
110479,56,28371,,47,,29:43.90,,1311
110480,56,8123,,47,,29:54.00,,1311
110481,56,26900,,47,,30:15.60,,1311
110482,56,27629,,47,,40:17.80,,1311
110483,58,170,,48,,33:32.60,,1311
110484,58,162,,48,,33:40.30,,1311
110485,58,179,,48,,34:22.40,,1311
110486,58,134,,48,,34:41.80,,1311
110487,58,26869,,48,,41:16.30,,1311
110488,58,26868,,47,,27:09.90,,1311
110489,58,28245,,47,,28:20.60,,1311
110490,58,22354,,47,,28:34.10,,1311
110491,58,28246,,47,,29:17.90,,1311
110492,49,2258,,48,,26:04.20,,1311
110493,49,2268,,48,,27:17.90,,1311
110494,49,2263,,48,,27:38.30,,1311
110495,49,2994,,48,,28:23.60,,1311
110496,49,28372,,48,,28:25.40,,1311
110497,49,19502,,48,,28:44.70,,1311
110506,202,28378,,48,,28:40.80,,1312
110507,202,2917,,48,,30:56.00,,1312
110508,202,5726,,48,,33:45.20,,1312
110509,202,28379,,48,,35:08.70,,1312
110510,202,28380,,48,,36:15.80,,1312
110511,202,28381,,48,,37:09.50,,1312
110512,202,28382,,48,,37:16.60,,1312
110513,202,5559,,48,,38:07.80,,1312
110514,202,3504,,47,,26:44.20,,1312
110515,202,24364,,47,,29:19.80,,1312
110516,202,28383,,47,,30:10.70,,1312
110517,202,25294,,47,,31:03.60,,1312
110518,202,24365,,47,,31:34.10,,1312
110519,202,25296,,47,,32:33.00,,1312
110520,167,19375,,48,,25:40.30,,1313
110521,167,666,,48,,25:40.50,,1313
110522,164,18961,,48,,25:57.00,,1313
110523,167,673,,48,,26:14.20,,1313
110524,167,466,,48,,26:15.20,,1313
110525,164,22379,,48,,26:17.60,,1313
110526,167,467,,48,,26:18.80,,1313
110527,88,11483,,48,,26:20.80,,1313
110528,164,18963,,48,,26:29.90,,1313
110529,88,539,,48,,26:31.00,,1313
110530,167,8108,,48,,26:31.10,,1313
110531,130,27905,,48,,26:38.80,,1313
110532,88,504,,48,,26:41.50,,1313
110533,167,19384,,48,,27:01.70,,1313
110534,88,507,,48,,27:04.00,,1313
110535,88,2553,,48,,27:10.90,,1313
110536,88,27227,,48,,27:18.60,,1313
110537,167,695,,48,,27:19.90,,1313
110538,132,26996,,48,,27:23.60,,1313
110539,79,20429,,48,,27:31.70,,1313
110540,132,18965,,48,,27:34.70,,1313
110541,164,675,,48,,27:36.70,,1313
110542,164,27005,,48,,27:37.80,,1313
110543,79,506,,48,,27:41.50,,1313
110544,88,3092,,48,,27:45.10,,1313
110545,164,18964,,48,,27:45.10,,1313
110546,75,7724,,48,,27:45.70,,1313
110547,132,18969,,48,,27:45.90,,1313
110548,79,27375,,48,,27:51.40,,1313
110549,88,3615,,48,,27:56.50,,1313
110550,132,699,,48,,27:57.30,,1313
110551,79,27377,,48,,27:58.50,,1313
110552,167,711,,48,,27:59.40,,1313
108674,84,23416,,48,,28:34.10,,1283
108675,84,2627,,48,,29:44.30,,1283
108676,84,2640,,48,,30:04.40,,1283
108677,84,28081,,48,,31:02.10,,1283
108678,84,28082,,48,,31:35.10,,1283
108679,84,3483,,48,,32:23.30,,1283
108680,84,2636,,48,,33:40.90,,1283
108681,84,28083,,48,,34:15.20,,1283
108682,84,25997,,48,,34:47.40,,1283
108683,84,23432,,48,,36:02.80,,1283
108684,84,2645,,48,,39:35.90,,1283
108685,84,28084,,48,,41:16.00,,1283
108686,84,28085,,17,,20:52.00,,1283
108687,84,2665,,17,,21:55.30,,1283
108688,84,23392,,17,,22:13.30,,1283
108689,84,23398,,17,,28:08.40,,1283
108690,84,28086,,17,,28:10.30,,1283
113435,159,17920,,47,,23:01.30,,1352
113436,146,1686,,47,,23:01.50,,1352
113437,164,575,,47,,23:04.10,,1352
113438,146,1021,,47,,23:06.90,,1352
113439,167,18922,,47,,23:15.40,,1352
113440,169,20764,,47,,23:22.50,,1352
113441,146,27975,,47,,23:29.10,,1352
113442,158,27190,,47,,23:29.60,,1352
113443,167,570,,47,,23:30.30,,1352
113444,138,27047,,47,,23:31.20,,1352
113445,162,4277,,47,,23:41.50,,1352
113446,146,1033,,47,,23:44.30,,1352
113447,162,1049,,47,,23:52.30,,1352
113448,164,18924,,47,,23:55.10,,1352
113494,147,3102,,47,,26:07.30,,1352
113495,139,7704,,47,,26:11.50,,1352
113496,161,22363,,47,,26:12.60,,1352
113497,146,11448,,47,,26:15.70,,1352
113498,138,592,,47,,26:25.20,,1352
113499,146,1075,,47,,26:25.70,,1352
113500,130,2385,,47,,26:28.90,,1352
113501,146,1050,,47,,26:30.30,,1352
113502,167,27058,,47,,26:30.50,,1352
113503,158,2410,,47,,26:31.50,,1352
113504,167,5279,,47,,26:31.60,,1352
113505,167,18931,,47,,26:32.00,,1352
113506,169,24666,,47,,26:32.60,,1352
113507,147,2323,,47,,26:37.20,,1352
113508,166,28271,,47,,26:41.80,,1352
113509,158,2406,,47,,26:43.30,,1352
113510,166,26228,,47,,26:49.00,,1352
113511,146,11425,,47,,26:55.70,,1352
113512,146,28864,,47,,27:01.90,,1352
113513,150,27427,,47,,27:05.40,,1352
113514,146,1060,,47,,27:07.30,,1352
113515,130,18933,,47,,27:07.60,,1352
113516,146,27525,,47,,27:07.80,,1352
113517,167,27059,,47,,27:09.20,,1352
113518,164,18932,,47,,27:10.40,,1352
113519,164,5521,,47,,27:10.70,,1352
113520,142,27051,,47,,27:11.60,,1352
113521,142,27049,,47,,27:11.70,,1352
113522,142,18930,,47,,27:12.20,,1352
113523,142,27060,,47,,27:12.40,,1352
113524,150,28526,,47,,27:17.50,,1352
113525,146,28865,,47,,27:20.60,,1352
113526,162,27528,,47,,27:21.70,,1352
113527,146,11437,,47,,27:25.00,,1352
113528,159,27933,,47,,27:28.80,,1352
113529,156,28866,,47,,27:30.10,,1352
113530,157,27935,,47,,27:32.60,,1352
113531,164,3116,,47,,27:36.40,,1352
113532,146,28867,,47,,27:37.60,,1352
113533,156,2340,,47,,27:38.70,,1352
113534,142,18945,,47,,27:47.70,,1352
113535,160,20420,,47,,27:51.20,,1352
113536,159,27936,,47,,27:51.80,,1352
113537,132,612,,47,,27:52.90,,1352
113538,169,26825,,47,,27:57.40,,1352
113539,164,28868,,47,,27:58.90,,1352
113540,158,16160,,47,,28:02.70,,1352
113541,159,27937,,47,,28:04.00,,1352
113542,161,27425,,47,,28:06.70,,1352
113543,146,1097,,47,,28:09.00,,1352
113544,146,11440,,47,,28:10.20,,1352
113545,164,27066,,47,,28:10.80,,1352
113546,167,27068,,47,,28:11.70,,1352
113547,146,28869,,47,,28:12.70,,1352
113548,164,28870,,47,,28:13.60,,1352
113549,167,655,,47,,28:17.70,,1352
113550,150,28527,,47,,28:19.00,,1352
113551,164,28277,,47,,28:23.60,,1352
113552,158,27195,,47,,28:26.10,,1352
113553,146,28871,,47,,28:27.90,,1352
113554,164,28280,,47,,28:30.40,,1352
113555,169,28872,,47,,28:31.40,,1352
113556,167,6157,,47,,28:32.60,,1352
113557,164,28275,,47,,28:34.20,,1352
113558,150,2330,,47,,28:38.40,,1352
113559,167,27232,,47,,28:43.80,,1352
113560,146,28873,,47,,28:44.60,,1352
113561,146,28874,,47,,28:48.20,,1352
113562,130,27866,,47,,28:52.40,,1352
113563,146,28875,,47,,28:52.60,,1352
113564,146,27540,,47,,28:55.20,,1352
110783,164,4115,,47,,29:21.30,,1313
110784,164,27065,,47,,29:23.30,,1313
113430,167,2499,,47,,21:47.50,,1352
113431,167,25052,,47,,22:22.30,,1352
113432,164,567,,47,,22:28.10,,1352
113433,146,28862,,47,,22:42.60,,1352
113434,167,27228,,47,,22:54.50,,1352
110553,167,28308,,48,,28:01.70,,1313
110554,167,26994,,48,,28:06.00,,1313
110555,88,11485,,48,,28:07.20,,1313
110556,79,27387,,48,,28:09.20,,1313
110557,167,27002,,48,,28:13.10,,1313
110558,88,530,,48,,28:14.60,,1313
110559,75,7726,,48,,28:15.60,,1313
110560,166,27000,,48,,28:17.20,,1313
110561,167,18977,,48,,28:17.50,,1313
110562,88,11490,,48,,28:19.40,,1313
110563,75,27381,,48,,28:19.90,,1313
110564,75,28310,,48,,28:22.10,,1313
110565,167,681,,48,,28:36.90,,1313
110566,79,26921,,48,,28:38.10,,1313
110567,166,27003,,48,,28:42.00,,1313
110568,166,3596,,48,,28:42.10,,1313
110569,88,18974,,48,,28:43.70,,1313
110570,88,529,,48,,28:46.30,,1313
110571,164,28312,,48,,28:48.30,,1313
110572,167,704,,48,,28:49.60,,1313
110573,130,2453,,48,,28:50.50,,1313
110574,79,515,,48,,28:51.90,,1313
110575,164,28384,,48,,28:55.10,,1313
110576,79,523,,48,,28:56.20,,1313
110577,159,2176,,48,,28:56.70,,1313
110578,75,2563,,48,,28:58.00,,1313
110579,79,26922,,48,,29:00.60,,1313
110580,88,27383,,48,,29:01.00,,1313
110581,142,28313,,48,,29:01.50,,1313
110582,217,28314,,48,,29:05.50,,1313
110583,132,3137,,48,,29:05.90,,1313
110584,132,5409,,48,,29:06.00,,1313
110585,159,4365,,48,,29:09.30,,1313
110586,139,1584,,48,,29:11.40,,1313
110587,159,16118,,48,,29:11.80,,1313
110588,159,5708,,48,,29:14.60,,1313
110589,164,691,,48,,29:15.10,,1313
110590,167,717,,48,,29:15.50,,1313
110591,167,27236,,48,,29:18.70,,1313
110592,159,714,,48,,29:22.40,,1313
110593,164,28385,,48,,29:24.70,,1313
110594,88,24595,,48,,29:31.50,,1313
110595,75,5932,,48,,29:32.10,,1313
110596,88,11484,,48,,29:32.40,,1313
110597,167,26182,,48,,29:33.20,,1313
110598,167,696,,48,,29:34.30,,1313
110599,167,740,,48,,29:35.10,,1313
110600,79,26923,,48,,29:37.40,,1313
110601,164,18979,,48,,29:38.00,,1313
110602,167,19385,,48,,29:38.50,,1313
110603,142,18982,,48,,29:39.20,,1313
110604,75,28315,,48,,29:40.70,,1313
110605,167,27022,,48,,29:41.00,,1313
110606,164,731,,48,,29:44.90,,1313
110607,75,28316,,48,,29:46.80,,1313
110608,130,28386,,48,,29:49.60,,1313
110609,75,7735,,48,,29:49.90,,1313
110610,139,26835,,48,,29:50.90,,1313
110611,142,18988,,48,,29:52.70,,1313
110612,167,19002,,48,,29:54.70,,1313
110613,132,18968,,48,,29:56.30,,1313
110614,166,27016,,48,,29:59.00,,1313
110615,167,27004,,48,,30:03.50,,1313
110616,79,535,,48,,30:06.00,,1313
110617,130,20434,,48,,30:09.10,,1313
110618,130,27843,,48,,30:09.20,,1313
110619,132,28387,,48,,30:11.90,,1313
110620,142,26180,,48,,30:13.10,,1313
110621,79,20427,,48,,30:15.90,,1313
110622,167,25030,,48,,30:18.30,,1313
110623,75,27394,,48,,30:18.40,,1313
110624,159,27911,,48,,30:18.50,,1313
110625,164,19007,,48,,30:25.80,,1313
110626,79,28318,,48,,30:35.90,,1313
110627,164,27018,,48,,30:41.70,,1313
110628,167,734,,48,,30:43.20,,1313
110629,167,28319,,48,,30:44.40,,1313
110630,139,11494,,48,,30:47.70,,1313
110631,166,19390,,48,,30:52.30,,1313
110632,167,743,,48,,30:52.40,,1313
110633,79,27395,,48,,30:54.70,,1313
110634,139,27019,,48,,31:07.80,,1313
110635,75,1562,,48,,31:10.20,,1313
110636,167,760,,48,,31:13.30,,1313
110637,132,725,,48,,31:21.50,,1313
110638,75,2579,,48,,31:26.10,,1313
110639,167,27017,,48,,31:27.90,,1313
110640,132,693,,48,,31:28.50,,1313
110641,159,27020,,48,,31:33.00,,1313
110642,164,27013,,48,,31:34.40,,1313
110643,142,27405,,48,,31:37.20,,1313
110644,132,3153,,48,,31:39.70,,1313
110645,164,5411,,48,,31:51.60,,1313
110646,79,26924,,48,,31:53.30,,1313
110647,166,27014,,48,,32:02.20,,1313
110648,167,778,,48,,32:02.50,,1313
110649,159,16133,,48,,32:04.90,,1313
110650,167,27024,,48,,32:05.60,,1313
110651,130,2478,,48,,32:08.70,,1313
110652,88,513,,48,,32:12.10,,1313
110653,132,2754,,48,,32:16.40,,1313
110654,166,24464,,48,,32:22.70,,1313
110655,164,27023,,48,,32:29.30,,1313
110656,139,1589,,48,,32:35.70,,1313
110657,167,2608,,48,,32:36.50,,1313
110658,139,26837,,48,,32:41.40,,1313
110659,132,27029,,48,,32:43.80,,1313
110660,88,551,,48,,32:44.40,,1313
110661,142,737,,48,,32:45.00,,1313
110662,139,19010,,48,,32:51.70,,1313
110663,164,2730,,48,,32:52.10,,1313
110664,142,759,,48,,32:53.70,,1313
110665,132,28321,,48,,32:54.80,,1313
110666,167,19013,,48,,33:01.80,,1313
110667,79,7954,,48,,33:02.30,,1313
110668,130,2455,,48,,33:08.80,,1313
110669,159,25471,,48,,33:23.70,,1313
110670,75,2561,,48,,33:32.70,,1313
110671,164,28322,,48,,33:44.40,,1313
110672,166,28323,,48,,33:47.60,,1313
110673,167,19387,,48,,33:47.90,,1313
110674,139,7697,,48,,33:56.70,,1313
110675,130,28388,,48,,34:05.10,,1313
110676,164,19003,,48,,34:12.60,,1313
110677,159,16119,,48,,34:13.20,,1313
110678,164,27027,,48,,34:17.40,,1313
110679,167,27038,,48,,34:33.40,,1313
110680,132,27015,,48,,34:36.40,,1313
110681,142,28325,,48,,34:38.70,,1313
110682,88,28326,,48,,34:39.70,,1313
110683,139,27031,,48,,34:41.40,,1313
110684,167,19009,,48,,34:45.60,,1313
110685,142,756,,48,,34:57.30,,1313
110686,166,20441,,48,,35:08.30,,1313
110687,166,28327,,48,,35:08.40,,1313
110688,142,767,,48,,35:12.10,,1313
110689,164,801,,48,,35:29.60,,1313
110690,79,2606,,48,,35:36.30,,1313
110691,157,26522,,48,,36:05.40,,1313
110692,159,753,,48,,36:09.00,,1313
110693,166,27044,,48,,36:32.60,,1313
110694,166,4726,,48,,36:32.80,,1313
110695,75,28328,,48,,37:05.80,,1313
110696,167,27042,,48,,37:56.50,,1313
110697,164,27039,,48,,38:09.90,,1313
110698,130,28329,,48,,38:13.40,,1313
110699,132,28330,,48,,38:43.20,,1313
110700,130,2476,,48,,39:10.90,,1313
110701,75,23454,,48,,39:16.20,,1313
110702,139,7701,,48,,39:21.80,,1313
110703,159,781,,48,,39:59.00,,1313
110704,167,4304,,48,,40:03.60,,1313
110705,139,26843,,48,,40:51.30,,1313
110706,130,28331,,48,,41:20.10,,1313
110707,79,25849,,48,,42:00.80,,1313
110708,130,28332,,48,,43:41.10,,1313
110709,167,2499,,47,,22:10.10,,1313
110710,159,17920,,47,,22:48.50,,1313
110712,164,567,,47,,23:00.90,,1313
110713,167,18922,,47,,23:21.10,,1313
110714,167,27228,,47,,23:25.00,,1313
110715,88,27331,,47,,23:33.90,,1313
110717,132,28263,,47,,23:55.10,,1313
110718,164,575,,47,,24:05.60,,1313
110719,164,18924,,47,,24:06.70,,1313
110720,164,27048,,47,,24:09.80,,1313
110721,167,27229,,47,,24:11.90,,1313
110722,167,25022,,47,,24:28.00,,1313
110723,75,27334,,47,,24:30.50,,1313
110724,167,3000,,47,,24:30.90,,1313
110725,132,28265,,47,,24:34.60,,1313
110726,164,18937,,47,,24:36.10,,1313
110727,139,7705,,47,,24:40.50,,1313
110728,142,27049,,47,,24:42.60,,1313
110729,164,27052,,47,,24:48.90,,1313
110730,88,481,,47,,24:49.90,,1313
110731,132,28266,,47,,24:50.40,,1313
110732,139,27050,,47,,24:51.40,,1313
110733,164,28267,,47,,25:13.40,,1313
110734,164,18938,,47,,25:19.70,,1313
110735,79,7946,,47,,25:25.20,,1313
110736,79,26927,,47,,25:25.90,,1313
110737,75,27336,,47,,25:34.80,,1313
110738,142,27056,,47,,25:36.00,,1313
110739,167,580,,47,,25:36.70,,1313
110740,79,20408,,47,,25:39.20,,1313
110741,139,1497,,47,,25:39.80,,1313
110742,164,28268,,47,,25:40.10,,1313
110743,142,27051,,47,,25:53.50,,1313
110744,132,28269,,47,,25:54.40,,1313
110745,167,18929,,47,,25:57.90,,1313
110746,164,28270,,47,,26:07.80,,1313
110747,88,2509,,47,,26:08.50,,1313
110748,166,28271,,47,,26:08.80,,1313
110749,164,3002,,47,,26:12.40,,1313
110750,88,5847,,47,,26:14.10,,1313
110751,142,26529,,47,,26:16.00,,1313
110752,164,28272,,47,,26:17.70,,1313
110753,164,27231,,47,,26:21.70,,1313
110754,139,28080,,47,,26:27.50,,1313
110755,164,27053,,47,,26:30.90,,1313
110756,142,18930,,47,,26:34.60,,1313
110757,142,27057,,47,,26:53.20,,1313
110758,132,2705,,47,,26:55.70,,1313
110759,164,18928,,47,,26:58.40,,1313
110760,132,28273,,47,,26:59.30,,1313
110761,130,2385,,47,,27:12.90,,1313
110762,167,27068,,47,,27:15.10,,1313
110763,164,3116,,47,,27:16.40,,1313
110764,142,27064,,47,,27:16.80,,1313
110765,167,27058,,47,,27:19.80,,1313
110766,166,26228,,47,,27:27.60,,1313
110716,88,5924,,47,,23:48.70,,1313
110767,142,18945,,47,,27:30.70,,1313
110768,139,26830,,47,,27:31.40,,1313
110769,166,3586,,47,,27:45.60,,1313
110770,142,27060,,47,,27:50.30,,1313
110771,88,27349,,47,,27:50.90,,1313
110772,75,7753,,47,,27:56.60,,1313
110773,159,646,,47,,28:14.50,,1313
110774,159,16159,,47,,28:18.70,,1313
110775,167,655,,47,,28:21.60,,1313
110776,164,28275,,47,,28:22.10,,1313
110777,159,16157,,47,,28:30.70,,1313
110778,142,28276,,47,,28:32.60,,1313
110779,164,28277,,47,,28:51.60,,1313
110780,164,27234,,47,,28:55.10,,1313
110781,132,612,,47,,28:57.60,,1313
110782,164,18950,,47,,28:59.80,,1313
110785,164,18935,,47,,29:24.50,,1313
110786,164,24817,,47,,29:25.70,,1313
110787,164,28278,,47,,29:26.80,,1313
110788,130,28279,,47,,29:40.60,,1313
110789,164,4223,,47,,29:46.60,,1313
110790,164,28280,,47,,29:51.90,,1313
110791,139,26831,,47,,29:59.80,,1313
110792,167,647,,47,,30:04.10,,1313
110793,167,18948,,47,,30:11.80,,1313
110794,167,26198,,47,,30:26.20,,1313
110795,130,28389,,47,,30:28.00,,1313
110796,164,28281,,47,,31:52.70,,1313
110797,166,19368,,47,,33:23.00,,1313
110798,166,28282,,47,,33:44.50,,1313
110799,166,28283,,47,,34:04.00,,1313
110800,166,28284,,47,,34:10.20,,1313
110801,88,28285,,47,,35:50.90,,1313
110802,167,652,,47,,37:07.80,,1313
110803,139,28286,,47,,37:16.80,,1313
110804,130,28287,,47,,38:19.30,,1313
110805,164,28288,,47,,38:19.40,,1313
110806,130,28289,,47,,40:09.70,,1313
113449,164,27048,,47,,23:55.20,,1352
113450,147,1676,,47,,23:59.40,,1352
113451,159,576,,47,,24:04.70,,1352
113452,167,3000,,47,,24:09.30,,1352
113453,167,25022,,47,,24:09.50,,1352
113454,147,3097,,47,,24:15.40,,1352
113455,146,11426,,47,,24:15.90,,1352
113456,139,7705,,47,,24:17.10,,1352
113457,167,19367,,47,,24:26.00,,1352
113458,139,27050,,47,,24:26.90,,1352
113459,159,16153,,47,,24:32.40,,1352
113460,164,27052,,47,,24:34.50,,1352
113461,146,1016,,47,,24:36.40,,1352
113462,167,580,,47,,24:47.50,,1352
113463,158,27192,,47,,24:48.10,,1352
113464,147,27178,,47,,24:52.80,,1352
113465,132,28265,,47,,24:57.00,,1352
113466,161,22361,,47,,24:58.50,,1352
113467,167,27229,,47,,25:01.00,,1352
113468,162,27522,,47,,25:01.60,,1352
113469,161,2321,,47,,25:05.00,,1352
113470,164,28267,,47,,25:06.30,,1352
113471,164,18938,,47,,25:08.50,,1352
113472,162,1008,,47,,25:09.90,,1352
113473,146,11428,,47,,25:12.80,,1352
113474,150,27419,,47,,25:13.60,,1352
113475,146,1052,,47,,25:16.60,,1352
113476,132,28273,,47,,25:21.30,,1352
113477,169,26823,,47,,25:23.60,,1352
113478,146,2678,,47,,25:25.80,,1352
110807,86,27374,,48,,27:10.00,,1314
110808,86,26917,,48,,28:32.00,,1314
110809,86,1558,,48,,28:49.00,,1314
110810,86,1536,,48,,29:15.00,,1314
110811,86,2552,,48,,30:14.00,,1314
110812,86,27393,,48,,30:30.00,,1314
110813,86,26918,,48,,30:39.00,,1314
110814,86,3012,,48,,30:52.00,,1314
110815,86,1573,,48,,31:12.00,,1314
110816,86,2586,,48,,33:04.00,,1314
110817,86,1597,,48,,33:19.00,,1314
110818,86,19397,,48,,36:06.00,,1314
110819,86,1612,,48,,36:53.00,,1314
110820,86,27887,,48,,38:31.00,,1314
110821,86,11516,,48,,40:10.00,,1314
110822,77,2497,,48,,29:29.00,,1314
110823,77,28390,,48,,30:56.00,,1314
110824,77,28391,,48,,34:29.00,,1314
110825,77,5360,,48,,36:01.00,,1314
110826,77,28392,,48,,36:32.00,,1314
110827,77,28393,,48,,36:59.00,,1314
110828,77,7743,,48,,39:22.00,,1314
110829,86,19366,,47,,23:28.00,,1314
110830,86,28394,,47,,25:54.00,,1314
110831,86,1478,,47,,25:54.00,,1314
110832,86,28395,,47,,27:12.00,,1314
110833,86,11458,,47,,27:57.00,,1314
110834,86,4550,,47,,28:04.00,,1314
110835,86,11470,,47,,28:39.00,,1314
110836,86,4549,,47,,29:35.00,,1314
110837,86,1513,,47,,35:33.00,,1314
110839,86,28396,,47,,36:33.00,,1314
110840,86,27370,,47,,37:51.00,,1314
110841,86,28397,,47,,38:05.00,,1314
110842,86,19371,,47,,38:23.00,,1314
110843,77,7755,,47,,31:07.00,,1314
110844,77,28398,,47,,31:10.00,,1314
110845,77,28399,,47,,36:00.00,,1314
110838,86,27878,,47,,35:33.00,,1314
113479,146,28863,,47,,25:26.10,,1352
113480,146,1004,,47,,25:26.90,,1352
113481,167,18929,,47,,25:29.30,,1352
113482,158,27193,,47,,25:30.40,,1352
113483,146,27524,,47,,25:36.30,,1352
113484,138,27858,,47,,25:36.60,,1352
113485,159,583,,47,,25:39.00,,1352
113486,139,1497,,47,,25:41.50,,1352
113487,164,28272,,47,,25:43.80,,1352
113488,158,27191,,47,,25:49.60,,1352
113489,164,3002,,47,,25:51.50,,1352
113490,139,1484,,47,,25:54.30,,1352
113491,150,27422,,47,,25:57.30,,1352
113492,158,2400,,47,,25:58.40,,1352
113493,159,2700,,47,,26:02.60,,1352
110846,44,19528,,48,,26:07.10,,1315
110847,44,28400,,48,,27:41.50,,1315
110848,44,28401,,48,,28:10.70,,1315
110849,44,28002,,48,,28:13.10,,1315
110850,44,27992,,48,,28:29.80,,1315
110851,44,28402,,48,,28:37.70,,1315
110852,44,28403,,48,,29:28.70,,1315
110853,44,27997,,48,,29:29.60,,1315
110854,44,19536,,48,,29:58.70,,1315
110855,44,19558,,48,,30:17.60,,1315
110856,44,27999,,48,,30:19.00,,1315
110857,44,19543,,48,,30:27.00,,1315
110858,44,28404,,48,,30:39.30,,1315
110859,44,28008,,48,,30:45.80,,1315
110860,44,28001,,48,,31:14.90,,1315
110861,44,28007,,48,,31:26.40,,1315
110862,44,27998,,48,,31:36.20,,1315
110863,44,28405,,48,,31:48.60,,1315
110864,44,4138,,48,,31:49.30,,1315
110865,44,28406,,48,,32:09.90,,1315
110866,44,19551,,48,,32:16.90,,1315
110867,44,28407,,48,,33:07.80,,1315
110868,44,28011,,48,,34:52.20,,1315
110869,44,28408,,48,,36:26.90,,1315
110870,44,28020,,47,,26:37.30,,1315
110871,44,20483,,47,,26:46.70,,1315
110872,44,2204,,47,,28:12.90,,1315
110926,17,28419,,48,,27:41.60,,1318
110927,17,4205,,48,,29:11.80,,1318
110928,17,4182,,48,,30:54.40,,1318
110929,17,28420,,48,,32:07.80,,1318
110930,17,4194,,48,,32:56.10,,1318
110931,17,3296,,48,,35:22.60,,1318
110873,44,28409,,47,,28:46.40,,1315
110874,44,2207,,47,,29:36.70,,1315
110875,44,28410,,47,,30:00.10,,1315
110876,44,28025,,47,,30:10.70,,1315
110877,61,8146,,48,,26:28.10,,1316
110878,61,27989,,48,,27:33.60,,1316
110879,61,2261,,48,,27:37.30,,1316
110880,61,1656,,48,,27:38.40,,1316
110881,61,2275,,48,,28:42.10,,1316
110882,61,1663,,48,,29:19.50,,1316
110883,61,8147,,48,,29:32.50,,1316
110884,61,27995,,48,,30:04.40,,1316
110885,61,26865,,48,,30:45.10,,1316
110886,61,28411,,48,,30:47.90,,1316
110887,61,28005,,48,,31:16.10,,1316
110888,61,28006,,48,,31:16.50,,1316
110889,61,19553,,48,,31:48.90,,1316
110890,61,2786,,48,,31:49.80,,1316
110891,61,28010,,48,,33:56.80,,1316
110892,61,28412,,48,,34:05.40,,1316
110893,61,28016,,48,,57:20.70,,1316
110894,61,2238,,47,,22:04.40,,1316
110895,61,2245,,47,,24:41.40,,1316
110896,61,2243,,47,,24:49.70,,1316
110897,61,28021,,47,,26:22.10,,1316
110898,61,20763,,47,,27:18.20,,1316
110899,61,28413,,47,,28:09.60,,1316
110900,61,19517,,47,,30:40.10,,1316
110901,61,28414,,47,,32:11.70,,1316
110902,61,1621,,47,,36:01.30,,1316
110903,169,1198,,48,,27:56.40,,1317
110904,169,2442,,48,,29:01.00,,1317
110905,169,20766,,48,,30:15.00,,1317
110906,169,26817,,48,,30:30.20,,1317
110907,169,1295,,48,,30:43.70,,1317
110908,169,26818,,48,,30:56.60,,1317
110909,169,7641,,48,,30:59.10,,1317
110910,169,26821,,48,,33:43.50,,1317
110911,134,27092,,48,,34:25.70,,1317
110912,169,26820,,48,,34:36.60,,1317
110913,134,28415,,48,,34:52.50,,1317
110914,169,7644,,48,,36:25.30,,1317
110915,134,28416,,48,,40:04.50,,1317
110916,169,20764,,47,,24:52.60,,1317
110917,169,24666,,47,,27:10.60,,1317
110918,134,28417,,47,,30:01.30,,1317
110919,169,2420,,47,,30:26.20,,1317
110920,169,26825,,47,,31:41.80,,1317
110921,169,26824,,47,,33:14.20,,1317
110922,169,4237,,47,,33:49.90,,1317
110923,169,26829,,47,,37:02.50,,1317
110924,134,28418,,47,,38:37.50,,1317
110925,169,26828,,47,,40:16.60,,1317
110932,171,27110,,48,,26:12.60,,1303
110933,159,706,,48,,26:28.30,,1303
110934,159,694,,48,,26:54.10,,1303
110935,159,674,,48,,27:04.20,,1303
110936,159,705,,48,,27:04.50,,1303
110937,159,677,,48,,27:55.90,,1303
110938,159,16117,,48,,28:18.60,,1303
110939,159,20431,,48,,28:36.70,,1303
110940,159,16115,,48,,30:35.60,,1303
110941,146,24921,,48,,27:42.50,,1303
110942,158,4665,,47,,23:51.70,,1303
113766,161,27457,,48,,29:16.30,,1352
113767,164,691,,48,,29:17.90,,1352
113768,146,19480,,48,,29:18.90,,1352
113769,146,27979,,48,,29:21.50,,1352
113770,164,29200,,48,,29:21.50,,1352
113771,146,27977,,48,,29:21.70,,1352
113772,156,2350,,48,,29:22.40,,1352
113773,167,740,,48,,29:23.60,,1352
113774,159,4365,,48,,29:24.20,,1352
113775,150,27460,,48,,29:24.20,,1352
113776,132,18968,,48,,29:26.80,,1352
113777,167,734,,48,,29:28.40,,1352
113778,150,27476,,48,,29:28.90,,1352
113779,159,27009,,48,,29:29.60,,1352
113780,150,1290,,48,,29:29.90,,1352
113781,167,19002,,48,,29:30.90,,1352
113782,166,27014,,48,,29:31.30,,1352
113783,132,29201,,48,,29:36.10,,1352
113784,164,27018,,48,,29:36.30,,1352
113785,164,747,,48,,29:38.80,,1352
113786,138,722,,48,,29:39.00,,1352
113787,159,2176,,48,,29:39.40,,1352
113788,139,19010,,48,,29:42.40,,1352
113789,158,2899,,48,,29:42.60,,1352
113790,158,2900,,48,,29:43.70,,1352
113791,142,26180,,48,,29:44.00,,1352
113792,146,29202,,48,,29:46.10,,1352
113793,146,1273,,48,,29:48.00,,1352
113794,164,19007,,48,,29:50.20,,1352
113795,150,29203,,48,,29:55.50,,1352
114527,124,1993,,48,,25:20.80,,1355
113934,159,25491,,48,,40:55.20,,1352
113935,160,29223,,48,,42:11.50,,1352
113936,131,27516,,48,,48:08.20,,1352
114835,158,2437,,48,Championship,28:49.20,,1357
114836,159,677,,48,Championship,28:49.50,,1357
114837,146,11380,,48,Championship,28:54.20,,1357
114838,204,27112,,48,Championship,28:54.70,,1357
114839,88,504,,48,Championship,28:56.20,,1357
113565,167,18939,,47,,28:56.60,,1352
113566,132,18941,,47,,28:59.80,,1352
113567,158,27196,,47,,29:01.40,,1352
113568,150,27435,,47,,29:02.20,,1352
113569,169,11362,,47,,29:09.20,,1352
113570,146,27536,,47,,29:09.30,,1352
113571,146,11438,,47,,29:11.30,,1352
113572,169,2420,,47,,29:11.30,,1352
113573,169,4241,,47,,29:17.70,,1352
113574,158,27197,,47,,29:18.40,,1352
113575,150,18698,,47,,29:40.90,,1352
113576,169,26826,,47,,29:44.80,,1352
113577,161,27182,,47,,29:49.00,,1352
113578,164,27065,,47,,29:57.40,,1352
113579,161,2333,,47,,29:59.70,,1352
113580,169,28876,,47,,30:03.70,,1352
113581,158,16156,,47,,30:06.30,,1352
113582,159,27938,,47,,30:06.80,,1352
113583,158,27198,,47,,30:07.00,,1352
113584,142,28512,,47,,30:08.70,,1352
113585,169,26824,,47,,30:10.30,,1352
113586,138,27861,,47,,30:19.10,,1352
113587,162,11364,,47,,30:24.30,,1352
113588,159,27942,,47,,30:26.70,,1352
113589,130,3124,,47,,30:29.50,,1352
113590,146,1055,,47,,30:33.70,,1352
113591,146,28877,,47,,30:34.40,,1352
113592,164,18927,,47,,30:46.00,,1352
113593,159,2712,,47,,30:46.60,,1352
113594,164,22371,,47,,30:58.70,,1352
113595,164,23898,,47,,30:58.70,,1352
113596,164,28278,,47,,31:03.30,,1352
113597,159,648,,47,,31:06.80,,1352
113598,164,4223,,47,,31:09.40,,1352
113599,130,18959,,47,,31:10.80,,1352
113600,169,2426,,47,,31:15.90,,1352
113601,162,27531,,47,,31:16.20,,1352
113602,162,11365,,47,,31:17.30,,1352
113603,156,28878,,47,,31:19.80,,1352
113604,158,21481,,47,,31:21.20,,1352
113605,164,28281,,47,,31:30.40,,1352
113606,160,27943,,47,,32:00.50,,1352
113607,138,27867,,47,,32:06.40,,1352
113608,167,663,,47,,32:18.60,,1352
113609,167,647,,47,,32:25.80,,1352
113610,132,28879,,47,,32:34.30,,1352
113611,158,2403,,47,,32:40.10,,1352
113612,142,27368,,47,,32:45.30,,1352
113613,138,660,,47,,32:48.10,,1352
113614,146,1687,,47,,32:53.10,,1352
113615,146,1128,,47,,32:53.50,,1352
113616,169,1153,,47,,32:59.40,,1352
113617,166,28283,,47,,33:07.20,,1352
113618,160,28880,,47,,33:45.20,,1352
113619,167,638,,47,,34:13.40,,1352
113620,146,1154,,47,,34:20.00,,1352
113621,138,27873,,47,,34:23.10,,1352
113622,166,28282,,47,,34:51.80,,1352
113623,166,19368,,47,,35:01.00,,1352
113624,169,26828,,47,,37:02.10,,1352
113625,147,3645,,47,,38:24.80,,1352
113626,130,28881,,47,,42:36.60,,1352
113627,156,28882,,47,,43:20.60,,1352
113628,167,19375,,48,,25:02.70,,1352
113629,167,666,,48,,25:10.80,,1352
113630,164,2723,,48,,25:19.00,,1352
113631,164,18961,,48,,25:29.30,,1352
113632,167,673,,48,,25:36.00,,1352
113633,164,22379,,48,,25:43.10,,1352
113634,164,18964,,48,,25:43.70,,1352
113635,146,26627,,48,,25:46.00,,1352
113636,167,466,,48,,25:52.70,,1352
113637,162,29191,,48,,25:54.80,,1352
113638,164,18979,,48,,25:56.60,,1352
113639,158,2438,,48,,26:00.10,,1352
113640,167,27235,,48,,26:06.00,,1352
113641,167,467,,48,,26:09.00,,1352
113642,164,26993,,48,,26:09.70,,1352
113643,169,1198,,48,,26:10.30,,1352
113644,167,8108,,48,,26:11.90,,1352
113645,169,20765,,48,,26:16.20,,1352
113646,158,2437,,48,,26:19.10,,1352
113647,130,27905,,48,,26:26.70,,1352
113648,146,11380,,48,,26:28.40,,1352
113649,164,18963,,48,,26:31.60,,1352
113650,159,676,,48,,26:37.40,,1352
113651,146,20451,,48,,26:38.50,,1352
113652,158,16124,,48,,26:39.00,,1352
113653,159,674,,48,,26:39.60,,1352
113654,146,1195,,48,,26:39.80,,1352
113655,159,706,,48,,26:40.20,,1352
113656,164,675,,48,,26:40.90,,1352
113657,167,695,,48,,26:43.30,,1352
113658,146,24920,,48,,26:44.40,,1352
113659,167,19384,,48,,26:45.20,,1352
113660,166,27000,,48,,26:47.40,,1352
113661,158,2896,,48,,26:51.60,,1352
113662,159,705,,48,,26:52.20,,1352
113663,132,26996,,48,,26:53.60,,1352
113664,159,694,,48,,26:54.10,,1352
113665,162,27485,,48,,26:57.20,,1352
113666,169,27490,,48,,26:59.50,,1352
113667,164,26992,,48,,27:00.30,,1352
113668,167,18977,,48,,27:05.30,,1352
113669,169,20766,,48,,27:06.20,,1352
113670,150,27445,,48,,27:07.20,,1352
113671,162,27486,,48,,27:07.20,,1352
113672,158,16114,,48,,27:07.70,,1352
113673,167,717,,48,,27:10.20,,1352
113674,159,677,,48,,27:10.70,,1352
113675,132,18969,,48,,27:15.70,,1352
113676,146,22385,,48,,27:17.10,,1352
113677,150,27446,,48,,27:19.70,,1352
113678,164,700,,48,,27:20.60,,1352
113679,132,29192,,48,,27:22.30,,1352
113680,159,22384,,48,,27:23.50,,1352
113681,169,2442,,48,,27:24.20,,1352
113682,159,20431,,48,,27:25.20,,1352
113683,159,29193,,48,,27:27.90,,1352
113684,167,4303,,48,,27:29.60,,1352
113685,162,3787,,48,,27:31.10,,1352
113686,162,3169,,48,,27:31.40,,1352
113687,161,24901,,48,,27:34.30,,1352
113688,164,689,,48,,27:34.70,,1352
113689,164,28312,,48,,27:35.00,,1352
113690,167,26994,,48,,27:35.40,,1352
113691,161,27175,,48,,27:40.20,,1352
113692,150,2345,,48,,27:42.40,,1352
113693,142,18982,,48,,27:42.70,,1352
113694,161,27906,,48,,27:43.30,,1352
113695,167,19386,,48,,27:43.70,,1352
113696,162,1289,,48,,27:44.40,,1352
113697,147,27177,,48,,27:46.60,,1352
113698,167,681,,48,,27:47.90,,1352
113699,167,27002,,48,,27:48.20,,1352
113700,159,16117,,48,,27:50.40,,1352
113701,169,4443,,48,,27:52.00,,1352
113702,167,710,,48,,27:52.10,,1352
113703,132,18990,,48,,27:56.50,,1352
113704,159,2173,,48,,27:57.10,,1352
113705,164,27012,,48,,27:58.70,,1352
113706,167,711,,48,,28:00.00,,1352
113707,167,704,,48,,28:00.20,,1352
113708,161,2360,,48,,28:01.50,,1352
113709,162,1704,,48,,28:02.90,,1352
113710,131,27487,,48,,28:06.40,,1352
113711,132,3137,,48,,28:08.90,,1352
113712,158,27203,,48,,28:09.60,,1352
113713,159,5708,,48,,28:10.90,,1352
113714,150,27450,,48,,28:12.30,,1352
113715,146,11386,,48,,28:14.20,,1352
113716,160,27908,,48,,28:15.00,,1352
113717,147,19486,,48,,28:15.80,,1352
113718,146,11390,,48,,28:16.60,,1352
113719,131,1231,,48,,28:21.20,,1352
113720,146,11402,,48,,28:21.90,,1352
113721,146,1205,,48,,28:23.30,,1352
113722,139,26835,,48,,28:25.20,,1352
113723,147,22389,,48,,28:26.70,,1352
113724,168,732,,48,,28:27.00,,1352
113725,146,29194,,48,,28:28.50,,1352
113726,158,27202,,48,,28:29.50,,1352
113727,160,1213,,48,,28:30.20,,1352
113728,169,29195,,48,,28:30.30,,1352
113729,147,22386,,48,,28:31.90,,1352
113730,147,27176,,48,,28:32.50,,1352
113731,146,29196,,48,,28:34.30,,1352
113732,146,19479,,48,,28:35.00,,1352
113733,159,27910,,48,,28:37.00,,1352
113734,147,27453,,48,,28:37.70,,1352
113735,164,723,,48,,28:40.90,,1352
113736,164,27237,,48,,28:42.70,,1352
113737,160,25480,,48,,28:42.70,,1352
113738,150,3140,,48,,28:44.30,,1352
113739,169,7641,,48,,28:44.70,,1352
113740,158,2897,,48,,28:48.80,,1352
113741,160,2460,,48,,28:50.50,,1352
113742,147,29197,,48,,28:51.00,,1352
113743,162,1266,,48,,28:52.60,,1352
113744,167,27004,,48,,28:53.20,,1352
113745,130,3142,,48,,28:54.10,,1352
113746,146,29198,,48,,28:55.50,,1352
113747,131,24859,,48,,28:55.70,,1352
113748,130,27909,,48,,28:56.20,,1352
113749,142,29199,,48,,28:57.20,,1352
113750,146,1208,,48,,28:57.70,,1352
113751,167,28319,,48,,28:58.40,,1352
113752,159,5709,,48,,28:59.20,,1352
113753,167,5230,,48,,29:00.80,,1352
113754,167,27022,,48,,29:01.10,,1352
113755,131,27500,,48,,29:02.40,,1352
113756,146,11400,,48,,29:02.60,,1352
113757,159,16118,,48,,29:03.20,,1352
113758,167,19385,,48,,29:04.40,,1352
113759,139,1557,,48,,29:04.50,,1352
113760,132,28387,,48,,29:06.20,,1352
113761,162,22382,,48,,29:08.10,,1352
113762,217,28314,,48,,29:09.40,,1352
113763,158,2456,,48,,29:11.30,,1352
113764,167,742,,48,,29:12.90,,1352
113765,158,24594,,48,,29:13.70,,1352
113796,164,731,,48,,29:57.30,,1352
113797,146,27982,,48,,29:57.70,,1352
113798,162,11358,,48,,30:02.20,,1352
113799,147,27988,,48,,30:15.10,,1352
113800,158,3141,,48,,30:18.60,,1352
113801,142,29204,,48,,30:22.10,,1352
113802,146,27496,,48,,30:28.90,,1352
113803,166,27003,,48,,30:29.20,,1352
113804,167,27010,,48,,30:32.30,,1352
113805,146,11396,,48,,30:35.30,,1352
113806,142,29205,,48,,30:39.60,,1352
113807,130,29206,,48,,30:41.50,,1352
113808,158,2463,,48,,30:42.70,,1352
113809,132,725,,48,,30:43.80,,1352
113810,167,27017,,48,,30:43.90,,1352
113811,164,18989,,48,,30:46.90,,1352
113812,169,4732,,48,,30:50.40,,1352
113813,166,19390,,48,,30:51.70,,1352
113814,162,27986,,48,,30:53.50,,1352
113815,150,27468,,48,,30:54.00,,1352
113816,158,2470,,48,,30:57.90,,1352
113817,147,29207,,48,,30:58.50,,1352
113818,159,2184,,48,,30:58.90,,1352
113819,146,1251,,48,,31:01.30,,1352
113820,159,16147,,48,,31:03.70,,1352
113821,146,1306,,48,,31:03.90,,1352
113822,146,27981,,48,,31:06.10,,1352
113823,132,2754,,48,,31:09.60,,1352
113824,160,11408,,48,,31:11.40,,1352
113825,159,19000,,48,,31:11.80,,1352
113826,167,18971,,48,,31:15.60,,1352
113827,131,1241,,48,,31:16.50,,1352
113828,159,16120,,48,,31:18.10,,1352
113829,139,7697,,48,,31:18.80,,1352
113830,158,16123,,48,,31:21.50,,1352
113831,167,3011,,48,,31:23.10,,1352
113832,167,2540,,48,,31:28.50,,1352
113833,169,26820,,48,,31:28.90,,1352
113834,167,19381,,48,,31:32.30,,1352
113835,162,19496,,48,,31:36.50,,1352
113836,132,18994,,48,,31:36.90,,1352
113837,132,3153,,48,,31:38.40,,1352
113838,146,29208,,48,,31:41.20,,1352
113839,158,2469,,48,,31:42.30,,1352
113840,167,778,,48,,31:46.00,,1352
113841,169,22390,,48,,31:46.30,,1352
113842,146,1395,,48,,31:47.00,,1352
113843,167,743,,48,,31:51.20,,1352
113844,164,738,,48,,31:52.80,,1352
113845,162,1284,,48,,31:54.70,,1352
113846,150,27466,,48,,31:57.50,,1352
113847,167,27024,,48,,31:59.10,,1352
113848,150,1269,,48,,32:00.30,,1352
113849,158,16132,,48,,32:01.30,,1352
113850,150,1287,,48,,32:02.40,,1352
113851,159,25471,,48,,32:03.40,,1352
113852,146,19484,,48,,32:03.80,,1352
113853,167,19013,,48,,32:08.20,,1352
113854,158,2474,,48,,32:10.80,,1352
113855,169,26821,,48,,32:13.90,,1352
113856,156,3151,,48,,32:15.70,,1352
113857,146,1382,,48,,32:16.30,,1352
113858,162,27502,,48,,32:18.20,,1352
113859,130,2455,,48,,32:23.20,,1352
113860,146,5271,,48,,32:23.30,,1352
113861,158,16135,,48,,32:23.60,,1352
113862,164,27023,,48,,32:26.40,,1352
113863,156,29209,,48,,32:28.40,,1352
113864,146,29210,,48,,32:29.30,,1352
113865,167,760,,48,,32:31.10,,1352
113866,161,24908,,48,,32:31.90,,1352
113867,146,1299,,48,,32:33.70,,1352
113869,132,28321,,48,,32:36.30,,1352
113870,132,27029,,48,,32:42.50,,1352
113871,150,27473,,48,,32:45.40,,1352
113872,158,2467,,48,,32:47.30,,1352
113873,158,29211,,48,,32:52.70,,1352
113874,164,2730,,48,,32:54.00,,1352
113875,158,23904,,48,,32:56.70,,1352
113876,159,761,,48,,32:58.50,,1352
113877,158,29212,,48,,33:00.60,,1352
113878,139,1589,,48,,33:09.90,,1352
113879,139,29213,,48,,33:16.10,,1352
113880,146,26490,,48,,33:16.20,,1352
113881,161,29214,,48,,33:16.80,,1352
113882,167,27038,,48,,33:17.60,,1352
113883,158,27918,,48,,33:19.20,,1352
113884,159,24911,,48,,33:19.50,,1352
113885,147,27475,,48,,33:24.90,,1352
113886,164,27027,,48,,33:30.70,,1352
113887,164,28322,,48,,33:36.10,,1352
113888,162,1324,,48,,33:36.80,,1352
113889,146,27506,,48,,33:43.80,,1352
113890,138,27842,,48,,33:45.70,,1352
113891,159,16133,,48,,33:47.00,,1352
113892,142,756,,48,,33:49.10,,1352
113893,164,786,,48,,33:58.50,,1352
113894,158,27205,,48,,34:00.00,,1352
113895,167,19006,,48,,34:04.40,,1352
113896,130,28388,,48,,34:06.00,,1352
113897,146,29215,,48,,34:06.10,,1352
113898,158,27206,,48,,34:09.70,,1352
113899,160,27507,,48,,34:12.40,,1352
113900,156,2363,,48,,34:15.60,,1352
113901,158,27208,,48,,34:17.40,,1352
113902,167,19396,,48,,34:21.00,,1352
113903,130,16129,,48,,34:40.90,,1352
113904,146,27983,,48,,34:53.90,,1352
113905,159,16146,,48,,35:12.30,,1352
113906,162,27511,,48,,35:13.70,,1352
113907,132,27028,,48,,35:16.40,,1352
113908,161,2367,,48,,35:25.60,,1352
113909,138,29216,,48,,35:36.10,,1352
113910,146,1341,,48,,35:40.20,,1352
113911,166,20441,,48,,35:46.70,,1352
113912,138,27040,,48,,36:05.00,,1352
113913,166,20448,,48,,36:06.50,,1352
113914,156,29217,,48,,36:09.30,,1352
113915,157,26522,,48,,36:29.60,,1352
113916,166,28327,,48,,37:09.90,,1352
113917,169,26822,,48,,37:16.10,,1352
113918,138,27920,,48,,37:22.20,,1352
113919,158,27211,,48,,37:23.00,,1352
113920,158,27929,,48,,37:28.00,,1352
113921,164,29218,,48,,37:49.30,,1352
113922,167,4304,,48,,37:53.30,,1352
113923,159,29219,,48,,38:02.70,,1352
113924,164,27039,,48,,38:08.60,,1352
113925,146,27508,,48,,38:10.90,,1352
113926,167,27042,,48,,38:29.60,,1352
113927,159,3175,,48,,38:43.90,,1352
113928,168,29220,,48,,38:56.70,,1352
113929,138,16126,,48,,38:57.30,,1352
113930,157,29221,,48,,39:40.20,,1352
113931,150,29222,,48,,39:57.90,,1352
113932,158,3682,,48,,40:35.00,,1352
113933,161,27483,,48,,40:43.00,,1352
114897,88,539,,48,Championship,29:48.50,,1357
114898,112,26979,,48,Championship,29:49.40,,1357
114899,171,1218,,48,Championship,29:50.70,,1357
114900,11,2950,,48,Championship,29:51.50,,1357
114901,112,435,,48,Championship,29:51.60,,1357
114902,11,22519,,48,Championship,29:54.00,,1357
114903,188,919,,48,Championship,29:54.30,,1357
114904,15,26006,,48,Championship,29:56.10,,1357
114905,79,27375,,48,Championship,29:56.20,,1357
114906,188,3543,,48,Championship,29:56.70,,1357
114907,122,27081,,48,Championship,29:57.30,,1357
114908,169,1295,,48,Championship,29:58.50,,1357
114909,174,2116,,48,Championship,30:00.50,,1357
114910,178,1850,,48,Championship,30:02.10,,1357
114911,88,11484,,48,Championship,30:05.90,,1357
114912,174,1847,,48,Championship,30:06.20,,1357
114913,188,5013,,48,Championship,30:06.80,,1357
114914,203,28054,,48,Championship,30:07.20,,1357
114915,4,7717,,48,Championship,30:07.30,,1357
114916,86,26917,,48,Championship,30:08.10,,1357
114917,203,1835,,48,Championship,30:13.00,,1357
114918,132,3137,,48,Championship,30:14.90,,1357
114919,49,19502,,48,Championship,30:15.40,,1357
114920,90,23423,,48,Championship,30:15.90,,1357
114005,15,3298,,48,,32:26.56,,1353
114006,17,29236,,48,,32:58.01,,1353
114007,226,29237,,48,,32:59.25,,1353
114008,17,3296,,48,,33:11.93,,1353
114009,16,29238,,48,,33:36.89,,1353
114010,16,23521,,48,,34:03.40,,1353
114011,15,26534,,48,,34:09.80,,1353
114012,15,23516,,48,,34:12.00,,1353
114013,15,28694,,48,,34:56.37,,1353
114014,226,23509,,48,,35:35.37,,1353
114015,11,28701,,48,,35:41.91,,1353
114016,4,29239,,48,,39:03.44,,1353
114017,17,25196,,47,,21:23.91,,1353
114018,11,28711,,47,,21:31.83,,1353
114019,4,2928,,47,,21:48.35,,1353
114020,11,2924,,47,,22:20.21,,1353
114021,15,3238,,47,,22:30.78,,1353
114022,15,28708,,47,,22:46.69,,1353
114023,11,28712,,47,,22:54.05,,1353
114024,4,28702,,47,,22:57.00,,1353
114025,15,23524,,47,,23:14.11,,1353
114026,15,3240,,47,,23:36.56,,1353
114027,4,29240,,47,,23:49.14,,1353
114028,17,25210,,47,,23:50.63,,1353
114029,17,25197,,47,,24:04.24,,1353
114030,15,3237,,47,,24:14.51,,1353
114031,11,29241,,47,,24:15.80,,1353
114032,11,29242,,47,,24:37.13,,1353
114033,16,3236,,47,,24:41.74,,1353
114034,16,3235,,47,,24:45.68,,1353
114035,16,23532,,47,,24:51.89,,1353
114036,15,28709,,47,,24:56.11,,1353
114037,4,29243,,47,,25:41.39,,1353
114038,226,29244,,47,,25:47.51,,1353
114039,226,29245,,47,,25:57.26,,1353
104524,88,24595,,47,,19:25.80,,1243
104525,169,1198,,17,,16:03.50,,1244
104526,169,20766,,17,,16:33.80,,1244
104527,169,26817,,17,,16:39.50,,1244
104528,169,2442,,17,,17:03.30,,1244
104529,169,26818,,17,,17:05.20,,1244
104530,169,7642,,17,,17:29.30,,1244
104531,169,26819,,17,,17:29.90,,1244
104532,169,7641,,17,,17:40.80,,1244
104533,169,4732,,17,,18:25.50,,1244
104534,169,26820,,17,,18:35.50,,1244
104535,169,26821,,17,,18:57.50,,1244
104536,169,7644,,17,,19:25.50,,1244
104537,169,26822,,17,,22:57.20,,1244
104538,169,20764,,17,,19:29.90,,1244
104539,169,26823,,17,,21:16.00,,1244
104540,169,4241,,17,,22:26.50,,1244
104541,169,24666,,17,,22:43.00,,1244
104542,169,26824,,17,,22:49.90,,1244
104543,169,11362,,17,,23:22.00,,1244
104544,169,26825,,17,,23:41.00,,1244
104545,169,2420,,17,,23:56.50,,1244
104546,169,26826,,17,,24:27.70,,1244
104547,169,4237,,17,,25:52.00,,1244
104548,169,26827,,17,,26:00.70,,1244
104549,169,26828,,17,,26:35.20,,1244
114921,178,27448,,48,Championship,30:15.90,,1357
114922,1,19,,48,Championship,30:19.40,,1357
114923,75,7721,,48,Championship,30:21.10,,1357
114924,117,8057,,48,Championship,30:21.90,,1357
114925,90,11510,,48,Championship,30:23.40,,1357
114926,90,28741,,48,Championship,30:23.50,,1357
114927,49,28372,,48,Championship,30:23.90,,1357
114928,61,19539,,48,Championship,30:24.20,,1357
114929,150,27450,,48,Championship,30:24.70,,1357
113937,15,5137,,48,,25:06.41,,1353
113938,15,28690,,48,,25:09.55,,1353
104550,169,26829,,17,,27:41.20,,1244
104551,169,1153,,17,,28:17.10,,1244
113940,4,2946,,48,,25:33.08,,1353
113941,4,91,,48,,25:33.32,,1353
113942,4,2945,,48,,25:37.23,,1353
113943,11,28695,,48,,25:37.58,,1353
113944,11,28696,,48,,25:41.26,,1353
113945,4,7717,,48,,25:43.34,,1353
113946,15,28691,,48,,25:48.81,,1353
113947,4,90,,48,,25:53.98,,1353
113948,4,20488,,48,,25:58.27,,1353
113949,17,25229,,48,,26:04.98,,1353
113950,4,23489,,48,,26:20.47,,1353
113951,17,3264,,48,,26:38.07,,1353
113952,15,3268,,48,,26:38.73,,1353
104552,139,7705,,17,,19:36.10,,1245
104553,139,1497,,17,,21:23.00,,1245
104554,139,7704,,17,,21:25.60,,1245
104555,139,1458,,17,,21:33.60,,1245
104556,139,26830,,17,,23:16.10,,1245
104557,139,26831,,17,,23:16.60,,1245
104558,139,26832,,17,,24:43.00,,1245
104559,139,26833,,17,,25:15.30,,1245
104560,139,7712,,17,,26:42.60,,1245
104561,139,7711,,17,,26:43.30,,1245
104562,139,26834,,17,,31:09.30,,1245
104563,139,1584,,17,,17:36.70,,1245
104564,139,26835,,17,,17:39.20,,1245
104565,139,1557,,17,,17:47.10,,1245
104566,139,11497,,17,,18:45.20,,1245
104567,139,26836,,17,,18:45.60,,1245
104568,139,7697,,17,,19:20.20,,1245
104569,139,1589,,17,,19:27.20,,1245
104570,139,19010,,17,,19:28.20,,1245
104571,139,26837,,17,,20:24.40,,1245
104572,139,26838,,17,,20:58.40,,1245
104573,139,26839,,17,,21:54.00,,1245
104574,139,26840,,17,,22:47.20,,1245
104575,139,26841,,17,,22:53.30,,1245
104576,139,7701,,17,,23:40.50,,1245
104577,139,26842,,17,,23:40.90,,1245
104578,139,26843,,17,,24:20.60,,1245
104579,139,11517,,17,,25:13.90,,1245
104580,1,7,,47,,19:57.70,,1246
104581,1,19,,47,,20:31.60,,1246
104582,112,421,,17,,16:06.70,,1247
104583,112,26844,,17,,17:00.98,,1247
104584,112,420,,17,,17:29.12,,1247
104585,118,3884,,17,,17:36.13,,1247
104586,112,26845,,17,,18:14.07,,1247
104587,112,26846,,17,,18:25.31,,1247
104588,112,26847,,17,,18:56.70,,1247
104589,118,26848,,17,,19:15.99,,1247
104590,112,26849,,17,,19:34.45,,1247
104591,112,5645,,17,,19:41.78,,1247
104592,112,25014,,17,,20:18.81,,1247
104593,112,26850,,17,,21:07.99,,1247
104594,112,26851,,17,,22:56.00,,1247
104595,118,11325,,17,,25:07.21,,1247
104596,112,26852,,17,,20:18.20,,1247
104597,112,3864,,17,,22:36.85,,1247
104598,112,21224,,17,,23:51.20,,1247
104599,112,11347,,17,,24:51.28,,1247
104600,112,3755,,17,,25:22.10,,1247
104601,15,5137,,48,,25:55.30,,1248
104602,4,7717,,48,,27:18.10,,1248
104603,4,7720,,48,,27:52.80,,1248
104604,4,102,,48,,28:49.90,,1248
104605,4,26853,,48,,29:39.00,,1248
104606,4,18781,,48,,30:08.60,,1248
104607,40,23714,,17,,19:35.30,,1249
104608,40,26854,,17,,19:52.80,,1249
104609,40,26855,,17,,21:40.50,,1249
104610,40,26856,,17,,22:32.30,,1249
104611,40,23716,,17,,23:38.20,,1249
104612,40,26857,,17,,23:52.50,,1249
104613,40,26858,,17,,24:00.30,,1249
104614,40,26859,,17,,24:28.10,,1249
104615,40,26860,,17,,24:53.00,,1249
104616,40,26861,,17,,25:32.10,,1249
104617,40,26862,,17,,15:02.50,,1249
104618,40,26863,,17,,17:20.10,,1249
104619,40,23725,,17,,19:59.10,,1249
104620,40,23724,,17,,20:10.60,,1249
104621,40,26864,,17,,21:26.40,,1249
104622,167,19375,Sr,47,,18:15.00,,1251
104623,167,666,Jr,47,,18:21.00,,1251
104624,167,673,Gr,47,,19:09.90,,1251
104625,167,466,Sr,47,,19:15.70,,1251
104626,167,8108,So,47,,19:16.00,,1251
104627,61,382,,47,,19:08.60,,1252
104628,61,1656,,47,,19:34.30,,1252
104629,61,8147,,47,,20:01.80,,1252
104630,61,1663,,47,,21:26.40,,1252
104631,61,26865,,47,,21:36.20,,1252
104632,61,26866,,47,,22:03.30,,1252
104633,61,2285,,47,,22:17.40,,1252
104634,60,26867,Fr,17,,21:02.59,,1253
104635,60,3379,Sr,17,,22:45.31,,1253
113953,17,29224,,48,,26:44.87,,1353
113954,4,2959,,48,,26:45.43,,1353
113955,11,28698,,48,,26:48.64,,1353
113956,4,18780,,48,,26:49.13,,1353
113957,4,20489,,48,,26:53.56,,1353
113958,4,27949,,48,,26:54.01,,1353
113959,17,29225,,48,,26:56.75,,1353
113960,4,26543,,48,,27:02.23,,1353
113961,4,2965,,48,,27:04.84,,1353
113962,17,4191,,48,,27:04.88,,1353
113963,15,22524,,48,,27:06.64,,1353
113964,16,23490,,48,,27:10.76,,1353
113965,17,29226,,48,,27:13.65,,1353
113966,17,4205,,48,,27:16.32,,1353
113967,4,20492,,48,,27:21.19,,1353
113968,15,26006,,48,,27:22.84,,1353
113969,11,2950,,48,,27:35.33,,1353
113970,4,29227,,48,,27:35.82,,1353
113971,4,29228,,48,,27:36.41,,1353
113972,15,29229,,48,,27:40.53,,1353
113973,4,22531,,48,,27:45.08,,1353
113974,4,28685,,48,,27:59.21,,1353
113975,16,3297,,48,,28:05.05,,1353
113976,4,5787,,48,,28:23.42,,1353
113977,17,18288,,48,,28:28.27,,1353
113978,4,29230,,48,,28:29.04,,1353
113979,15,3279,,48,,28:33.12,,1353
113980,4,20490,,48,,28:35.61,,1353
113981,17,29231,,48,,28:58.39,,1353
113982,15,22525,,48,,29:02.66,,1353
113983,17,4640,,48,,29:22.25,,1353
113984,15,3276,,48,,29:26.77,,1353
113985,11,22519,,48,,29:31.38,,1353
113986,17,4182,,48,,29:37.27,,1353
113987,11,2982,,48,,29:37.79,,1353
113988,16,29232,,48,,29:38.84,,1353
113989,17,4185,,48,,29:47.19,,1353
113990,11,29233,,48,,29:50.61,,1353
113991,17,4194,,48,,29:55.86,,1353
113992,17,3302,,48,,30:00.24,,1353
113993,17,25194,,48,,30:07.06,,1353
113994,11,28699,,48,,30:13.43,,1353
113995,17,26705,,48,,30:27.38,,1353
113996,11,29234,,48,,30:40.27,,1353
113997,11,2987,,48,,31:01.90,,1353
113998,16,23508,,48,,31:24.97,,1353
113999,16,25207,,48,,31:26.40,,1353
114000,16,3280,,48,,31:37.65,,1353
114001,17,25231,,48,,31:45.61,,1353
114002,11,29235,,48,,31:46.69,,1353
114003,226,23500,,48,,32:12.85,,1353
114004,226,23506,,48,,32:17.58,,1353
114040,11,3243,,47,,26:03.28,,1353
114041,16,29246,,47,,26:06.47,,1353
114042,15,23534,,47,,26:39.84,,1353
114043,16,25220,,47,,26:44.41,,1353
114044,16,23533,,47,,26:57.28,,1353
114045,11,22549,,47,,27:01.80,,1353
114046,11,29247,,47,,27:47.93,,1353
114047,4,2940,,47,,28:23.22,,1353
104636,60,3460,,17,,23:29.99,,1253
104637,58,26868,,17,,22:54.00,,1254
104638,58,2210,,47,,19:52.30,,1254
104640,58,11353,,47,,20:39.60,,1254
104642,58,179,,47,,24:12.70,,1254
104643,58,26869,,47,,24:50.10,,1254
104645,58,11354,,47,,25:49.60,,1254
104646,58,26870,,47,,26:17.30,,1254
104650,116,7988,,17,,19:34.60,,1255
104651,116,26873,,17,,19:35.40,,1255
104653,116,443,,17,,20:37.80,,1255
104656,116,7989,,17,,21:38.50,,1255
104657,116,26875,,17,,22:08.70,,1255
104663,120,24832,,17,,20:47.20,,1255
104664,120,26880,,17,,23:34.50,,1255
104665,120,26881,,17,,23:48.60,,1255
104666,120,26882,,17,,23:57.10,,1255
104667,120,26883,,17,,24:00.30,,1255
104668,120,26884,,17,,24:24.50,,1255
104669,120,26885,,17,,25:49.30,,1255
104670,120,26886,,17,,26:04.80,,1255
104671,116,7976,,17,,15:28.80,,1255
104673,116,20397,,17,,15:43.30,,1255
104674,116,26887,,17,,15:55.80,,1255
104677,116,312,,17,,16:25.10,,1255
104679,116,24642,,17,,16:34.10,,1255
104681,116,2059,,17,,17:01.10,,1255
104683,116,26507,,17,,17:15.70,,1255
104684,116,26889,,17,,17:20.70,,1255
104686,116,4917,,17,,18:13.00,,1255
104689,116,7981,,17,,18:31.90,,1255
104690,116,26891,,17,,18:53.20,,1255
104691,116,26892,,17,,22:40.50,,1255
104693,120,7691,,17,,17:29.60,,1255
104694,120,26893,,17,,17:40.30,,1255
104696,120,24835,,17,,18:38.30,,1255
104697,120,26894,,17,,19:03.10,,1255
104699,120,21479,,17,,19:20.80,,1255
104700,120,26895,,17,,20:55.10,,1255
104702,167,19384,So,17,,16:19.60,,1256
104705,167,743,Sr,17,,17:53.70,,1256
104708,56,4790,,17,,20:32.10,,1257
104710,56,19595,,17,,21:29.30,,1257
104711,56,26898,,17,,21:29.40,,1257
104716,56,3368,,17,,22:52.80,,1257
104718,56,8135,,17,,24:17.10,,1257
104719,56,2193,,17,,15:54.70,,1257
114048,4,112,,47,,28:25.03,,1353
114049,11,25999,,47,,28:37.15,,1353
104639,58,19574,,47,,20:17.10,,1254
104641,58,162,,47,,23:45.90,,1254
104644,58,134,,47,,24:16.20,,1254
104647,116,282,,17,,19:14.50,,1255
104648,116,26871,,17,,19:16.30,,1255
104649,116,26872,,17,,19:32.00,,1255
104652,116,446,,17,,19:59.00,,1255
104654,116,7993,,17,,21:17.70,,1255
104655,116,26874,,17,,21:27.10,,1255
104658,116,7992,,17,,22:26.20,,1255
104659,116,26876,,17,,22:31.30,,1255
104660,116,26877,,17,,23:34.20,,1255
104661,116,26878,,17,,23:49.10,,1255
104662,116,26879,,17,,26:44.60,,1255
104672,116,7975,,17,,15:42.40,,1255
104675,116,26506,,17,,16:08.30,,1255
104676,116,26888,,17,,16:13.70,,1255
104678,116,26508,,17,,16:30.70,,1255
104680,116,7978,,17,,16:35.20,,1255
104682,116,455,,17,,17:04.30,,1255
104685,116,4144,,17,,17:25.40,,1255
104687,116,7982,,17,,18:14.50,,1255
104688,116,26890,,17,,18:15.80,,1255
104692,120,7689,,17,,16:14.00,,1255
104695,120,18788,,17,,18:07.40,,1255
104698,120,345,,17,,19:11.70,,1255
104701,120,343,,17,,21:33.90,,1255
104703,167,2540,Sr,17,,16:47.20,,1256
104704,167,26896,Sr,17,,17:05.00,,1256
104706,56,230,,17,,20:12.20,,1257
104707,56,26897,,17,,20:13.70,,1257
104709,56,22356,,17,,21:05.60,,1257
104712,56,3364,,17,,21:55.10,,1257
104713,56,26899,,17,,22:27.70,,1257
104714,56,26900,,17,,22:40.90,,1257
104715,56,26901,,17,,22:42.80,,1257
104717,56,253,,17,,23:18.30,,1257
104720,56,127,,17,,16:15.00,,1257
104721,56,26902,,17,,16:19.90,,1257
104722,56,26903,,17,,16:28.90,,1257
104724,56,8041,,17,,16:37.30,,1257
104726,56,8065,,17,,16:41.90,,1257
104729,56,8056,,17,,17:25.90,,1257
104734,56,19600,,17,,18:18.40,,1257
104735,56,26908,,17,,18:19.00,,1257
104737,56,8095,,17,,18:26.60,,1257
104739,56,6820,,17,,18:47.40,,1257
104740,56,26909,,17,,18:55.60,,1257
104742,56,24986,,17,,19:22.70,,1257
114947,79,7950,,48,Championship,30:59.20,,1357
114948,162,27486,,48,Championship,31:00.80,,1357
114949,96,26020,,48,Championship,31:01.90,,1357
104723,56,129,,17,,16:37.10,,1257
104725,56,203,,17,,16:40.00,,1257
104727,56,8051,,17,,16:58.80,,1257
104728,56,26904,,17,,17:11.70,,1257
104730,56,8075,,17,,17:27.40,,1257
104731,56,26905,,17,,17:37.20,,1257
104732,56,26906,,17,,18:04.60,,1257
104733,56,26907,,17,,18:07.00,,1257
104736,56,8059,,17,,18:25.80,,1257
104738,56,2200,,17,,18:39.10,,1257
104741,56,24987,,17,,19:19.60,,1257
104743,56,3412,,17,,20:47.40,,1257
104744,56,26910,,17,,20:53.80,,1257
104745,56,26911,,17,,21:23.30,,1257
104746,56,26912,,17,,26:50.90,,1257
104747,167,18922,So,58,,14:36.90,,1251
104748,61,2238,,58,,14:20.50,,1252
104749,60,26915,Fr,59,,23:17.54,,1253
104750,60,3407,Jr,59,,24:45.92,,1253
104751,86,1478,,17,,23:01.80,,1258
104752,86,11470,,17,,23:43.80,,1258
104753,86,26916,,17,,31:34.60,,1258
104754,86,23446,,17,,17:29.00,,1258
104755,86,1558,,17,,17:49.13,,1258
104756,86,1536,,17,,18:40.49,,1258
104757,86,26917,,17,,18:54.72,,1258
104758,86,26918,,17,,19:17.60,,1258
104759,86,19395,,17,,19:27.56,,1258
104760,86,3012,,17,,20:04.02,,1258
104761,86,11501,,17,,20:09.30,,1258
104762,86,25118,,17,,20:26.35,,1258
104763,86,1609,,17,,20:41.35,,1258
104764,86,26544,,17,,24:24.86,,1258
104765,86,1612,,17,,24:25.21,,1258
104766,79,26919,,17,,15:50.90,,1259
104767,79,25852,,17,,16:07.80,,1259
104768,79,26920,,17,,16:59.90,,1259
104769,79,506,,17,,17:15.20,,1259
104770,79,512,,17,,17:20.90,,1259
104771,79,26921,,17,,17:34.80,,1259
104772,79,26922,,17,,17:36.30,,1259
104773,79,26923,,17,,17:44.80,,1259
104774,79,7954,,17,,18:42.80,,1259
104775,79,26924,,17,,18:52.50,,1259
104776,79,3859,,17,,19:00.20,,1259
104777,79,26925,,17,,19:21.30,,1259
104778,79,7953,,17,,19:29.30,,1259
104779,79,7946,,17,,20:49.00,,1259
104780,79,26926,,17,,21:00.90,,1259
104781,79,26927,,17,,21:14.60,,1259
104782,79,26928,,17,,22:24.40,,1259
104783,79,26929,,17,,23:39.10,,1259
104784,79,490,,17,,24:08.10,,1259
104785,79,26930,,17,,24:48.30,,1259
104851,112,26959,,47,,27:50.60,,1261
104852,112,26960,,47,,27:55.10,,1261
104854,112,11346,,47,,28:12.00,,1261
104855,112,26961,,47,,28:49.90,,1261
104856,112,26962,,47,,29:14.30,,1261
104858,112,11347,,47,,29:35.50,,1261
104861,112,1963,,47,,32:05.20,,1261
104862,112,26964,,47,,33:09.00,,1261
104863,112,26965,,47,,33:25.20,,1261
104867,124,1997,,48,,26:36.90,,1261
104869,124,11302,,48,,26:59.70,,1261
104871,124,2013,,48,,27:09.70,,1261
104874,124,11307,,48,,27:17.60,,1261
104875,124,26968,,48,,27:29.10,,1261
104876,124,26969,,48,,27:45.90,,1261
104879,124,1996,,48,,28:02.60,,1261
104881,124,2005,,48,,28:28.90,,1261
104883,124,11308,,48,,29:16.10,,1261
104886,124,24735,,48,,29:46.90,,1261
104890,124,19417,,48,,31:24.10,,1261
104895,124,24807,,48,,34:44.60,,1261
104897,112,421,,48,,26:31.90,,1261
104901,112,19405,,48,,27:17.00,,1261
104903,112,11301,,48,,27:38.60,,1261
104905,112,11315,,48,,28:05.70,,1261
104908,112,26844,,48,,28:31.50,,1261
104913,112,433,,48,,30:09.80,,1261
104915,112,3336,,48,,30:29.30,,1261
104917,112,26845,,48,,30:46.90,,1261
104921,112,5645,,48,,32:31.90,,1261
104923,112,25014,,48,,33:26.70,,1261
104924,112,26985,,48,,33:34.80,,1261
104925,112,26986,,48,,33:41.50,,1261
104926,112,26987,,48,,34:46.20,,1261
104928,112,2877,,48,,39:23.30,,1261
104929,112,26988,,48,,39:29.00,,1261
104930,112,26989,,48,,39:37.00,,1261
104864,124,1993,,48,,25:37.20,,1261
114210,204,27112,,48,,26:40.78,,1354
114211,204,27694,,48,,26:43.16,,1354
114212,174,2111,,48,,26:45.02,,1354
114213,203,18869,,48,,26:46.61,,1354
114214,178,27447,,48,,26:48.16,,1354
114215,204,931,,48,,26:54.79,,1354
114216,204,27117,,48,,26:57.08,,1354
114217,188,5013,,48,,26:58.94,,1354
114218,178,29265,,48,,27:00.06,,1354
114219,188,885,,48,,27:00.83,,1354
114220,204,874,,48,,27:04.08,,1354
114221,188,3543,,48,,27:08.37,,1354
115122,139,1497,,47,Championship,26:58.60,,1357
115123,208,18264,,47,Championship,27:00.90,,1357
115124,147,3102,,47,Championship,27:01.70,,1357
115125,159,16153,,47,Championship,27:02.90,,1357
115126,204,28046,,47,Championship,27:03.70,,1357
104786,96,364,,48,,27:43.00,,1260
104787,96,26020,,48,,29:51.00,,1260
104788,96,367,,48,,30:26.00,,1260
104789,96,368,,48,,30:40.00,,1260
104790,96,26931,,48,,30:55.00,,1260
104791,96,26021,,48,,31:05.00,,1260
104792,96,8002,,48,,31:27.00,,1260
104793,96,26932,,48,,31:31.00,,1260
104794,96,370,,48,,31:58.00,,1260
104795,96,371,,48,,32:13.00,,1260
104796,96,8001,,48,,32:57.00,,1260
104797,96,26933,,48,,34:02.00,,1260
104798,96,18752,,48,,34:02.00,,1260
104799,96,26934,,48,,34:49.00,,1260
104800,96,4655,,17,,19:46.00,,1260
104801,96,25098,,17,,20:07.00,,1260
104802,96,357,,17,,21:23.00,,1260
104803,96,26935,,17,,21:26.00,,1260
104804,96,26936,,17,,21:31.00,,1260
104805,96,26937,,17,,21:35.30,,1260
104806,96,18760,,17,,21:46.00,,1260
104807,96,358,,17,,21:46.80,,1260
104808,96,26938,,17,,22:09.00,,1260
104809,96,7998,,17,,22:22.00,,1260
104810,96,4656,,17,,22:41.00,,1260
104811,96,26939,,17,,22:41.00,,1260
104812,96,3431,,17,,22:44.00,,1260
104813,96,26940,,17,,23:19.00,,1260
104814,96,26941,,17,,24:04.00,,1260
104815,96,26942,,17,,24:23.00,,1260
104816,124,3862,,47,,21:39.60,,1261
104818,124,26944,,47,,23:17.80,,1261
104819,124,26945,,47,,23:55.50,,1261
104820,124,26946,,47,,24:11.90,,1261
104821,124,19448,,47,,24:14.30,,1261
104822,124,1930,,47,,24:36.10,,1261
104823,124,11338,,47,,24:42.10,,1261
104824,124,26947,,47,,24:44.90,,1261
104825,124,1946,,47,,25:44.70,,1261
104826,124,1953,,47,,25:56.00,,1261
104827,124,1954,,47,,26:11.50,,1261
104828,124,26948,,47,,26:13.10,,1261
104829,124,26949,,47,,26:17.80,,1261
104830,124,2826,,47,,26:21.80,,1261
104831,124,1957,,47,,27:01.80,,1261
104832,124,1952,,47,,27:40.00,,1261
104833,124,11344,,47,,27:54.00,,1261
104834,124,2838,,47,,28:33.60,,1261
104835,124,26950,,47,,29:12.20,,1261
104836,124,26951,,47,,29:31.00,,1261
104837,124,2834,,47,,29:58.70,,1261
104838,124,26952,,47,,30:08.10,,1261
104839,112,404,,47,,22:56.80,,1261
104840,112,409,,47,,24:12.00,,1261
104841,112,26953,,47,,24:29.90,,1261
104842,112,26954,,47,,24:41.00,,1261
104843,112,26955,,47,,24:50.30,,1261
104844,112,408,,47,,25:15.70,,1261
104845,112,11335,,47,,25:32.40,,1261
104846,112,26956,,47,,25:52.00,,1261
104847,112,26957,,47,,26:43.30,,1261
104848,112,26958,,47,,26:51.60,,1261
104849,112,11340,,47,,26:56.40,,1261
104850,112,19457,,47,,27:37.30,,1261
104817,124,23462,,47,,22:15.50,,1261
114222,220,18566,,48,,27:10.25,,1354
104853,112,3864,,47,,28:00.40,,1261
104857,112,19465,,47,,29:19.80,,1261
104859,112,3755,,47,,30:57.10,,1261
104860,112,26963,,47,,31:32.50,,1261
104865,124,2860,,48,,26:07.50,,1261
104866,124,26966,,48,,26:13.20,,1261
104868,124,2871,,48,,26:40.70,,1261
104870,124,2001,,48,,27:04.50,,1261
104872,124,19411,,48,,27:13.60,,1261
104873,124,26967,,48,,27:15.90,,1261
104877,124,24421,,48,,27:56.00,,1261
104878,124,26970,,48,,27:57.00,,1261
104880,124,23875,,48,,28:19.60,,1261
104882,124,5500,,48,,29:08.50,,1261
104884,124,19424,,48,,29:21.40,,1261
104885,124,26971,,48,,29:24.50,,1261
104887,124,2022,,48,,29:53.00,,1261
104888,124,26972,,48,,29:57.30,,1261
104889,124,26973,,48,,30:35.40,,1261
104891,124,19426,,48,,31:29.80,,1261
104892,124,26974,,48,,31:32.20,,1261
104893,124,26975,,48,,33:30.70,,1261
104894,124,26976,,48,,33:57.50,,1261
104896,112,11300,,48,,25:54.50,,1261
104898,112,416,,48,,26:32.80,,1261
104899,112,26977,,48,,26:58.30,,1261
104900,112,26978,,48,,27:11.10,,1261
104902,112,19421,,48,,27:37.10,,1261
104904,112,417,,48,,27:53.20,,1261
104906,112,435,,48,,28:10.50,,1261
104907,112,26979,,48,,28:21.70,,1261
104909,112,415,,48,,28:45.60,,1261
104910,112,26980,,48,,29:17.70,,1261
104911,112,26981,,48,,29:34.10,,1261
104912,112,26982,,48,,29:34.10,,1261
104914,112,437,,48,,30:20.30,,1261
104916,112,26846,,48,,30:30.10,,1261
104918,112,26847,,48,,30:54.30,,1261
104919,112,26983,,48,,32:00.50,,1261
104920,112,26984,,48,,32:12.00,,1261
104922,112,19425,,48,,33:25.10,,1261
104927,112,26851,,48,,38:14.10,,1261
104931,117,8038,So,48,,25:50.50,,1262
114318,191,27122,,48,,30:10.27,,1354
114050,204,1726,,47,,22:27.54,,1354
114051,178,1725,,47,,22:37.65,,1354
114052,178,1754,,47,,22:52.05,,1354
114053,174,18822,,47,,23:02.98,,1354
114054,204,18596,,47,,23:05.57,,1354
114055,171,28473,,47,,23:06.02,,1354
114056,178,3179,,47,,23:06.50,,1354
114057,204,27145,,47,,23:07.56,,1354
114058,174,1767,,47,,23:12.40,,1354
114059,230,28471,,47,,23:32.92,,1354
114060,172,27633,,47,,23:42.00,,1354
114061,204,839,,47,,23:48.71,,1354
114062,204,27148,,47,,23:50.93,,1354
114063,188,18595,,47,,23:55.27,,1354
114064,199,28034,,47,,23:58.54,,1354
114065,230,28472,,47,,24:00.06,,1354
114066,204,27147,,47,,24:01.91,,1354
114067,172,1740,,47,,24:04.81,,1354
114068,178,29248,,47,,24:05.86,,1354
114069,188,29249,,47,,24:08.27,,1354
114070,220,27150,,47,,24:09.30,,1354
114071,191,2079,,47,,24:11.74,,1354
114072,208,23543,,47,,24:12.95,,1354
114073,208,27149,,47,,24:13.51,,1354
114074,188,1744,,47,,24:14.18,,1354
114075,178,29250,,47,,24:16.17,,1354
114076,174,2083,,47,,24:18.96,,1354
114077,208,23542,,47,,24:19.25,,1354
114078,178,27420,,47,,24:22.08,,1354
114079,208,18264,,47,,24:24.79,,1354
114080,178,18816,,47,,24:25.73,,1354
114081,203,27638,,47,,24:31.60,,1354
114082,172,1735,,47,,24:35.94,,1354
114083,174,25885,,47,,24:36.55,,1354
114084,174,28037,,47,,24:38.05,,1354
114085,199,27636,,47,,24:38.56,,1354
114086,171,27146,,47,,24:39.42,,1354
114087,172,18600,,47,,24:47.65,,1354
114088,208,29251,,47,,24:49.40,,1354
114090,230,29252,,47,,24:53.32,,1354
114091,188,28036,,47,,24:54.41,,1354
114092,203,18817,,47,,24:55.05,,1354
114093,196,819,,47,,24:55.69,,1354
114094,172,18828,,47,,24:59.53,,1354
114095,178,3032,,47,,24:59.60,,1354
114096,188,1752,,47,,25:02.10,,1354
114097,188,27644,,47,,25:03.51,,1354
114098,188,18599,,47,,25:03.66,,1354
114099,199,1742,,47,,25:04.52,,1354
114100,199,27648,,47,,25:04.88,,1354
114101,178,1764,,47,,25:19.94,,1354
114102,188,824,,47,,25:23.24,,1354
114103,208,29253,,47,,25:24.41,,1354
114104,171,1045,,47,,25:27.91,,1354
114105,199,27647,,47,,25:35.14,,1354
114106,196,4977,,47,,25:35.83,,1354
114107,178,27428,,47,,25:37.01,,1354
114108,178,1743,,47,,25:37.46,,1354
114109,208,29254,,47,,25:38.63,,1354
114110,204,28046,,47,,25:45.93,,1354
114111,188,2087,,47,,25:47.36,,1354
114112,208,3185,,47,,25:48.05,,1354
114113,171,11435,,47,,25:50.44,,1354
114114,204,842,,47,,25:55.02,,1354
114115,199,1775,,47,,25:55.93,,1354
114116,208,29255,,47,,25:58.09,,1354
114117,203,27653,,47,,26:00.88,,1354
114118,178,1746,,47,,26:10.50,,1354
114119,199,1756,,47,,26:10.97,,1354
114120,172,27651,,47,,26:20.37,,1354
114121,178,18823,,47,,26:22.57,,1354
114122,203,1741,,47,,26:23.43,,1354
114123,203,3036,,47,,26:28.20,,1354
114124,203,18826,,47,,26:31.10,,1354
114125,209,23548,,47,,26:35.50,,1354
114126,203,27668,,47,,26:36.84,,1354
114127,188,27655,,47,,26:38.89,,1354
114128,178,27423,,47,,26:44.96,,1354
114129,203,5065,,47,,26:52.85,,1354
114130,203,28042,,47,,26:53.41,,1354
114131,199,1771,,47,,27:05.13,,1354
114132,203,1769,,47,,27:05.78,,1354
114133,199,1776,,47,,27:08.29,,1354
114134,203,2096,,47,,27:10.80,,1354
114135,188,845,,47,,27:12.62,,1354
114136,171,28480,,47,,27:14.04,,1354
114137,208,29256,,47,,27:19.01,,1354
114138,178,29257,,47,,27:19.25,,1354
114139,196,860,,47,,27:24.72,,1354
114140,199,17562,,47,,27:25.42,,1354
114141,203,18831,,47,,27:26.93,,1354
114142,188,3047,,47,,27:33.05,,1354
114143,172,18849,,47,,27:33.93,,1354
114144,208,27155,,47,,27:34.81,,1354
114145,188,19610,,47,,27:36.67,,1354
114146,178,23554,,47,,27:37.95,,1354
114147,188,852,,47,,27:38.51,,1354
114148,203,22580,,47,,28:00.42,,1354
114149,203,18851,,47,,28:01.24,,1354
114150,204,832,,47,,28:02.05,,1354
114151,188,18854,,47,,28:04.52,,1354
114152,172,28476,,47,,28:06.60,,1354
114153,204,27645,,47,,28:07.95,,1354
114154,171,11447,,47,,28:11.43,,1354
114155,188,27670,,47,,28:12.46,,1354
114156,172,27658,,47,,28:19.51,,1354
114157,203,1796,,47,,28:25.22,,1354
114158,191,27165,,47,,28:30.38,,1354
114159,174,27662,,47,,28:36.51,,1354
114160,199,27676,,47,,28:37.01,,1354
114161,203,27666,,47,,28:38.36,,1354
114162,230,29258,,47,,28:47.12,,1354
114163,171,28482,,47,,28:47.36,,1354
114164,208,29259,,47,,28:48.41,,1354
114165,188,27163,,47,,28:51.62,,1354
114166,171,28481,,47,,28:54.78,,1354
114167,209,28048,,47,,28:57.46,,1354
114168,230,29260,,47,,29:06.61,,1354
114169,188,28049,,47,,29:15.56,,1354
114170,203,18850,,47,,29:18.02,,1354
114171,230,29261,,47,,29:26.93,,1354
114172,209,27672,,47,,29:29.31,,1354
114173,203,27649,,47,,29:35.36,,1354
114174,191,27686,,47,,29:39.46,,1354
114175,191,3198,,47,,29:49.24,,1354
114176,230,29262,,47,,29:52.26,,1354
114177,191,18852,,47,,29:54.92,,1354
114178,171,27169,,47,,30:02.25,,1354
114179,203,18844,,47,,30:03.90,,1354
114180,188,27170,,47,,30:08.12,,1354
114181,230,29263,,47,,30:50.14,,1354
114182,191,18856,,47,,31:05.66,,1354
114183,191,27680,,47,,31:08.52,,1354
114184,172,3048,,47,,31:26.81,,1354
114185,171,17971,,47,,32:52.12,,1354
114186,178,18837,,47,,33:36.14,,1354
114187,204,23567,,47,,33:44.80,,1354
114188,209,28483,,47,,34:09.47,,1354
114189,209,28050,,47,,34:10.06,,1354
114190,230,29264,,47,,46:33.00,,1354
114191,204,898,,48,,25:32.26,,1354
114192,204,27109,,48,,25:34.12,,1354
114193,172,27691,,48,,25:37.34,,1354
114194,172,27689,,48,,25:39.05,,1354
114195,172,1817,,48,,25:39.18,,1354
114196,178,1815,,48,,25:42.70,,1354
114197,172,1814,,48,,25:48.42,,1354
114198,178,27444,,48,,25:55.99,,1354
114199,203,1809,,48,,25:57.74,,1354
114200,171,27110,,48,,26:02.06,,1354
114201,178,18865,,48,,26:02.95,,1354
114202,209,22565,,48,,26:08.14,,1354
114203,188,18555,,48,,26:11.51,,1354
114204,174,27690,,48,,26:14.96,,1354
114205,188,25000,,48,,26:27.46,,1354
114206,174,3204,,48,,26:32.41,,1354
114207,171,1184,,48,,26:35.01,,1354
114208,174,28052,,48,,26:35.68,,1354
114209,203,1827,,48,,26:36.21,,1354
114223,171,1218,,48,,27:16.02,,1354
114224,220,23583,,48,,27:17.81,,1354
114225,172,27699,,48,,27:21.11,,1354
114226,203,28846,,48,,27:22.32,,1354
114227,203,1835,,48,,27:24.98,,1354
114228,204,23572,,48,,27:26.82,,1354
114229,178,1813,,48,,27:29.52,,1354
114230,191,22568,,48,,27:30.17,,1354
114231,230,28487,,48,,27:30.95,,1354
114232,188,919,,48,,27:31.21,,1354
114233,204,903,,48,,27:32.31,,1354
114234,196,866,,48,,27:36.54,,1354
114235,178,27448,,48,,27:37.75,,1354
114236,174,28057,,48,,27:41.00,,1354
114237,178,1850,,48,,27:41.93,,1354
114238,188,883,,48,,27:42.01,,1354
114239,196,27119,,48,,27:42.58,,1354
114240,203,28054,,48,,27:43.21,,1354
114241,174,2116,,48,,27:44.46,,1354
114242,188,2122,,48,,27:46.28,,1354
114243,196,28486,,48,,27:46.39,,1354
114244,171,11389,,48,,27:50.75,,1354
114245,178,18867,,48,,27:51.91,,1354
114246,204,18559,,48,,27:55.54,,1354
114247,178,1818,,48,,27:55.73,,1354
114248,203,18875,,48,,27:55.75,,1354
114249,174,18870,,48,,28:01.95,,1354
114250,208,23576,,48,,28:03.51,,1354
114251,204,28847,,48,,28:04.36,,1354
114252,174,1847,,48,,28:06.86,,1354
114253,178,29266,,48,,28:07.25,,1354
114254,188,28059,,48,,28:14.16,,1354
114255,230,28489,,48,,28:17.46,,1354
114256,208,3207,,48,,28:20.05,,1354
114257,203,18877,,48,,28:20.91,,1354
114258,174,28056,,48,,28:24.84,,1354
114259,171,27115,,48,,28:25.06,,1354
114260,172,28488,,48,,28:26.21,,1354
114261,204,18561,,48,,28:26.85,,1354
114262,208,3213,,48,,28:28.92,,1354
114263,203,19626,,48,,28:29.90,,1354
114264,174,18876,,48,,28:30.50,,1354
114265,196,5025,,48,,28:30.62,,1354
114266,171,11401,,48,,28:33.43,,1354
114267,203,27712,,48,,28:38.27,,1354
114268,209,27708,,48,,28:43.54,,1354
114269,178,1853,,48,,28:43.61,,1354
114270,203,2123,,48,,28:47.95,,1354
114271,208,23575,,48,,28:48.13,,1354
114272,171,11382,,48,,28:48.91,,1354
114273,203,25896,,48,,28:51.61,,1354
114274,178,27461,,48,,28:52.20,,1354
114275,174,28065,,48,,28:53.31,,1354
114276,188,3062,,48,,28:55.47,,1354
114277,175,5374,,48,,28:55.90,,1354
114278,174,27701,,48,,28:56.03,,1354
114279,188,18879,,48,,28:56.13,,1354
114280,220,18571,,48,,28:59.02,,1354
114281,204,27116,,48,,28:59.30,,1354
114282,208,3218,,48,,29:00.64,,1354
114283,204,18564,,48,,29:08.66,,1354
114284,178,27449,,48,,29:09.86,,1354
114285,174,23580,,48,,29:09.95,,1354
114286,203,28068,,48,,29:10.35,,1354
114287,204,924,,48,,29:11.41,,1354
114288,178,1870,,48,,29:11.78,,1354
114289,178,1811,,48,,29:11.94,,1354
114290,172,1852,,48,,29:12.57,,1354
114291,174,27698,,48,,29:14.17,,1354
114292,171,27498,,48,,29:19.75,,1354
114293,188,926,,48,,29:20.83,,1354
114294,178,1869,,48,,29:22.02,,1354
114295,204,1874,,48,,29:23.09,,1354
114296,208,29267,,48,,29:23.86,,1354
114297,203,18874,,48,,29:24.12,,1354
114298,178,27455,,48,,29:26.09,,1354
114299,178,27454,,48,,29:28.87,,1354
114300,203,1855,,48,,29:30.33,,1354
114301,209,23585,,48,,29:30.46,,1354
114302,204,18577,,48,,29:31.25,,1354
114303,209,27717,,48,,29:33.42,,1354
114304,209,23582,,48,,29:36.79,,1354
114305,172,18883,,48,,29:38.28,,1354
114306,203,1844,,48,,29:38.97,,1354
114307,196,5583,,48,,29:41.15,,1354
114308,204,27715,,48,,29:41.69,,1354
114309,178,29268,,48,,29:46.71,,1354
114310,209,22569,,48,,29:47.14,,1354
114311,178,29269,,48,,29:48.15,,1354
114312,209,23587,,48,,29:50.57,,1354
114313,188,18878,,48,,29:54.18,,1354
114314,199,28061,,48,,30:02.24,,1354
114315,188,916,,48,,30:03.55,,1354
114316,178,27469,,48,,30:07.09,,1354
114317,204,19627,,48,,30:08.87,,1354
114319,204,28070,,48,,30:13.71,,1354
114320,209,3067,,48,,30:14.60,,1354
114321,199,29270,,48,,30:16.50,,1354
114322,230,29271,,48,,30:19.46,,1354
114323,171,11393,,48,,30:19.77,,1354
114324,188,18567,,48,,30:21.26,,1354
114325,204,18581,,48,,30:23.81,,1354
114326,174,27718,,48,,30:26.63,,1354
114327,204,18563,,48,,30:26.80,,1354
114328,230,28494,,48,,30:28.21,,1354
114329,171,1283,,48,,30:30.94,,1354
114330,204,29272,,48,,30:33.05,,1354
114331,178,1833,,48,,30:34.48,,1354
114332,220,28067,,48,,30:34.58,,1354
114333,196,28493,,48,,30:35.61,,1354
114334,220,29273,,48,,30:38.31,,1354
114335,172,18885,,48,,30:42.34,,1354
114336,208,29274,,48,,30:46.39,,1354
114337,172,27711,,48,,30:46.73,,1354
114338,171,29275,,48,,30:49.36,,1354
114339,172,1837,,48,,30:51.85,,1354
114340,171,23589,,48,,30:59.40,,1354
114341,196,27126,,48,,31:01.07,,1354
114342,171,1239,,48,,31:02.29,,1354
114343,204,27124,,48,,31:03.13,,1354
114344,196,18569,,48,,31:07.51,,1354
114345,171,11399,,48,,31:10.23,,1354
114346,180,27719,,48,,31:14.01,,1354
114347,174,28071,,48,,31:17.19,,1354
114348,188,18901,,48,,31:20.99,,1354
114349,230,28491,,48,,31:26.83,,1354
114350,208,27113,,48,,31:30.50,,1354
114351,178,29276,,48,,31:32.10,,1354
114352,230,29277,,48,,31:36.79,,1354
114353,196,19624,,48,,31:42.33,,1354
114354,175,5006,,48,,31:43.92,,1354
114355,171,4315,,48,,31:44.29,,1354
114356,172,27722,,48,,31:48.44,,1354
114357,199,28072,,48,,31:48.66,,1354
114358,209,29278,,48,,31:49.51,,1354
114359,203,1900,,48,,31:50.96,,1354
114360,174,2128,,48,,31:51.42,,1354
114361,204,18565,,48,,31:53.11,,1354
114362,171,27129,,48,,31:55.25,,1354
114363,204,2142,,48,,31:59.10,,1354
114364,172,18873,,48,,32:02.31,,1354
114365,172,3212,,48,,32:05.07,,1354
114366,178,23594,,48,,32:08.68,,1354
114367,203,28073,,48,,32:10.99,,1354
114368,196,3224,,48,,32:11.84,,1354
114369,180,25921,,48,,32:15.16,,1354
114370,230,29279,,48,,32:17.41,,1354
114371,203,1894,,48,,32:18.44,,1354
114372,188,24654,,48,,32:19.38,,1354
114373,208,29280,,48,,32:20.86,,1354
114374,220,18583,,48,,32:22.11,,1354
114375,199,23588,,48,,32:22.11,,1354
114376,171,11413,,48,,32:27.28,,1354
114377,203,3079,,48,,32:34.22,,1354
114378,203,1849,,48,,32:34.53,,1354
114379,199,29281,,48,,32:41.98,,1354
114380,204,23593,,48,,32:43.41,,1354
114381,220,18585,,48,,32:48.91,,1354
114382,196,25915,,48,,33:01.81,,1354
114383,175,28074,,48,,33:04.66,,1354
114384,175,19650,,48,,33:05.11,,1354
114385,208,5134,,48,,33:07.34,,1354
114386,209,29282,,48,,33:13.65,,1354
114387,171,2816,,48,,33:23.12,,1354
114388,204,964,,48,,33:31.82,,1354
114389,171,29283,,48,,33:32.75,,1354
114390,230,29284,,48,,33:38.25,,1354
114391,178,29285,,48,,33:50.32,,1354
114392,208,29286,,48,,33:59.13,,1354
114393,188,27134,,48,,34:02.79,,1354
114394,220,18570,,48,,34:03.73,,1354
114395,178,29287,,48,,34:20.38,,1354
114396,178,3082,,48,,34:42.88,,1354
114397,178,29288,,48,,34:53.59,,1354
114398,175,28078,,48,,35:01.52,,1354
114399,199,1887,,48,,35:02.65,,1354
114400,203,1883,,48,,35:24.05,,1354
114401,199,18872,,48,,35:27.91,,1354
114402,220,26774,,48,,35:28.02,,1354
114403,220,18579,,48,,36:21.85,,1354
114404,220,27138,,48,,36:23.99,,1354
114405,203,27729,,48,,36:28.89,,1354
114406,220,27137,,48,,36:34.24,,1354
114407,196,2373,,48,,36:42.20,,1354
114408,172,1917,,48,,37:14.47,,1354
114409,203,3231,,48,,37:29.38,,1354
114410,175,4999,,48,,37:35.58,,1354
114411,178,29289,,48,,37:50.45,,1354
114412,196,29290,,48,,38:03.73,,1354
114413,191,5736,,48,,38:06.01,,1354
114414,203,29291,,48,,39:26.66,,1354
114415,203,2141,,48,,39:26.82,,1354
114416,203,19657,,48,,39:26.86,,1354
114417,203,19642,,48,,39:27.21,,1354
114418,203,27742,,48,,39:27.25,,1354
114419,203,2124,,48,,39:27.78,,1354
114420,196,27143,,48,,41:10.30,,1354
114421,175,28077,,48,,41:30.07,,1354
114422,175,29292,,48,,42:15.00,,1354
114423,196,29293,,48,,42:44.00,,1354
115492,112,27253,,47,FR/SO,26:31.90,,1357
115494,169,26823,,47,FR/SO,26:38.10,,1357
114638,108,27576,,48,,31:05.10,,1355
114639,117,27587,,48,,31:06.80,,1355
114640,117,27572,,48,,31:09.70,,1355
114641,117,2037,,48,,31:12.40,,1355
114642,111,29313,,48,,31:19.80,,1355
114643,118,3887,,48,,31:20.10,,1355
114644,124,5577,,48,,31:23.60,,1355
114645,124,24809,,48,,31:23.90,,1355
114646,117,8081,,48,,31:26.50,,1355
114647,117,27577,,48,,31:29.50,,1355
114648,112,25014,,48,,31:35.40,,1355
114649,108,29314,,48,,31:38.00,,1355
114650,117,45,,48,,31:40.10,,1355
114651,120,26894,,48,,31:40.70,,1355
114652,108,29315,,48,,31:41.70,,1355
114653,116,7982,,48,,31:41.90,,1355
114654,111,333,,48,,31:44.10,,1355
114655,111,985,,48,,31:44.50,,1355
114656,117,5665,,48,,31:52.40,,1355
114657,108,29316,,48,,31:54.40,,1355
114658,120,27086,,48,,31:57.10,,1355
114659,122,27094,,48,,31:59.80,,1355
114660,107,19437,,48,,32:03.50,,1355
114661,116,27958,,48,,32:12.30,,1355
114662,102,29317,,48,,32:14.30,,1355
114663,108,8084,,48,,32:24.40,,1355
114664,102,340,,48,,32:26.70,,1355
114665,111,18791,,48,,32:28.30,,1355
114666,117,47,,48,,32:31.60,,1355
114667,124,28295,,48,,32:56.10,,1355
114668,112,26982,,48,,33:04.00,,1355
114669,119,27314,,48,,33:09.00,,1355
114670,117,27581,,48,,33:13.40,,1355
114671,117,27574,,48,,33:13.80,,1355
114672,124,28299,,48,,33:44.50,,1355
114673,101,8022,,48,,33:47.60,,1355
114674,101,18739,,48,,33:47.60,,1355
114675,117,27582,,48,,33:52.10,,1355
114676,120,344,,48,,33:58.10,,1355
114677,124,29318,,48,,34:05.60,,1355
114678,111,27096,,48,,34:15.30,,1355
114679,111,27097,,48,,34:15.80,,1355
114680,1,3349,,48,,34:49.90,,1355
114681,117,8104,,48,,35:15.40,,1355
115496,88,27890,,47,FR/SO,26:40.70,,1357
115498,102,27252,,47,FR/SO,26:51.10,,1357
115500,56,26901,,47,FR/SO,26:53.10,,1357
115502,112,27271,,47,FR/SO,26:58.70,,1357
115504,199,27648,,47,FR/SO,27:05.30,,1357
115506,112,26958,,47,FR/SO,27:15.10,,1357
115508,112,26956,,47,FR/SO,27:19.70,,1357
115510,146,28864,,47,FR/SO,27:27.20,,1357
115512,178,27428,,47,FR/SO,27:28.20,,1357
115514,167,27058,,47,FR/SO,27:35.40,,1357
115516,112,26959,,47,FR/SO,28:03.30,,1357
115518,112,27267,,47,FR/SO,28:04.90,,1357
115520,79,26087,,47,FR/SO,28:07.90,,1357
115522,203,28042,,47,FR/SO,28:09.30,,1357
115524,167,18931,,47,FR/SO,28:12.90,,1357
114424,124,3862,,47,,21:15.80,,1355
114425,124,23462,,47,,21:35.20,,1355
114426,124,26944,,47,,21:48.20,,1355
114427,112,404,,47,,22:58.10,,1355
114428,112,409,,47,,23:09.30,,1355
114429,124,19448,,47,,23:20.80,,1355
114430,124,26946,,47,,23:31.20,,1355
114431,124,27242,,47,,23:37.40,,1355
114432,124,26947,,47,,23:48.50,,1355
114433,122,27101,,47,,24:01.00,,1355
109773,60,28243,,48,,27:26.90,,1299
109774,60,3393,,48,,28:37.80,,1299
109775,60,27325,,48,,28:46.40,,1299
109776,60,3407,,48,,30:07.20,,1299
109777,60,7965,,48,,31:17.50,,1299
109778,60,4901,,48,,31:35.70,,1299
109779,60,26867,,47,,25:13.30,,1299
109780,60,7971,,47,,27:39.60,,1299
109781,60,3379,,47,,27:55.60,,1299
109782,60,28244,,47,,28:27.60,,1299
114434,124,1930,,47,,24:01.90,,1355
114435,117,27601,,47,,24:13.70,,1355
114436,108,29294,,47,,24:20.40,,1355
114437,124,1953,,47,,24:27.50,,1355
114438,124,1946,,47,,24:32.50,,1355
114439,124,26531,,47,,24:33.60,,1355
114440,124,19447,,47,,24:36.50,,1355
114441,124,27243,,47,,24:36.80,,1355
114442,124,11338,,47,,24:41.50,,1355
114443,116,26871,,47,,24:45.10,,1355
114444,107,27248,,47,,24:45.30,,1355
114445,116,26874,,47,,24:48.70,,1355
114446,112,408,,47,,24:54.70,,1355
114447,101,256,,47,,24:58.60,,1355
114448,117,237,,47,,25:10.90,,1355
114449,102,27256,,47,,25:13.70,,1355
114450,122,18912,,47,,25:14.30,,1355
114451,1,68,,47,,25:25.00,,1355
114452,102,27252,,47,,25:30.30,,1355
114453,122,28347,,47,,25:31.00,,1355
114454,124,27247,,47,,25:33.50,,1355
114455,117,29295,,47,,25:34.20,,1355
114456,118,27251,,47,,25:35.70,,1355
114457,118,21215,,47,,25:37.60,,1355
114458,118,3869,,47,,25:41.50,,1355
114459,116,7993,,47,,25:46.60,,1355
114460,124,28334,,47,,25:49.70,,1355
114461,124,1954,,47,,25:56.70,,1355
114462,117,28335,,47,,26:09.60,,1355
114463,116,26875,,47,,26:10.50,,1355
114464,124,21216,,47,,26:14.20,,1355
114465,102,27261,,47,,26:19.00,,1355
114466,124,29296,,47,,26:30.20,,1355
114467,117,27606,,47,,26:35.00,,1355
114468,1,18727,,47,,26:50.70,,1355
114469,111,27103,,47,,26:51.40,,1355
114470,107,27250,,47,,26:51.70,,1355
114471,111,27102,,47,,26:53.70,,1355
114472,107,27259,,47,,26:54.90,,1355
114473,124,29297,,47,,27:02.30,,1355
114474,107,27258,,47,,27:03.60,,1355
114475,117,19453,,47,,27:10.90,,1355
114476,112,3864,,47,,27:13.30,,1355
114477,1,245,,47,,27:23.10,,1355
114478,112,27253,,47,,27:24.80,,1355
114479,122,23464,,47,,27:28.50,,1355
114480,117,27609,,47,,27:28.60,,1355
114481,124,27262,,47,,27:33.70,,1355
114482,107,24389,,47,,27:50.60,,1355
114483,117,8117,,47,,27:55.80,,1355
114484,124,11344,,47,,28:02.30,,1355
114485,117,8119,,47,,28:07.00,,1355
114486,1,26622,,47,,28:18.30,,1355
114487,124,26951,,47,,28:25.20,,1355
114488,107,2836,,47,,28:27.30,,1355
114489,117,19462,,47,,28:29.60,,1355
114490,124,26950,,47,,28:35.30,,1355
114491,117,27627,,47,,28:41.30,,1355
114492,117,264,,47,,28:43.00,,1355
114493,116,26878,,47,,28:43.40,,1355
114494,120,26884,,47,,28:48.00,,1355
114495,102,27279,,47,,28:49.30,,1355
114496,1,27969,,47,,28:50.80,,1355
114497,117,28336,,47,,28:55.60,,1355
114498,111,8033,,47,,28:55.90,,1355
114499,118,11348,,47,,28:57.90,,1355
114500,117,8125,,47,,28:58.70,,1355
114501,117,24689,,47,,29:16.80,,1355
114502,122,29298,,47,,29:35.20,,1355
114503,124,3823,,47,,29:39.30,,1355
114504,124,1947,,47,,29:45.60,,1355
114505,124,1929,,47,,29:45.60,,1355
114506,124,1971,,47,,29:45.70,,1355
114507,122,29299,,47,,29:52.50,,1355
114508,107,29300,,47,,30:00.50,,1355
114509,101,26633,,47,,30:06.00,,1355
114510,120,26885,,47,,30:26.50,,1355
114511,101,8034,,47,,30:33.00,,1355
114512,102,27287,,47,,30:40.50,,1355
114513,111,309,,47,,30:54.30,,1355
114514,112,29301,,47,,31:33.90,,1355
114515,120,29302,,47,,31:54.20,,1355
114516,101,18741,,47,,32:20.00,,1355
114517,101,275,,47,,33:59.10,,1355
114518,111,29303,,47,,34:25.70,,1355
114519,112,29304,,47,,38:28.90,,1355
114520,124,29305,,48,,24:54.10,,1355
114521,122,28342,,48,,24:54.80,,1355
114522,124,29306,,48,,24:56.40,,1355
114523,117,135,,48,,25:14.90,,1355
109783,58,19574,,48,,28:17.20,,1300
109786,58,22354,,47,,28:34.30,,1300
109787,58,28246,,47,,28:51.70,,1300
114524,117,8038,,48,,25:19.80,,1355
114525,124,27294,,48,,25:19.90,,1355
114526,116,27952,,48,,25:20.40,,1355
114528,122,1715,,48,,25:21.70,,1355
114529,124,1991,,48,,25:23.80,,1355
114530,122,27076,,48,,25:24.30,,1355
114531,1,2,,48,,25:34.80,,1355
114532,124,2855,,48,,25:48.10,,1355
114533,124,2013,,48,,25:56.30,,1355
114534,124,26966,,48,,26:03.30,,1355
114535,112,416,,48,,26:05.90,,1355
114536,116,20397,,48,,26:07.10,,1355
114537,107,27295,,48,,26:12.60,,1355
114538,116,29308,,48,,26:14.60,,1355
114539,122,1712,,48,,26:15.80,,1355
114540,122,27078,,48,,26:17.90,,1355
114541,124,19403,,48,,26:20.50,,1355
114542,107,2002,,48,,26:21.40,,1355
114543,107,27296,,48,,26:26.50,,1355
114544,1,7,,48,,26:36.60,,1355
114545,108,27547,,48,,26:38.50,,1355
114546,117,27548,,48,,26:38.60,,1355
114547,124,26970,,48,,26:42.10,,1355
114548,124,11302,,48,,26:49.30,,1355
114549,101,8004,,48,,26:53.70,,1355
114550,116,7975,,48,,26:55.90,,1355
114551,124,11307,,48,,26:56.20,,1355
114552,124,26967,,48,,26:58.40,,1355
114553,122,18915,,48,,26:59.90,,1355
114554,107,28291,,48,,27:00.30,,1355
114555,111,27082,,48,,27:03.30,,1355
114556,1,8,,48,,27:03.90,,1355
114557,117,27546,,48,,27:04.30,,1355
114558,122,28343,,48,,27:14.30,,1355
114559,117,158,,48,,27:19.50,,1355
114560,1,27,,48,,27:20.60,,1355
114561,124,24421,,48,,27:21.10,,1355
114562,101,8014,,48,,27:22.20,,1355
114563,124,19411,,48,,27:24.00,,1355
114564,117,166,,48,,27:24.00,,1355
114565,112,11301,,48,,27:26.30,,1355
114566,124,1996,,48,,27:26.50,,1355
114567,124,5500,,48,,27:31.10,,1355
114568,112,19421,,48,,27:31.20,,1355
114569,124,2001,,48,,27:35.30,,1355
114570,108,27557,,48,,27:38.40,,1355
114571,107,3714,,48,,27:40.90,,1355
114572,124,2045,,48,,27:42.80,,1355
114573,117,8057,,48,,27:43.60,,1355
114574,122,28344,,48,,27:47.80,,1355
114575,117,154,,48,,27:48.60,,1355
114576,1,19,,48,,27:49.50,,1355
114577,122,27083,,48,,27:50.50,,1355
114578,117,188,,48,,27:51.40,,1355
114579,117,164,,48,,27:56.70,,1355
114580,108,27553,,48,,27:58.10,,1355
114581,122,27081,,48,,28:00.70,,1355
114582,120,8006,,48,,28:05.00,,1355
114583,111,8005,,48,,28:07.30,,1355
114584,108,27558,,48,,28:09.60,,1355
114585,112,26979,,48,,28:12.40,,1355
114586,108,29309,,48,,28:13.10,,1355
114587,117,161,,48,,28:20.70,,1355
114588,107,2032,,48,,28:21.60,,1355
114589,117,8058,,48,,28:22.10,,1355
114590,117,27554,,48,,28:23.00,,1355
114591,117,29310,,48,,28:24.60,,1355
114592,117,142,,48,,28:26.00,,1355
114593,124,19424,,48,,28:26.80,,1355
114594,118,3884,,48,,28:27.60,,1355
114595,117,8060,,48,,28:28.10,,1355
114596,117,153,,48,,28:28.40,,1355
114597,116,2059,,48,,28:39.40,,1355
114598,124,26971,,48,,28:44.80,,1355
114599,112,3334,,48,,28:53.20,,1355
114600,108,29311,,48,,29:00.00,,1355
114601,117,15,,48,,29:05.70,,1355
114602,107,2876,,48,,29:09.90,,1355
114603,117,8068,,48,,29:12.60,,1355
114604,102,27304,,48,,29:20.30,,1355
114605,124,2022,,48,,29:22.10,,1355
114606,118,24720,,48,,29:22.20,,1355
114607,120,27088,,48,,29:23.50,,1355
114608,1,18736,,48,,29:26.10,,1355
114609,107,25574,,48,,29:27.00,,1355
114610,124,26969,,48,,29:27.30,,1355
114611,102,29312,,48,,29:31.40,,1355
114612,112,11319,,48,,29:31.70,,1355
114613,122,2803,,48,,29:32.50,,1355
114614,1,18730,,48,,29:36.80,,1355
114615,112,437,,48,,29:39.30,,1355
114616,107,19407,,48,,29:54.30,,1355
114617,107,2038,,48,,29:56.30,,1355
114618,108,27566,,48,,29:59.70,,1355
114619,112,26849,,48,,30:05.30,,1355
114620,117,38,,48,,30:08.10,,1355
114621,120,7691,,48,,30:08.90,,1355
114622,111,8009,,48,,30:19.20,,1355
114623,118,19422,,48,,30:21.20,,1355
114624,117,27569,,48,,30:24.00,,1355
114625,117,31,,48,,30:32.50,,1355
114626,124,2867,,48,,30:36.80,,1355
114627,124,11304,,48,,30:38.30,,1355
114628,124,24812,,48,,30:38.40,,1355
109784,58,26869,,48,,40:09.90,,1300
109785,58,28245,,47,,28:22.30,,1300
109788,58,263,,47,,30:11.30,,1300
109789,58,28247,,47,,32:12.60,,1300
114629,124,24808,,48,,30:39.40,,1355
114630,117,27585,,48,,30:39.90,,1355
114631,101,27091,,48,,30:40.00,,1355
114632,111,27089,,48,,30:41.00,,1355
114633,120,18787,,48,,30:43.10,,1355
114634,124,28297,,48,,30:45.90,,1355
114635,117,160,,48,,30:57.20,,1355
114636,117,27570,,48,,30:59.70,,1355
114637,124,19417,,48,,31:03.80,,1355
114682,102,29319,,48,,35:32.50,,1355
114683,102,27318,,48,,35:35.20,,1355
114684,124,28301,,48,,35:41.50,,1355
114685,111,3350,,48,,36:29.00,,1355
114686,117,29320,,48,,36:43.60,,1355
114687,102,29321,,48,,36:47.30,,1355
114688,102,27321,,48,,37:13.20,,1355
114689,122,23485,,48,,37:26.20,,1355
114690,119,2882,,48,,38:05.20,,1355
114691,111,27098,,48,,38:05.30,,1355
114692,119,29322,,48,,38:38.40,,1355
114693,107,19440,,48,,38:54.80,,1355
114694,119,2880,,48,,39:11.20,,1355
114695,118,27322,,48,,39:48.70,,1355
114696,124,29323,,48,,41:11.30,,1355
114697,118,11325,,48,,44:32.60,,1355
114698,117,2030,,48,,45:24.80,,1355
114699,107,19442,,48,,46:22.70,,1355
114700,101,8023,,48,,52:13.00,,1355
115526,167,27068,,47,FR/SO,28:13.50,,1357
115528,159,16157,,47,FR/SO,28:23.60,,1357
115530,139,7706,,47,FR/SO,28:34.40,,1357
115532,112,11346,,47,FR/SO,28:35.80,,1357
115534,124,27262,,47,FR/SO,28:38.30,,1357
115536,96,26940,,47,FR/SO,28:42.70,,1357
115538,171,28480,,47,FR/SO,28:44.80,,1357
115540,164,18928,,47,FR/SO,28:45.80,,1357
115542,146,28875,,47,FR/SO,28:47.60,,1357
115544,146,27541,,47,FR/SO,28:52.10,,1357
115546,203,18831,,47,FR/SO,29:01.50,,1357
115548,112,27270,,47,FR/SO,29:07.90,,1357
115550,79,18942,,47,FR/SO,29:12.00,,1357
115552,178,23554,,47,FR/SO,29:18.50,,1357
115554,169,28872,,47,FR/SO,29:32.70,,1357
115556,171,23550,,47,FR/SO,29:35.20,,1357
115558,120,26882,,47,FR/SO,29:36.30,,1357
115560,159,27937,,47,FR/SO,29:41.20,,1357
115562,138,20411,,47,FR/SO,29:45.80,,1357
115564,171,11447,,47,FR/SO,29:49.60,,1357
115566,146,27540,,47,FR/SO,29:53.30,,1357
115568,164,28280,,47,FR/SO,29:54.40,,1357
115570,164,22372,,47,FR/SO,29:58.90,,1357
115572,169,11362,,47,FR/SO,29:59.30,,1357
115574,120,26884,,47,FR/SO,30:03.90,,1357
115576,112,26962,,47,FR/SO,30:10.70,,1357
115578,188,18854,,47,FR/SO,30:15.30,,1357
115580,88,27346,,47,FR/SO,30:31.80,,1357
109790,75,26990,,47,,22:15.34,,1301
109792,75,18742,,48,,26:07.20,,1301
109794,75,1535,,48,,27:06.30,,1301
109791,75,1522,,48,,25:53.20,,1301
109793,75,7725,,48,,26:57.00,,1301
115771,117,38,,48,JR/SR/GRAD,34:14.30,,1357
115773,49,28375,,48,JR/SR/GRAD,34:16.20,,1357
115775,56,8099,,48,JR/SR/GRAD,34:19.10,,1357
115777,146,1251,,48,JR/SR/GRAD,34:21.90,,1357
115779,158,2470,,48,JR/SR/GRAD,34:24.70,,1357
115781,124,28297,,48,JR/SR/GRAD,34:28.30,,1357
115783,167,3011,,48,JR/SR/GRAD,34:32.60,,1357
115785,61,2284,,48,JR/SR/GRAD,34:35.60,,1357
115787,162,1284,,48,JR/SR/GRAD,34:40.80,,1357
115789,117,5665,,48,JR/SR/GRAD,34:45.40,,1357
115791,203,1900,,48,JR/SR/GRAD,34:46.90,,1357
115896,171,1045,,47,JR/SR/GRAD,26:48.30,,1357
115898,146,1050,,47,JR/SR/GRAD,27:04.40,,1357
115900,178,3032,,47,JR/SR/GRAD,27:06.60,,1357
115902,96,358,,47,JR/SR/GRAD,27:14.40,,1357
115904,178,1764,,47,JR/SR/GRAD,27:24.60,,1357
115906,196,819,,47,JR/SR/GRAD,27:27.90,,1357
115908,203,27653,,47,JR/SR/GRAD,27:41.20,,1357
115910,102,27261,,47,JR/SR/GRAD,27:47.90,,1357
115912,146,1075,,47,JR/SR/GRAD,27:52.70,,1357
115914,130,2385,,47,JR/SR/GRAD,27:54.70,,1357
115916,196,4977,,47,JR/SR/GRAD,28:02.10,,1357
115918,138,604,,47,JR/SR/GRAD,28:16.50,,1357
115920,111,302,,47,JR/SR/GRAD,28:23.80,,1357
115922,199,1771,,47,JR/SR/GRAD,28:25.60,,1357
115924,156,2340,,47,JR/SR/GRAD,28:29.10,,1357
115926,199,1775,,47,JR/SR/GRAD,28:32.30,,1357
115928,146,11448,,47,JR/SR/GRAD,28:38.80,,1357
115930,124,1947,,47,JR/SR/GRAD,28:43.80,,1357
115932,178,1746,,47,JR/SR/GRAD,28:48.90,,1357
115934,199,17562,,47,JR/SR/GRAD,28:51.70,,1357
115936,146,1060,,47,JR/SR/GRAD,28:51.90,,1357
115938,204,842,,47,JR/SR/GRAD,28:53.70,,1357
115940,146,1097,,47,JR/SR/GRAD,29:01.00,,1357
115942,230,29258,,47,JR/SR/GRAD,29:02.40,,1357
115944,208,29256,,47,JR/SR/GRAD,29:13.50,,1357
115946,203,2096,,47,JR/SR/GRAD,29:23.80,,1357
115948,203,1796,,47,JR/SR/GRAD,29:36.90,,1357
115950,169,26825,,47,JR/SR/GRAD,29:53.70,,1357
115952,203,3036,,47,JR/SR/GRAD,29:59.20,,1357
115954,230,28479,,47,JR/SR/GRAD,30:07.00,,1357
115956,167,655,,47,JR/SR/GRAD,30:18.50,,1357
115958,203,22580,,47,JR/SR/GRAD,30:24.50,,1357
115960,199,1776,,47,JR/SR/GRAD,30:29.80,,1357
115962,117,81,,47,JR/SR/GRAD,30:36.80,,1357
115964,124,26950,,47,JR/SR/GRAD,31:02.70,,1357
115966,146,24603,,47,JR/SR/GRAD,31:11.50,,1357
115968,161,2333,,47,JR/SR/GRAD,31:24.50,,1357
115970,199,27676,,47,JR/SR/GRAD,31:32.50,,1357
115972,230,29262,,47,JR/SR/GRAD,31:36.40,,1357
115974,124,1961,,47,JR/SR/GRAD,31:40.50,,1357
115976,167,647,,47,JR/SR/GRAD,31:49.50,,1357
115978,56,3368,,47,JR/SR/GRAD,31:59.30,,1357
115980,167,26198,,47,JR/SR/GRAD,32:03.40,,1357
115982,167,663,,47,JR/SR/GRAD,32:25.70,,1357
115984,159,2712,,47,JR/SR/GRAD,32:34.30,,1357
115986,124,1971,,47,JR/SR/GRAD,32:40.50,,1357
115988,159,648,,47,JR/SR/GRAD,32:53.60,,1357
115990,156,28878,,47,JR/SR/GRAD,32:56.60,,1357
115992,112,3755,,47,JR/SR/GRAD,33:04.30,,1357
115994,209,28050,,47,JR/SR/GRAD,33:11.20,,1357
115996,157,5679,,47,JR/SR/GRAD,33:20.50,,1357
115998,172,18849,,47,JR/SR/GRAD,33:40.60,,1357
116000,94,495,,47,JR/SR/GRAD,33:48.00,,1357
115923,156,28866,,47,JR/SR/GRAD,28:27.20,,1357
115925,101,256,,47,JR/SR/GRAD,28:32.20,,1357
115927,203,5065,,47,JR/SR/GRAD,28:33.30,,1357
115929,199,1742,,47,JR/SR/GRAD,28:40.90,,1357
115931,188,27655,,47,JR/SR/GRAD,28:48.50,,1357
115933,172,27651,,47,JR/SR/GRAD,28:51.00,,1357
115935,199,1756,,47,JR/SR/GRAD,28:51.90,,1357
115937,203,1769,,47,JR/SR/GRAD,28:52.50,,1357
115939,159,646,,47,JR/SR/GRAD,28:58.70,,1357
115941,147,27433,,47,JR/SR/GRAD,29:01.50,,1357
115943,209,23548,,47,JR/SR/GRAD,29:08.50,,1357
115945,188,3047,,47,JR/SR/GRAD,29:23.10,,1357
115947,111,4766,,47,JR/SR/GRAD,29:31.50,,1357
115949,230,29260,,47,JR/SR/GRAD,29:52.50,,1357
115951,167,6157,,47,JR/SR/GRAD,29:58.60,,1357
115953,162,1028,,47,JR/SR/GRAD,30:00.00,,1357
115955,142,27064,,47,JR/SR/GRAD,30:07.20,,1357
115957,164,573,,47,JR/SR/GRAD,30:20.50,,1357
115959,111,8033,,47,JR/SR/GRAD,30:26.80,,1357
115961,169,4241,,47,JR/SR/GRAD,30:32.40,,1357
115963,172,27658,,47,JR/SR/GRAD,30:39.30,,1357
115965,188,852,,47,JR/SR/GRAD,31:06.80,,1357
115967,117,4094,,47,JR/SR/GRAD,31:20.50,,1357
115969,96,18766,,47,JR/SR/GRAD,31:28.50,,1357
115971,169,2420,,47,JR/SR/GRAD,31:35.70,,1357
115973,162,1078,,47,JR/SR/GRAD,31:40.20,,1357
115975,203,18844,,47,JR/SR/GRAD,31:41.10,,1357
115977,158,27193,,47,JR/SR/GRAD,31:51.60,,1357
115979,118,11348,,47,JR/SR/GRAD,32:00.90,,1357
115981,117,264,,47,JR/SR/GRAD,32:13.80,,1357
115983,147,22365,,47,JR/SR/GRAD,32:33.20,,1357
115985,204,832,,47,JR/SR/GRAD,32:37.10,,1357
115987,169,2426,,47,JR/SR/GRAD,32:48.70,,1357
115989,130,3124,,47,JR/SR/GRAD,32:55.90,,1357
115991,172,18271,,47,JR/SR/GRAD,33:02.20,,1357
115993,124,5520,,47,JR/SR/GRAD,33:05.40,,1357
115995,94,27357,,47,JR/SR/GRAD,33:12.20,,1357
115997,120,307,,47,JR/SR/GRAD,33:35.30,,1357
115999,94,2507,,47,JR/SR/GRAD,33:47.90,,1357
116001,209,27671,,47,JR/SR/GRAD,33:52.40,,1357
116003,138,660,,47,JR/SR/GRAD,34:35.00,,1357
114750,124,29305,,48,Championship,26:01.90,,1357
114751,124,29306,,48,Championship,26:04.80,,1357
114752,164,2723,,48,Championship,26:28.80,,1357
114753,40,26862,,48,Championship,26:34.70,,1357
114754,4,2946,,48,Championship,26:44.80,,1357
114755,167,666,,48,Championship,26:59.40,,1357
114756,4,90,,48,Championship,27:00.80,,1357
114757,124,1991,,48,Championship,27:03.50,,1357
114758,49,2258,,48,Championship,27:05.10,,1357
114759,124,27294,,48,Championship,27:09.80,,1357
114760,61,8146,,48,Championship,27:11.40,,1357
114761,56,19599,,48,Championship,27:11.60,,1357
114762,75,1522,,48,Championship,27:13.20,,1357
114763,204,27109,,48,Championship,27:16.60,,1357
114764,4,2945,,48,Championship,27:17.30,,1357
114765,56,2193,,48,Championship,27:18.50,,1357
114766,117,135,,48,Championship,27:22.40,,1357
114768,172,27689,,48,Championship,27:25.20,,1357
114769,167,466,,48,Championship,27:25.80,,1357
114770,164,700,,48,Championship,27:26.50,,1357
114771,164,18964,,48,Championship,27:29.00,,1357
114772,164,22379,,48,Championship,27:30.40,,1357
114773,167,19375,,48,Championship,27:32.20,,1357
114774,172,1814,,48,Championship,27:34.90,,1357
114775,79,26919,,48,Championship,27:37.50,,1357
114776,122,1715,,48,Championship,27:38.00,,1357
114777,15,28690,,48,Championship,27:38.80,,1357
114778,116,27952,,48,Championship,27:41.20,,1357
114779,167,673,,48,Championship,27:41.70,,1357
114780,122,27076,,48,Championship,27:41.70,,1357
114781,61,1656,,48,Championship,27:45.20,,1357
114782,1,27183,,48,Championship,27:46.50,,1357
114783,75,18742,,48,Championship,27:47.80,,1357
114784,162,29191,,48,Championship,27:47.90,,1357
114785,178,1815,,48,Championship,27:53.60,,1357
114786,56,127,,48,Championship,27:54.60,,1357
114787,164,26993,,48,Championship,27:56.70,,1357
114788,167,8108,,48,Championship,27:58.00,,1357
114789,66,28739,,48,Championship,27:59.80,,1357
114790,88,27227,,48,Championship,28:01.90,,1357
114791,172,1817,,48,Championship,28:03.80,,1357
114792,167,467,,48,Championship,28:04.30,,1357
114793,117,8038,,48,Championship,28:04.80,,1357
114794,169,1198,,48,Championship,28:09.10,,1357
114795,61,382,,48,Championship,28:10.40,,1357
114796,112,11300,,48,Championship,28:11.50,,1357
114797,159,676,,48,Championship,28:12.40,,1357
114798,158,2438,,48,Championship,28:12.80,,1357
114799,204,27694,,48,Championship,28:13.20,,1357
114800,56,8051,,48,Championship,28:15.20,,1357
114801,49,2268,,48,Championship,28:15.90,,1357
114802,209,22565,,48,Championship,28:16.80,,1357
114803,117,23472,,48,Championship,28:19.50,,1357
114804,11,28696,,48,Championship,28:20.90,,1357
114805,146,26627,,48,Championship,28:23.00,,1357
114806,146,24920,,48,Championship,28:23.30,,1357
114807,116,7975,,48,Championship,28:25.40,,1357
114808,178,18865,,48,Championship,28:27.00,,1357
114809,66,28740,,48,Championship,28:27.80,,1357
114810,122,27079,,48,Championship,28:27.80,,1357
114811,90,27386,,48,Championship,28:30.30,,1357
114812,75,28310,,48,Championship,28:31.40,,1357
114813,11,28695,,48,Championship,28:32.50,,1357
114814,164,18979,,48,Championship,28:35.80,,1357
114815,146,20451,,48,Championship,28:35.90,,1357
114816,75,6193,,48,Championship,28:36.30,,1357
114817,85,3440,,48,Championship,28:36.70,,1357
114818,171,1184,,48,Championship,28:37.30,,1357
114819,56,8065,,48,Championship,28:37.40,,1357
114820,178,29265,,48,Championship,28:37.70,,1357
114821,203,1809,,48,Championship,28:38.20,,1357
114822,17,29224,,48,Championship,28:38.20,,1357
114823,1,8,,48,Championship,28:39.00,,1357
114824,117,27548,,48,Championship,28:40.70,,1357
114825,1,7,,48,Championship,28:40.90,,1357
114826,61,1657,,48,Championship,28:41.60,,1357
114827,61,2259,,48,Championship,28:43.30,,1357
114828,56,26902,,48,Championship,28:43.70,,1357
114829,124,2855,,48,Championship,28:45.70,,1357
114830,204,27117,,48,Championship,28:46.00,,1357
114831,159,674,,48,Championship,28:46.70,,1357
114832,122,1712,,48,Championship,28:47.10,,1357
114833,130,27905,,48,Championship,28:47.50,,1357
114834,61,2261,,48,Championship,28:48.60,,1357
114840,188,25000,,48,Championship,28:57.90,,1357
114841,159,705,,48,Championship,28:59.00,,1357
114842,4,91,,48,Championship,28:59.00,,1357
114843,203,1827,,48,Championship,28:59.10,,1357
114844,116,29308,,48,Championship,28:59.60,,1357
114845,159,22384,,48,Championship,28:59.60,,1357
114846,122,27078,,48,Championship,29:01.20,,1357
114847,79,20429,,48,Championship,29:01.50,,1357
114848,158,16114,,48,Championship,29:01.90,,1357
114849,174,28052,,48,Championship,29:02.10,,1357
114850,162,27485,,48,Championship,29:02.70,,1357
114851,4,20489,,48,Championship,29:03.70,,1357
114852,88,507,,48,Championship,29:05.70,,1357
114853,86,1558,,48,Championship,29:07.50,,1357
114854,188,885,,48,Championship,29:08.10,,1357
114855,204,23572,,48,Championship,29:08.50,,1357
114856,174,2111,,48,Championship,29:11.00,,1357
114857,49,2263,,48,Championship,29:11.10,,1357
114858,204,903,,48,Championship,29:11.70,,1357
114859,146,11381,,48,Championship,29:12.40,,1357
114860,56,8041,,48,Championship,29:14.50,,1357
114861,169,2442,,48,Championship,29:14.90,,1357
114862,4,18780,,48,Championship,29:15.30,,1357
114863,112,416,,48,Championship,29:15.40,,1357
114864,79,27377,,48,Championship,29:16.10,,1357
114865,150,27446,,48,Championship,29:17.50,,1357
114866,49,2994,,48,Championship,29:18.10,,1357
114867,162,3787,,48,Championship,29:19.10,,1357
114868,49,2260,,48,Championship,29:20.40,,1357
114869,204,931,,48,Championship,29:21.40,,1357
114870,159,706,,48,Championship,29:21.90,,1357
114871,171,27110,,48,Championship,29:22.80,,1357
114872,1,27,,48,Championship,29:23.80,,1357
114873,162,3169,,48,Championship,29:24.70,,1357
114874,172,27699,,48,Championship,29:25.60,,1357
114875,96,364,,48,Championship,29:25.90,,1357
114876,146,1216,,48,Championship,29:26.50,,1357
114877,158,2896,,48,Championship,29:26.80,,1357
114878,146,1195,,48,Championship,29:27.20,,1357
114879,79,506,,48,Championship,29:27.80,,1357
114880,150,27445,,48,Championship,29:29.10,,1357
114881,132,18969,,48,Championship,29:30.30,,1357
114882,124,1993,,48,Championship,29:30.40,,1357
114883,162,1289,,48,Championship,29:30.50,,1357
114884,112,26978,,48,Championship,29:30.60,,1357
114885,88,11483,,48,Championship,29:31.80,,1357
114886,117,166,,48,Championship,29:33.70,,1357
114887,132,18965,,48,Championship,29:34.00,,1357
114888,75,7725,,48,Championship,29:34.70,,1357
114889,178,27447,,48,Championship,29:35.20,,1357
114890,122,18915,,48,Championship,29:36.00,,1357
114891,203,18869,,48,Championship,29:37.80,,1357
114892,169,20766,,48,Championship,29:38.00,,1357
114893,66,27376,,48,Championship,29:43.60,,1357
114894,188,18567,,48,Championship,29:43.90,,1357
114895,86,23446,,48,Championship,29:45.10,,1357
114896,159,694,,48,Championship,29:45.30,,1357
114930,132,699,,48,Championship,30:25.60,,1357
114931,112,415,,48,Championship,30:27.80,,1357
114932,90,531,,48,Championship,30:28.10,,1357
114933,174,27698,,48,Championship,30:33.50,,1357
114934,172,28488,,48,Championship,30:34.80,,1357
114935,96,368,,48,Championship,30:35.20,,1357
114936,171,11382,,48,Championship,30:36.40,,1357
114937,169,27490,,48,Championship,30:38.50,,1357
114938,164,18961,,48,Championship,30:41.20,,1357
114939,15,22524,,48,Championship,30:41.70,,1357
114940,79,26920,,48,Championship,30:46.90,,1357
114941,169,7641,,48,Championship,30:48.30,,1357
114942,171,11401,,48,Championship,30:48.50,,1357
114943,1,18730,,48,Championship,30:48.70,,1357
114944,203,18877,,48,Championship,30:51.50,,1357
114945,158,27203,,48,Championship,30:56.50,,1357
114946,15,3268,,48,Championship,30:59.10,,1357
114950,85,27750,,48,Championship,31:03.70,,1357
114951,86,27374,,48,Championship,31:09.20,,1357
114952,178,1813,,48,Championship,31:17.80,,1357
114953,150,3140,,48,Championship,31:17.90,,1357
114954,96,370,,48,Championship,31:18.30,,1357
114955,117,142,,48,Championship,31:18.40,,1357
114956,86,1536,,48,Championship,31:21.30,,1357
114957,203,18875,,48,Championship,31:23.30,,1357
114958,66,7723,,48,Championship,31:28.80,,1357
114959,171,11389,,48,Championship,31:29.40,,1357
114960,158,16124,,48,Championship,31:34.20,,1357
114961,132,18990,,48,Championship,31:34.70,,1357
114962,169,26818,,48,Championship,31:35.60,,1357
114963,150,27476,,48,Championship,31:41.80,,1357
114964,162,1704,,48,Championship,31:51.50,,1357
114965,96,27745,,48,Championship,31:54.50,,1357
114966,96,8001,,48,Championship,31:55.90,,1357
114967,174,27690,,48,Championship,32:17.20,,1357
114968,96,367,,48,Championship,32:24.20,,1357
114969,172,1852,,48,Championship,32:27.70,,1357
114970,1,150,,48,Championship,32:30.30,,1357
114971,171,11395,,48,Championship,32:40.30,,1357
114972,85,27752,,48,Championship,32:43.30,,1357
114973,150,27460,,48,Championship,32:49.00,,1357
114974,15,3279,,48,Championship,32:52.80,,1357
114975,90,11507,,48,Championship,33:21.20,,1357
114976,132,28387,,48,Championship,33:25.90,,1357
114977,86,3012,,48,Championship,33:26.70,,1357
114978,116,26890,,48,Championship,33:34.60,,1357
114979,174,18870,,48,Championship,34:09.50,,1357
114980,11,29234,,48,Championship,34:17.90,,1357
114981,90,23429,,48,Championship,34:20.30,,1357
114982,66,28763,,48,Championship,34:27.10,,1357
114983,86,26918,,48,Championship,34:45.90,,1357
114984,66,23445,,48,Championship,34:47.10,,1357
114985,132,18968,,48,Championship,34:47.80,,1357
114986,116,4918,,48,Championship,35:28.40,,1357
114987,40,23726,,48,Championship,35:40.80,,1357
114988,66,28753,,48,Championship,36:25.10,,1357
114989,96,27746,,47,Championship,20:34.70,,1357
114990,56,22351,,47,Championship,22:30.60,,1357
114991,61,2238,,47,Championship,22:35.30,,1357
114992,124,3862,,47,Championship,22:43.90,,1357
114993,96,27747,,47,Championship,22:46.30,,1357
114994,167,2499,,47,Championship,22:51.80,,1357
114995,85,23384,,47,Championship,23:10.80,,1357
114996,88,29341,,47,Championship,23:12.50,,1357
114997,4,2928,,47,Championship,23:13.90,,1357
114998,164,567,,47,Championship,23:17.60,,1357
114999,124,26944,,47,Championship,23:20.90,,1357
115000,11,28711,,47,Championship,23:33.90,,1357
115001,146,1686,,47,Championship,23:37.20,,1357
115002,75,26990,,47,Championship,23:42.60,,1357
115003,88,28715,,47,Championship,23:45.70,,1357
115004,167,18922,,47,Championship,23:49.20,,1357
115005,77,1466,,47,Championship,23:50.50,,1357
115006,146,28862,,47,Championship,23:52.40,,1357
115007,61,19505,,47,Championship,23:57.20,,1357
115008,174,18822,,47,Championship,23:59.00,,1357
115009,167,27228,,47,Championship,23:59.30,,1357
115010,146,1021,,47,Championship,24:06.80,,1357
115011,167,570,,47,Championship,24:10.90,,1357
115012,146,27975,,47,Championship,24:12.90,,1357
115013,112,404,,47,Championship,24:13.70,,1357
115014,147,3097,,47,Championship,24:14.80,,1357
115015,178,1725,,47,Championship,24:15.60,,1357
115016,204,1726,,47,Championship,24:19.50,,1357
115017,164,575,,47,Championship,24:19.90,,1357
115018,178,3179,,47,Championship,24:21.30,,1357
115019,86,19366,,47,Championship,24:26.60,,1357
115020,40,23714,,47,Championship,24:26.80,,1357
115021,169,20764,,47,Championship,24:30.50,,1357
115022,124,26946,,47,Championship,24:33.80,,1357
115023,159,17920,,47,Championship,24:34.60,,1357
115024,138,27047,,47,Championship,24:36.80,,1357
115025,172,27633,,47,Championship,24:39.00,,1357
115026,204,839,,47,Championship,24:39.80,,1357
115027,171,28473,,47,Championship,24:40.80,,1357
115028,15,3238,,47,Championship,24:45.70,,1357
115029,172,27632,,47,Championship,24:53.40,,1357
115030,88,27331,,47,Championship,24:54.30,,1357
115031,164,27048,,47,Championship,24:55.40,,1357
115032,124,19448,,47,Championship,24:56.40,,1357
115033,162,1049,,47,Championship,25:00.20,,1357
115034,124,27242,,47,Championship,25:04.10,,1357
115035,88,5924,,47,Championship,25:04.40,,1357
115036,146,11426,,47,Championship,25:05.40,,1357
115037,96,4655,,47,Championship,25:07.90,,1357
115038,167,3000,,47,Championship,25:09.60,,1357
115039,174,1767,,47,Championship,25:10.20,,1357
115040,11,28712,,47,Championship,25:10.60,,1357
115041,230,28472,,47,Championship,25:12.00,,1357
115042,147,1676,,47,Championship,25:12.90,,1357
115043,204,27145,,47,Championship,25:13.20,,1357
115044,56,19595,,47,Championship,25:17.70,,1357
115045,178,1754,,47,Championship,25:19.80,,1357
115046,204,27147,,47,Championship,25:20.60,,1357
115047,122,27101,,47,Championship,25:20.70,,1357
115048,124,26947,,47,Championship,25:22.90,,1357
115049,204,18596,,47,Championship,25:24.90,,1357
115050,61,28018,,47,Championship,25:27.30,,1357
115051,112,26852,,47,Championship,25:28.20,,1357
115052,188,18595,,47,Championship,25:32.30,,1357
115053,208,23543,,47,Championship,25:33.10,,1357
115054,40,26854,,47,Championship,25:36.10,,1357
115055,112,26953,,47,Championship,25:38.50,,1357
115056,11,2924,,47,Championship,25:39.30,,1357
115057,88,27341,,47,Championship,25:40.30,,1357
115058,75,27334,,47,Championship,25:44.90,,1357
115059,96,18760,,47,Championship,25:45.80,,1357
115060,204,27148,,47,Championship,25:46.70,,1357
115061,116,448,,47,Championship,25:47.40,,1357
115062,172,18828,,47,Championship,25:47.90,,1357
115063,208,27149,,47,Championship,25:48.70,,1357
115064,162,27522,,47,Championship,25:49.30,,1357
115065,75,27333,,47,Championship,25:49.40,,1357
115066,172,1735,,47,Championship,25:49.90,,1357
115067,172,1740,,47,Championship,25:52.20,,1357
115068,159,576,,47,Championship,25:52.30,,1357
115069,15,28708,,47,Championship,25:53.10,,1357
115070,49,22352,,47,Championship,25:53.20,,1357
115071,61,2243,,47,Championship,25:53.30,,1357
115072,162,27520,,47,Championship,25:57.50,,1357
115073,178,27416,,47,Championship,25:58.60,,1357
115074,15,3240,,47,Championship,25:58.70,,1357
115075,146,1033,,47,Championship,25:58.70,,1357
115076,167,19367,,47,Championship,25:59.10,,1357
115077,162,21219,,47,Championship,26:00.60,,1357
115078,139,27050,,47,Championship,26:02.50,,1357
115079,116,26871,,47,Championship,26:02.70,,1357
115080,88,481,,47,Championship,26:04.80,,1357
115081,122,18911,,47,Championship,26:06.30,,1357
115082,88,27338,,47,Championship,26:07.50,,1357
115083,178,27420,,47,Championship,26:07.60,,1357
115084,164,27052,,47,Championship,26:12.80,,1357
115085,147,27178,,47,Championship,26:14.40,,1357
115086,158,27201,,47,Championship,26:15.10,,1357
115087,117,237,,47,Championship,26:15.30,,1357
115088,174,2083,,47,Championship,26:15.70,,1357
115089,174,28037,,47,Championship,26:16.80,,1357
115090,172,18600,,47,Championship,26:17.00,,1357
115091,139,7705,,47,Championship,26:18.70,,1357
115092,167,25022,,47,Championship,26:21.20,,1357
115093,139,26830,,47,Championship,26:21.40,,1357
115094,112,408,,47,Championship,26:21.90,,1357
115095,164,18938,,47,Championship,26:24.00,,1357
115096,56,4790,,47,Championship,26:25.60,,1357
115097,188,1744,,47,Championship,26:26.80,,1357
115098,178,27417,,47,Championship,26:27.70,,1357
115099,162,4277,,47,Championship,26:30.40,,1357
115100,188,18599,,47,Championship,26:32.70,,1357
115101,158,2400,,47,Championship,26:33.90,,1357
115102,75,27336,,47,Championship,26:35.00,,1357
115103,174,25885,,47,Championship,26:35.60,,1357
115104,146,1016,,47,Championship,26:36.60,,1357
115105,15,3237,,47,Championship,26:36.70,,1357
115106,112,19449,,47,Championship,26:36.80,,1357
115107,178,18816,,47,Championship,26:37.10,,1357
115108,208,23542,,47,Championship,26:37.30,,1357
115109,158,27192,,47,Championship,26:38.10,,1357
115110,172,18818,,47,Championship,26:41.60,,1357
115111,162,1008,,47,Championship,26:44.80,,1357
115112,139,28080,,47,Championship,26:47.70,,1357
115113,208,29251,,47,Championship,26:49.80,,1357
115114,96,357,,47,Championship,26:51.90,,1357
115115,230,28471,,47,Championship,26:53.50,,1357
115116,116,26874,,47,Championship,26:54.20,,1357
115117,75,23393,,47,Championship,26:54.30,,1357
115118,96,25098,,47,Championship,26:54.50,,1357
115119,188,824,,47,Championship,26:55.60,,1357
115120,122,18912,,47,Championship,26:55.80,,1357
115121,174,27641,,47,Championship,26:57.70,,1357
115127,208,29254,,47,Championship,27:05.60,,1357
115128,56,3364,,47,Championship,27:06.90,,1357
115129,56,26898,,47,Championship,27:08.40,,1357
115130,40,29342,,47,Championship,27:08.70,,1357
115131,208,29253,,47,Championship,27:14.10,,1357
115132,61,2245,,47,Championship,27:14.90,,1357
115133,75,7749,,47,Championship,27:18.10,,1357
115134,188,1752,,47,Championship,27:18.90,,1357
115135,124,26945,,47,Championship,27:19.90,,1357
115136,159,2700,,47,Championship,27:21.70,,1357
115137,158,2410,,47,Championship,27:24.60,,1357
115138,96,26935,,47,Championship,27:25.20,,1357
115139,56,22356,,47,Championship,27:26.90,,1357
115140,158,2406,,47,Championship,27:38.90,,1357
115141,56,2188,,47,Championship,27:41.50,,1357
115142,188,2087,,47,Championship,27:42.20,,1357
115143,112,409,,47,Championship,27:43.40,,1357
115144,49,28376,,47,Championship,27:58.20,,1357
115145,159,583,,47,Championship,27:58.90,,1357
115146,15,28709,,47,Championship,28:02.40,,1357
115147,11,3243,,47,Championship,28:04.30,,1357
115148,61,28021,,47,Championship,28:09.40,,1357
115149,147,27426,,47,Championship,28:15.10,,1357
115150,147,2323,,47,Championship,28:24.90,,1357
115151,112,11335,,47,Championship,28:32.10,,1357
115152,117,8117,,47,Championship,28:52.50,,1357
115153,139,7704,,47,Championship,28:52.90,,1357
115154,4,29243,,47,Championship,28:53.50,,1357
115155,116,26875,,47,Championship,28:54.60,,1357
115156,158,16160,,47,Championship,29:01.80,,1357
115157,162,27528,,47,Championship,29:06.00,,1357
115158,159,27936,,47,Championship,29:14.00,,1357
115159,86,1478,,47,Championship,29:16.40,,1357
115160,117,8119,,47,Championship,29:16.80,,1357
115161,86,11458,,47,Championship,29:23.60,,1357
115162,188,845,,47,Championship,29:25.80,,1357
115163,49,28377,,47,Championship,29:32.50,,1357
115164,117,8125,,47,Championship,29:50.40,,1357
115165,11,29247,,47,Championship,30:11.10,,1357
115166,122,23464,,47,Championship,30:28.50,,1357
115167,40,29343,,47,Championship,30:37.80,,1357
115168,117,28336,,47,Championship,30:47.60,,1357
115169,159,27933,,47,Championship,30:57.40,,1357
115170,11,25999,,47,Championship,31:05.30,,1357
115171,75,4555,,47,Championship,31:31.20,,1357
115172,117,27627,,47,Championship,31:35.60,,1357
115173,158,27191,,47,Championship,31:42.80,,1357
115174,122,29299,,47,Championship,32:17.00,,1357
115175,174,27662,,47,Championship,35:22.50,,1357
115176,147,3645,,47,Championship,40:38.30,,1357
115177,61,27989,,48,FR/SO,26:59.30,,1357
115178,164,18963,,48,FR/SO,28:07.40,,1357
115179,111,27080,,48,FR/SO,28:16.50,,1357
115180,61,8147,,48,FR/SO,28:23.80,,1357
115181,88,26109,,48,FR/SO,28:25.10,,1357
115182,4,27949,,48,FR/SO,28:28.70,,1357
115183,124,26966,,48,FR/SO,28:31.00,,1357
115184,161,27175,,48,FR/SO,28:37.30,,1357
115185,124,26970,,48,FR/SO,28:39.50,,1357
115186,146,22385,,48,FR/SO,28:40.70,,1357
115187,124,26967,,48,FR/SO,28:49.30,,1357
115188,124,26969,,48,FR/SO,28:52.10,,1357
115189,167,19384,,48,FR/SO,29:07.80,,1357
115190,4,29227,,48,FR/SO,29:08.20,,1357
115191,88,11485,,48,FR/SO,29:12.50,,1357
115192,124,11307,,48,FR/SO,29:15.60,,1357
115193,96,27744,,48,FR/SO,29:23.30,,1357
115194,167,27002,,48,FR/SO,29:24.80,,1357
115195,159,20431,,48,FR/SO,29:25.70,,1357
115196,138,27006,,48,FR/SO,29:33.10,,1357
115197,79,25853,,48,FR/SO,29:37.50,,1357
115198,159,26995,,48,FR/SO,29:37.50,,1357
115199,230,28487,,48,FR/SO,29:39.60,,1357
115200,147,27177,,48,FR/SO,29:39.70,,1357
115201,4,26543,,48,FR/SO,29:40.50,,1357
115202,4,29228,,48,FR/SO,29:41.40,,1357
115203,56,8075,,48,FR/SO,29:42.90,,1357
115204,124,19411,,48,FR/SO,29:44.90,,1357
115205,4,20490,,48,FR/SO,29:51.10,,1357
115206,61,28536,,48,FR/SO,29:52.20,,1357
115207,101,8014,,48,FR/SO,29:55.00,,1357
115208,4,28685,,48,FR/SO,29:58.40,,1357
115209,124,24421,,48,FR/SO,29:58.90,,1357
115210,76,28516,,48,FR/SO,30:03.20,,1357
115211,174,28056,,48,FR/SO,30:03.80,,1357
115212,88,27382,,48,FR/SO,30:04.80,,1357
115213,122,27083,,48,FR/SO,30:05.50,,1357
115214,167,19386,,48,FR/SO,30:09.80,,1357
115215,139,26835,,48,FR/SO,30:10.00,,1357
115216,209,27708,,48,FR/SO,30:13.10,,1357
115217,159,18991,,48,FR/SO,30:13.40,,1357
115218,56,8056,,48,FR/SO,30:14.30,,1357
115219,188,18879,,48,FR/SO,30:16.50,,1357
115220,169,22390,,48,FR/SO,30:16.50,,1357
115221,204,18559,,48,FR/SO,30:16.80,,1357
115222,167,26994,,48,FR/SO,30:17.50,,1357
115223,79,23430,,48,FR/SO,30:17.60,,1357
115224,56,26905,,48,FR/SO,30:17.70,,1357
115225,4,20492,,48,FR/SO,30:21.50,,1357
115226,76,28517,,48,FR/SO,30:21.90,,1357
115227,88,27330,,48,FR/SO,30:25.30,,1357
115228,124,27306,,48,FR/SO,30:27.70,,1357
115229,204,27116,,48,FR/SO,30:27.70,,1357
115230,142,18982,,48,FR/SO,30:28.30,,1357
115231,146,19479,,48,FR/SO,30:29.90,,1357
115232,159,16118,,48,FR/SO,30:30.90,,1357
115233,146,27494,,48,FR/SO,30:31.70,,1357
115234,56,28367,,48,FR/SO,30:31.80,,1357
115235,178,27461,,48,FR/SO,30:31.90,,1357
115236,147,27176,,48,FR/SO,30:34.50,,1357
115237,196,27114,,48,FR/SO,30:36.20,,1357
115238,167,27004,,48,FR/SO,30:37.70,,1357
115239,111,8009,,48,FR/SO,30:38.00,,1357
115240,112,26845,,48,FR/SO,30:38.20,,1357
115241,88,24596,,48,FR/SO,30:40.10,,1357
115242,117,27556,,48,FR/SO,30:41.50,,1357
115243,4,29230,,48,FR/SO,30:43.00,,1357
115244,88,11490,,48,FR/SO,30:43.80,,1357
115245,117,8060,,48,FR/SO,30:44.40,,1357
115246,56,8059,,48,FR/SO,30:47.00,,1357
115247,167,27022,,48,FR/SO,30:48.90,,1357
115248,147,19486,,48,FR/SO,30:50.50,,1357
115249,88,27383,,48,FR/SO,30:52.30,,1357
115250,86,18745,,48,FR/SO,30:52.50,,1357
115251,174,27701,,48,FR/SO,30:54.60,,1357
115252,164,26999,,48,FR/SO,30:55.90,,1357
115253,167,19385,,48,FR/SO,30:57.30,,1357
115254,111,8005,,48,FR/SO,31:00.10,,1357
115255,174,28065,,48,FR/SO,31:00.30,,1357
115256,160,25480,,48,FR/SO,31:01.10,,1357
115257,76,28519,,48,FR/SO,31:03.20,,1357
115258,117,8068,,48,FR/SO,31:04.50,,1357
115259,146,27979,,48,FR/SO,31:05.80,,1357
115260,88,18974,,48,FR/SO,31:07.60,,1357
115261,124,19424,,48,FR/SO,31:09.70,,1357
115262,88,11493,,48,FR/SO,31:14.00,,1357
115263,146,11390,,48,FR/SO,31:15.30,,1357
115264,147,27453,,48,FR/SO,31:16.90,,1357
115265,199,18872,,48,FR/SO,31:18.50,,1357
115266,209,23587,,48,FR/SO,31:22.70,,1357
115267,178,27455,,48,FR/SO,31:25.20,,1357
115268,94,27390,,48,FR/SO,31:26.50,,1357
115269,159,27009,,48,FR/SO,31:26.70,,1357
115270,56,26907,,48,FR/SO,31:28.50,,1357
115271,167,27236,,48,FR/SO,31:28.80,,1357
115272,167,19387,,48,FR/SO,31:30.20,,1357
115273,88,27880,,48,FR/SO,31:38.90,,1357
115274,162,27986,,48,FR/SO,31:41.00,,1357
115275,167,26998,,48,FR/SO,31:41.20,,1357
115276,56,27560,,48,FR/SO,31:42.80,,1357
115277,203,25896,,48,FR/SO,31:44.90,,1357
115278,120,7691,,48,FR/SO,31:45.80,,1357
115279,124,26971,,48,FR/SO,31:46.50,,1357
115280,162,11358,,48,FR/SO,31:46.90,,1357
115281,147,27988,,48,FR/SO,31:47.40,,1357
115282,138,16127,,48,FR/SO,31:48.10,,1357
115283,158,16123,,48,FR/SO,31:48.60,,1357
115284,96,18751,,48,FR/SO,31:49.50,,1357
115285,142,26180,,48,FR/SO,31:50.20,,1357
115286,167,19002,,48,FR/SO,31:52.70,,1357
115287,79,26922,,48,FR/SO,31:52.80,,1357
115288,160,11406,,48,FR/SO,31:55.60,,1357
115289,147,22398,,48,FR/SO,31:56.30,,1357
115290,146,11400,,48,FR/SO,31:56.50,,1357
115291,79,27395,,48,FR/SO,31:56.50,,1357
115292,159,27911,,48,FR/SO,31:56.70,,1357
115293,146,11396,,48,FR/SO,31:58.50,,1357
115294,79,26925,,48,FR/SO,31:59.90,,1357
115295,158,24594,,48,FR/SO,32:01.70,,1357
115296,117,27567,,48,FR/SO,32:01.80,,1357
115297,178,27454,,48,FR/SO,32:01.90,,1357
115298,111,27089,,48,FR/SO,32:02.90,,1357
115299,164,27018,,48,FR/SO,32:06.50,,1357
115300,146,19482,,48,FR/SO,32:10.50,,1357
115301,146,27492,,48,FR/SO,32:11.90,,1357
115302,188,28066,,48,FR/SO,32:12.80,,1357
115303,146,27496,,48,FR/SO,32:18.80,,1357
115304,209,27717,,48,FR/SO,32:19.50,,1357
115305,94,27389,,48,FR/SO,32:20.90,,1357
115306,117,8064,,48,FR/SO,32:22.30,,1357
115307,164,18989,,48,FR/SO,32:23.80,,1357
115308,199,28061,,48,FR/SO,32:24.30,,1357
115309,76,26088,,48,FR/SO,32:27.30,,1357
115310,146,27982,,48,FR/SO,32:27.40,,1357
115311,164,19007,,48,FR/SO,32:28.50,,1357
115312,118,19422,,48,FR/SO,32:29.80,,1357
115313,61,28005,,48,FR/SO,32:32.50,,1357
115314,79,26924,,48,FR/SO,32:33.00,,1357
115315,120,27088,,48,FR/SO,32:35.30,,1357
115316,174,27718,,48,FR/SO,32:39.30,,1357
115317,204,18581,,48,FR/SO,32:40.40,,1357
115318,171,27498,,48,FR/SO,32:43.20,,1357
115319,124,24808,,48,FR/SO,32:43.60,,1357
115320,167,28319,,48,FR/SO,32:45.20,,1357
115321,112,26982,,48,FR/SO,32:46.50,,1357
115322,111,8011,,48,FR/SO,32:47.10,,1357
115323,139,26840,,48,FR/SO,32:47.60,,1357
115324,79,7953,,48,FR/SO,32:47.70,,1357
115325,117,27569,,48,FR/SO,32:49.00,,1357
115326,167,19381,,48,FR/SO,32:50.00,,1357
115327,88,27384,,48,FR/SO,32:50.60,,1357
115328,167,27017,,48,FR/SO,32:52.70,,1357
115329,56,27568,,48,FR/SO,32:54.00,,1357
115330,217,28314,,48,FR/SO,32:57.80,,1357
115331,146,27977,,48,FR/SO,32:59.80,,1357
115332,88,27396,,48,FR/SO,33:00.20,,1357
115333,150,27467,,48,FR/SO,33:01.70,,1357
115334,178,27469,,48,FR/SO,33:04.30,,1357
115335,101,27091,,48,FR/SO,33:04.90,,1357
115336,132,18994,,48,FR/SO,33:06.10,,1357
115337,146,29208,,48,FR/SO,33:08.90,,1357
115338,203,18874,,48,FR/SO,33:09.90,,1357
115339,196,28493,,48,FR/SO,33:14.50,,1357
115340,158,27913,,48,FR/SO,33:14.60,,1357
115341,124,27308,,48,FR/SO,33:18.90,,1357
115342,100,27877,,48,FR/SO,33:20.90,,1357
115343,159,16120,,48,FR/SO,33:21.20,,1357
115344,88,27391,,48,FR/SO,33:22.30,,1357
115345,139,7697,,48,FR/SO,33:23.80,,1357
115346,112,26849,,48,FR/SO,33:24.40,,1357
115347,160,11408,,48,FR/SO,33:25.60,,1357
115348,132,28321,,48,FR/SO,33:27.90,,1357
115349,158,16135,,48,FR/SO,33:30.70,,1357
115350,111,27090,,48,FR/SO,33:31.90,,1357
115351,96,28747,,48,FR/SO,33:33.40,,1357
115352,159,16147,,48,FR/SO,33:46.30,,1357
115353,162,27499,,48,FR/SO,33:46.50,,1357
115354,88,11491,,48,FR/SO,33:46.90,,1357
115355,132,27029,,48,FR/SO,33:47.20,,1357
115356,56,8095,,48,FR/SO,33:47.90,,1357
115357,112,25014,,48,FR/SO,33:49.70,,1357
115358,76,28543,,48,FR/SO,33:51.50,,1357
115359,139,19010,,48,FR/SO,33:53.00,,1357
115360,138,16136,,48,FR/SO,33:53.50,,1357
115361,167,19013,,48,FR/SO,33:54.50,,1357
115362,76,28542,,48,FR/SO,33:57.00,,1357
115363,112,26847,,48,FR/SO,33:58.90,,1357
115364,175,28074,,48,FR/SO,33:59.90,,1357
115365,174,28071,,48,FR/SO,34:00.40,,1357
115366,167,18971,,48,FR/SO,34:05.20,,1357
115367,199,23588,,48,FR/SO,34:05.90,,1357
115368,159,24911,,48,FR/SO,34:07.30,,1357
115369,120,26894,,48,FR/SO,34:08.80,,1357
115370,1,27961,,48,FR/SO,34:10.40,,1357
115371,86,25118,,48,FR/SO,34:12.20,,1357
115372,146,29210,,48,FR/SO,34:13.40,,1357
115373,199,29281,,48,FR/SO,34:24.30,,1357
115374,159,16146,,48,FR/SO,34:26.30,,1357
115375,158,27918,,48,FR/SO,34:33.10,,1357
115376,178,29276,,48,FR/SO,34:36.30,,1357
115377,158,27206,,48,FR/SO,34:36.50,,1357
115378,124,26975,,48,FR/SO,34:39.10,,1357
115379,159,16133,,48,FR/SO,34:44.30,,1357
115380,161,27471,,48,FR/SO,34:50.30,,1357
115381,164,28322,,48,FR/SO,34:52.10,,1357
115382,117,27572,,48,FR/SO,34:52.40,,1357
115383,56,27588,,48,FR/SO,34:54.60,,1357
115384,122,27094,,48,FR/SO,34:55.70,,1357
115385,169,26821,,48,FR/SO,34:57.10,,1357
115386,117,27577,,48,FR/SO,34:57.20,,1357
115387,147,27475,,48,FR/SO,34:57.70,,1357
115388,118,26848,,48,FR/SO,34:57.90,,1357
115389,158,27208,,48,FR/SO,34:58.20,,1357
115390,171,11413,,48,FR/SO,35:00.10,,1357
115391,83,28757,,48,FR/SO,35:07.20,,1357
115392,196,19624,,48,FR/SO,35:08.10,,1357
115393,178,23594,,48,FR/SO,35:30.00,,1357
115394,162,27511,,48,FR/SO,35:35.90,,1357
115395,124,28295,,48,FR/SO,35:42.60,,1357
115396,196,25915,,48,FR/SO,35:50.10,,1357
115397,76,26097,,48,FR/SO,35:52.50,,1357
115398,101,18739,,48,FR/SO,35:53.80,,1357
115399,111,18791,,48,FR/SO,36:00.40,,1357
115400,158,16132,,48,FR/SO,36:03.80,,1357
115401,203,19642,,48,FR/SO,36:04.70,,1357
115402,158,21482,,48,FR/SO,36:04.80,,1357
115403,188,27134,,48,FR/SO,36:05.40,,1357
115404,139,29213,,48,FR/SO,36:06.80,,1357
115405,119,27314,,48,FR/SO,36:12.00,,1357
115406,101,8022,,48,FR/SO,36:23.00,,1357
115407,138,27030,,48,FR/SO,36:23.60,,1357
115408,167,19006,,48,FR/SO,36:28.80,,1357
115409,167,27038,,48,FR/SO,36:29.90,,1357
115410,86,27413,,48,FR/SO,36:31.70,,1357
115411,203,27738,,48,FR/SO,36:33.90,,1357
115412,171,29283,,48,FR/SO,36:35.00,,1357
115413,171,27129,,48,FR/SO,36:36.10,,1357
115414,130,16129,,48,FR/SO,36:41.20,,1357
115415,79,18975,,48,FR/SO,36:41.40,,1357
115416,138,29216,,48,FR/SO,36:45.20,,1357
115417,203,27729,,48,FR/SO,36:52.50,,1357
115418,112,26985,,48,FR/SO,36:54.30,,1357
115419,138,27040,,48,FR/SO,36:58.00,,1357
115420,160,11422,,48,FR/SO,37:01.90,,1357
115421,146,27983,,48,FR/SO,37:05.40,,1357
115422,138,27844,,48,FR/SO,37:05.70,,1357
115423,175,19650,,48,FR/SO,37:06.10,,1357
115424,175,28077,,48,FR/SO,37:06.90,,1357
115425,138,27848,,48,FR/SO,37:11.90,,1357
115426,138,27920,,48,FR/SO,37:14.90,,1357
115427,130,27917,,48,FR/SO,37:15.20,,1357
115428,167,19396,,48,FR/SO,37:17.90,,1357
115429,196,18569,,48,FR/SO,37:18.20,,1357
115430,138,16134,,48,FR/SO,37:20.80,,1357
115431,164,28522,,48,FR/SO,37:20.90,,1357
115432,102,27318,,48,FR/SO,37:28.70,,1357
115433,203,29291,,48,FR/SO,37:40.40,,1357
115434,203,25923,,48,FR/SO,37:40.50,,1357
115435,203,19626,,48,FR/SO,37:40.70,,1357
115436,159,16115,,48,FR/SO,37:40.80,,1357
115437,178,29287,,48,FR/SO,37:45.40,,1357
115438,175,28078,,48,FR/SO,38:00.70,,1357
115439,94,27402,,48,FR/SO,38:02.80,,1357
115440,196,27139,,48,FR/SO,38:16.00,,1357
115441,111,27096,,48,FR/SO,38:17.20,,1357
115442,15,28694,,48,FR/SO,38:18.80,,1357
115443,102,29321,,48,FR/SO,38:19.10,,1357
115444,138,27851,,48,FR/SO,38:19.80,,1357
115445,132,27028,,48,FR/SO,38:30.20,,1357
115446,161,27483,,48,FR/SO,38:46.70,,1357
115447,124,19408,,48,FR/SO,38:53.90,,1357
115448,94,11528,,48,FR/SO,39:00.70,,1357
115449,146,27508,,48,FR/SO,39:06.10,,1357
115450,158,27211,,48,FR/SO,39:07.50,,1357
115451,158,27209,,48,FR/SO,39:10.60,,1357
115452,102,29319,,48,FR/SO,39:15.40,,1357
115453,139,26839,,48,FR/SO,39:23.20,,1357
115454,130,29206,,48,FR/SO,39:23.50,,1357
115455,203,28852,,48,FR/SO,39:27.20,,1357
115456,196,27479,,48,FR/SO,39:34.60,,1357
115457,79,28762,,48,FR/SO,39:39.80,,1357
115458,111,27099,,48,FR/SO,39:41.80,,1357
115459,130,28329,,48,FR/SO,39:56.80,,1357
115460,146,11418,,48,FR/SO,40:21.50,,1357
115461,90,23458,,48,FR/SO,41:05.80,,1357
115462,122,23485,,48,FR/SO,41:37.90,,1357
115463,158,23919,,48,FR/SO,42:05.80,,1357
115464,130,28331,,48,FR/SO,42:50.50,,1357
115465,138,16126,,48,FR/SO,43:57.50,,1357
115466,132,28330,,48,FR/SO,44:16.60,,1357
115467,118,27322,,48,FR/SO,45:06.00,,1357
115468,175,29292,,48,FR/SO,46:26.20,,1357
115469,138,27035,,48,FR/SO,49:23.60,,1357
115470,124,19447,,47,FR/SO,24:02.20,,1357
115471,171,27146,,47,FR/SO,24:51.80,,1357
115472,199,28034,,47,FR/SO,24:58.90,,1357
115473,79,7945,,47,FR/SO,25:10.40,,1357
115474,124,11338,,47,FR/SO,25:14.10,,1357
115475,203,18817,,47,FR/SO,25:17.90,,1357
115476,146,11428,,47,FR/SO,25:25.90,,1357
115477,79,26927,,47,FR/SO,25:28.80,,1357
115478,138,27858,,47,FR/SO,25:31.80,,1357
115479,132,28265,,47,FR/SO,25:45.20,,1357
115480,132,28273,,47,FR/SO,25:48.20,,1357
115481,142,27049,,47,FR/SO,25:53.30,,1357
115482,112,11341,,47,FR/SO,25:56.10,,1357
115483,79,7946,,47,FR/SO,26:09.60,,1357
115484,199,27636,,47,FR/SO,26:12.70,,1357
115485,96,26937,,47,FR/SO,26:14.70,,1357
115486,142,27051,,47,FR/SO,26:17.20,,1357
115487,112,26957,,47,FR/SO,26:20.30,,1357
115488,79,18934,,47,FR/SO,26:22.40,,1357
115489,161,22363,,47,FR/SO,26:26.10,,1357
115490,162,27526,,47,FR/SO,26:28.90,,1357
115491,102,27256,,47,FR/SO,26:30.20,,1357
115493,178,27421,,47,FR/SO,26:37.60,,1357
115495,203,27668,,47,FR/SO,26:38.80,,1357
115497,138,16158,,47,FR/SO,26:43.50,,1357
115499,124,27247,,47,FR/SO,26:51.90,,1357
115501,96,26936,,47,FR/SO,26:55.20,,1357
115503,138,20405,,47,FR/SO,27:02.00,,1357
115505,112,19469,,47,FR/SO,27:14.00,,1357
115507,178,18823,,47,FR/SO,27:15.40,,1357
115509,112,19457,,47,FR/SO,27:23.70,,1357
115511,124,29296,,47,FR/SO,27:27.50,,1357
115513,178,27423,,47,FR/SO,27:30.70,,1357
115515,56,26900,,47,FR/SO,27:47.20,,1357
115517,203,18826,,47,FR/SO,28:03.90,,1357
115519,138,27860,,47,FR/SO,28:06.20,,1357
115521,96,26941,,47,FR/SO,28:08.90,,1357
115523,130,18933,,47,FR/SO,28:11.50,,1357
115525,76,26128,,47,FR/SO,28:13.30,,1357
115527,157,27935,,47,FR/SO,28:21.50,,1357
115529,208,27155,,47,FR/SO,28:27.30,,1357
115531,178,29257,,47,FR/SO,28:35.20,,1357
115533,111,27102,,47,FR/SO,28:37.70,,1357
115535,160,20420,,47,FR/SO,28:39.50,,1357
115537,111,27104,,47,FR/SO,28:44.70,,1357
115539,142,27060,,47,FR/SO,28:45.40,,1357
115541,164,18927,,47,FR/SO,28:46.30,,1357
115543,112,26960,,47,FR/SO,28:48.50,,1357
115545,167,27232,,47,FR/SO,28:52.30,,1357
115547,76,28545,,47,FR/SO,29:03.90,,1357
115549,88,27349,,47,FR/SO,29:09.30,,1357
115551,88,27347,,47,FR/SO,29:12.30,,1357
115553,209,28048,,47,FR/SO,29:28.30,,1357
115555,56,27621,,47,FR/SO,29:34.70,,1357
115557,112,21224,,47,FR/SO,29:36.00,,1357
115559,159,16159,,47,FR/SO,29:39.50,,1357
115561,138,27868,,47,FR/SO,29:45.60,,1357
115563,164,18950,,47,FR/SO,29:48.00,,1357
115565,203,18850,,47,FR/SO,29:51.10,,1357
115567,164,18951,,47,FR/SO,29:53.90,,1357
115569,164,24817,,47,FR/SO,29:58.90,,1357
115571,158,27197,,47,FR/SO,29:59.20,,1357
115573,164,22371,,47,FR/SO,29:59.60,,1357
115575,203,18851,,47,FR/SO,30:05.80,,1357
115577,146,28873,,47,FR/SO,30:12.30,,1357
115579,171,28482,,47,FR/SO,30:26.60,,1357
115581,138,27861,,47,FR/SO,30:32.70,,1357
115582,188,27163,,47,FR/SO,30:36.10,,1357
115583,102,27279,,47,FR/SO,30:37.20,,1357
115584,203,27666,,47,FR/SO,30:39.50,,1357
115585,61,22358,,47,FR/SO,30:40.90,,1357
115586,208,29259,,47,FR/SO,30:42.60,,1357
115587,204,27645,,47,FR/SO,30:43.40,,1357
115588,169,26826,,47,FR/SO,30:43.40,,1357
115589,158,27196,,47,FR/SO,30:45.40,,1357
115590,167,27062,,47,FR/SO,30:46.30,,1357
115591,130,27866,,47,FR/SO,30:52.70,,1357
115592,159,27938,,47,FR/SO,30:58.90,,1357
115593,164,27065,,47,FR/SO,31:01.40,,1357
115594,162,27544,,47,FR/SO,31:02.70,,1357
115595,171,27169,,47,FR/SO,31:07.70,,1357
115596,159,27939,,47,FR/SO,31:09.20,,1357
115597,124,26948,,47,FR/SO,31:13.10,,1357
115598,124,11344,,47,FR/SO,31:13.40,,1357
115599,101,26633,,47,FR/SO,31:16.70,,1357
115600,159,27942,,47,FR/SO,31:17.10,,1357
115601,88,27354,,47,FR/SO,31:17.80,,1357
115602,102,27287,,47,FR/SO,31:27.10,,1357
115603,162,11364,,47,FR/SO,31:30.70,,1357
115604,79,7947,,47,FR/SO,31:32.80,,1357
115605,230,29263,,47,FR/SO,31:42.40,,1357
115606,167,18939,,47,FR/SO,31:42.90,,1357
115607,167,18948,,47,FR/SO,31:43.10,,1357
115608,138,27070,,47,FR/SO,31:57.30,,1357
115609,120,26885,,47,FR/SO,32:11.70,,1357
115610,130,18959,,47,FR/SO,32:15.60,,1357
115611,209,27672,,47,FR/SO,32:16.00,,1357
115612,138,20419,,47,FR/SO,32:40.30,,1357
115613,101,8034,,47,FR/SO,32:42.00,,1357
115614,124,26951,,47,FR/SO,32:47.30,,1357
115615,162,11365,,47,FR/SO,32:50.70,,1357
115616,112,29301,,47,FR/SO,32:59.70,,1357
115617,158,27199,,47,FR/SO,33:01.80,,1357
115618,160,27943,,47,FR/SO,33:07.20,,1357
115619,76,28546,,47,FR/SO,33:14.00,,1357
115620,101,18741,,47,FR/SO,33:28.90,,1357
115621,169,26829,,47,FR/SO,33:31.40,,1357
115622,88,27369,,47,FR/SO,33:45.20,,1357
115623,112,28338,,47,FR/SO,33:49.90,,1357
115624,196,18601,,47,FR/SO,34:16.80,,1357
115625,158,21481,,47,FR/SO,34:43.30,,1357
115626,158,16168,,47,FR/SO,34:49.50,,1357
115627,162,21225,,47,FR/SO,34:53.40,,1357
115628,100,27355,,47,FR/SO,35:04.80,,1357
115629,209,28483,,47,FR/SO,35:05.90,,1357
115630,56,27629,,47,FR/SO,35:16.60,,1357
115631,178,18837,,47,FR/SO,36:04.40,,1357
115632,130,27875,,47,FR/SO,36:27.60,,1357
115633,169,26828,,47,FR/SO,37:57.30,,1357
115634,76,28515,,47,FR/SO,39:17.30,,1357
115635,138,27876,,47,FR/SO,42:17.40,,1357
115636,158,27945,,47,FR/SO,43:14.50,,1357
115637,167,695,,48,JR/SR/GRAD,28:37.30,,1357
115638,164,675,,48,JR/SR/GRAD,28:38.80,,1357
115639,196,5025,,48,JR/SR/GRAD,29:10.10,,1357
115640,161,24901,,48,JR/SR/GRAD,29:20.50,,1357
115641,124,5500,,48,JR/SR/GRAD,29:24.10,,1357
115642,167,717,,48,JR/SR/GRAD,29:24.80,,1357
115643,196,866,,48,JR/SR/GRAD,29:25.70,,1357
115644,56,129,,48,JR/SR/GRAD,29:30.20,,1357
115645,124,1996,,48,JR/SR/GRAD,29:35.20,,1357
115646,146,1205,,48,JR/SR/GRAD,29:41.40,,1357
115647,56,128,,48,JR/SR/GRAD,29:45.20,,1357
115648,167,4303,,48,JR/SR/GRAD,29:55.70,,1357
115649,118,11303,,48,JR/SR/GRAD,29:57.90,,1357
115650,138,4704,,48,JR/SR/GRAD,30:00.90,,1357
115651,164,747,,48,JR/SR/GRAD,30:06.20,,1357
115652,146,29194,,48,JR/SR/GRAD,30:15.90,,1357
115653,79,512,,48,JR/SR/GRAD,30:20.80,,1357
115654,159,5708,,48,JR/SR/GRAD,30:23.50,,1357
115655,61,28826,,48,JR/SR/GRAD,30:24.90,,1357
115656,167,5230,,48,JR/SR/GRAD,30:25.10,,1357
115657,132,5409,,48,JR/SR/GRAD,30:31.30,,1357
115658,160,1213,,48,JR/SR/GRAD,30:31.80,,1357
115659,167,681,,48,JR/SR/GRAD,30:33.50,,1357
115660,146,11386,,48,JR/SR/GRAD,30:36.00,,1357
115661,167,702,,48,JR/SR/GRAD,30:36.10,,1357
115662,178,1811,,48,JR/SR/GRAD,30:36.20,,1357
115663,161,27457,,48,JR/SR/GRAD,30:36.80,,1357
115664,167,710,,48,JR/SR/GRAD,30:37.30,,1357
115665,117,188,,48,JR/SR/GRAD,30:38.40,,1357
115666,124,2045,,48,JR/SR/GRAD,30:42.30,,1357
115667,88,529,,48,JR/SR/GRAD,30:43.00,,1357
115668,159,2173,,48,JR/SR/GRAD,30:44.20,,1357
115669,96,1552,,48,JR/SR/GRAD,30:48.90,,1357
115670,162,1266,,48,JR/SR/GRAD,30:49.50,,1357
115671,230,28489,,48,JR/SR/GRAD,30:50.80,,1357
115672,88,530,,48,JR/SR/GRAD,30:52.10,,1357
115673,112,2872,,48,JR/SR/GRAD,31:01.00,,1357
115674,79,515,,48,JR/SR/GRAD,31:01.60,,1357
115675,130,2453,,48,JR/SR/GRAD,31:02.20,,1357
115676,76,28518,,48,JR/SR/GRAD,31:04.20,,1357
115677,130,3142,,48,JR/SR/GRAD,31:04.90,,1357
115678,118,3884,,48,JR/SR/GRAD,31:07.70,,1357
115679,167,704,,48,JR/SR/GRAD,31:08.50,,1357
115680,159,714,,48,JR/SR/GRAD,31:09.40,,1357
115681,178,1853,,48,JR/SR/GRAD,31:10.50,,1357
115682,124,2005,,48,JR/SR/GRAD,31:10.80,,1357
115683,160,2460,,48,JR/SR/GRAD,31:12.50,,1357
115684,117,160,,48,JR/SR/GRAD,31:13.70,,1357
115685,88,513,,48,JR/SR/GRAD,31:14.20,,1357
115686,158,3141,,48,JR/SR/GRAD,31:18.30,,1357
115687,112,433,,48,JR/SR/GRAD,31:19.50,,1357
115688,178,1818,,48,JR/SR/GRAD,31:19.70,,1357
115689,146,1703,,48,JR/SR/GRAD,31:20.20,,1357
115690,61,2275,,48,JR/SR/GRAD,31:21.80,,1357
115691,172,18883,,48,JR/SR/GRAD,31:24.80,,1357
115692,156,2350,,48,JR/SR/GRAD,31:26.10,,1357
115693,162,27495,,48,JR/SR/GRAD,31:27.60,,1357
115694,79,20427,,48,JR/SR/GRAD,31:28.00,,1357
115695,162,22382,,48,JR/SR/GRAD,31:28.50,,1357
115696,49,28823,,48,JR/SR/GRAD,31:28.70,,1357
115697,159,2176,,48,JR/SR/GRAD,31:29.00,,1357
115698,124,2871,,48,JR/SR/GRAD,31:29.20,,1357
115699,124,2001,,48,JR/SR/GRAD,31:29.20,,1357
115700,142,28313,,48,JR/SR/GRAD,31:31.10,,1357
115701,175,5374,,48,JR/SR/GRAD,31:39.50,,1357
115702,209,23585,,48,JR/SR/GRAD,31:40.50,,1357
115703,167,742,,48,JR/SR/GRAD,31:44.60,,1357
115704,203,2123,,48,JR/SR/GRAD,31:45.00,,1357
115705,49,18201,,48,JR/SR/GRAD,31:45.40,,1357
115706,172,27711,,48,JR/SR/GRAD,31:46.60,,1357
115707,159,27910,,48,JR/SR/GRAD,31:47.50,,1357
115708,172,18885,,48,JR/SR/GRAD,31:53.30,,1357
115709,167,25030,,48,JR/SR/GRAD,31:54.60,,1357
115710,117,15,,48,JR/SR/GRAD,31:56.10,,1357
115711,146,1273,,48,JR/SR/GRAD,31:57.10,,1357
115712,171,23589,,48,JR/SR/GRAD,31:57.70,,1357
115713,178,1870,,48,JR/SR/GRAD,32:04.00,,1357
115714,61,1663,,48,JR/SR/GRAD,32:06.80,,1357
115715,112,437,,48,JR/SR/GRAD,32:08.90,,1357
115716,120,323,,48,JR/SR/GRAD,32:11.60,,1357
115717,158,2900,,48,JR/SR/GRAD,32:12.60,,1357
115718,164,731,,48,JR/SR/GRAD,32:13.30,,1357
115719,158,2899,,48,JR/SR/GRAD,32:14.10,,1357
115720,158,2897,,48,JR/SR/GRAD,32:19.30,,1357
115721,146,29202,,48,JR/SR/GRAD,32:21.50,,1357
115722,146,1306,,48,JR/SR/GRAD,32:22.00,,1357
115723,209,23582,,48,JR/SR/GRAD,32:25.20,,1357
115724,171,1228,,48,JR/SR/GRAD,32:26.50,,1357
115725,203,1855,,48,JR/SR/GRAD,32:28.90,,1357
115726,158,2456,,48,JR/SR/GRAD,32:31.40,,1357
115727,230,28494,,48,JR/SR/GRAD,32:33.30,,1357
115728,174,23580,,48,JR/SR/GRAD,32:34.50,,1357
115729,162,19496,,48,JR/SR/GRAD,32:35.90,,1357
115730,161,3134,,48,JR/SR/GRAD,32:36.00,,1357
115731,150,1290,,48,JR/SR/GRAD,32:41.70,,1357
115732,130,2464,,48,JR/SR/GRAD,32:45.90,,1357
115733,15,3276,,48,JR/SR/GRAD,32:49.10,,1357
115734,117,31,,48,JR/SR/GRAD,32:50.70,,1357
115735,175,5002,,48,JR/SR/GRAD,32:53.70,,1357
115736,138,722,,48,JR/SR/GRAD,32:54.10,,1357
115737,56,24986,,48,JR/SR/GRAD,32:56.90,,1357
115738,167,743,,48,JR/SR/GRAD,32:59.10,,1357
115739,172,1837,,48,JR/SR/GRAD,33:00.10,,1357
115740,146,1225,,48,JR/SR/GRAD,33:06.80,,1357
115741,146,1278,,48,JR/SR/GRAD,33:07.40,,1357
115742,203,2124,,48,JR/SR/GRAD,33:14.50,,1357
115743,162,3790,,48,JR/SR/GRAD,33:16.80,,1357
115744,124,19417,,48,JR/SR/GRAD,33:17.90,,1357
115745,150,1234,,48,JR/SR/GRAD,33:18.90,,1357
115746,164,689,,48,JR/SR/GRAD,33:19.40,,1357
115747,188,916,,48,JR/SR/GRAD,33:21.20,,1357
115748,117,153,,48,JR/SR/GRAD,33:22.30,,1357
115749,159,18319,,48,JR/SR/GRAD,33:24.10,,1357
115750,178,29268,,48,JR/SR/GRAD,33:30.00,,1357
115751,132,2754,,48,JR/SR/GRAD,33:30.90,,1357
115752,146,1254,,48,JR/SR/GRAD,33:33.50,,1357
115753,130,2478,,48,JR/SR/GRAD,33:35.00,,1357
115754,230,28491,,48,JR/SR/GRAD,33:36.20,,1357
115755,167,734,,48,JR/SR/GRAD,33:37.40,,1357
115756,209,3067,,48,JR/SR/GRAD,33:41.50,,1357
115757,171,1239,,48,JR/SR/GRAD,33:43.30,,1357
115758,49,2995,,48,JR/SR/GRAD,33:47.60,,1357
115759,117,2037,,48,JR/SR/GRAD,33:49.10,,1357
115760,161,24908,,48,JR/SR/GRAD,33:49.80,,1357
115761,171,4315,,48,JR/SR/GRAD,33:53.10,,1357
115762,196,5583,,48,JR/SR/GRAD,33:53.60,,1357
115763,171,2354,,48,JR/SR/GRAD,33:56.50,,1357
115764,171,1222,,48,JR/SR/GRAD,33:56.80,,1357
115765,158,2474,,48,JR/SR/GRAD,33:57.20,,1357
115766,167,760,,48,JR/SR/GRAD,34:05.10,,1357
115767,158,2469,,48,JR/SR/GRAD,34:07.80,,1357
115768,159,2184,,48,JR/SR/GRAD,34:10.70,,1357
115769,75,1562,,48,JR/SR/GRAD,34:12.90,,1357
115770,146,3699,,48,JR/SR/GRAD,34:13.90,,1357
115772,138,27842,,48,JR/SR/GRAD,34:15.50,,1357
115774,158,2463,,48,JR/SR/GRAD,34:18.10,,1357
115776,164,2730,,48,JR/SR/GRAD,34:19.90,,1357
115778,146,1208,,48,JR/SR/GRAD,34:22.20,,1357
115780,209,28490,,48,JR/SR/GRAD,34:27.70,,1357
115782,199,29270,,48,JR/SR/GRAD,34:30.10,,1357
115784,167,778,,48,JR/SR/GRAD,34:35.10,,1357
115786,169,4732,,48,JR/SR/GRAD,34:38.30,,1357
115788,172,18873,,48,JR/SR/GRAD,34:43.30,,1357
115790,146,11419,,48,JR/SR/GRAD,34:46.80,,1357
115792,169,7644,,48,JR/SR/GRAD,34:51.80,,1357
115793,171,1264,,48,JR/SR/GRAD,34:57.80,,1357
115794,146,1395,,48,JR/SR/GRAD,34:59.90,,1357
115795,111,29313,,48,JR/SR/GRAD,35:00.20,,1357
115796,111,985,,48,JR/SR/GRAD,35:03.50,,1357
115797,175,5006,,48,JR/SR/GRAD,35:05.30,,1357
115798,96,26934,,48,JR/SR/GRAD,35:06.70,,1357
115799,124,5577,,48,JR/SR/GRAD,35:07.30,,1357
115800,100,11502,,48,JR/SR/GRAD,35:08.10,,1357
115801,146,27506,,48,JR/SR/GRAD,35:09.30,,1357
115802,146,5271,,48,JR/SR/GRAD,35:18.40,,1357
115803,196,27126,,48,JR/SR/GRAD,35:19.60,,1357
115804,96,371,,48,JR/SR/GRAD,35:20.40,,1357
115805,162,1324,,48,JR/SR/GRAD,35:24.20,,1357
115806,230,29271,,48,JR/SR/GRAD,35:27.00,,1357
115807,164,691,,48,JR/SR/GRAD,35:30.50,,1357
115808,146,26490,,48,JR/SR/GRAD,35:32.00,,1357
115809,49,28827,,48,JR/SR/GRAD,35:36.70,,1357
115810,172,27722,,48,JR/SR/GRAD,35:38.10,,1357
115811,112,5645,,48,JR/SR/GRAD,35:40.60,,1357
115812,117,45,,48,JR/SR/GRAD,35:41.50,,1357
115813,76,26112,,48,JR/SR/GRAD,35:43.10,,1357
115814,76,557,,48,JR/SR/GRAD,35:49.60,,1357
115815,230,29279,,48,JR/SR/GRAD,35:51.30,,1357
115816,203,2141,,48,JR/SR/GRAD,35:58.70,,1357
115817,56,3412,,48,JR/SR/GRAD,36:01.20,,1357
115818,117,47,,48,JR/SR/GRAD,36:02.10,,1357
115819,230,29284,,48,JR/SR/GRAD,36:02.20,,1357
115820,88,551,,48,JR/SR/GRAD,36:02.50,,1357
115821,150,1287,,48,JR/SR/GRAD,36:03.10,,1357
115822,146,1299,,48,JR/SR/GRAD,36:08.10,,1357
115823,150,27468,,48,JR/SR/GRAD,36:10.60,,1357
115824,158,29344,,48,JR/SR/GRAD,36:15.80,,1357
115825,112,3336,,48,JR/SR/GRAD,36:26.80,,1357
115826,139,1589,,48,JR/SR/GRAD,36:27.00,,1357
115827,158,2467,,48,JR/SR/GRAD,36:37.70,,1357
115828,158,16141,,48,JR/SR/GRAD,36:44.00,,1357
115829,130,28388,,48,JR/SR/GRAD,36:50.70,,1357
115830,196,3224,,48,JR/SR/GRAD,36:50.80,,1357
115831,161,2367,,48,JR/SR/GRAD,36:54.60,,1357
115832,203,1883,,48,JR/SR/GRAD,36:59.10,,1357
115833,146,1341,,48,JR/SR/GRAD,37:01.20,,1357
115834,79,2559,,48,JR/SR/GRAD,37:04.90,,1357
115835,156,2363,,48,JR/SR/GRAD,37:07.60,,1357
115836,117,3352,,48,JR/SR/GRAD,37:09.10,,1357
115837,112,27312,,48,JR/SR/GRAD,37:33.60,,1357
115838,88,2596,,48,JR/SR/GRAD,37:49.80,,1357
115839,159,2168,,48,JR/SR/GRAD,37:56.40,,1357
115840,15,23516,,48,JR/SR/GRAD,38:01.80,,1357
115841,172,1917,,48,JR/SR/GRAD,38:02.20,,1357
115842,160,1304,,48,JR/SR/GRAD,38:06.50,,1357
115843,167,3015,,48,JR/SR/GRAD,38:09.50,,1357
115844,15,3298,,48,JR/SR/GRAD,38:11.60,,1357
115845,75,28328,,48,JR/SR/GRAD,38:15.30,,1357
115846,150,1269,,48,JR/SR/GRAD,38:18.40,,1357
115847,102,340,,48,JR/SR/GRAD,38:21.80,,1357
115848,117,195,,48,JR/SR/GRAD,38:36.60,,1357
115849,203,3231,,48,JR/SR/GRAD,38:37.60,,1357
115850,120,344,,48,JR/SR/GRAD,38:45.80,,1357
115851,203,1894,,48,JR/SR/GRAD,38:53.80,,1357
115852,209,27743,,48,JR/SR/GRAD,38:57.70,,1357
115853,138,776,,48,JR/SR/GRAD,39:10.80,,1357
115854,111,27095,,48,JR/SR/GRAD,39:14.40,,1357
115855,1,1,,48,JR/SR/GRAD,39:19.90,,1357
115856,90,552,,48,JR/SR/GRAD,39:22.40,,1357
115857,160,11421,,48,JR/SR/GRAD,39:27.70,,1357
115858,159,753,,48,JR/SR/GRAD,39:29.90,,1357
115859,157,26522,,48,JR/SR/GRAD,39:44.30,,1357
115860,199,1887,,48,JR/SR/GRAD,39:52.10,,1357
115861,159,781,,48,JR/SR/GRAD,40:00.60,,1357
115862,79,4585,,48,JR/SR/GRAD,40:42.10,,1357
115863,138,27853,,48,JR/SR/GRAD,41:00.70,,1357
115864,111,3350,,48,JR/SR/GRAD,41:00.70,,1357
115865,196,28486,,48,JR/SR/GRAD,41:04.00,,1357
115866,167,4304,,48,JR/SR/GRAD,41:19.50,,1357
115867,88,4589,,48,JR/SR/GRAD,41:24.50,,1357
115868,175,4999,,48,JR/SR/GRAD,42:47.60,,1357
115869,157,29221,,48,JR/SR/GRAD,43:00.30,,1357
115870,112,26851,,48,JR/SR/GRAD,43:15.00,,1357
115871,156,29217,,48,JR/SR/GRAD,43:25.30,,1357
115872,119,2882,,48,JR/SR/GRAD,43:31.70,,1357
115873,79,25849,,48,JR/SR/GRAD,43:38.40,,1357
115874,117,2030,,48,JR/SR/GRAD,43:46.20,,1357
115875,86,27887,,48,JR/SR/GRAD,43:58.70,,1357
115876,196,27143,,48,JR/SR/GRAD,44:12.50,,1357
115877,111,333,,48,JR/SR/GRAD,44:35.50,,1357
115878,119,2880,,48,JR/SR/GRAD,44:53.80,,1357
115879,196,29293,,48,JR/SR/GRAD,44:57.40,,1357
115880,83,28764,,48,JR/SR/GRAD,45:26.60,,1357
115881,158,3682,,48,JR/SR/GRAD,45:34.40,,1357
115882,88,556,,48,JR/SR/GRAD,46:01.50,,1357
115883,162,4397,,48,JR/SR/GRAD,47:45.60,,1357
115884,156,29209,,48,JR/SR/GRAD,49:43.00,,1357
115885,162,3500,,48,JR/SR/GRAD,49:50.80,,1357
115886,162,19498,,48,JR/SR/GRAD,51:09.90,,1357
115887,124,1930,,47,JR/SR/GRAD,25:31.20,,1357
115888,161,22361,,47,JR/SR/GRAD,25:44.70,,1357
115889,94,480,,47,JR/SR/GRAD,25:50.80,,1357
115890,230,29252,,47,JR/SR/GRAD,25:52.30,,1357
115891,124,1953,,47,JR/SR/GRAD,25:53.90,,1357
115892,167,580,,47,JR/SR/GRAD,25:56.90,,1357
115893,124,1946,,47,JR/SR/GRAD,26:11.20,,1357
115894,66,23391,,47,JR/SR/GRAD,26:14.60,,1357
115895,83,28722,,47,JR/SR/GRAD,26:23.90,,1357
115897,146,1052,,47,JR/SR/GRAD,27:01.80,,1357
115899,146,2678,,47,JR/SR/GRAD,27:06.30,,1357
115901,124,28334,,47,JR/SR/GRAD,27:12.60,,1357
115903,167,18929,,47,JR/SR/GRAD,27:15.40,,1357
115905,56,253,,47,JR/SR/GRAD,27:27.50,,1357
115907,208,3185,,47,JR/SR/GRAD,27:30.00,,1357
115909,96,7998,,47,JR/SR/GRAD,27:44.20,,1357
115911,138,592,,47,JR/SR/GRAD,27:50.20,,1357
115913,96,3431,,47,JR/SR/GRAD,27:52.80,,1357
115915,203,1741,,47,JR/SR/GRAD,27:58.60,,1357
115917,150,27427,,47,JR/SR/GRAD,28:13.70,,1357
115919,164,3116,,47,JR/SR/GRAD,28:19.60,,1357
115921,66,7748,,47,JR/SR/GRAD,28:25.30,,1357
116002,111,309,,47,JR/SR/GRAD,34:01.90,,1357
116004,169,1153,,47,JR/SR/GRAD,34:59.90,,1357
116005,162,21226,,47,JR/SR/GRAD,35:07.60,,1357
116006,167,638,,47,JR/SR/GRAD,35:39.60,,1357
116007,138,598,,47,JR/SR/GRAD,35:59.80,,1357
116008,158,2403,,47,JR/SR/GRAD,36:35.40,,1357
116009,88,11478,,47,JR/SR/GRAD,36:35.60,,1357
116010,76,28733,,47,JR/SR/GRAD,38:22.10,,1357
116011,101,275,,47,JR/SR/GRAD,38:38.10,,1357
116012,61,1621,,47,JR/SR/GRAD,38:50.10,,1357
116013,88,28285,,47,JR/SR/GRAD,39:07.80,,1357
116014,112,29304,,47,JR/SR/GRAD,39:11.50,,1357
116015,167,652,,47,JR/SR/GRAD,41:05.10,,1357
116016,130,28881,,47,JR/SR/GRAD,44:43.30,,1357
114701,10,28860,,17,,16:01.00,,1356
114702,10,5619,,17,,16:03.00,,1356
114703,10,22588,,17,,16:12.00,,1356
114704,10,28360,,17,,16:22.00,,1356
114705,10,29324,,17,,16:23.00,,1356
114706,19,28786,,17,,16:28.00,,1356
114707,10,28361,,17,,16:29.00,,1356
114708,10,29325,,17,,16:30.00,,1356
114709,19,2303,,17,,16:32.00,,1356
114710,19,28784,,17,,16:36.00,,1356
114711,10,22593,,17,,16:41.00,,1356
114712,19,20497,,17,,16:44.00,,1356
114713,19,28350,,17,,17:17.00,,1356
114714,19,29326,,17,,17:22.00,,1356
114715,10,2302,,17,,17:51.00,,1356
114716,19,29327,,17,,17:52.00,,1356
114717,19,29328,,17,,18:09.00,,1356
114718,19,28351,,17,,18:33.00,,1356
114719,19,28352,,17,,18:34.00,,1356
114720,19,25503,,17,,18:35.00,,1356
114721,19,2316,,17,,18:36.00,,1356
114722,10,29329,,17,,18:37.00,,1356
114723,19,28787,,17,,18:38.00,,1356
114724,19,29330,,17,,19:02.00,,1356
114725,19,29331,,17,,19:32.00,,1356
114726,10,28365,,17,,19:48.00,,1356
114727,10,22595,,17,,19:56.00,,1356
114728,10,29332,,17,,20:07.00,,1356
114729,19,29333,,17,,21:49.00,,1356
114730,10,28861,,17,,22:27.00,,1356
114731,19,23922,,17,,18:22.00,,1356
114732,19,2291,,17,,18:36.00,,1356
114733,10,29334,,17,,19:15.00,,1356
114734,10,29335,,17,,20:03.00,,1356
114735,10,28775,,17,,20:09.00,,1356
114736,19,29336,,17,,20:09.00,,1356
114737,10,28776,,17,,20:27.00,,1356
114738,10,28355,,17,,20:28.00,,1356
114739,10,28356,,17,,20:43.00,,1356
114740,19,29337,,17,,21:00.00,,1356
114741,19,29338,,17,,21:00.00,,1356
114742,10,28859,,17,,21:10.00,,1356
114743,19,28783,,17,,21:10.00,,1356
114744,10,28357,,17,,21:17.00,,1356
114745,10,28778,,17,,21:59.00,,1356
114746,10,28779,,17,,22:05.00,,1356
114747,19,23925,,17,,23:52.00,,1356
114748,19,29339,,17,,26:30.00,,1356
114749,19,29340,,17,,27:12.00,,1356
110982,36,28452,,48,,25:41.40,,1320
110983,32,18769,,48,,26:11.80,,1320
110984,36,28453,,48,,27:44.90,,1320
110985,36,19576,,48,,28:26.90,,1320
110986,36,28454,,48,,28:34.60,,1320
110987,32,19581,,48,,30:02.80,,1320
110988,36,28455,,48,,30:05.70,,1320
110989,36,25532,,48,,30:22.60,,1320
110990,36,28456,,48,,30:50.70,,1320
110991,36,28457,,48,,31:11.20,,1320
110992,32,18771,,48,,31:47.30,,1320
110993,36,4878,,48,,32:25.10,,1320
110994,32,18772,,48,,32:31.90,,1320
110995,36,25535,,48,,32:47.60,,1320
110996,32,28431,,48,,34:18.40,,1320
110997,32,28432,,48,,35:17.50,,1320
110998,36,28458,,48,,37:18.70,,1320
110999,36,28459,,48,,37:20.90,,1320
111000,32,19583,,48,,37:39.20,,1320
111001,32,27326,,48,,37:39.80,,1320
111002,32,28435,,48,,38:22.90,,1320
111003,32,27327,,48,,39:43.80,,1320
111004,36,28460,,48,,41:23.80,,1320
111005,32,28437,,48,,45:19.00,,1320
111006,36,28461,,17,,18:53.10,,1320
111007,32,27323,,17,,19:32.10,,1320
111008,32,28439,,17,,20:42.20,,1320
111009,36,28462,,17,,21:08.60,,1320
111010,36,28463,,17,,23:23.90,,1320
111011,36,4785,,17,,23:32.30,,1320
111012,36,28464,,17,,25:37.40,,1320
111013,36,25586,,17,,25:39.30,,1320
111014,36,28465,,17,,26:05.00,,1320
111015,36,4821,,17,,26:19.30,,1320
111016,36,28466,,17,,26:24.80,,1320
111017,36,28467,,17,,26:28.40,,1320
111018,36,28468,,17,,27:15.20,,1320
111019,36,28469,,17,,27:32.90,,1320
111020,36,28470,,17,,28:51.40,,1320
111021,172,27632,,47,,24:47.70,,1321
111022,204,1726,,47,,24:55.80,,1321
111023,172,27633,,47,,25:03.00,,1321
111024,171,27146,,47,,25:09.90,,1321
111132,171,11401,,48,,31:38.30,,1321
111133,203,27709,,48,,31:38.30,,1321
111134,171,11393,,48,,31:49.70,,1321
111135,230,28491,,48,,31:52.60,,1321
111136,171,27498,,48,,31:53.40,,1321
111137,174,27718,,48,,32:05.00,,1321
111138,209,23573,,48,,32:11.20,,1321
111139,209,27717,,48,,32:11.70,,1321
111140,172,18885,,48,,32:22.70,,1321
111141,174,23580,,48,,32:29.50,,1321
111142,171,4316,,48,,32:29.70,,1321
111143,172,18883,,48,,32:37.50,,1321
111144,172,1837,,48,,32:40.10,,1321
111145,171,1283,,48,,32:48.60,,1321
111146,174,28492,,48,,32:54.70,,1321
111147,196,5583,,48,,32:59.00,,1321
111148,196,28493,,48,,33:02.50,,1321
111149,171,1222,,48,,33:05.50,,1321
111150,172,1852,,48,,33:05.70,,1321
111151,230,28494,,48,,33:06.10,,1321
111152,191,27122,,48,,33:08.60,,1321
111153,203,18874,,48,,33:08.60,,1321
111154,171,1239,,48,,33:10.10,,1321
111155,196,27126,,48,,33:10.20,,1321
111156,203,3079,,48,,33:30.50,,1321
111157,171,27129,,48,,33:30.60,,1321
111158,171,11399,,48,,33:56.30,,1321
111159,171,1264,,48,,33:59.30,,1321
111160,203,1900,,48,,34:21.40,,1321
111161,175,5002,,48,,34:27.00,,1321
111162,175,5006,,48,,34:28.60,,1321
111163,191,18897,,48,,34:43.70,,1321
111164,203,7780,,48,,34:50.50,,1321
111165,203,27738,,48,,35:01.70,,1321
111166,171,4315,,48,,35:07.00,,1321
111167,203,1894,,48,,35:16.10,,1321
111168,174,28071,,48,,35:21.10,,1321
111169,203,19642,,48,,35:40.80,,1321
111170,171,2816,,48,,35:46.10,,1321
111171,196,27139,,48,,35:50.10,,1321
111172,171,28495,,48,,35:52.50,,1321
111173,203,27729,,48,,36:07.00,,1321
111174,171,11413,,48,,36:11.10,,1321
111175,171,28496,,48,,36:32.50,,1321
111176,209,27743,,48,,36:47.00,,1321
111177,203,2124,,48,,38:04.40,,1321
111178,203,2123,,48,,38:04.40,,1321
111179,203,1858,,48,,38:04.40,,1321
111180,203,28073,,48,,38:04.40,,1321
111181,203,25923,,48,,38:04.50,,1321
111182,196,28497,,48,,40:42.80,,1321
111183,196,28498,,48,,47:56.10,,1321
111025,230,28471,,47,,25:32.10,,1321
111026,230,28472,,47,,25:43.90,,1321
111027,174,1767,,47,,25:59.50,,1321
111028,171,28473,,47,,26:00.70,,1321
111029,174,18822,,47,,26:09.80,,1321
111030,172,1735,,47,,26:18.30,,1321
111031,204,27148,,47,,26:20.90,,1321
111032,172,1740,,47,,26:26.50,,1321
111033,203,27638,,47,,26:30.70,,1321
111034,174,25885,,47,,26:45.10,,1321
111035,174,2083,,47,,26:45.80,,1321
111036,172,18828,,47,,26:55.40,,1321
111037,191,2079,,47,,27:07.50,,1321
111038,203,28042,,47,,27:38.20,,1321
111039,203,5065,,47,,27:44.20,,1321
111040,209,23548,,47,,27:59.60,,1321
111041,171,1045,,47,,28:12.10,,1321
111042,196,4977,,47,,28:19.80,,1321
111043,172,27651,,47,,28:32.30,,1321
111044,172,18818,,47,,28:44.00,,1321
111045,203,28474,,47,,29:04.30,,1321
111046,172,28475,,47,,29:20.50,,1321
111047,203,1741,,47,,29:26.20,,1321
111048,204,842,,47,,29:27.90,,1321
111049,172,28476,,47,,29:36.50,,1321
111050,203,2096,,47,,29:44.00,,1321
111051,172,28477,,47,,29:50.10,,1321
111052,203,18851,,47,,30:10.50,,1321
111053,203,18831,,47,,30:19.70,,1321
111054,171,28478,,47,,30:46.90,,1321
111055,171,11447,,47,,31:01.30,,1321
111056,230,28479,,47,,31:06.40,,1321
111057,191,27165,,47,,31:12.40,,1321
111058,171,28480,,47,,31:21.80,,1321
111059,204,832,,47,,31:23.60,,1321
111060,203,27666,,47,,31:23.80,,1321
111061,209,22577,,47,,31:28.70,,1321
111062,203,1769,,47,,31:32.90,,1321
111063,171,27159,,47,,32:01.80,,1321
111064,191,18852,,47,,32:32.50,,1321
111065,203,22580,,47,,32:35.00,,1321
111066,209,27672,,47,,32:45.50,,1321
111067,171,28481,,47,,33:14.50,,1321
111068,171,28482,,47,,33:16.60,,1321
111069,191,3198,,47,,33:20.20,,1321
111070,203,18826,,47,,33:24.70,,1321
111071,171,27169,,47,,33:28.10,,1321
111072,203,18850,,47,,33:29.40,,1321
111073,196,27166,,47,,34:31.70,,1321
111074,203,2085,,47,,34:36.00,,1321
111075,203,27653,,47,,34:36.70,,1321
111076,203,1796,,47,,34:37.20,,1321
111077,203,27668,,47,,34:40.70,,1321
111078,203,3036,,47,,34:47.50,,1321
111079,209,27671,,47,,35:02.70,,1321
111080,172,18271,,47,,35:17.20,,1321
111081,191,18856,,47,,35:26.80,,1321
111082,209,28483,,47,,36:38.80,,1321
111083,171,17971,,47,,36:48.00,,1321
111084,209,27675,,47,,37:01.30,,1321
111085,209,22579,,47,,37:01.30,,1321
111086,174,28484,,47,,37:14.60,,1321
111087,191,19612,,47,,37:18.60,,1321
111088,191,27686,,47,,37:49.00,,1321
111089,230,28485,,47,,38:36.50,,1321
111090,172,27691,,48,,26:56.60,,1321
111091,203,1809,,48,,27:03.70,,1321
111092,172,1814,,48,,27:17.40,,1321
111093,174,27690,,48,,27:24.40,,1321
111094,209,22565,,48,,27:29.90,,1321
111095,172,1817,,48,,27:30.90,,1321
111096,203,1827,,48,,27:50.60,,1321
111097,174,1847,,48,,28:27.50,,1321
111098,174,2111,,48,,28:28.50,,1321
111099,172,27689,,48,,28:33.00,,1321
111100,204,931,,48,,28:34.70,,1321
111101,204,27117,,48,,28:35.60,,1321
111102,203,18869,,48,,28:37.30,,1321
111103,174,3204,,48,,28:40.50,,1321
111104,196,866,,48,,28:41.20,,1321
111105,196,28486,,48,,28:45.10,,1321
111106,172,27699,,48,,28:48.90,,1321
111107,171,1184,,48,,28:54.00,,1321
111108,174,2116,,48,,28:58.10,,1321
111109,174,28052,,48,,29:00.60,,1321
111110,230,28487,,48,,29:05.10,,1321
111111,174,27698,,48,,29:06.50,,1321
111112,171,27115,,48,,29:07.20,,1321
111113,191,22568,,48,,29:14.80,,1321
111114,203,1835,,48,,29:19.30,,1321
111115,171,11389,,48,,29:24.50,,1321
111116,174,28057,,48,,29:37.80,,1321
111117,171,11395,,48,,29:43.00,,1321
111118,203,28054,,48,,29:44.60,,1321
111119,174,28056,,48,,29:48.20,,1321
111120,203,27696,,48,,29:55.30,,1321
111121,196,27114,,48,,29:57.00,,1321
111122,172,28488,,48,,29:57.10,,1321
111123,171,11382,,48,,30:19.20,,1321
111124,174,18870,,48,,30:21.10,,1321
111125,203,27712,,48,,30:31.70,,1321
111126,230,28489,,48,,30:35.80,,1321
111127,203,18877,,48,,30:36.00,,1321
111128,175,5374,,48,,30:55.30,,1321
111129,209,28490,,48,,31:13.90,,1321
111130,171,27504,,48,,31:22.20,,1321
111131,196,5025,,48,,31:22.80,,1321
104932,77,1466,,17,,18:21.50,,1263
104933,75,26990,,17,,18:24.50,,1263
104934,167,19375,,48,,26:01.70,,1264
104935,164,18961,,48,,26:27.40,,1264
104936,164,18964,,48,,26:28.90,,1264
104937,167,467,,48,,26:31.90,,1264
104938,164,700,,48,,26:32.00,,1264
104939,167,673,,48,,26:37.20,,1264
104940,164,26991,,48,,26:44.20,,1264
104941,167,466,,48,,27:05.20,,1264
104942,164,26992,,48,,27:09.00,,1264
104943,167,19384,,48,,27:14.30,,1264
104944,164,18963,,48,,27:20.00,,1264
104945,167,4303,,48,,27:33.80,,1264
104946,164,18979,,48,,27:38.20,,1264
104947,164,26993,,48,,27:41.20,,1264
104948,167,8108,,48,,27:44.80,,1264
104949,132,18965,,48,,27:45.00,,1264
104950,159,694,,48,,27:57.00,,1264
104951,159,22384,,48,,28:13.40,,1264
104952,167,26994,,48,,28:16.20,,1264
104953,159,26995,,48,,28:16.70,,1264
104954,159,676,,48,,28:19.20,,1264
104955,167,695,,48,,28:19.80,,1264
104956,164,675,,48,,28:23.20,,1264
104957,167,717,,48,,28:28.90,,1264
104958,167,681,,48,,28:31.80,,1264
104959,132,26996,,48,,28:32.30,,1264
104960,159,674,,48,,28:34.60,,1264
104961,159,26997,,48,,28:41.40,,1264
104962,167,18977,,48,,28:44.40,,1264
104963,159,18991,,48,,28:48.30,,1264
104964,167,26998,,48,,28:51.70,,1264
104965,164,26999,,48,,28:52.90,,1264
104966,167,710,,48,,28:53.80,,1264
104967,132,18969,,48,,28:56.80,,1264
104968,132,699,,48,,29:04.90,,1264
104969,166,27000,,48,,29:06.60,,1264
104970,142,18982,,48,,29:09.60,,1264
104971,136,27001,,48,,29:10.70,,1264
104972,167,5230,,48,,29:13.00,,1264
104973,167,711,,48,,29:18.30,,1264
104974,167,27002,,48,,29:19.50,,1264
104975,159,677,,48,,29:19.80,,1264
104976,166,27003,,48,,29:29.70,,1264
104977,164,747,,48,,29:29.90,,1264
104978,167,27004,,48,,29:33.40,,1264
104979,164,27005,,48,,29:35.00,,1264
104980,138,27006,,48,,29:36.20,,1264
104981,167,712,,48,,29:39.10,,1264
104982,159,20431,,48,,29:40.80,,1264
104983,167,19386,,48,,29:44.30,,1264
104984,159,5708,,48,,29:46.30,,1264
104985,168,732,,48,,29:48.60,,1264
104986,167,702,,48,,29:50.50,,1264
104987,164,27007,,48,,30:01.80,,1264
104988,139,1557,,48,,30:10.80,,1264
104989,164,27008,,48,,30:11.00,,1264
104990,159,714,,48,,30:13.30,,1264
104991,139,26835,,48,,30:15.10,,1264
104992,159,27009,,48,,30:17.70,,1264
104993,159,705,,48,,30:20.90,,1264
104994,167,742,,48,,30:22.20,,1264
104995,159,2176,,48,,30:22.60,,1264
104996,132,18968,,48,,30:25.90,,1264
104997,132,692,,48,,30:33.60,,1264
104998,167,740,,48,,30:34.60,,1264
104999,167,704,,48,,30:38.40,,1264
105427,196,27166,,47,,29:30.81,,1266
105428,191,18852,,47,,29:34.83,,1266
105429,208,27167,,47,,29:44.21,,1266
105430,208,27168,,47,,30:07.43,,1266
105431,171,27169,,47,,30:16.30,,1266
105432,188,27170,,47,,30:18.21,,1266
105433,227,27171,,47,,30:23.32,,1266
105434,191,27172,,47,,30:25.55,,1266
105435,208,27173,,47,,31:04.24,,1266
105436,191,27174,,47,,31:07.04,,1266
105437,191,18856,,47,,31:12.53,,1266
105438,191,19612,,47,,31:34.99,,1266
105439,191,19613,,47,,32:23.68,,1266
105000,164,731,,48,,30:42.30,,1264
105001,167,25030,,48,,30:47.90,,1264
105002,167,27010,,48,,30:49.80,,1264
105003,164,18992,,48,,30:54.30,,1264
105004,167,743,,48,,31:02.40,,1264
105005,132,18990,,48,,31:05.60,,1264
105006,164,19001,,48,,31:07.50,,1264
105007,164,27011,,48,,31:08.30,,1264
105008,164,27012,,48,,31:14.80,,1264
105009,142,26180,,48,,31:16.10,,1264
105010,167,19387,,48,,31:21.30,,1264
105011,167,18986,,48,,31:23.60,,1264
105012,167,19002,,48,,31:26.70,,1264
105013,164,27013,,48,,31:30.50,,1264
105014,167,734,,48,,31:39.20,,1264
105015,132,18994,,48,,31:43.50,,1264
105016,166,27014,,48,,31:44.20,,1264
105017,132,27015,,48,,31:44.50,,1264
105018,164,691,,48,,31:49.00,,1264
105019,166,27016,,48,,31:53.80,,1264
105020,167,27017,,48,,31:56.50,,1264
105021,164,27018,,48,,31:57.90,,1264
105022,166,19390,,48,,31:59.30,,1264
105023,166,24464,,48,,32:20.10,,1264
105024,159,2184,,48,,32:20.90,,1264
105025,168,715,,48,,32:35.30,,1264
105026,139,27019,,48,,32:40.10,,1264
105027,167,2608,,48,,32:43.30,,1264
105028,159,27020,,48,,32:47.80,,1264
105029,164,18966,,48,,32:58.20,,1264
105030,159,27021,,48,,33:03.60,,1264
105031,167,760,,48,,33:04.00,,1264
105032,164,689,,48,,33:05.80,,1264
105033,164,721,,48,,33:06.10,,1264
105034,167,27022,,48,,33:12.40,,1264
105035,132,769,,48,,33:13.10,,1264
105036,167,19013,,48,,33:19.80,,1264
105037,164,19007,,48,,33:23.40,,1264
105038,159,25471,,48,,33:31.60,,1264
105039,159,16147,,48,,33:33.30,,1264
105040,139,19010,,48,,33:36.80,,1264
105041,164,27023,,48,,33:39.30,,1264
105042,138,16126,,48,,33:42.70,,1264
105043,142,759,,48,,33:43.80,,1264
105044,167,27024,,48,,33:45.40,,1264
105045,167,19385,,48,,33:45.90,,1264
105046,139,1589,,48,,33:49.60,,1264
105047,139,27025,,48,,33:59.40,,1264
105048,159,27026,,48,,34:24.30,,1264
105049,159,761,,48,,34:25.50,,1264
105050,142,737,,48,,34:26.10,,1264
105051,138,16127,,48,,34:27.50,,1264
105052,164,18989,,48,,34:29.40,,1264
105053,164,27027,,48,,34:31.70,,1264
105054,164,18998,,48,,34:34.90,,1264
105055,132,27028,,48,,34:35.80,,1264
105056,132,27029,,48,,34:36.30,,1264
105057,159,16133,,48,,34:41.10,,1264
105058,167,778,,48,,34:43.80,,1264
105059,138,16134,,48,,34:54.50,,1264
105060,138,27030,,48,,34:55.90,,1264
105061,139,26838,,48,,34:57.00,,1264
105062,167,19006,,48,,34:59.80,,1264
105063,139,27031,,48,,35:04.30,,1264
105064,139,27032,,48,,36:19.20,,1264
105065,139,27033,,48,,36:19.80,,1264
105066,167,19396,,48,,36:20.00,,1264
105067,159,753,,48,,36:22.90,,1264
105068,164,27034,,48,,36:23.20,,1264
105069,167,3015,,48,,36:24.30,,1264
105070,166,20441,,48,,36:39.20,,1264
105071,138,27035,,48,,36:42.10,,1264
105072,167,27036,,48,,37:14.50,,1264
105073,166,20448,,48,,37:47.90,,1264
105074,142,27037,,48,,37:48.50,,1264
105075,167,27038,,48,,38:23.30,,1264
105076,139,26840,,48,,38:29.80,,1264
105077,139,26839,,48,,38:34.20,,1264
105078,138,802,,48,,38:57.10,,1264
105079,138,776,,48,,38:57.20,,1264
105080,164,27039,,48,,39:08.30,,1264
105081,138,27040,,48,,40:02.60,,1264
105082,159,27041,,48,,40:03.50,,1264
105083,167,27042,,48,,41:43.80,,1264
105084,159,27043,,48,,41:53.90,,1264
105085,166,27044,,48,,43:49.10,,1264
105086,139,26843,,48,,44:16.90,,1264
105087,159,3175,,48,,45:01.30,,1264
105088,139,27045,,48,,45:14.40,,1264
105089,139,27046,,48,,50:43.80,,1264
105090,167,2499,,47,,22:47.60,,1264
105091,159,17920,,47,,23:33.60,,1264
105092,167,18922,,47,,23:41.20,,1264
105093,164,567,,47,,23:45.50,,1264
105094,167,570,,47,,24:01.40,,1264
105095,138,27047,,47,,24:41.40,,1264
105096,164,568,,47,,24:46.30,,1264
105097,139,7705,,47,,24:56.00,,1264
105098,167,25022,,47,,24:58.20,,1264
105099,164,27048,,47,,25:09.60,,1264
105100,167,3000,,47,,25:18.30,,1264
105101,142,27049,,47,,25:23.60,,1264
105102,167,25052,,47,,25:27.30,,1264
105103,139,27050,,47,,25:28.20,,1264
105104,159,16153,,47,,25:41.10,,1264
105105,167,19367,,47,,25:44.70,,1264
105106,159,576,,47,,25:47.00,,1264
105107,142,27051,,47,,26:05.10,,1264
105108,164,27052,,47,,26:23.90,,1264
105109,159,2700,,47,,26:26.90,,1264
105110,138,598,,47,,26:32.90,,1264
105111,166,3586,,47,,26:38.30,,1264
105112,164,27053,,47,,26:41.30,,1264
105113,139,1484,,47,,26:47.50,,1264
105114,164,27054,,47,,26:56.20,,1264
105115,139,1497,,47,,27:02.30,,1264
105116,164,18937,,47,,27:04.70,,1264
105117,164,27055,,47,,27:14.50,,1264
105118,164,18938,,47,,27:16.30,,1264
105119,167,617,,47,,27:35.00,,1264
105120,142,18930,,47,,27:50.80,,1264
105121,138,604,,47,,27:52.30,,1264
105122,142,27056,,47,,27:54.60,,1264
105123,142,27057,,47,,28:05.00,,1264
105124,164,4116,,47,,28:11.60,,1264
105125,159,583,,47,,28:18.00,,1264
105126,164,3116,,47,,28:22.20,,1264
105127,164,18932,,47,,28:31.50,,1264
105128,164,18928,,47,,28:34.50,,1264
105129,167,18931,,47,,28:36.20,,1264
105130,139,7704,,47,,28:42.30,,1264
105131,139,26830,,47,,28:50.60,,1264
105132,167,27058,,47,,28:56.30,,1264
105133,138,592,,47,,29:07.50,,1264
105134,167,27059,,47,,29:13.50,,1264
105135,166,26228,,47,,29:32.00,,1264
105136,142,27060,,47,,29:32.80,,1264
105137,159,648,,47,,30:07.60,,1264
105138,164,27061,,47,,30:16.70,,1264
105139,167,27062,,47,,30:23.10,,1264
105140,139,7706,,47,,30:29.40,,1264
105141,139,27063,,47,,30:39.60,,1264
105142,142,27064,,47,,30:45.60,,1264
105143,164,27065,,47,,30:59.20,,1264
105144,164,27066,,47,,31:13.50,,1264
105145,164,573,,47,,31:14.60,,1264
105146,159,646,,47,,31:16.00,,1264
105147,164,18950,,47,,31:17.40,,1264
105148,139,26831,,47,,31:18.50,,1264
105149,164,4115,,47,,31:23.40,,1264
105150,167,655,,47,,31:40.00,,1264
105151,164,9163,,47,,31:40.30,,1264
105152,164,18951,,47,,31:46.20,,1264
105153,164,5521,,47,,31:46.50,,1264
105154,164,24817,,47,,31:53.50,,1264
105155,164,22371,,47,,31:53.70,,1264
105156,167,27067,,47,,31:55.70,,1264
105157,167,27068,,47,,32:11.10,,1264
105158,139,27069,,47,,32:17.40,,1264
105159,138,27070,,47,,32:24.20,,1264
105160,138,27071,,47,,32:40.00,,1264
105161,138,20419,,47,,32:40.30,,1264
105162,164,27072,,47,,33:45.30,,1264
105163,164,27073,,47,,34:17.60,,1264
105164,167,18948,,47,,34:38.70,,1264
105165,139,7711,,47,,34:49.80,,1264
105166,139,27074,,47,,35:01.70,,1264
105167,139,7712,,47,,35:43.90,,1264
105168,166,19368,,47,,38:30.30,,1264
105169,167,26198,,47,,39:03.30,,1264
105170,167,27075,,47,,39:40.60,,1264
105171,167,652,,47,,40:36.20,,1264
105172,122,27076,,48,,25:49.50,,1265
105173,122,1715,,48,,26:40.60,,1265
105174,101,8004,,48,,26:47.30,,1265
105175,122,1712,,48,,26:53.00,,1265
105176,111,27077,,48,,27:00.20,,1265
105177,122,18915,,48,,27:01.20,,1265
105178,122,27078,,48,,27:02.70,,1265
105179,122,27079,,48,,27:15.90,,1265
105180,120,8006,,48,,27:17.80,,1265
105181,111,4154,,48,,27:18.70,,1265
105182,111,27080,,48,,27:56.10,,1265
105183,122,27081,,48,,28:04.00,,1265
105184,111,27082,,48,,28:33.50,,1265
105185,122,27083,,48,,28:44.60,,1265
105186,111,8009,,48,,29:48.40,,1265
105187,101,8014,,48,,30:23.50,,1265
105188,122,2803,,48,,30:27.00,,1265
105189,122,27084,,48,,30:47.00,,1265
105190,120,27085,,48,,30:48.80,,1265
105191,111,8011,,48,,30:53.90,,1265
105192,120,27086,,48,,30:57.40,,1265
105193,122,1719,,48,,31:15.50,,1265
105194,111,27087,,48,,31:18.50,,1265
105195,122,24711,,48,,31:18.80,,1265
105196,120,27088,,48,,31:21.70,,1265
105197,111,27089,,48,,31:22.10,,1265
105198,111,27090,,48,,31:42.60,,1265
105199,120,24835,,48,,31:43.30,,1265
105200,120,26894,,48,,31:43.50,,1265
105201,120,18787,,48,,32:25.10,,1265
105202,120,335,,48,,32:48.00,,1265
105203,111,317,,48,,33:13.20,,1265
105204,120,345,,48,,33:13.40,,1265
105205,101,27091,,48,,33:17.70,,1265
105206,120,344,,48,,33:25.90,,1265
105207,134,27092,,48,,33:31.80,,1265
105208,111,985,,48,,34:17.20,,1265
105209,111,27093,,48,,34:31.60,,1265
105210,111,18791,,48,,34:46.60,,1265
105211,122,27094,,48,,34:48.50,,1265
105212,122,20481,,48,,35:04.90,,1265
105213,111,27095,,48,,35:07.80,,1265
105214,120,323,,48,,35:33.80,,1265
105215,120,7691,,48,,35:34.10,,1265
105216,111,25076,,48,,36:01.60,,1265
105217,101,214,,48,,36:21.90,,1265
105218,101,8022,,48,,37:17.60,,1265
105219,111,333,,48,,37:25.30,,1265
105220,111,27096,,48,,38:25.40,,1265
105221,111,27097,,48,,38:26.10,,1265
105222,101,18739,,48,,39:18.50,,1265
105223,122,23485,,48,,39:23.90,,1265
105224,111,27098,,48,,39:56.50,,1265
105225,111,27099,,48,,42:24.60,,1265
105226,111,25077,,48,,46:45.10,,1265
105227,101,8023,,48,,49:26.30,,1265
105228,122,18911,,47,,24:31.00,,1265
105229,111,289,,47,,24:50.00,,1265
105230,111,27100,,47,,24:53.30,,1265
105231,122,27101,,47,,25:13.00,,1265
105232,122,18912,,47,,26:35.80,,1265
105233,111,302,,47,,27:10.50,,1265
105234,111,4766,,47,,27:10.70,,1265
105235,120,24832,,47,,27:11.80,,1265
105236,101,256,,47,,27:15.70,,1265
105237,111,27102,,47,,27:42.10,,1265
105238,111,27103,,47,,27:59.60,,1265
105239,111,27104,,47,,28:22.60,,1265
105240,120,26880,,47,,28:38.20,,1265
105241,120,27105,,47,,29:28.80,,1265
105242,122,23464,,47,,29:41.80,,1265
105243,120,18794,,47,,31:00.50,,1265
105244,120,26884,,47,,31:02.50,,1265
105245,120,26882,,47,,31:28.30,,1265
105246,101,27106,,47,,31:43.80,,1265
105247,111,8033,,47,,32:35.20,,1265
105248,120,26886,,47,,32:39.90,,1265
105249,120,307,,47,,33:35.10,,1265
105250,101,8034,,47,,34:37.80,,1265
105251,101,275,,47,,34:44.80,,1265
105252,120,26885,,47,,34:54.00,,1265
105253,101,18741,,47,,35:00.10,,1265
105254,120,8036,,47,,35:11.00,,1265
105255,101,27107,,47,,35:15.70,,1265
105256,120,27108,,47,,36:56.30,,1265
105257,111,8035,,47,,37:59.70,,1265
105258,172,1814,,48,,26:52.26,,1266
105259,204,23574,,48,,27:18.54,,1266
105260,204,27109,,48,,27:19.89,,1266
105261,171,27110,,48,,27:22.00,,1266
105262,227,27111,,48,,27:25.64,,1266
105263,204,903,,48,,27:28.89,,1266
105264,204,868,,48,,27:29.10,,1266
105265,188,919,,48,,27:49.13,,1266
105266,204,27112,,48,,27:50.89,,1266
105267,220,18566,,48,,27:51.14,,1266
105268,172,1817,,48,,27:54.39,,1266
105269,188,883,,48,,27:59.04,,1266
105270,188,5013,,48,,28:07.38,,1266
105271,188,25000,,48,,28:13.96,,1266
105272,171,1218,,48,,28:14.14,,1266
105273,188,885,,48,,28:23.82,,1266
105274,204,931,,48,,28:25.46,,1266
105275,204,874,,48,,28:35.83,,1266
105276,171,11389,,48,,28:43.76,,1266
105277,204,898,,48,,28:46.83,,1266
105278,171,11395,,48,,28:49.48,,1266
105279,208,27113,,48,,28:52.13,,1266
105280,196,27114,,48,,28:54.38,,1266
105281,171,1184,,48,,28:54.80,,1266
105282,188,881,,48,,29:00.62,,1266
105283,208,3207,,48,,29:09.87,,1266
105284,171,27115,,48,,29:10.87,,1266
105285,208,23576,,48,,29:17.58,,1266
105286,204,27116,,48,,29:20.12,,1266
105287,188,18879,,48,,29:33.07,,1266
105288,220,23583,,48,,29:36.12,,1266
105289,204,27117,,48,,29:36.75,,1266
105290,204,18559,,48,,29:40.03,,1266
105291,188,3543,,48,,29:48.77,,1266
105292,204,18561,,48,,29:48.98,,1266
105293,204,18564,,48,,30:02.78,,1266
105294,188,876,,48,,30:02.98,,1266
105295,204,873,,48,,30:03.80,,1266
105296,204,18562,,48,,30:09.28,,1266
105297,188,3547,,48,,30:16.43,,1266
105298,204,1874,,48,,30:25.80,,1266
105299,220,27118,,48,,30:41.29,,1266
105300,204,18565,,48,,30:41.86,,1266
105301,171,11401,,48,,30:45.63,,1266
105302,204,18577,,48,,30:50.84,,1266
105303,208,3213,,48,,30:51.62,,1266
105304,171,1228,,48,,30:56.16,,1266
105305,204,894,,48,,30:59.21,,1266
105306,172,18885,,48,,31:00.24,,1266
105307,208,3218,,48,,31:02.48,,1266
105308,204,924,,48,,31:05.34,,1266
105309,188,18878,,48,,31:06.35,,1266
105310,172,1852,,48,,31:10.37,,1266
105311,172,1837,,48,,31:26.29,,1266
105312,171,4316,,48,,31:35.60,,1266
105313,188,3062,,48,,31:38.40,,1266
105314,196,5583,,48,,31:38.85,,1266
105315,172,18883,,48,,31:43.19,,1266
105316,196,27119,,48,,31:48.09,,1266
105317,204,18563,,48,,32:01.54,,1266
105318,204,27120,,48,,32:03.10,,1266
105319,208,27121,,48,,32:05.61,,1266
105320,188,18567,,48,,32:06.65,,1266
105321,191,27122,,48,,32:15.57,,1266
105322,171,11399,,48,,32:22.53,,1266
105323,204,27123,,48,,32:29.06,,1266
105324,171,1239,,48,,32:33.75,,1266
105325,188,3855,,48,,32:34.98,,1266
105326,172,3212,,48,,32:35.10,,1266
105327,171,11393,,48,,32:41.69,,1266
105328,220,18571,,48,,32:44.52,,1266
105329,204,19631,,48,,32:48.80,,1266
105330,188,18901,,48,,33:09.42,,1266
105331,204,27124,,48,,33:14.73,,1266
105332,204,25092,,48,,33:22.09,,1266
105333,171,1283,,48,,33:23.60,,1266
105334,191,27125,,48,,33:24.26,,1266
105335,196,27126,,48,,33:25.07,,1266
105336,204,27127,,48,,33:45.49,,1266
105337,191,22568,,48,,33:49.53,,1266
105338,208,27128,,48,,33:51.77,,1266
105339,171,27129,,48,,34:06.43,,1266
105340,171,2354,,48,,34:19.84,,1266
105341,188,926,,48,,34:21.74,,1266
105342,220,18583,,48,,34:23.08,,1266
105343,204,23593,,48,,34:36.33,,1266
105344,220,18578,,48,,34:43.09,,1266
105345,196,18569,,48,,34:43.42,,1266
105346,204,5038,,48,,34:46.98,,1266
105347,204,27130,,48,,34:50.59,,1266
105348,220,18570,,48,,35:00.03,,1266
105349,171,11413,,48,,35:15.51,,1266
105350,227,27131,,48,,35:23.47,,1266
105351,208,27132,,48,,35:46.27,,1266
105352,220,18585,,48,,36:25.99,,1266
105353,208,27133,,48,,36:31.11,,1266
105354,208,5134,,48,,36:35.32,,1266
105355,204,23598,,48,,36:38.64,,1266
105356,220,26774,,48,,36:48.57,,1266
105357,188,27134,,48,,36:52.50,,1266
105358,220,27135,,48,,36:52.60,,1266
105359,188,24654,,48,,36:57.59,,1266
105360,191,18897,,48,,37:17.56,,1266
105361,204,26618,,48,,37:18.78,,1266
105362,188,27136,,48,,37:37.31,,1266
105363,220,27137,,48,,37:47.90,,1266
105364,220,27138,,48,,38:28.80,,1266
105365,204,2142,,48,,38:50.80,,1266
105366,204,964,,48,,38:52.80,,1266
105367,196,27139,,48,,39:06.73,,1266
105368,188,27140,,48,,40:55.78,,1266
105369,188,24999,,48,,40:55.90,,1266
105370,171,27141,,48,,40:56.79,,1266
105371,204,18592,,48,,41:15.22,,1266
105372,204,922,,48,,41:35.81,,1266
105373,204,27142,,48,,41:44.28,,1266
105374,204,959,,48,,43:23.27,,1266
105375,196,27143,,48,,46:05.48,,1266
105376,188,27144,,48,,46:09.75,,1266
105377,204,27145,,47,,22:33.81,,1266
105378,171,27146,,47,,22:43.43,,1266
105379,204,27147,,47,,23:13.59,,1266
105380,204,27148,,47,,23:25.35,,1266
105381,208,23543,,47,,23:26.05,,1266
105382,208,27149,,47,,23:31.85,,1266
105383,172,1735,,47,,23:43.85,,1266
105384,220,27150,,47,,23:54.53,,1266
105385,172,18828,,47,,24:09.23,,1266
105386,172,1740,,47,,24:16.77,,1266
105387,208,18264,,47,,24:26.09,,1266
105388,188,1744,,47,,24:26.73,,1266
105389,188,2087,,47,,24:34.47,,1266
105390,191,2079,,47,,24:35.48,,1266
105391,171,27151,,47,,24:39.08,,1266
105392,172,18600,,47,,24:39.84,,1266
105393,208,23542,,47,,25:00.08,,1266
105394,227,27152,,47,,25:04.63,,1266
105395,227,27153,,47,,25:04.93,,1266
105396,208,27154,,47,,25:09.52,,1266
105397,208,3185,,47,,25:11.09,,1266
105398,188,824,,47,,25:21.08,,1266
105399,204,18606,,47,,25:22.08,,1266
105400,172,18818,,47,,25:22.33,,1266
105401,188,18599,,47,,25:22.56,,1266
105402,171,11443,,47,,25:37.21,,1266
105403,188,1752,,47,,25:42.31,,1266
105404,208,27155,,47,,25:58.00,,1266
105405,196,27156,,47,,26:01.27,,1266
105406,172,1736,,47,,26:05.77,,1266
105407,204,842,,47,,26:18.58,,1266
105408,171,27157,,47,,26:32.83,,1266
105409,171,11447,,47,,26:34.92,,1266
105410,204,27158,,47,,26:59.16,,1266
105411,171,27159,,47,,27:17.08,,1266
105412,172,6870,,47,,27:19.31,,1266
105413,208,23562,,47,,27:35.82,,1266
105414,208,27160,,47,,27:37.46,,1266
105415,188,852,,47,,27:39.49,,1266
105416,204,832,,47,,27:50.51,,1266
105417,208,27161,,47,,27:51.13,,1266
105418,188,19610,,47,,27:56.02,,1266
105419,191,3198,,47,,28:03.78,,1266
105420,188,27162,,47,,28:13.77,,1266
105421,188,18854,,47,,28:18.46,,1266
105422,188,845,,47,,28:21.09,,1266
105423,188,3047,,47,,28:22.30,,1266
105424,188,27163,,47,,28:40.80,,1266
105425,204,27164,,47,,28:48.78,,1266
105426,191,27165,,47,,29:00.80,,1266
105440,161,27175,,48,,27:52.30,,1267
105441,161,24901,,48,,29:00.80,,1267
105442,161,3134,,48,,29:14.50,,1267
105443,161,2367,,48,,36:02.00,,1267
105444,161,24908,,48,,37:15.00,,1267
105445,147,27176,,48,,31:03.00,,1267
105446,147,19488,,48,,31:47.30,,1267
105447,147,27177,,48,,32:13.50,,1267
105448,147,22389,,48,,32:39.00,,1267
105449,147,1676,,47,,25:45.00,,1267
105450,147,27178,,47,,25:49.20,,1267
105451,147,3102,,47,,26:12.20,,1267
105452,147,27179,,47,,26:32.80,,1267
105453,147,27180,,47,,33:42.90,,1267
105454,161,27181,,47,,29:50.40,,1267
105455,161,2333,,47,,30:22.80,,1267
105456,161,27182,,47,,31:33.40,,1267
105459,1,19,,48,,27:17.30,,1268
105457,1,27183,,48,,26:06.10,,1268
105458,1,7,,48,,26:21.00,,1268
105460,1,9,,48,,27:30.10,,1268
105461,1,27,,48,,27:41.80,,1268
105462,1,27185,,48,,28:07.20,,1268
105463,1,27186,,48,,28:16.30,,1268
105464,1,18730,,48,,28:32.70,,1268
105465,1,471,,48,,28:46.30,,1268
105466,1,27187,,48,,29:37.90,,1268
105467,1,18736,,48,,31:05.30,,1268
105468,1,68,,17,,21:39.30,,1268
105469,1,18727,,17,,21:40.10,,1268
105470,1,72,,17,,22:02.40,,1268
105471,1,27188,,17,,22:10.30,,1268
105472,1,27189,,17,,22:25.80,,1268
105473,1,245,,17,,22:51.90,,1268
105474,1,24660,,17,,23:12.90,,1268
105475,158,27190,,17,,20:27.90,,1269
105476,158,16156,,17,,21:20.80,,1269
105477,158,27191,,17,,21:30.30,,1269
105478,158,27192,,17,,21:38.70,,1269
105479,158,2400,,17,,21:45.80,,1269
105480,158,27193,,17,,21:52.00,,1269
105481,158,16164,,17,,22:29.00,,1269
105482,158,2390,,17,,22:40.90,,1269
105483,158,2410,,17,,22:52.00,,1269
105484,158,27194,,17,,23:18.10,,1269
105517,158,16135,,17,,35:32.80,,1269
105519,158,21482,,17,,36:29.00,,1269
105520,158,27207,,17,,37:19.70,,1269
105521,158,27208,,17,,37:38.70,,1269
105522,158,27209,,17,,38:39.10,,1269
105526,158,3682,,17,,47:38.00,,1269
105529,61,8146,,48,,26:47.50,,1270
105537,59,1625,,48,,29:08.90,,1271
105539,59,2783,,48,,29:28.30,,1271
105542,59,11370,,48,,30:09.00,,1271
105544,59,4082,,48,,30:17.00,,1271
105546,59,1631,,48,,31:01.70,,1271
105547,59,27219,,48,,31:11.20,,1271
105548,59,27220,,48,,31:12.40,,1271
105549,59,27221,,48,,31:16.20,,1271
105551,59,3901,,48,,31:48.50,,1271
105552,59,27222,,48,,32:28.40,,1271
105554,59,1647,,48,,33:02.20,,1271
105557,59,11372,,48,,34:47.20,,1271
105558,59,27224,,48,,35:23.20,,1271
105560,59,11371,,48,,36:22.80,,1271
105562,59,4081,,48,,42:17.90,,1271
105563,59,19524,,47,,27:55.20,,1271
105565,59,1671,,47,,28:06.90,,1271
105568,59,1673,,47,,32:21.20,,1271
105569,59,27226,,47,,33:04.80,,1271
105485,158,16160,,17,,24:50.60,,1269
105486,158,27195,,17,,24:57.10,,1269
105487,158,2406,,17,,25:00.80,,1269
105488,158,27196,,17,,25:18.70,,1269
105489,158,27197,,17,,26:14.10,,1269
105490,158,27198,,17,,27:10.70,,1269
105491,158,2393,,17,,28:31.30,,1269
105492,158,2388,,17,,28:31.50,,1269
105493,158,27199,,17,,28:31.60,,1269
105494,158,16168,,17,,29:13.80,,1269
105495,158,27200,,17,,31:53.50,,1269
105496,158,27201,,17,,35:46.40,,1269
105497,158,2438,,17,,27:21.70,,1269
105498,158,2896,,17,,28:39.90,,1269
105499,158,16124,,17,,28:51.20,,1269
105500,158,27202,,17,,29:22.20,,1269
105501,158,2437,,17,,29:42.10,,1269
105502,158,16114,,17,,29:51.10,,1269
105503,158,27203,,17,,30:46.90,,1269
105504,158,2456,,17,,31:31.30,,1269
105505,158,16123,,17,,31:42.00,,1269
105506,158,2899,,17,,32:01.60,,1269
105507,158,3141,,17,,32:19.50,,1269
105508,158,24594,,17,,32:27.80,,1269
105509,158,2900,,17,,32:45.00,,1269
105510,158,2470,,17,,33:38.00,,1269
105511,158,2463,,17,,33:44.60,,1269
105512,158,2469,,17,,33:53.70,,1269
105513,158,27204,,17,,34:33.70,,1269
105514,158,27205,,17,,34:54.50,,1269
105515,158,2467,,17,,34:54.50,,1269
105516,158,27206,,17,,35:00.60,,1269
105518,158,16141,,17,,35:35.30,,1269
105523,158,16132,,17,,39:24.10,,1269
105524,158,27210,,17,,40:59.40,,1269
105525,158,27211,,17,,41:08.20,,1269
105527,61,2245,,47,,25:21.30,,1270
105528,61,1656,,48,,26:39.20,,1270
105530,61,2259,,48,,27:58.60,,1270
105531,61,27212,,48,,28:02.60,,1270
105532,61,27213,,48,,28:06.80,,1270
105533,61,27214,,48,,28:58.00,,1270
105534,59,27215,,48,,28:39.80,,1271
105535,59,27216,,48,,28:40.50,,1271
105536,59,27217,,48,,29:04.00,,1271
105538,59,2066,,48,,29:17.10,,1271
105540,59,24997,,48,,29:56.20,,1271
105541,59,27218,,48,,30:05.70,,1271
105543,59,1632,,48,,30:15.40,,1271
105545,59,24998,,48,,30:27.90,,1271
105550,59,4084,,48,,31:34.70,,1271
105553,59,1639,,48,,32:44.60,,1271
105555,59,1651,,48,,33:58.00,,1271
105556,59,27223,,48,,34:18.40,,1271
105559,59,2788,,48,,36:16.20,,1271
105561,59,1652,,48,,37:25.10,,1271
105564,59,2061,,47,,27:57.40,,1271
105566,59,19361,,47,,29:23.40,,1271
105567,59,27225,,47,,30:40.50,,1271
105570,59,2064,,47,,33:26.50,,1271
105571,88,27227,,47,,19:38.50,,1272
105572,88,24595,,47,,20:30.60,,1272
105573,88,3615,,47,,21:37.60,,1272
105574,167,27228,,47,,23:01.80,,1273
105575,164,567,,47,,23:10.70,,1273
105576,167,18922,,47,,23:13.10,,1273
105577,167,27229,,47,,23:47.00,,1273
105578,167,3000,,47,,24:08.40,,1273
105579,164,27052,,47,,25:02.90,,1273
105580,167,580,,47,,25:07.50,,1273
105581,167,18929,,47,,25:10.20,,1273
105582,167,25052,,47,,25:49.70,,1273
105583,167,19367,,47,,26:07.90,,1273
105584,167,27230,,47,,26:09.50,,1273
105585,164,27231,,47,,26:15.40,,1273
105586,167,27058,,47,,26:36.10,,1273
105587,167,20409,,47,,26:41.50,,1273
105588,167,27232,,47,,26:47.70,,1273
105589,167,18931,,47,,26:48.60,,1273
105590,167,655,,47,,28:14.30,,1273
105591,167,27233,,47,,28:22.80,,1273
105592,164,27234,,47,,29:16.50,,1273
105593,167,26495,,47,,31:09.70,,1273
105594,167,26198,,47,,31:14.50,,1273
105595,167,18948,,47,,31:26.50,,1273
105596,164,27065,,47,,35:04.40,,1273
105597,167,652,,47,,39:20.20,,1273
105598,167,666,,48,,24:26.60,,1273
105599,167,19375,,48,,24:29.30,,1273
105600,167,673,,48,,24:52.50,,1273
105601,167,27235,,48,,25:00.40,,1273
105602,167,466,,48,,25:05.10,,1273
105603,164,26991,,48,,25:08.70,,1273
105604,167,8108,,48,,25:11.80,,1273
105605,164,18964,,48,,25:13.80,,1273
105606,164,26993,,48,,25:37.10,,1273
105607,164,18963,,48,,25:44.70,,1273
105608,167,4303,,48,,25:51.20,,1273
105609,164,18979,,48,,25:51.60,,1273
105610,167,19384,,48,,26:10.30,,1273
105611,167,26994,,48,,26:12.90,,1273
105612,164,675,,48,,26:33.50,,1273
105613,167,717,,48,,26:40.50,,1273
105614,164,689,,48,,26:47.30,,1273
105615,164,26999,,48,,26:48.10,,1273
105616,167,695,,48,,26:51.50,,1273
105617,164,27005,,48,,27:06.50,,1273
105618,167,26998,,48,,27:06.80,,1273
105619,167,712,,48,,27:25.80,,1273
105620,167,19386,,48,,27:27.10,,1273
105621,167,704,,48,,27:30.70,,1273
105622,167,18977,,48,,27:30.80,,1273
105623,167,711,,48,,27:39.60,,1273
105624,167,742,,48,,27:40.10,,1273
105625,167,27004,,48,,27:46.70,,1273
105626,167,27002,,48,,27:58.10,,1273
105627,167,25053,,48,,28:07.70,,1273
105628,164,747,,48,,28:08.50,,1273
105629,167,27236,,48,,28:09.90,,1273
105630,164,731,,48,,28:14.40,,1273
105631,164,27237,,48,,28:23.40,,1273
105632,167,19381,,48,,28:34.60,,1273
105633,167,25056,,48,,28:48.50,,1273
105634,167,26182,,48,,28:49.60,,1273
105635,164,691,,48,,28:50.70,,1273
105636,167,19385,,48,,28:54.60,,1273
105637,167,743,,48,,28:59.00,,1273
105638,167,740,,48,,29:01.20,,1273
105639,167,19002,,48,,29:07.50,,1273
105640,167,734,,48,,29:13.10,,1273
105641,167,27022,,48,,29:15.10,,1273
105642,167,19387,,48,,29:15.90,,1273
105643,164,27018,,48,,29:24.40,,1273
105644,167,19011,,48,,29:47.00,,1273
105645,167,27238,,48,,29:58.80,,1273
105646,167,27017,,48,,30:10.30,,1273
105647,167,27024,,48,,30:19.90,,1273
105648,164,27239,,48,,30:26.00,,1273
105649,167,19013,,48,,30:50.00,,1273
105650,167,778,,48,,30:56.80,,1273
105651,167,18986,,48,,31:04.70,,1273
105652,164,700,,48,,31:04.80,,1273
105653,167,760,,48,,31:11.00,,1273
105654,167,27240,,48,,31:22.50,,1273
105655,167,19006,,48,,31:26.50,,1273
105656,164,27027,,48,,32:27.80,,1273
105657,167,19396,,48,,33:19.80,,1273
105658,167,19009,,48,,33:28.70,,1273
105659,167,27241,,48,,33:29.50,,1273
105660,167,27038,,48,,34:33.30,,1273
105661,167,27042,,48,,39:55.70,,1273
105662,124,3862,,47,,21:31.20,,1274
105663,124,23462,,47,,22:02.30,,1274
105664,124,26944,,47,,22:23.20,,1274
105665,112,404,,47,,22:42.70,,1274
105666,124,26946,,47,,23:21.30,,1274
105667,124,19448,,47,,23:26.30,,1274
105668,124,26945,,47,,23:36.40,,1274
105669,124,27242,,47,,23:40.60,,1274
105670,112,409,,47,,23:43.00,,1274
105671,112,26954,,47,,23:52.80,,1274
105672,112,26953,,47,,23:54.80,,1274
105673,124,27243,,47,,23:57.90,,1274
105674,124,26947,,47,,24:03.80,,1274
105675,107,27244,,47,,24:10.00,,1274
105676,124,27245,,47,,24:11.00,,1274
105677,124,1930,,47,,24:28.00,,1274
105678,124,11338,,47,,24:29.60,,1274
105679,112,408,,47,,24:33.80,,1274
105680,112,11341,,47,,24:36.90,,1274
105681,124,1946,,47,,24:58.90,,1274
105682,124,1953,,47,,24:59.50,,1274
105790,124,26969,,48,,27:15.80,,1274
105792,112,11301,,48,,27:27.70,,1274
105794,112,415,,48,,27:38.10,,1274
105796,112,435,,48,,27:40.20,,1274
105798,112,26979,,48,,27:46.30,,1274
105800,124,26967,,48,,27:48.50,,1274
105802,118,11303,,48,,27:50.00,,1274
105803,107,27296,,48,,27:59.00,,1274
105805,124,2005,,48,,28:11.40,,1274
105807,112,420,,48,,28:34.10,,1274
105809,118,3884,,48,,28:41.60,,1274
105810,112,27297,,48,,28:45.90,,1274
105811,112,27298,,48,,28:49.10,,1274
105812,124,27299,,48,,28:50.80,,1274
105814,112,433,,48,,29:02.50,,1274
105816,118,24720,,48,,29:07.00,,1274
105818,124,5500,,48,,29:14.80,,1274
105820,124,11308,,48,,29:33.90,,1274
105822,112,26981,,48,,29:54.30,,1274
105824,107,2032,,48,,30:06.60,,1274
105828,107,2876,,48,,30:15.70,,1274
105829,127,27302,,48,,30:15.90,,1274
105832,124,24735,,48,,30:26.30,,1274
105833,102,27304,,48,,30:43.90,,1274
105835,124,2045,,48,,30:53.50,,1274
105837,124,19426,,48,,31:11.10,,1274
105838,104,27305,,48,,31:14.00,,1274
105840,118,19422,,48,,31:19.00,,1274
105842,124,24808,,48,,31:34.20,,1274
105843,124,27306,,48,,31:38.00,,1274
105845,112,26984,,48,,31:43.40,,1274
105848,118,26848,,48,,31:48.70,,1274
105850,112,26845,,48,,31:54.80,,1274
105853,107,4848,,48,,32:06.70,,1274
105855,124,26631,,48,,32:14.40,,1274
105859,112,2036,,48,,32:26.10,,1274
105862,107,4841,,48,,32:46.80,,1274
105864,112,26987,,48,,33:10.30,,1274
105867,124,19435,,48,,33:53.30,,1274
105869,127,52,,48,,34:02.70,,1274
105870,124,27313,,48,,34:28.10,,1274
105871,119,27314,,48,,34:32.60,,1274
105872,118,27315,,48,,34:45.60,,1274
105875,104,19410,,48,,36:09.30,,1274
105876,107,27317,,48,,36:17.80,,1274
105877,102,27318,,48,,36:45.30,,1274
105880,112,2877,,48,,38:50.30,,1274
105883,107,19440,,48,,39:12.90,,1274
105884,102,27321,,48,,40:09.50,,1274
105886,119,2882,,48,,42:25.80,,1274
105888,107,19442,,48,,43:39.70,,1274
105889,118,27322,,48,,46:36.90,,1274
105791,124,24812,,48,,27:21.40,,1274
105793,124,11307,,48,,27:33.70,,1274
105795,124,24421,,48,,27:38.60,,1274
105797,124,26970,,48,,27:45.80,,1274
105799,112,26978,,48,,27:47.80,,1274
105801,124,2003,,48,,27:49.40,,1274
105804,112,417,,48,,28:03.90,,1274
105806,124,1996,,48,,28:11.70,,1274
105808,124,19424,,48,,28:35.00,,1274
105813,112,2872,,48,,28:59.90,,1274
105815,112,11319,,48,,29:06.50,,1274
105817,124,26971,,48,,29:09.30,,1274
105819,124,1997,,48,,29:24.20,,1274
105821,112,26846,,48,,29:46.60,,1274
105823,104,2020,,48,,29:55.60,,1274
105825,112,26982,,48,,30:06.90,,1274
105826,124,27300,,48,,30:10.50,,1274
105827,107,27301,,48,,30:12.50,,1274
105830,112,11315,,48,,30:23.70,,1274
105831,112,27303,,48,,30:24.50,,1274
105834,112,437,,48,,30:48.10,,1274
105836,112,26847,,48,,31:02.40,,1274
105839,118,11323,,48,,31:16.00,,1274
105841,124,2044,,48,,31:30.00,,1274
105844,112,19428,,48,,31:39.90,,1274
105846,124,19417,,48,,31:46.40,,1274
105847,124,27307,,48,,31:47.00,,1274
105849,112,25014,,48,,31:52.80,,1274
105851,112,5645,,48,,31:57.80,,1274
105852,124,27308,,48,,31:58.10,,1274
105854,124,19434,,48,,32:08.70,,1274
105856,112,19425,,48,,32:18.90,,1274
105857,124,27309,,48,,32:20.90,,1274
105858,124,27310,,48,,32:25.10,,1274
105860,112,26983,,48,,32:27.20,,1274
105861,107,27311,,48,,32:33.50,,1274
105863,102,340,,48,,33:05.60,,1274
105865,112,26849,,48,,33:45.30,,1274
105866,112,27312,,48,,33:45.80,,1274
105868,112,26986,,48,,34:01.50,,1274
105873,107,19437,,48,,34:53.90,,1274
105874,119,27316,,48,,35:47.30,,1274
105878,112,26851,,48,,36:48.00,,1274
105879,102,27319,,48,,38:04.40,,1274
105881,112,11322,,48,,39:00.40,,1274
105882,104,27320,,48,,39:12.50,,1274
105885,119,2880,,48,,41:05.20,,1274
105887,118,11325,,48,,43:04.50,,1274
105683,124,27246,,47,,25:08.70,,1274
105684,112,19449,,47,,25:09.30,,1274
105685,118,3869,,47,,25:13.60,,1274
105686,112,26956,,47,,25:20.60,,1274
105687,124,26531,,47,,25:37.80,,1274
105688,124,27247,,47,,25:41.00,,1274
105689,112,26958,,47,,25:43.50,,1274
105690,107,27248,,47,,25:45.50,,1274
105691,112,11340,,47,,25:45.60,,1274
105692,104,27249,,47,,26:03.70,,1274
105693,112,19469,,47,,26:03.80,,1274
105694,104,2832,,47,,26:09.60,,1274
105695,107,27250,,47,,26:13.50,,1274
105696,124,1954,,47,,26:15.10,,1274
105697,118,27251,,47,,26:20.50,,1274
105698,112,11342,,47,,26:22.20,,1274
105699,118,21215,,47,,26:28.00,,1274
105700,102,27252,,47,,26:31.30,,1274
105701,112,19457,,47,,26:42.50,,1274
105702,112,27253,,47,,26:42.70,,1274
105703,112,27254,,47,,26:43.30,,1274
105704,124,1952,,47,,26:48.70,,1274
105705,112,26959,,47,,26:50.40,,1274
105706,124,27255,,47,,26:52.80,,1274
105707,124,26949,,47,,27:08.10,,1274
105708,102,27256,,47,,27:09.00,,1274
105709,124,21220,,47,,27:09.60,,1274
105710,228,27257,,47,,27:09.70,,1274
105711,112,19454,,47,,27:09.80,,1274
105712,107,27258,,47,,27:11.20,,1274
105713,107,27259,,47,,27:21.30,,1274
105714,228,27260,,47,,27:28.30,,1274
105715,124,1941,,47,,27:28.60,,1274
105716,102,27261,,47,,27:29.30,,1274
105717,112,19459,,47,,27:30.90,,1274
105718,124,27262,,47,,27:32.50,,1274
105719,124,2838,,47,,27:35.70,,1274
105720,124,1929,,47,,27:37.30,,1274
105721,112,11346,,47,,27:39.80,,1274
105722,228,27263,,47,,27:46.80,,1274
105723,124,21222,,47,,27:49.50,,1274
105724,104,19463,,47,,27:52.90,,1274
105725,124,21216,,47,,27:54.80,,1274
105726,112,26960,,47,,28:01.70,,1274
105727,124,27264,,47,,28:02.20,,1274
105728,124,27265,,47,,28:02.50,,1274
105729,124,27266,,47,,28:04.00,,1274
105730,124,26950,,47,,28:04.10,,1274
105731,124,11344,,47,,28:06.10,,1274
105732,112,26962,,47,,28:14.30,,1274
105733,112,27267,,47,,28:23.10,,1274
105734,107,27268,,47,,28:23.80,,1274
105735,107,2836,,47,,28:27.60,,1274
105736,124,27269,,47,,28:33.60,,1274
105737,112,27270,,47,,28:34.80,,1274
105738,112,27271,,47,,28:35.80,,1274
105739,124,27272,,47,,28:39.40,,1274
105740,118,27273,,47,,28:47.40,,1274
105741,124,27274,,47,,28:55.20,,1274
105742,112,19465,,47,,29:02.30,,1274
105743,104,27275,,47,,29:03.00,,1274
105744,124,1971,,47,,29:06.60,,1274
105745,107,27276,,47,,29:07.60,,1274
105746,124,27277,,47,,29:14.50,,1274
105747,124,1945,,47,,29:17.20,,1274
105748,124,1966,,47,,29:17.30,,1274
105749,124,27278,,47,,29:23.30,,1274
105750,102,27279,,47,,29:33.60,,1274
105751,127,85,,47,,29:35.70,,1274
105752,124,1961,,47,,29:35.90,,1274
105753,124,26948,,47,,29:41.00,,1274
105754,124,3820,,47,,29:41.10,,1274
105755,124,26952,,47,,29:43.00,,1274
105756,124,27280,,47,,29:43.30,,1274
105757,228,27281,,47,,29:46.90,,1274
105758,228,27282,,47,,30:01.90,,1274
105759,124,1957,,47,,30:03.70,,1274
105760,124,2834,,47,,30:03.80,,1274
105761,118,11348,,47,,30:06.70,,1274
105762,112,3755,,47,,30:48.20,,1274
105763,112,27283,,47,,30:49.40,,1274
105764,112,27284,,47,,30:50.90,,1274
105765,124,27285,,47,,31:20.70,,1274
105766,127,27286,,47,,31:30.80,,1274
105767,102,27287,,47,,31:33.90,,1274
105768,104,27288,,47,,31:48.70,,1274
105769,107,27289,,47,,32:08.50,,1274
105770,107,2841,,47,,32:22.80,,1274
105771,124,27290,,47,,33:10.80,,1274
105772,124,19470,,47,,33:24.50,,1274
105773,118,27291,,47,,34:11.20,,1274
105774,124,27292,,47,,34:51.40,,1274
105775,104,1983,,47,,35:43.60,,1274
105776,124,1991,,48,,25:51.50,,1274
105778,124,27294,,48,,26:11.40,,1274
105779,124,2860,,48,,26:14.30,,1274
105780,112,11300,,48,,26:17.80,,1274
105781,124,2855,,48,,26:27.00,,1274
105782,107,2002,,48,,26:27.50,,1274
105783,124,26966,,48,,26:28.40,,1274
105784,107,27295,,48,,26:58.30,,1274
105785,124,19403,,48,,26:58.50,,1274
105786,124,19411,,48,,27:00.60,,1274
105787,112,416,,48,,27:07.20,,1274
105788,124,11302,,48,,27:10.00,,1274
105789,124,2001,,48,,27:14.80,,1274
83053,15,26005,,48,,27:05.40,,774
105890,32,27323,,17,,19:31.62,,1275
105891,60,26867,,17,,20:25.99,,1275
105892,60,3379,,17,,22:33.87,,1275
105893,60,3460,,17,,22:59.87,,1275
105894,60,3371,,17,,23:05.35,,1275
105895,60,4763,,17,,24:39.40,,1275
105896,60,27324,,17,,31:10.08,,1275
105897,60,27325,,48,,27:17.52,,1275
105898,60,26915,,48,,27:47.26,,1275
105899,32,19581,,48,,28:37.22,,1275
105900,32,18771,,48,,30:08.02,,1275
105901,32,18772,,48,,32:26.79,,1275
105902,32,19583,,48,,36:45.87,,1275
105903,32,27326,,48,,36:53.69,,1275
105904,32,27327,,48,,39:42.77,,1275
105905,4,2945,,48,,26:35.60,,1276
105906,4,2946,,48,,26:44.00,,1276
105907,4,27328,,48,,28:11.90,,1276
105908,4,90,,48,,28:13.30,,1276
105909,4,26543,,48,,28:23.90,,1276
105910,4,5787,,48,,28:28.80,,1276
105911,4,7720,,48,,28:48.40,,1276
105912,4,27329,,48,,29:47.50,,1276
105913,4,22531,,48,,29:52.60,,1276
105914,4,2925,,47,,24:41.20,,1276
105915,88,27330,,47,,20:32.30,,1272
105916,75,26990,,47,,23:04.70,,1277
105917,86,19366,,47,,23:41.80,,1277
105918,88,27331,,47,,23:50.80,,1277
105919,75,27332,,47,,24:14.00,,1277
105920,75,27333,,47,,24:19.90,,1277
105921,75,27334,,47,,24:21.30,,1277
105922,88,25675,,47,,24:37.00,,1277
105923,79,7945,,47,,24:49.80,,1277
105924,79,18934,,47,,25:04.80,,1277
105925,68,27335,,47,,25:12.50,,1277
105926,88,2509,,47,,25:16.30,,1277
105927,88,481,,47,,25:19.50,,1277
105928,75,27336,,47,,25:25.10,,1277
105929,94,27337,,47,,25:33.40,,1277
105930,88,27338,,47,,25:33.60,,1277
105931,68,27339,,47,,25:37.00,,1277
105932,86,1478,,47,,25:42.60,,1277
105933,88,7289,,47,,25:50.00,,1277
105934,79,27340,,47,,26:00.30,,1277
105935,79,20408,,47,,26:02.40,,1277
105936,88,27341,,47,,26:10.00,,1277
105937,79,7946,,47,,26:20.70,,1277
105938,75,7749,,47,,26:25.70,,1277
105939,79,26928,,47,,26:29.00,,1277
105940,94,27342,,47,,26:38.50,,1277
105941,67,25166,,47,,26:38.70,,1277
105942,88,27343,,47,,26:57.80,,1277
113939,15,26005,,48,,25:31.79,,1353
114767,15,26005,,48,Championship,27:23.40,,1357
105968,63,3429,,47,,29:52.90,,1277
105969,88,27354,,47,,29:58.90,,1277
105970,100,27355,,47,,30:06.50,,1277
105971,79,27356,,47,,30:13.00,,1277
105973,79,7947,,47,,30:56.80,,1277
105974,94,27357,,47,,31:14.90,,1277
105975,75,27358,,47,,31:15.90,,1277
105976,75,27359,,47,,31:46.20,,1277
116017,4,27946,,47,Open,25:12.60,,1357
110711,88,474,,47,,22:48.90,,1313
113868,130,27917,Fr,48,,32:34.50,,1352
116018,49,7115,,47,Open,26:51.20,,1357
116019,1,27188,,47,Open,26:54.50,,1357
116020,1,68,,47,Open,27:27.40,,1357
116021,203,27668,,47,Open,27:29.00,,1357
116022,104,27249,,47,Open,27:40.40,,1357
116023,160,1023,,47,Open,27:42.80,,1357
116024,203,18826,,47,Open,27:53.80,,1357
116025,1,245,,47,Open,28:12.60,,1357
116026,167,27230,,47,Open,28:26.20,,1357
116027,178,23549,,47,Open,28:28.80,,1357
116028,104,2832,,47,Open,28:42.80,,1357
116029,1,27189,,47,Open,28:44.20,,1357
116030,167,20409,,47,Open,29:07.00,,1357
116031,209,23548,,47,Open,29:11.80,,1357
116032,137,588,,47,Open,29:16.70,,1357
116033,164,18927,,47,Open,29:24.50,,1357
116034,164,573,,47,Open,29:41.20,,1357
116035,1,18727,,47,Open,29:46.20,,1357
116036,112,3864,,47,Open,30:03.30,,1357
116037,104,27275,,47,Open,30:24.90,,1357
116038,203,22580,,47,Open,30:42.20,,1357
116039,137,2384,,47,Open,30:44.90,,1357
116040,137,27854,,47,Open,30:45.20,,1357
116041,137,623,,47,Open,30:53.10,,1357
116042,1,27969,,47,Open,30:59.50,,1357
116043,161,27181,,47,Open,31:28.90,,1357
116044,1,24660,,47,Open,31:32.70,,1357
116045,169,11362,,47,Open,31:35.30,,1357
116046,159,648,,47,Open,31:47.40,,1357
116047,137,16163,,47,Open,31:59.70,,1357
116048,152,2423,,47,Open,32:09.20,,1357
116049,137,589,,47,Open,32:44.80,,1357
116050,152,22367,,47,Open,33:13.60,,1357
116051,159,5682,,47,Open,35:05.80,,1357
116052,137,27871,,47,Open,36:09.50,,1357
116053,169,26828,,47,Open,38:31.00,,1357
116054,137,27870,,47,Open,40:09.90,,1357
116055,104,1983,,47,Open,41:29.30,,1357
116056,132,569,,47,Open,41:29.60,,1357
116057,152,2418,,47,Open,45:02.90,,1357
116059,1,27185,,47,Open,21:29.30,,1357
116061,178,1818,,47,Open,21:52.20,,1357
116063,104,19410,,47,Open,22:05.30,,1357
116065,167,702,,47,Open,22:14.10,,1357
116067,164,18963,,47,Open,22:42.50,,1357
116068,1,29345,,47,Open,22:50.10,,1357
116070,161,27456,,47,Open,22:58.30,,1357
106083,88,27401,,48,,34:24.80,,1277
106086,79,25853,,48,,35:03.50,,1277
106092,79,2606,,48,,36:19.30,,1277
106094,86,11512,,48,,36:43.30,,1277
106098,94,5358,,48,,37:37.30,,1277
106101,88,11521,,48,,39:13.10,,1277
106104,79,4585,,48,,41:33.40,,1277
106105,100,27411,,48,,42:42.30,,1277
106107,86,1612,,48,,43:28.60,,1277
106112,90,23458,,48,,47:46.60,,1277
106113,90,27415,,48,,58:36.30,,1277
111184,118,3869,,17,,20:27.50,,1322
111185,118,27251,,17,,21:31.80,,1322
111186,118,27273,,17,,23:32.60,,1322
111187,118,11348,,17,,24:06.40,,1322
111188,118,27291,,17,,26:30.80,,1322
111189,118,3884,,49,,22:32.70,,1322
111190,118,11323,,49,,24:35.00,,1322
111191,118,26848,,49,,25:08.30,,1322
116058,165,395,,47,Open,20:45.30,,1357
116060,167,4303,,47,Open,21:43.80,,1357
116062,165,27451,,47,Open,21:54.40,,1357
116064,164,689,,47,Open,22:08.90,,1357
116066,167,2539,,47,Open,22:35.70,,1357
116069,159,4365,,47,Open,22:53.50,,1357
116071,159,5565,,47,Open,23:21.00,,1357
105943,75,4545,,47,,26:59.00,,1277
105944,75,1494,,47,,27:00.10,,1277
105945,68,27344,,47,,27:01.50,,1277
105946,88,27345,,47,,27:01.80,,1277
105947,75,7751,,47,,27:13.50,,1277
105948,88,11465,,47,,27:26.40,,1277
105949,88,27346,,47,,27:33.20,,1277
105950,88,27347,,47,,27:36.30,,1277
105951,75,7753,,47,,27:36.90,,1277
105952,94,2507,,47,,27:44.20,,1277
105953,79,18942,,47,,27:58.60,,1277
105954,75,4555,,47,,28:06.10,,1277
105955,86,11458,,47,,28:24.10,,1277
105956,88,27348,,47,,28:30.90,,1277
105957,86,4550,,47,,28:38.60,,1277
105958,88,27349,,47,,28:39.00,,1277
105959,68,27350,,47,,28:53.10,,1277
105960,94,2518,,47,,28:58.20,,1277
105961,88,27351,,47,,29:04.80,,1277
105962,86,11470,,47,,29:10.60,,1277
105963,79,27352,,47,,29:14.30,,1277
105964,88,26539,,47,,29:19.20,,1277
105965,75,27353,,47,,29:40.10,,1277
105966,86,4549,,47,,29:43.40,,1277
105967,94,2508,,47,,29:48.30,,1277
105972,79,18955,,47,,30:20.60,,1277
105977,86,11467,,47,,32:05.80,,1277
105978,94,27360,,47,,32:10.60,,1277
105979,229,27361,,47,,32:13.80,,1277
105980,67,27362,,47,,32:14.30,,1277
105981,67,27363,,47,,32:14.50,,1277
105982,79,490,,47,,32:18.00,,1277
105983,90,27364,,47,,32:24.20,,1277
105984,67,27365,,47,,32:25.60,,1277
105985,86,27366,,47,,32:33.40,,1277
105986,88,11469,,47,,33:10.90,,1277
105987,88,27367,,47,,33:48.50,,1277
105988,142,27368,,47,,34:13.00,,1277
105989,88,11478,,47,,35:05.60,,1277
105990,88,27369,,47,,35:40.70,,1277
105991,86,19371,,47,,35:47.00,,1277
105992,86,1513,,47,,35:58.80,,1277
105993,86,27370,,47,,36:03.50,,1277
105994,90,27371,,47,,36:11.20,,1277
105995,88,11474,,47,,39:02.60,,1277
105996,88,504,,48,,26:44.80,,1277
105997,88,26109,,48,,27:17.70,,1277
105998,75,27372,,48,,27:23.00,,1277
105999,75,1535,,48,,27:29.40,,1277
106000,86,23446,,48,,27:33.60,,1277
106001,88,2553,,48,,27:34.10,,1277
106002,86,1558,,48,,27:40.90,,1277
106003,75,7725,,48,,27:50.20,,1277
106004,75,27373,,48,,27:59.20,,1277
106005,75,5571,,48,,28:02.00,,1277
106006,79,20429,,48,,28:04.30,,1277
106007,75,7724,,48,,28:09.00,,1277
106008,86,27374,,48,,28:09.80,,1277
106009,79,506,,48,,28:10.40,,1277
106010,79,27375,,48,,28:11.90,,1277
106011,66,27376,,48,,28:15.80,,1277
106012,79,26920,,48,,28:25.20,,1277
106013,79,27377,,48,,28:27.00,,1277
106014,75,7726,,48,,28:29.90,,1277
106015,75,7721,,48,,28:31.40,,1277
106016,90,27378,,48,,28:31.80,,1277
106017,75,23418,,48,,28:32.70,,1277
106018,142,27379,,48,,28:38.50,,1277
106019,68,11482,,48,,28:51.20,,1277
106020,79,7950,,48,,28:56.70,,1277
106021,90,531,,48,,28:57.90,,1277
106022,67,25173,,48,,29:00.40,,1277
106023,75,23414,,48,,29:03.50,,1277
106024,86,18745,,48,,29:03.90,,1277
106025,88,507,,48,,29:09.70,,1277
106026,67,27380,,48,,29:11.90,,1277
106027,88,513,,48,,29:12.60,,1277
106028,90,23423,,48,,29:21.10,,1277
106029,75,27381,,48,,29:22.00,,1277
106030,79,515,,48,,29:22.10,,1277
106031,88,27382,,48,,29:26.70,,1277
106032,88,27383,,48,,29:30.90,,1277
106033,88,530,,48,,29:34.60,,1277
106034,88,27384,,48,,29:35.80,,1277
106035,88,11483,,48,,29:38.00,,1277
106036,88,11490,,48,,29:38.10,,1277
106037,88,24596,,48,,29:38.20,,1277
111192,165,393,,48,,28:02.50,,1323
111193,165,394,,48,,28:15.40,,1323
111194,165,2174,,48,,28:51.90,,1323
111195,165,21203,,48,,30:29.30,,1323
111196,165,8110,,48,,30:55.70,,1323
111197,165,21205,,48,,38:27.00,,1323
106038,75,27385,,48,,29:42.70,,1277
106039,88,18974,,48,,29:44.70,,1277
106040,75,2582,,48,,29:48.90,,1277
106041,86,1536,,48,,29:54.50,,1277
106042,88,11485,,48,,29:57.30,,1277
106043,75,2563,,48,,30:09.80,,1277
106044,68,518,,48,,30:21.40,,1277
106045,79,523,,48,,30:24.60,,1277
106046,90,27386,,48,,30:25.30,,1277
106047,75,7735,,48,,30:29.20,,1277
106048,90,2566,,48,,30:36.60,,1277
106049,88,539,,48,,30:40.50,,1277
106050,88,24595,,48,,30:40.60,,1277
106051,79,27387,,48,,30:51.30,,1277
106052,94,27388,,48,,30:56.10,,1277
106053,94,27389,,48,,30:59.70,,1277
106054,94,27390,,48,,31:11.80,,1277
106055,88,11493,,48,,31:12.10,,1277
106056,75,1562,,48,,31:12.40,,1277
106057,88,27391,,48,,31:18.30,,1277
106058,88,3092,,48,,31:23.60,,1277
106059,79,7953,,48,,31:24.00,,1277
106060,142,26180,,48,,31:29.80,,1277
106061,90,552,,48,,31:40.00,,1277
106062,90,11507,,48,,31:40.40,,1277
106063,100,27392,,48,,31:43.80,,1277
106064,86,27393,,48,,31:50.70,,1277
106065,79,26924,,48,,32:13.60,,1277
106066,75,27394,,48,,32:13.70,,1277
106067,79,26089,,48,,32:21.90,,1277
106068,68,11499,,48,,32:24.10,,1277
106069,86,3012,,48,,32:44.00,,1277
106070,88,5828,,48,,32:44.20,,1277
106071,79,27395,,48,,32:49.90,,1277
106072,88,27396,,48,,32:57.90,,1277
106073,86,2586,,48,,33:15.80,,1277
106074,90,25172,,48,,33:20.20,,1277
106075,67,27397,,48,,33:27.80,,1277
106076,88,2596,,48,,33:40.80,,1277
106077,67,27398,,48,,33:50.80,,1277
106078,63,27399,,48,,33:55.20,,1277
106079,79,26925,,48,,34:01.70,,1277
106080,88,551,,48,,34:05.80,,1277
106081,79,18975,,48,,34:10.20,,1277
106082,63,27400,,48,,34:16.90,,1277
106084,79,7954,,48,,34:35.90,,1277
106085,94,27402,,48,,34:53.30,,1277
106087,90,11510,,48,,35:16.80,,1277
106088,79,27403,,48,,35:19.40,,1277
106089,68,27404,,48,,35:33.90,,1277
106090,142,27405,,48,,35:59.00,,1277
106091,90,27406,,48,,36:02.90,,1277
106093,86,1597,,48,,36:22.10,,1277
106095,79,2559,,48,,36:54.30,,1277
106096,68,27407,,48,,37:19.00,,1277
106097,229,27408,,48,,37:20.30,,1277
106099,86,19397,,48,,37:58.10,,1277
106100,94,27409,,48,,38:57.00,,1277
106102,94,11508,,48,,39:57.40,,1277
106103,94,27410,,48,,39:57.20,,1277
106106,79,25849,,48,,42:49.90,,1277
106108,94,11528,,48,,43:56.90,,1277
106109,100,27412,,48,,44:07.50,,1277
106110,86,27413,,48,,44:16.60,,1277
106111,90,27414,,48,,47:38.10,,1277
111203,88,24595,,48,,26:29.30,,1325
111198,226,23500,,48,,33:28.90,,1324
111199,226,28499,,48,,33:39.20,,1324
111200,226,23506,,48,,34:03.50,,1324
111201,226,28500,,47,,26:30.60,,1324
111202,226,28501,,47,,26:55.50,,1324
116073,164,731,,47,Open,23:35.00,,1357
116075,164,19007,,47,Open,23:54.10,,1357
116077,164,721,,47,Open,24:04.90,,1357
116079,167,2540,,47,Open,24:24.70,,1357
116088,112,434,,47,Open,25:10.80,,1357
116090,178,1869,,47,Open,25:59.20,,1357
116092,1,471,,47,Open,26:57.20,,1357
116093,159,29346,,47,Open,27:19.40,,1357
116095,164,786,,47,Open,27:33.30,,1357
116097,137,787,,47,Open,28:03.20,,1357
116099,137,27849,,47,Open,28:36.20,,1357
116101,152,16142,,47,Open,28:52.70,,1357
116104,164,19001,,47,Open,30:27.40,,1357
116106,104,2051,,47,Open,33:25.20,,1357
116108,112,427,,47,Open,36:49.40,,1357
116110,152,2489,,47,Open,41:20.20,,1357
111204,96,27746,,47,,20:22.00,,1326
111205,96,4655,,47,,24:29.00,,1326
111206,96,25098,,47,,24:29.00,,1326
111207,96,18760,,47,,24:59.00,,1326
111208,96,4656,,47,,25:46.00,,1326
111209,96,28502,,47,,25:52.00,,1326
111210,96,26938,,47,,26:15.00,,1326
111211,96,26937,,47,,26:16.00,,1326
111212,96,358,,47,,27:07.00,,1326
111213,96,3431,,47,,27:49.00,,1326
111214,96,26942,,47,,28:10.00,,1326
111215,96,26940,,47,,28:10.00,,1326
111216,96,26941,,47,,28:45.00,,1326
111217,96,360,,47,,29:00.00,,1326
111218,96,26939,,47,,30:15.00,,1326
111219,96,27748,,47,,30:25.00,,1326
111220,96,364,,48,,27:50.00,,1326
111221,96,1552,,48,,28:34.00,,1326
111222,96,26020,,48,,28:48.00,,1326
111223,96,26931,,48,,29:01.00,,1326
111224,96,27744,,48,,29:21.00,,1326
111225,96,368,,48,,30:04.00,,1326
111226,96,367,,48,,30:10.00,,1326
111227,96,363,,48,,30:16.00,,1326
111228,96,26932,,48,,30:25.00,,1326
111229,96,370,,48,,30:38.00,,1326
111230,96,27745,,48,,30:53.00,,1326
111231,96,8001,,48,,31:26.00,,1326
111232,96,371,,48,,31:43.00,,1326
111233,96,26933,,48,,32:49.00,,1326
111234,96,18752,,48,,32:56.00,,1326
111235,96,26934,,48,,33:30.00,,1326
116072,79,23443,,47,Open,23:22.40,,1357
116074,112,5645,,47,Open,23:45.40,,1357
116076,104,27305,,47,Open,23:57.50,,1357
116078,96,371,,47,Open,24:08.10,,1357
116080,178,23594,,47,Open,24:31.30,,1357
116081,112,3336,,47,Open,24:35.40,,1357
116082,205,25891,,47,Open,24:42.70,,1357
116083,100,11502,,47,Open,24:44.80,,1357
116084,164,19003,,47,Open,24:55.20,,1357
116085,112,26847,,47,Open,24:58.90,,1357
116086,164,4431,,47,Open,25:03.40,,1357
116087,159,16115,,47,Open,25:08.10,,1357
116089,152,27915,,47,Open,25:13.10,,1357
116091,49,2263,,47,Open,26:51.50,,1357
116094,112,28298,,47,Open,27:22.80,,1357
116096,169,4732,,47,Open,28:02.00,,1357
116098,169,3166,,47,Open,28:26.70,,1357
116100,159,3175,,47,Open,28:46.10,,1357
116102,137,5408,,47,Open,29:49.50,,1357
116103,130,29347,,47,Open,30:00.50,,1357
116105,104,24649,,47,Open,31:55.90,,1357
116107,152,2465,,47,Open,33:46.90,,1357
116109,160,1434,,47,Open,36:57.00,,1357
106193,147,19486,,48,,28:30.61,,1278
106195,161,3134,,48,,28:43.44,,1278
106196,165,27452,,48,,28:45.94,,1278
106200,150,1234,,48,,29:14.51,,1278
106204,196,27119,,48,,29:41.96,,1278
106207,147,19488,,48,,29:59.15,,1278
106209,165,24906,,48,,30:18.46,,1278
106217,196,5583,,48,,30:55.59,,1278
106218,165,27464,,48,,30:57.03,,1278
106219,178,27465,,48,,31:14.89,,1278
106221,150,1290,,48,,31:19.61,,1278
106222,150,27466,,48,,31:27.08,,1278
106223,150,27467,,48,,31:28.52,,1278
106226,165,22392,,48,,32:09.32,,1278
106227,178,27469,,48,,32:15.64,,1278
106229,196,5025,,48,,32:34.95,,1278
106230,165,27470,,48,,32:35.57,,1278
106232,196,18569,,48,,33:08.42,,1278
106233,161,27471,,48,,33:13.62,,1278
106235,196,25915,,48,,33:27.04,,1278
106236,147,27472,,48,,33:31.35,,1278
106237,150,27473,,48,,33:52.66,,1278
106238,150,27474,,48,,34:20.06,,1278
106239,147,27475,,48,,34:20.78,,1278
106240,150,27476,,48,,34:26.40,,1278
106242,178,3082,,48,,34:38.63,,1278
106243,196,27477,,48,,34:43.95,,1278
106251,196,27143,,48,,44:55.95,,1278
106114,165,384,,47,,23:32.93,,1278
106115,178,1725,,47,,23:37.60,,1278
106116,147,3097,,47,,24:37.21,,1278
106117,178,1754,,47,,24:38.23,,1278
106118,147,1676,,47,,24:57.88,,1278
106119,178,1764,,47,,25:01.27,,1278
106120,178,27416,,47,,25:03.99,,1278
106121,178,27417,,47,,25:13.74,,1278
106122,165,27418,,47,,25:30.46,,1278
106123,147,3102,,47,,25:30.68,,1278
106124,150,27419,,47,,25:36.13,,1278
106125,178,27420,,47,,25:39.86,,1278
106126,178,27421,,47,,25:40.11,,1278
106127,178,18819,,47,,25:45.05,,1278
106128,150,27422,,47,,25:48.80,,1278
106129,196,819,,47,,25:49.25,,1278
106130,178,1743,,47,,26:04.87,,1278
106131,178,3179,,47,,26:06.20,,1278
106132,147,27178,,47,,26:07.61,,1278
106133,178,3032,,47,,26:09.72,,1278
106134,161,22363,,47,,26:27.08,,1278
106135,178,1746,,47,,26:29.12,,1278
106136,147,27179,,47,,26:31.90,,1278
106137,178,18816,,47,,26:36.82,,1278
106138,178,24963,,47,,26:42.44,,1278
106139,196,18601,,47,,26:52.76,,1278
106140,196,834,,47,,27:03.49,,1278
106141,178,27423,,47,,27:09.90,,1278
106142,196,27156,,47,,27:26.19,,1278
106143,147,2323,,47,,27:42.36,,1278
106144,147,27424,,47,,28:15.70,,1278
106145,161,27425,,47,,28:19.30,,1278
106146,147,27426,,47,,28:25.54,,1278
106147,150,27427,,47,,28:41.07,,1278
106148,178,27428,,47,,28:47.19,,1278
106149,161,27182,,47,,28:54.66,,1278
106150,147,27429,,47,,29:02.55,,1278
106151,147,27430,,47,,29:05.45,,1278
106152,161,27181,,47,,29:08.68,,1278
106153,165,27431,,47,,29:08.75,,1278
106154,150,18698,,47,,29:21.64,,1278
106155,161,2333,,47,,29:24.74,,1278
106156,147,27432,,47,,30:10.50,,1278
106157,147,27433,,47,,30:11.04,,1278
106158,150,2330,,47,,30:13.09,,1278
106159,147,22365,,47,,31:14.42,,1278
106160,178,27434,,47,,31:31.40,,1278
106161,178,23554,,47,,31:54.49,,1278
106162,150,27435,,47,,32:02.02,,1278
106163,196,27166,,47,,32:04.80,,1278
106164,178,27436,,47,,32:35.05,,1278
106165,150,27437,,47,,33:32.67,,1278
106166,196,27438,,47,,33:36.82,,1278
106167,150,27439,,47,,33:51.45,,1278
106168,147,27180,,47,,33:55.29,,1278
106169,178,18837,,47,,35:15.95,,1278
106170,147,27440,,47,,35:23.45,,1278
106171,178,27441,,47,,40:19.32,,1278
106172,178,27442,,47,,1:23:30.00,,1278
106173,196,27443,,48,,25:38.28,,1278
106174,178,1815,,48,,26:02.81,,1278
106175,178,27444,,48,,26:13.14,,1278
106176,178,18865,,48,,26:30.79,,1278
106177,150,27445,,48,,26:32.06,,1278
106178,150,27446,,48,,26:33.41,,1278
106179,178,1811,,48,,26:47.30,,1278
106180,161,27175,,48,,27:01.17,,1278
106181,165,394,,48,,27:06.83,,1278
106182,178,27447,,48,,27:13.15,,1278
106183,178,27448,,48,,27:24.82,,1278
106184,196,27114,,48,,27:41.61,,1278
106185,161,24901,,48,,27:45.26,,1278
106186,178,27449,,48,,27:48.62,,1278
106187,165,2174,,48,,28:00.22,,1278
106188,147,27177,,48,,28:08.03,,1278
106189,165,395,,48,,28:10.81,,1278
106190,150,27450,,48,,28:23.81,,1278
106191,178,1818,,48,,28:28.36,,1278
106192,165,27451,,48,,28:28.80,,1278
106194,178,1853,,48,,28:37.57,,1278
106197,147,27176,,48,,28:56.58,,1278
106198,147,27453,,48,,28:59.50,,1278
106199,178,27454,,48,,29:13.73,,1278
106201,147,22389,,48,,29:17.26,,1278
106202,178,27455,,48,,29:18.02,,1278
106203,161,27456,,48,,29:19.78,,1278
106205,178,18867,,48,,29:47.08,,1278
106206,161,27457,,48,,29:47.88,,1278
106208,178,1833,,48,,30:03.04,,1278
106210,178,1870,,48,,30:27.13,,1278
106211,178,27458,,48,,30:28.22,,1278
106212,150,27459,,48,,30:30.82,,1278
106213,150,27460,,48,,30:41.64,,1278
106214,178,27461,,48,,30:45.11,,1278
106215,178,27462,,48,,30:46.36,,1278
106216,165,27463,,48,,30:48.63,,1278
106220,178,23594,,48,,31:17.52,,1278
106224,196,27126,,48,,31:44.29,,1278
106225,150,27468,,48,,32:08.74,,1278
106228,161,24908,,48,,32:21.22,,1278
106231,150,1287,,48,,32:55.96,,1278
106234,150,1269,,48,,33:21.27,,1278
106241,165,21205,,48,,34:34.46,,1278
106244,196,27139,,48,,36:01.94,,1278
106245,178,27478,,48,,36:02.83,,1278
106246,196,27479,,48,,37:06.42,,1278
106247,150,27480,,48,,37:21.49,,1278
106248,165,27481,,48,,38:01.43,,1278
106249,150,27482,,48,,39:06.78,,1278
106250,161,27483,,48,,39:16.21,,1278
106252,169,1198,,48,,25:54.60,,1279
106253,146,26627,,48,,25:56.00,,1279
106254,141,27484,,48,,26:43.00,,1279
106255,162,27485,,48,,26:43.80,,1279
106256,162,27486,,48,,26:46.30,,1279
106257,171,1184,,48,,26:54.90,,1279
106258,162,3787,,48,,26:59.10,,1279
106259,146,1216,,48,,27:02.80,,1279
106260,146,11381,,48,,27:03.10,,1279
106261,146,11380,,48,,27:09.30,,1279
106262,146,1195,,48,,27:15.20,,1279
106263,131,27487,,48,,27:18.10,,1279
106264,146,22385,,48,,27:22.20,,1279
106265,162,1704,,48,,27:24.40,,1279
106266,141,27488,,48,,27:26.20,,1279
106267,169,2442,,48,,27:33.10,,1279
106268,171,11389,,48,,27:34.00,,1279
106269,169,20766,,48,,27:34.80,,1279
106270,141,27489,,48,,27:36.10,,1279
106271,162,3169,,48,,27:36.90,,1279
106272,146,11386,,48,,27:41.30,,1279
106273,171,11395,,48,,27:42.10,,1279
106274,169,22390,,48,,28:00.40,,1279
106275,169,27490,,48,,28:01.40,,1279
106276,162,27491,,48,,28:07.50,,1279
106277,162,1289,,48,,28:09.80,,1279
106278,160,1213,,48,,28:14.10,,1279
106279,146,27492,,48,,28:18.90,,1279
106280,131,27493,,48,,28:19.10,,1279
106281,146,27494,,48,,28:24.40,,1279
106282,146,1208,,48,,28:27.00,,1279
106283,169,1295,,48,,28:27.70,,1279
106284,146,1254,,48,,28:29.90,,1279
106285,146,11402,,48,,28:40.00,,1279
106286,131,1231,,48,,28:47.50,,1279
106287,146,1703,,48,,28:48.90,,1279
106288,169,7641,,48,,28:53.10,,1279
106289,162,27495,,48,,28:56.40,,1279
106290,146,27496,,48,,28:59.20,,1279
106291,169,26819,,48,,29:00.70,,1279
106292,146,1273,,48,,29:01.30,,1279
106293,146,1205,,48,,29:08.00,,1279
106294,169,26818,,48,,29:09.10,,1279
106295,162,1266,,48,,29:10.70,,1279
106296,160,11406,,48,,29:22.90,,1279
106696,172,27656,,17,,22:49.00,,1281
106698,172,1750,,17,,22:51.00,,1281
106703,180,1779,,17,,23:05.00,,1281
106704,188,27660,,17,,23:08.00,,1281
106706,203,1769,,17,,23:23.00,,1281
106707,176,27661,,17,,23:25.00,,1281
106708,174,27662,,17,,23:26.00,,1281
106709,209,27663,,17,,23:27.00,,1281
106710,203,27664,,17,,23:29.00,,1281
106711,176,27665,,17,,23:30.00,,1281
106717,188,3047,,17,,23:54.00,,1281
106721,173,18843,,17,,24:05.00,,1281
106723,188,18854,,17,,24:10.00,,1281
106724,209,27672,,17,,24:14.00,,1281
106726,188,845,,17,,24:20.00,,1281
106697,199,17562,,17,,22:50.00,,1281
106699,199,1771,,17,,22:51.00,,1281
106700,188,27657,,17,,22:55.00,,1281
106701,172,27658,,17,,23:00.00,,1281
106297,160,2460,,48,,29:35.50,,1279
106298,146,1251,,48,,29:40.60,,1279
106299,162,11358,,48,,29:44.70,,1279
106300,131,24859,,48,,29:49.10,,1279
106301,171,11401,,48,,29:50.40,,1279
106302,141,1401,,48,,29:57.70,,1279
106303,141,27497,,48,,29:59.70,,1279
106304,169,4732,,48,,30:00.40,,1279
106305,162,4397,,48,,30:03.90,,1279
106306,171,1228,,48,,30:06.40,,1279
106307,171,27498,,48,,30:17.10,,1279
106308,162,27499,,48,,30:19.00,,1279
106309,162,19496,,48,,30:33.00,,1279
106310,162,3790,,48,,30:35.10,,1279
106311,171,1239,,48,,30:46.20,,1279
106312,131,27500,,48,,30:54.90,,1279
106313,162,27501,,48,,30:56.90,,1279
106314,162,27502,,48,,31:04.80,,1279
106315,162,21234,,48,,31:29.40,,1279
106316,146,1278,,48,,31:32.90,,1279
106317,141,27503,,48,,31:49.00,,1279
106318,169,26820,,48,,31:52.90,,1279
106319,169,26821,,48,,31:53.00,,1279
106320,171,27504,,48,,31:57.30,,1279
106321,146,11390,,48,,31:58.20,,1279
106322,171,11393,,48,,32:00.00,,1279
106323,153,27505,,48,,32:00.00,,1279
106324,160,11422,,48,,32:00.10,,1279
106325,171,2354,,48,,32:04.50,,1279
106326,146,1188,,48,,32:26.30,,1279
106327,146,1225,,48,,32:36.90,,1279
106328,153,11407,,48,,32:40.00,,1279
106329,146,27506,,48,,32:40.30,,1279
106330,160,11408,,48,,32:42.20,,1279
106331,146,1299,,48,,32:59.50,,1279
106332,169,7644,,48,,32:59.80,,1279
106333,160,27507,,48,,33:02.40,,1279
106334,146,1395,,48,,33:08.10,,1279
106335,146,1382,,48,,33:12.70,,1279
106336,146,5271,,48,,33:14.40,,1279
106337,160,1304,,48,,33:27.90,,1279
106338,146,19482,,48,,33:30.30,,1279
106339,146,1325,,48,,33:31.20,,1279
106340,162,1284,,48,,33:45.60,,1279
106341,162,1324,,48,,33:49.60,,1279
106342,146,1415,,48,,33:50.00,,1279
106343,146,27508,,48,,34:02.80,,1279
106344,171,11413,,48,,34:04.20,,1279
106345,171,4315,,48,,34:09.50,,1279
106346,146,1341,,48,,34:11.50,,1279
106347,162,27509,,48,,34:23.60,,1279
106348,131,27510,,48,,35:04.10,,1279
106349,162,27511,,48,,35:17.40,,1279
106350,141,22404,,48,,35:37.20,,1279
106351,160,11421,,48,,36:23.40,,1279
106352,146,1334,,48,,36:26.20,,1279
106353,162,27512,,48,,36:54.30,,1279
106354,162,27513,,48,,38:10.60,,1279
106355,162,1366,,48,,38:13.40,,1279
106356,146,11418,,48,,39:11.60,,1279
106357,169,26822,,48,,40:01.70,,1279
106358,160,27514,,48,,40:32.60,,1279
106359,141,27515,,48,,41:50.90,,1279
106360,131,27516,,48,,42:30.50,,1279
106361,160,27517,,48,,43:15.10,,1279
106362,162,27518,,48,,43:25.40,,1279
106363,162,3500,,48,,47:22.90,,1279
106364,162,19498,,48,,49:06.20,,1279
106365,169,20764,,47,,23:30.10,,1279
106366,141,27519,,47,,23:33.30,,1279
106367,131,1001,,47,,23:42.60,,1279
106368,162,1049,,47,,23:57.10,,1279
106369,162,1008,,47,,24:00.80,,1279
106370,146,1033,,47,,24:28.90,,1279
106371,162,27520,,47,,24:36.10,,1279
106372,146,2678,,47,,24:41.00,,1279
106373,146,1021,,47,,24:51.50,,1279
106374,162,21219,,47,,25:03.90,,1279
106375,141,27521,,47,,25:11.30,,1279
106376,146,11428,,47,,25:14.50,,1279
106377,169,26823,,47,,25:15.50,,1279
106378,162,27522,,47,,25:33.50,,1279
106379,162,27523,,47,,25:41.10,,1279
106380,146,27524,,47,,25:53.40,,1279
106381,146,1050,,47,,26:00.80,,1279
106382,146,1004,,47,,26:05.90,,1279
106383,146,27525,,47,,26:13.90,,1279
106384,162,27526,,47,,26:22.60,,1279
106385,162,22366,,47,,26:43.00,,1279
106386,171,1045,,47,,26:44.60,,1279
106387,162,27527,,47,,26:44.70,,1279
106388,162,27528,,47,,26:48.70,,1279
106389,160,27529,,47,,26:50.10,,1279
106390,141,27530,,47,,26:52.30,,1279
106391,146,1060,,47,,27:05.50,,1279
106392,169,24666,,47,,27:07.70,,1279
106393,146,24961,,47,,27:16.60,,1279
106394,162,27531,,47,,27:16.70,,1279
106395,141,27532,,47,,27:22.50,,1279
106396,169,26825,,47,,27:30.80,,1279
106397,169,11362,,47,,27:38.20,,1279
106398,146,11437,,47,,27:39.30,,1279
106399,171,11447,,47,,27:46.60,,1279
106400,171,23550,,47,,27:53.60,,1279
106401,162,27533,,47,,28:01.00,,1279
106402,160,20420,,47,,28:10.40,,1279
106403,162,27534,,47,,28:16.60,,1279
106404,146,11448,,47,,28:18.70,,1279
106405,162,27535,,47,,28:33.70,,1279
106406,146,1097,,47,,28:36.60,,1279
106407,146,11440,,47,,28:38.40,,1279
106408,171,27159,,47,,28:41.40,,1279
106409,169,2420,,47,,28:51.70,,1279
106410,146,1052,,47,,28:53.90,,1279
106411,146,27536,,47,,28:54.30,,1279
106412,146,1687,,47,,28:55.30,,1279
106413,146,11438,,47,,28:56.60,,1279
106414,162,27537,,47,,28:57.50,,1279
106415,162,1078,,47,,29:01.40,,1279
106416,162,27538,,47,,29:03.30,,1279
106417,162,27539,,47,,29:04.00,,1279
106418,169,26824,,47,,29:12.30,,1279
106419,146,27540,,47,,29:24.10,,1279
106420,146,24603,,47,,29:36.50,,1279
106421,146,27541,,47,,29:39.20,,1279
106422,141,27542,,47,,29:39.80,,1279
106423,162,27543,,47,,29:40.10,,1279
106424,169,26826,,47,,29:50.00,,1279
106425,146,1057,,47,,29:59.20,,1279
106426,162,27544,,47,,30:08.40,,1279
106427,153,27545,,47,,30:11.30,,1279
106428,162,1028,,47,,30:32.20,,1279
106429,169,2426,,47,,30:45.20,,1279
106430,162,21226,,47,,30:59.80,,1279
106431,162,11364,,47,,31:10.80,,1279
106432,169,26829,,47,,31:26.90,,1279
106433,146,11441,,47,,32:21.30,,1279
106434,162,22375,,47,,32:39.40,,1279
106435,169,26828,,47,,33:16.50,,1279
106436,162,21225,,47,,33:43.80,,1279
106437,169,1153,,47,,34:03.80,,1279
106438,146,1154,,47,,34:48.00,,1279
106439,162,19501,,47,,35:51.40,,1279
106440,117,135,,48,,26:29.60,,1280
106441,56,2193,,48,,26:45.80,,1280
106442,117,8038,,48,,26:54.80,,1280
106443,56,127,,48,,27:07.00,,1280
106444,101,8004,,48,,27:14.60,,1280
106445,56,19599,,48,,27:16.50,,1280
106446,117,27546,,48,,27:34.80,,1280
106447,108,27547,,48,,27:36.90,,1280
106448,56,8065,,48,,27:39.60,,1280
106449,56,26902,,48,,27:42.00,,1280
106450,117,23472,,48,,27:48.30,,1280
106451,56,129,,48,,27:49.30,,1280
106452,117,158,,48,,27:59.80,,1280
106453,117,27548,,48,,28:12.80,,1280
106454,117,27549,,48,,28:14.40,,1280
106455,56,8051,,48,,28:16.30,,1280
106456,56,130,,48,,28:19.90,,1280
106457,56,8041,,48,,28:25.90,,1280
106458,56,26904,,48,,28:32.30,,1280
106459,108,27550,,48,,28:38.60,,1280
106460,117,27551,,48,,28:50.20,,1280
106461,108,16,,48,,28:54.30,,1280
106462,62,27552,,48,,28:56.60,,1280
106463,56,203,,48,,28:58.00,,1280
106464,56,8056,,48,,29:17.30,,1280
106465,56,8075,,48,,29:19.90,,1280
106466,117,166,,48,,29:22.00,,1280
106467,108,27553,,48,,29:23.30,,1280
106468,117,27554,,48,,29:35.80,,1280
106469,117,8068,,48,,29:52.20,,1280
106470,117,154,,48,,29:52.20,,1280
106471,117,15,,48,,29:55.60,,1280
106472,101,8014,,48,,29:56.50,,1280
106473,56,3804,,48,,29:57.60,,1280
106474,117,27555,,48,,29:58.40,,1280
106475,117,27556,,48,,29:59.00,,1280
106476,108,27557,,48,,30:07.40,,1280
106477,108,27558,,48,,30:11.00,,1280
106478,103,987,,48,,30:11.60,,1280
106479,117,153,,48,,30:12.50,,1280
106480,117,164,,48,,30:17.10,,1280
106481,117,27559,,48,,30:20.60,,1280
106482,108,23475,,48,,30:22.60,,1280
106483,117,8060,,48,,30:23.90,,1280
106484,117,19415,,48,,30:27.00,,1280
106485,108,124,,48,,30:28.20,,1280
106486,117,142,,48,,30:44.00,,1280
106487,103,18738,,48,,30:52.50,,1280
106488,56,26907,,48,,30:55.20,,1280
106489,56,27560,,48,,30:57.10,,1280
106490,117,27561,,48,,31:01.60,,1280
106491,43,20472,,48,,31:05.60,,1280
106492,117,8058,,48,,31:09.90,,1280
106493,117,31,,48,,31:13.10,,1280
106494,62,27562,,48,,31:13.90,,1280
106495,62,8043,,48,,31:21.10,,1280
106496,117,27563,,48,,31:28.80,,1280
106497,117,27564,,48,,31:30.80,,1280
106498,117,8064,,48,,31:30.90,,1280
106499,117,6,,48,,31:34.30,,1280
106500,117,38,,48,,31:39.60,,1280
106501,56,2200,,48,,31:41.50,,1280
106502,56,27565,,48,,32:02.70,,1280
106503,43,26,,48,,32:05.40,,1280
106504,108,27566,,48,,32:09.40,,1280
106505,117,27567,,48,,32:10.90,,1280
106506,43,20475,,48,,32:13.60,,1280
106507,117,156,,48,,32:14.00,,1280
106508,56,27568,,48,,32:24.80,,1280
106509,117,27569,,48,,32:25.80,,1280
106510,108,20392,,48,,32:29.60,,1280
106511,56,24986,,48,,32:32.70,,1280
106512,117,160,,48,,32:36.70,,1280
106513,62,25539,,48,,32:41.50,,1280
106514,117,27570,,48,,32:42.50,,1280
106515,56,8095,,48,,32:49.10,,1280
106516,56,26905,,48,,32:55.90,,1280
106517,56,27571,,48,,33:12.30,,1280
106518,117,27572,,48,,33:27.20,,1280
106519,43,27573,,48,,33:33.30,,1280
106520,117,192,,48,,33:40.40,,1280
106521,117,27574,,48,,33:40.60,,1280
106522,108,27575,,48,,33:43.90,,1280
106523,108,8084,,48,,33:46.20,,1280
106524,108,27576,,48,,33:55.90,,1280
106525,56,3412,,48,,34:02.60,,1280
106526,117,27577,,48,,34:07.30,,1280
106527,43,20476,,48,,34:12.50,,1280
106528,117,27578,,48,,34:18.30,,1280
106529,62,27579,,48,,34:29.30,,1280
106530,117,27580,,48,,34:31.60,,1280
106531,101,27091,,48,,34:45.10,,1280
106532,43,20468,,48,,35:06.20,,1280
106533,117,27581,,48,,35:15.90,,1280
106534,117,27582,,48,,35:17.50,,1280
106535,117,27583,,48,,35:18.80,,1280
106536,43,27584,,48,,35:27.50,,1280
106537,117,27585,,48,,35:35.20,,1280
106538,43,3400,,48,,35:40.60,,1280
106539,43,27586,,48,,35:48.70,,1280
106540,56,26910,,48,,35:57.30,,1280
106541,117,3339,,48,,36:20.50,,1280
106542,117,27587,,48,,36:44.50,,1280
106543,117,8104,,48,,37:02.50,,1280
106544,56,27588,,48,,37:04.10,,1280
106545,62,27589,,48,,37:10.00,,1280
106546,62,4931,,48,,38:15.40,,1280
106547,43,27590,,48,,38:23.90,,1280
106548,101,8022,,48,,38:24.20,,1280
106549,56,27591,,48,,38:42.00,,1280
106550,101,27592,,48,,39:00.00,,1280
106551,62,27593,,48,,39:17.00,,1280
106552,62,27594,,48,,39:20.10,,1280
106553,43,27595,,48,,39:22.20,,1280
106554,101,18739,,48,,39:34.10,,1280
106555,62,27596,,48,,40:57.00,,1280
106556,62,8140,,48,,42:10.40,,1280
106557,43,5670,,48,,42:10.90,,1280
106558,56,27597,,48,,42:25.50,,1280
106559,62,27598,,48,,46:02.30,,1280
106560,62,27599,,48,,46:15.30,,1280
106561,62,27600,,48,,46:23.40,,1280
106562,56,22351,,47,,23:17.10,,1280
106563,117,231,,47,,23:44.20,,1280
106564,117,63,,47,,24:07.40,,1280
106565,103,973,,47,,24:33.30,,1280
106566,117,27601,,47,,24:53.30,,1280
106567,56,4790,,47,,24:57.30,,1280
106568,43,27602,,47,,24:59.90,,1280
106569,117,4092,,47,,25:10.00,,1280
106570,117,237,,47,,25:55.90,,1280
106571,101,256,,47,,25:57.90,,1280
106572,56,19595,,47,,25:59.70,,1280
106573,117,27603,,47,,26:05.90,,1280
106574,56,22356,,47,,26:14.10,,1280
106575,117,27604,,47,,26:17.90,,1280
106576,43,27605,,47,,26:35.20,,1280
106577,56,26898,,47,,26:40.70,,1280
106578,117,5290,,47,,26:43.30,,1280
106579,56,3364,,47,,26:45.10,,1280
106580,56,25139,,47,,27:01.50,,1280
106581,117,27606,,47,,27:10.30,,1280
106582,56,27607,,47,,27:17.90,,1280
106583,117,8113,,47,,27:18.00,,1280
106584,56,26901,,47,,27:26.40,,1280
106585,56,253,,47,,27:32.40,,1280
106586,117,234,,47,,27:39.00,,1280
106587,56,2188,,47,,27:40.30,,1280
106588,117,19453,,47,,27:44.50,,1280
106589,117,27608,,47,,27:52.20,,1280
106590,56,3368,,47,,28:10.20,,1280
106591,56,26900,,47,,28:19.30,,1280
106592,117,25587,,47,,28:24.50,,1280
106593,117,27609,,47,,28:38.60,,1280
106594,62,27610,,47,,28:41.80,,1280
106595,225,27611,,47,,28:43.70,,1280
106596,56,27612,,47,,28:46.90,,1280
106597,117,27613,,47,,28:49.60,,1280
106598,62,4793,,47,,28:50.50,,1280
106599,117,8119,,47,,28:50.80,,1280
106600,108,27614,,47,,29:01.90,,1280
106601,117,27615,,47,,29:02.70,,1280
106602,62,8121,,47,,29:11.50,,1280
106603,56,27616,,47,,29:13.30,,1280
106604,43,20463,,47,,29:13.90,,1280
106605,117,8125,,47,,29:22.80,,1280
106606,56,267,,47,,29:38.70,,1280
106607,56,27617,,47,,29:40.70,,1280
106608,117,8117,,47,,29:42.40,,1280
106609,117,27618,,47,,29:59.90,,1280
106610,117,82,,47,,30:04.00,,1280
106611,225,24685,,47,,30:05.90,,1280
106612,62,27619,,47,,30:16.40,,1280
106613,117,81,,47,,30:25.40,,1280
106614,43,27620,,47,,30:31.20,,1280
106615,101,27106,,47,,30:35.90,,1280
106616,56,27621,,47,,30:57.70,,1280
106617,117,19462,,47,,31:13.50,,1280
106618,43,20462,,47,,31:16.30,,1280
106619,43,27622,,47,,31:25.10,,1280
106620,56,8135,,47,,31:39.90,,1280
106621,62,8133,,47,,31:45.90,,1280
106622,117,27623,,47,,31:51.80,,1280
106623,117,264,,47,,32:01.50,,1280
106624,117,8124,,47,,32:13.30,,1280
106625,62,27624,,47,,32:31.80,,1280
106626,225,27625,,47,,32:31.90,,1280
106627,117,27626,,47,,32:45.20,,1280
106628,101,18740,,47,,32:53.10,,1280
106629,117,27627,,47,,33:03.00,,1280
106630,101,8034,,47,,33:08.50,,1280
106631,108,20396,,47,,35:03.80,,1280
106632,62,27628,,47,,35:22.00,,1280
106633,101,27107,,47,,35:50.50,,1280
106634,101,18741,,47,,35:56.20,,1280
106635,101,275,,47,,36:18.60,,1280
106636,56,27629,,47,,37:16.50,,1280
106637,117,27630,,47,,42:13.00,,1280
106638,108,27631,,47,,43:18.50,,1280
106639,204,1726,,17,,18:54.00,,1281
106640,172,27632,,17,,19:12.00,,1281
106641,172,27633,,17,,19:33.00,,1281
106642,204,18596,,17,,19:34.00,,1281
106643,204,27145,,17,,19:35.00,,1281
106644,173,27634,,17,,19:41.00,,1281
106645,174,18822,,17,,19:42.00,,1281
106646,204,27148,,17,,19:44.00,,1281
106647,203,18817,,17,,19:48.00,,1281
106648,204,839,,17,,19:53.00,,1281
106649,188,27635,,17,,19:59.00,,1281
106650,174,23885,,17,,20:01.00,,1281
106651,204,27147,,17,,20:01.00,,1281
106652,188,18595,,17,,20:12.00,,1281
106653,199,27636,,17,,20:12.00,,1281
106654,180,27637,,17,,20:18.00,,1281
106655,172,1740,,17,,20:25.00,,1281
106656,188,1744,,17,,20:29.00,,1281
106657,199,1742,,17,,20:30.00,,1281
106658,203,27638,,17,,20:31.00,,1281
106659,173,27639,,17,,20:39.00,,1281
106660,174,27640,,17,,20:46.00,,1281
106661,174,2083,,17,,20:48.00,,1281
106662,172,18828,,17,,20:48.00,,1281
106663,172,1735,,17,,20:49.00,,1281
106664,191,2079,,17,,20:49.00,,1281
106665,174,27641,,17,,20:55.00,,1281
106666,173,27642,,17,,20:56.00,,1281
106667,172,18818,,17,,21:02.00,,1281
106668,209,3042,,17,,21:18.00,,1281
106669,188,2087,,17,,21:23.00,,1281
106670,173,27643,,17,,21:28.00,,1281
106671,172,18824,,17,,21:30.00,,1281
106672,188,824,,17,,21:33.00,,1281
106673,188,1752,,17,,21:36.00,,1281
106674,188,27644,,17,,21:36.00,,1281
106675,204,27645,,17,,21:39.00,,1281
106676,188,2081,,17,,21:39.00,,1281
106677,204,27646,,17,,21:40.00,,1281
106678,199,27647,,17,,21:43.00,,1281
106679,199,27648,,17,,21:45.00,,1281
106680,188,5368,,17,,21:45.00,,1281
106681,203,5065,,17,,21:54.00,,1281
106682,203,1751,,17,,22:01.00,,1281
106683,203,27649,,17,,22:02.00,,1281
106684,209,27650,,17,,22:04.00,,1281
106685,172,27651,,17,,22:05.00,,1281
106686,173,27652,,17,,22:07.00,,1281
106687,188,18832,,17,,22:09.00,,1281
106688,172,1736,,17,,22:13.00,,1281
106689,203,27653,,17,,22:14.00,,1281
106690,203,3036,,17,,22:25.00,,1281
106691,199,1756,,17,,22:33.00,,1281
106692,204,842,,17,,22:37.00,,1281
106693,176,18598,,17,,22:44.00,,1281
106694,176,27654,,17,,22:45.00,,1281
106695,188,27655,,17,,22:48.00,,1281
106702,180,27659,,17,,23:05.00,,1281
106705,191,27165,,17,,23:12.00,,1281
106712,188,19610,,17,,23:42.00,,1281
106713,203,27666,,17,,23:46.00,,1281
106714,180,27667,,17,,23:46.00,,1281
106715,203,27668,,17,,23:47.00,,1281
106716,204,27669,,17,,23:49.00,,1281
106718,204,832,,17,,23:56.00,,1281
106719,188,27670,,17,,23:59.00,,1281
106720,209,27671,,17,,24:02.00,,1281
106722,203,18841,,17,,24:09.00,,1281
106725,203,26623,,17,,24:16.00,,1281
106727,188,852,,17,,24:27.00,,1281
106728,173,27673,,17,,24:35.00,,1281
106729,203,2085,,17,,24:37.00,,1281
106730,203,1796,,17,,24:40.00,,1281
106731,174,27674,,17,,24:42.00,,1281
106732,203,18844,,17,,24:44.00,,1281
106733,209,22579,,17,,24:46.00,,1281
106734,209,27675,,17,,24:46.00,,1281
106735,199,27676,,17,,24:51.00,,1281
106736,188,27677,,17,,25:03.00,,1281
106737,172,3048,,17,,25:06.00,,1281
106738,199,27678,,17,,25:15.00,,1281
106739,172,27679,,17,,25:15.00,,1281
106740,191,27680,,17,,25:22.00,,1281
106741,209,27681,,17,,25:24.00,,1281
106742,172,18271,,17,,25:31.00,,1281
106743,203,18826,,17,,25:41.00,,1281
106744,174,27682,,17,,25:53.00,,1281
106745,188,27170,,17,,26:01.00,,1281
106746,209,27683,,17,,26:53.00,,1281
106747,209,27684,,17,,26:58.00,,1281
106748,209,27685,,17,,27:43.00,,1281
106749,203,18839,,17,,28:09.00,,1281
106750,191,27686,,17,,29:29.00,,1281
106751,191,27687,,17,,29:48.00,,1281
106752,191,27688,,17,,29:54.00,,1281
106753,203,1809,,48,,25:58.00,,1281
106754,172,1814,,48,,26:06.00,,1281
106755,172,27689,,48,,26:15.00,,1281
106756,174,27690,,48,,26:17.00,,1281
106757,172,27691,,48,,26:25.00,,1281
106758,172,1817,,48,,26:29.00,,1281
106759,199,27692,,48,,26:31.00,,1281
106760,209,22565,,48,,26:34.00,,1281
106761,173,27693,,48,,26:39.00,,1281
106762,188,883,,48,,26:43.00,,1281
106763,204,27694,,48,,26:45.00,,1281
106764,204,903,,48,,26:59.00,,1281
106765,172,27695,,48,,27:06.00,,1281
106766,188,919,,48,,27:10.00,,1281
106767,203,1827,,48,,27:11.00,,1281
106768,188,885,,48,,27:28.00,,1281
106769,204,23572,,48,,27:31.00,,1281
106770,204,931,,48,,27:32.00,,1281
106771,174,1847,,48,,27:35.00,,1281
106772,204,874,,48,,27:36.00,,1281
106773,203,27696,,48,,27:50.00,,1281
106774,188,881,,48,,27:53.00,,1281
106775,203,18869,,48,,27:56.00,,1281
106776,172,27697,,48,,28:02.00,,1281
106777,174,2111,,48,,28:11.00,,1281
106778,174,2116,,48,,28:11.00,,1281
106779,204,26785,,48,,28:13.00,,1281
106780,204,18559,,48,,28:23.00,,1281
106781,188,3543,,48,,28:29.00,,1281
106782,188,18879,,48,,28:30.00,,1281
106783,203,1855,,48,,28:38.00,,1281
106784,203,19626,,48,,28:39.00,,1281
106785,176,18572,,48,,28:44.00,,1281
106786,174,27698,,48,,28:57.00,,1281
106787,172,27699,,48,,28:59.00,,1281
106788,203,18877,,48,,29:00.00,,1281
106789,204,18561,,48,,29:04.00,,1281
106790,174,18870,,48,,29:06.00,,1281
106791,174,27700,,48,,29:07.00,,1281
106792,174,27701,,48,,29:09.00,,1281
106793,188,3547,,48,,29:11.00,,1281
106794,180,18884,,48,,29:15.00,,1281
106795,204,27702,,48,,29:17.00,,1281
106796,172,27703,,48,,29:21.00,,1281
106797,172,27704,,48,,29:26.00,,1281
106798,209,23585,,48,,29:27.00,,1281
106799,173,27705,,48,,29:28.00,,1281
106800,203,27706,,48,,29:28.00,,1281
106801,176,27707,,48,,29:34.00,,1281
106802,209,27708,,48,,29:36.00,,1281
106803,203,27709,,48,,29:36.00,,1281
106804,204,18577,,48,,29:39.00,,1281
106805,188,18567,,48,,29:40.00,,1281
106806,188,27710,,48,,29:44.00,,1281
106807,204,18565,,48,,29:45.00,,1281
106808,172,27711,,48,,29:46.00,,1281
106809,188,3855,,48,,29:47.00,,1281
106810,203,27712,,48,,29:48.00,,1281
106811,172,18885,,48,,29:48.00,,1281
106812,204,18564,,48,,29:51.00,,1281
106813,199,27713,,48,,29:56.00,,1281
106814,209,3055,,48,,29:58.00,,1281
106815,172,18883,,48,,30:06.00,,1281
106816,172,27714,,48,,30:07.00,,1281
106817,172,1852,,48,,30:16.00,,1281
106818,172,23876,,48,,30:28.00,,1281
106819,209,23587,,48,,30:29.00,,1281
106820,204,27715,,48,,30:30.00,,1281
106821,188,18878,,48,,30:31.00,,1281
106822,204,19627,,48,,30:33.00,,1281
106823,199,18872,,48,,30:39.00,,1281
106824,172,1837,,48,,30:40.00,,1281
106825,175,5002,,48,,30:40.00,,1281
106826,209,27716,,48,,30:40.00,,1281
106827,172,3212,,48,,30:44.00,,1281
106828,203,25896,,48,,30:50.00,,1281
106829,209,27717,,48,,30:54.00,,1281
106830,174,27718,,48,,30:59.00,,1281
106831,180,27719,,48,,31:07.00,,1281
106832,203,25923,,48,,31:12.00,,1281
106833,204,18563,,48,,31:23.00,,1281
106834,204,25092,,48,,31:26.00,,1281
106835,204,27720,,48,,31:37.00,,1281
106836,188,926,,48,,31:48.00,,1281
106837,204,27124,,48,,31:52.00,,1281
106838,204,27721,,48,,32:03.00,,1281
106839,199,18892,,48,,32:03.00,,1281
106840,172,27722,,48,,32:20.00,,1281
106841,188,27723,,48,,32:21.00,,1281
106842,199,27724,,48,,32:25.00,,1281
106843,209,27725,,48,,32:30.00,,1281
106844,203,18874,,48,,32:31.00,,1281
106845,199,27726,,48,,32:35.00,,1281
106846,188,18901,,48,,32:43.00,,1281
106847,203,18895,,48,,32:50.00,,1281
106848,204,27127,,48,,33:00.00,,1281
106849,209,22574,,48,,33:07.00,,1281
106850,203,27727,,48,,33:08.00,,1281
106851,204,5038,,48,,33:09.00,,1281
106852,203,2141,,48,,33:12.00,,1281
106853,199,27728,,48,,33:13.00,,1281
106854,203,27729,,48,,33:17.00,,1281
106855,204,23593,,48,,33:17.00,,1281
106856,174,27730,,48,,33:19.00,,1281
106857,172,27731,,48,,33:19.00,,1281
106858,203,3057,,48,,33:23.00,,1281
106859,203,1894,,48,,33:30.00,,1281
106860,172,18896,,48,,33:30.00,,1281
106861,203,1849,,48,,33:43.00,,1281
106862,188,24654,,48,,33:47.00,,1281
106863,176,27732,,48,,33:54.00,,1281
106864,176,27733,,48,,34:14.00,,1281
106865,172,1917,,48,,34:26.00,,1281
106866,175,4999,,48,,34:28.00,,1281
106867,203,3079,,48,,34:29.00,,1281
106868,174,27734,,48,,34:39.00,,1281
106869,203,27735,,48,,34:40.00,,1281
106870,204,1914,,48,,34:59.00,,1281
106871,175,5006,,48,,35:00.00,,1281
106872,172,18873,,48,,35:04.00,,1281
106873,176,18568,,48,,35:04.00,,1281
106874,203,19657,,48,,35:11.00,,1281
106875,204,2142,,48,,35:15.00,,1281
106876,175,27736,,48,,35:18.00,,1281
106877,188,27737,,48,,35:28.00,,1281
106878,203,27738,,48,,35:28.00,,1281
106879,199,27739,,48,,35:31.00,,1281
106880,203,27740,,48,,35:37.00,,1281
106881,203,19642,,48,,35:37.00,,1281
106882,172,27741,,48,,36:02.00,,1281
106883,203,27742,,48,,36:11.00,,1281
106884,209,27743,,48,,36:13.00,,1281
106885,203,7780,,48,,37:07.00,,1281
106886,191,18907,,48,,37:20.00,,1281
106887,203,5034,,48,,37:42.00,,1281
106888,199,1887,,48,,38:03.00,,1281
106889,176,2114,,48,,43:52.00,,1281
106890,204,27142,,48,,43:54.00,,1281
106891,96,364,,48,,28:21.00,,1282
106892,96,27744,,48,,28:40.00,,1282
106893,96,367,,48,,29:04.00,,1282
106894,96,1552,,48,,29:12.00,,1282
106895,96,26020,,48,,29:18.00,,1282
106896,96,26021,,48,,29:32.00,,1282
106897,96,368,,48,,30:10.00,,1282
106898,96,370,,48,,31:15.00,,1282
106899,96,26931,,48,,31:40.00,,1282
106900,96,27745,,48,,31:45.00,,1282
106901,96,26933,,48,,32:11.00,,1282
106902,96,8001,,48,,32:25.00,,1282
106903,96,371,,48,,32:26.00,,1282
106904,96,18752,,48,,32:43.00,,1282
106905,96,27746,,17,,16:59.00,,1282
106906,96,27747,,17,,19:03.00,,1282
106907,96,25098,,17,,20:13.00,,1282
106908,96,18760,,17,,21:03.00,,1282
106909,96,26935,,17,,21:11.00,,1282
106910,96,26937,,17,,21:13.00,,1282
106911,96,358,,17,,21:17.00,,1282
106912,96,26936,,17,,21:21.00,,1282
106913,96,4656,,17,,21:30.00,,1282
106914,96,26938,,17,,21:38.00,,1282
106915,96,7998,,17,,22:31.00,,1282
106916,96,3431,,17,,22:34.00,,1282
106917,96,360,,17,,25:18.00,,1282
106918,96,27748,,17,,26:16.00,,1282
106919,96,18766,,17,,26:16.00,,1282
106920,85,27749,,48,,29:18.00,,1283
106921,85,27750,,48,,29:20.30,,1283
106922,85,27751,,48,,33:26.40,,1283
106923,85,27752,,48,,35:06.90,,1283
106924,85,27753,,48,,48:10.20,,1283
106925,85,27754,,17,,20:01.10,,1283
106926,37,3390,,48,,27:54.67,,1284
106927,37,25551,,48,,28:02.67,,1284
106928,37,27755,,48,,28:32.04,,1284
106929,37,27756,,48,,28:33.30,,1284
106930,37,18801,,48,,29:55.98,,1284
106931,37,18803,,48,,30:19.12,,1284
106932,37,3409,,48,,31:22.38,,1284
106933,37,18804,,48,,31:28.47,,1284
106934,37,18805,,48,,32:49.75,,1284
106935,37,3472,,48,,32:57.16,,1284
106936,37,18807,,48,,34:01.42,,1284
106937,37,27757,,48,,34:02.33,,1284
106938,37,25546,,48,,34:49.15,,1284
106939,37,27758,,48,,34:51.46,,1284
106940,37,27759,,48,,38:16.61,,1284
106941,116,26873,,47,,24:15.60,,1285
106942,111,27100,,47,,24:19.50,,1285
106943,111,289,,47,,24:41.00,,1285
106944,116,26871,,47,,24:56.30,,1285
106945,116,448,,47,,24:56.80,,1285
106946,116,446,,47,,25:12.40,,1285
106947,116,27760,,47,,25:16.20,,1285
106948,111,27103,,47,,26:07.50,,1285
106949,116,26874,,47,,26:28.70,,1285
106950,116,7993,,47,,26:28.90,,1285
106951,116,27761,,47,,26:47.10,,1285
106952,111,27104,,47,,27:06.30,,1285
106953,111,27102,,47,,27:10.30,,1285
106954,111,302,,47,,27:13.90,,1285
106955,120,24832,,47,,27:23.00,,1285
106956,116,26875,,47,,28:17.50,,1285
106957,116,7992,,47,,28:58.50,,1285
106958,120,26881,,47,,29:55.60,,1285
106959,116,26876,,47,,29:56.40,,1285
106960,120,27105,,47,,30:08.30,,1285
106961,111,8033,,47,,30:16.40,,1285
106962,120,26883,,47,,30:47.10,,1285
106963,116,7994,,47,,30:47.70,,1285
106964,120,26880,,47,,31:01.50,,1285
106965,120,26882,,47,,31:10.90,,1285
106966,111,8032,,47,,32:51.30,,1285
106967,111,25624,,47,,34:29.00,,1285
106968,116,7976,,48,,25:50.50,,1285
106969,116,26506,,48,,26:02.90,,1285
106970,116,20397,,48,,26:04.60,,1285
106971,116,4910,,48,,26:18.30,,1285
106972,116,312,,48,,26:31.00,,1285
106973,116,26887,,48,,26:31.80,,1285
106974,120,7689,,48,,26:42.70,,1285
106975,116,26888,,48,,26:43.10,,1285
106976,116,7975,,48,,26:44.90,,1285
106977,111,27082,,48,,26:47.30,,1285
106978,116,7978,,48,,27:26.00,,1285
106979,111,4154,,48,,27:27.50,,1285
106980,116,2059,,48,,27:53.30,,1285
106981,111,8011,,48,,28:00.30,,1285
106982,116,24642,,48,,28:08.30,,1285
106983,111,8005,,48,,28:29.80,,1285
106984,116,27762,,48,,28:30.30,,1285
106985,116,24644,,48,,28:47.90,,1285
106986,111,8009,,48,,29:25.50,,1285
106987,116,26507,,48,,29:30.10,,1285
106988,120,27088,,48,,29:46.00,,1285
106989,116,4918,,48,,30:06.40,,1285
106990,120,7691,,48,,30:10.10,,1285
106991,116,26889,,48,,30:35.80,,1285
106992,116,7982,,48,,30:40.40,,1285
106993,120,27085,,48,,30:40.40,,1285
106994,120,27086,,48,,30:47.10,,1285
106995,116,26890,,48,,30:54.30,,1285
106996,120,18787,,48,,30:59.00,,1285
106997,116,7981,,48,,31:05.00,,1285
106998,116,27763,,48,,31:20.50,,1285
106999,116,26891,,48,,31:41.60,,1285
107000,111,27089,,48,,32:04.90,,1285
107001,120,345,,48,,32:13.50,,1285
107002,111,27764,,48,,32:17.60,,1285
107003,120,26894,,48,,32:43.00,,1285
107004,120,323,,48,,32:44.80,,1285
107005,111,985,,48,,33:00.70,,1285
107006,111,27095,,48,,33:20.90,,1285
107007,120,344,,48,,33:22.10,,1285
107008,111,18791,,48,,33:31.90,,1285
107009,111,27765,,48,,33:32.50,,1285
107010,111,333,,48,,34:37.50,,1285
107011,120,26895,,48,,34:52.50,,1285
107012,111,25076,,48,,35:18.30,,1285
107013,111,27099,,48,,36:44.70,,1285
107723,137,4699,,48,,27:42.00,,1289
107724,138,27006,,48,,28:08.00,,1289
107725,137,27840,,48,,28:17.00,,1289
107726,130,2453,,48,,28:50.00,,1289
107727,130,27841,,48,,29:13.00,,1289
107728,130,3142,,48,,29:30.00,,1289
107729,130,20434,,48,,29:39.00,,1289
107730,138,16127,,48,,30:36.00,,1289
107731,138,16126,,48,,30:39.00,,1289
107732,130,2464,,48,,30:43.00,,1289
107733,138,27842,,48,,31:21.00,,1289
107734,130,27843,,48,,31:44.00,,1289
107735,130,2478,,48,,32:24.00,,1289
107736,138,16134,,48,,32:37.00,,1289
107737,138,27844,,48,,32:42.00,,1289
107738,138,27845,,48,,32:58.00,,1289
107739,137,27846,,48,,33:06.00,,1289
107740,138,802,,48,,34:04.00,,1289
107741,137,5408,,48,,34:06.00,,1289
107742,137,27847,,48,,34:35.00,,1289
107743,138,27030,,48,,35:51.00,,1289
107744,138,27848,,48,,35:56.00,,1289
107745,137,27849,,48,,35:58.00,,1289
107746,138,27850,,48,,36:14.00,,1289
107747,138,27851,,48,,36:27.00,,1289
107748,137,25489,,48,,37:29.00,,1289
107749,138,27852,,48,,38:41.00,,1289
107750,138,27853,,48,,44:09.00,,1289
107751,138,27047,,47,,23:18.00,,1289
107752,137,27854,,47,,24:26.00,,1289
107753,138,27855,,47,,25:04.00,,1289
107754,138,16158,,47,,25:07.00,,1289
107755,137,27856,,47,,25:08.00,,1289
107756,138,20405,,47,,25:34.00,,1289
107757,138,27857,,47,,25:40.00,,1289
107758,138,27858,,47,,25:46.00,,1289
107759,137,588,,47,,26:09.00,,1289
107760,137,623,,47,,26:39.00,,1289
107761,138,20411,,47,,26:48.00,,1289
107762,137,589,,47,,26:53.00,,1289
107763,138,592,,47,,27:37.00,,1289
107764,138,27859,,47,,27:55.00,,1289
107765,137,16166,,47,,28:06.00,,1289
107766,138,27860,,47,,28:14.00,,1289
107767,130,18933,,47,,28:45.00,,1289
107768,130,2385,,47,,28:46.00,,1289
107769,137,16163,,47,,28:47.00,,1289
107770,138,27861,,47,,28:47.00,,1289
107771,138,27862,,47,,28:48.00,,1289
107772,138,27863,,47,,28:58.00,,1289
107773,138,27864,,47,,28:59.00,,1289
107774,130,3124,,47,,29:16.00,,1289
107775,138,27865,,47,,29:18.00,,1289
107776,138,27070,,47,,29:44.00,,1289
107777,130,27866,,47,,29:49.00,,1289
107778,138,27867,,47,,30:03.00,,1289
107779,130,18959,,47,,30:12.00,,1289
107780,138,27868,,47,,30:13.00,,1289
107781,138,27869,,47,,30:13.00,,1289
107782,138,2429,,47,,30:20.00,,1289
107783,130,4673,,47,,31:27.00,,1289
107784,137,22374,,47,,32:15.00,,1289
107785,137,27870,,47,,32:58.00,,1289
107786,137,27871,,47,,33:06.00,,1289
107787,130,27872,,47,,33:17.00,,1289
107788,138,27873,,47,,35:59.00,,1289
107789,137,27874,,47,,36:05.00,,1289
107790,130,27875,,47,,41:06.00,,1289
107791,130,2722,,47,,41:16.00,,1289
107792,138,27876,,47,,1:01:27.00,,1289
107793,138,660,,47,,1:01:30.00,,1289
107806,86,1558,,17,,16:25.00,,1290
107794,88,11483,,17,,15:42.00,,1290
107795,88,3092,,17,,15:55.00,,1290
107796,86,23446,,17,,15:55.00,,1290
107797,88,504,,17,,15:59.00,,1290
107798,88,507,,17,,16:02.00,,1290
107799,88,539,,17,,16:05.00,,1290
107800,90,11510,,17,,16:06.00,,1290
107801,100,25677,,17,,16:08.00,,1290
107802,100,27877,,17,,16:10.00,,1290
107803,90,23423,,17,,16:11.00,,1290
107804,88,2553,,17,,16:14.00,,1290
107805,63,23408,,17,,16:23.00,,1290
107807,88,27382,,17,,16:29.00,,1290
107808,88,513,,17,,16:36.00,,1290
107809,88,27330,,17,,16:37.00,,1290
107810,88,529,,17,,16:41.00,,1290
107811,90,27378,,17,,16:49.00,,1290
107812,88,27383,,17,,16:53.00,,1290
107813,86,26917,,17,,16:56.00,,1290
107814,90,531,,17,,17:02.00,,1290
107815,66,27879,,17,,17:03.00,,1290
107816,88,27880,,17,,17:05.00,,1290
107817,88,530,,17,,17:11.00,,1290
107818,88,27384,,17,,17:11.00,,1290
107819,86,1536,,17,,17:12.00,,1290
107820,86,18745,,17,,17:18.00,,1290
107821,88,521,,17,,17:19.00,,1290
107869,88,27346,,17,,24:14.00,,1290
107870,88,27348,,17,,24:14.00,,1290
107871,66,27892,,17,,24:42.00,,1290
107872,88,27347,,17,,24:47.00,,1290
107873,66,7748,,17,,24:53.00,,1290
107874,86,4550,,17,,25:10.00,,1290
107875,88,27349,,17,,25:36.00,,1290
107876,88,27354,,17,,25:42.00,,1290
107877,88,27351,,17,,26:02.00,,1290
107822,63,23419,,17,,17:28.00,,1290
107823,90,2566,,17,,17:29.00,,1290
107824,90,23429,,17,,17:29.00,,1290
107825,100,11514,,17,,17:31.00,,1290
107826,100,27881,,17,,17:31.00,,1290
107827,88,27882,,17,,17:34.00,,1290
107828,63,27883,,17,,17:34.00,,1290
107829,63,27399,,17,,17:35.00,,1290
107830,86,26918,,17,,17:45.00,,1290
107831,86,27393,,17,,17:57.00,,1290
107832,88,27396,,17,,17:57.00,,1290
107833,88,11485,,17,,18:04.00,,1290
107834,63,23431,,17,,18:06.00,,1290
107835,86,1573,,17,,18:08.00,,1290
107836,90,552,,17,,18:19.00,,1290
107837,88,27391,,17,,18:22.00,,1290
107838,90,11507,,17,,18:29.00,,1290
107839,100,27884,,17,,19:05.00,,1290
107840,100,11502,,17,,19:09.00,,1290
107841,86,1609,,17,,19:23.00,,1290
107842,63,2598,,17,,19:23.00,,1290
107843,88,551,,17,,19:41.00,,1290
107844,63,25689,,17,,19:55.00,,1290
107845,63,27400,,17,,20:09.00,,1290
107846,63,27885,,17,,20:12.00,,1290
107847,90,27886,,17,,20:18.00,,1290
107848,86,27374,,17,,20:21.00,,1290
107849,86,26544,,17,,21:31.00,,1290
107850,86,1612,,17,,21:43.00,,1290
107851,69,7961,,17,,21:52.00,,1290
107852,86,27887,,17,,22:22.00,,1290
107853,86,19397,,17,,22:24.00,,1290
107854,86,19366,,17,,20:42.00,,1290
107855,88,27338,,17,,21:12.00,,1290
107856,66,27888,,17,,21:14.00,,1290
107857,88,5924,,17,,21:20.00,,1290
107858,66,27889,,17,,21:35.00,,1290
107859,86,26458,,17,,21:43.00,,1290
107860,88,481,,17,,22:27.00,,1290
107861,86,1478,,17,,22:38.00,,1290
107862,88,27890,,17,,22:43.00,,1290
107863,100,11466,,17,,23:15.00,,1290
107864,86,27891,,17,,23:20.00,,1290
107865,88,27343,,17,,23:27.00,,1290
107866,86,11458,,17,,23:41.00,,1290
107867,63,489,,17,,23:44.00,,1290
107868,86,11470,,17,,23:50.00,,1290
107878,63,3429,,17,,26:15.00,,1290
107879,86,4549,,17,,26:25.00,,1290
107880,69,2527,,17,,26:29.00,,1290
107881,86,27893,,17,,26:46.00,,1290
107882,86,27366,,17,,26:51.00,,1290
107883,86,11467,,17,,27:34.00,,1290
107884,86,27894,,17,,27:39.00,,1290
107885,100,27895,,17,,27:49.00,,1290
107886,90,27371,,17,,27:56.00,,1290
107887,66,27896,,17,,28:21.00,,1290
107888,63,27897,,17,,28:39.00,,1290
107889,66,27898,,17,,28:46.00,,1290
107890,86,4551,,17,,28:58.00,,1290
107891,86,27899,,17,,29:31.00,,1290
107892,86,27900,,17,,31:46.00,,1290
107893,86,1513,,17,,33:12.00,,1290
107894,90,27901,,17,,33:15.00,,1290
107895,66,27902,,17,,33:38.00,,1290
107896,69,18953,,17,,33:45.00,,1290
107897,86,27903,,17,,33:46.00,,1290
107898,100,27904,,17,,41:39.00,,1290
